time_s,r_0.0_cm,r_0.1_cm,r_0.2_cm,r_0.3_cm,r_0.4_cm,r_0.5_cm,r_0.6_cm,r_0.7_cm,r_0.8_cm,r_0.9_cm,r_1.0_cm,r_1.1_cm,r_1.2_cm,r_1.3_cm,r_1.4_cm,r_1.5_cm,r_1.6_cm,r_1.7_cm,r_1.8_cm,r_1.9_cm,r_2.0_cm
1,28.00000000,28.00000000,28.00000000,28.00000000,28.00000000,28.00000000,28.00000000,28.00000000,28.00000000,28.00000000,28.00000000,28.00000000,28.00000000,28.00000000,28.00000000,28.00000000,28.00000000,28.00000000,28.00000001,28.00000310,28.00018663
2,28.00000000,28.00000000,28.00000000,28.00000000,28.00000000,28.00000000,28.00000000,28.00000000,28.00000000,28.00000000,28.00000000,28.00000000,28.00000000,28.00000000,28.00000000,28.00000000,28.00000000,28.00000001,28.00000089,28.00003565,28.00052527
3,28.00000000,28.00000000,28.00000000,28.00000000,28.00000000,28.00000000,28.00000000,28.00000000,28.00000000,28.00000000,28.00000000,28.00000000,28.00000000,28.00000000,28.00000000,28.00000000,28.00000000,28.00000022,28.00000726,28.00011521,28.00096136
4,28.00000000,28.00000000,28.00000000,28.00000000,28.00000000,28.00000000,28.00000000,28.00000000,28.00000000,28.00000000,28.00000000,28.00000000,28.00000000,28.00000000,28.00000000,28.00000000,28.00000005,28.00000153,28.00002525,28.00024430,28.00147544
5,28.00000000,28.00000000,28.00000000,28.00000000,28.00000000,28.00000000,28.00000000,28.00000000,28.00000000,28.00000000,28.00000000,28.00000000,28.00000000,28.00000000,28.00000000,28.00000001,28.00000033,28.00000556,28.00005970,28.00042177,28.00205625
6,28.00000000,28.00000000,28.00000000,28.00000000,28.00000000,28.00000000,28.00000000,28.00000000,28.00000000,28.00000000,28.00000000,28.00000000,28.00000000,28.00000000,28.00000000,28.00000007,28.00000123,28.00001428,28.00011392,28.00064560,28.00269624
7,28.00000000,28.00000000,28.00000000,28.00000000,28.00000000,28.00000000,28.00000000,28.00000000,28.00000000,28.00000000,28.00000000,28.00000000,28.00000000,28.00000000,28.00000002,28.00000028,28.00000338,28.00002962,28.00019005,28.00091365,28.00338985
8,28.00000000,28.00000000,28.00000000,28.00000000,28.00000000,28.00000000,28.00000000,28.00000000,28.00000000,28.00000000,28.00000000,28.00000000,28.00000000,28.00000000,28.00000006,28.00000079,28.00000751,28.00005336,28.00028948,28.00122388,28.00413276
9,28.00000000,28.00000000,28.00000000,28.00000000,28.00000000,28.00000000,28.00000000,28.00000000,28.00000000,28.00000000,28.00000000,28.00000000,28.00000000,28.00000001,28.00000019,28.00000187,28.00001447,28.00008704,28.00041304,28.00157443,28.00492152
10,28.00000000,28.00000000,28.00000000,28.00000000,28.00000000,28.00000000,28.00000000,28.00000000,28.00000000,28.00000000,28.00000000,28.00000000,28.00000000,28.00000004,28.00000046,28.00000382,28.00002513,28.00013195,28.00056122,28.00196360,28.00575328
11,28.00000000,28.00000000,28.00000000,28.00000000,28.00000000,28.00000000,28.00000000,28.00000000,28.00000000,28.00000000,28.00000000,28.00000000,28.00000001,28.00000011,28.00000099,28.00000703,28.00004032,28.00018919,28.00073425,28.00238983,28.00662561
12,28.00000000,28.00000000,28.00000000,28.00000000,28.00000000,28.00000000,28.00000000,28.00000000,28.00000000,28.00000000,28.00000000,28.00000000,28.00000003,28.00000025,28.00000192,28.00001189,28.00006088,28.00025966,28.00093221,28.00285174,28.00753643
13,28.00000000,28.00000000,28.00000000,28.00000000,28.00000000,28.00000000,28.00000000,28.00000000,28.00000000,28.00000000,28.00000000,28.00000001,28.00000006,28.00000051,28.00000341,28.00001885,28.00008756,28.00034410,28.00115503,28.00334804,28.00848395
14,28.00000000,28.00000000,28.00000000,28.00000000,28.00000000,28.00000000,28.00000000,28.00000000,28.00000000,28.00000000,28.00000000,28.00000002,28.00000014,28.00000095,28.00000566,28.00002837,28.00012107,28.00044311,28.00140258,28.00387756,28.00946656
15,28.00000000,28.00000000,28.00000000,28.00000000,28.00000000,28.00000000,28.00000000,28.00000000,28.00000000,28.00000000,28.00000000,28.00000004,28.00000026,28.00000165,28.00000888,28.00004088,28.00016206,28.00055721,28.00167468,28.00443924,28.01048285
16,28.00000000,28.00000000,28.00000000,28.00000000,28.00000000,28.00000000,28.00000000,28.00000000,28.00000000,28.00000000,28.00000001,28.00000007,28.00000047,28.00000270,28.00001333,28.00005685,28.00021112,28.00068678,28.00197108,28.00503208,28.01153154
17,28.00000000,28.00000000,28.00000000,28.00000000,28.00000000,28.00000000,28.00000000,28.00000000,28.00000000,28.00000000,28.00000002,28.00000013,28.00000080,28.00000422,28.00001923,28.00007671,28.00026879,28.00083215,28.00229153,28.00565518,28.01261149
18,28.00000000,28.00000000,28.00000000,28.00000000,28.00000000,28.00000000,28.00000000,28.00000000,28.00000000,28.00000001,28.00000004,28.00000023,28.00000130,28.00000631,28.00002687,28.00010089,28.00033554,28.00099357,28.00263576,28.00630769,28.01372165
19,28.00000000,28.00000000,28.00000000,28.00000000,28.00000000,28.00000000,28.00000000,28.00000000,28.00000000,28.00000001,28.00000007,28.00000039,28.00000201,28.00000911,28.00003649,28.00012980,28.00041181,28.00117125,28.00300347,28.00698881,28.01486106
20,28.00000000,28.00000000,28.00000000,28.00000000,28.00000000,28.00000000,28.00000000,28.00000000,28.00000000,28.00000002,28.00000012,28.00000063,28.00000301,28.00001277,28.00004838,28.00016382,28.00049798,28.00136533,28.00339437,28.00769782,28.01602883
21,28.00000000,28.00000000,28.00000000,28.00000000,28.00000000,28.00000000,28.00000000,28.00000000,28.00000001,28.00000003,28.00000019,28.00000097,28.00000435,28.00001745,28.00006280,28.00020333,28.00059442,28.00157594,28.00380815,28.00843402,28.01722416
22,28.00000000,28.00000000,28.00000000,28.00000000,28.00000000,28.00000000,28.00000000,28.00000000,28.00000001,28.00000006,28.00000031,28.00000144,28.00000611,28.00002329,28.00008002,28.00024868,28.00070142,28.00180314,28.00424453,28.00919678,28.01844629
23,28.00000000,28.00000000,28.00000000,28.00000000,28.00000000,28.00000000,28.00000000,28.00000000,28.00000002,28.00000010,28.00000047,28.00000209,28.00000839,28.00003047,28.00010031,28.00030019,28.00081926,28.00204700,28.00470321,28.00998548,28.01969453
24,28.00000000,28.00000000,28.00000000,28.00000000,28.00000000,28.00000000,28.00000000,28.00000001,28.00000003,28.00000015,28.00000070,28.00000294,28.00001126,28.00003915,28.00012392,28.00035818,28.00094819,28.00230754,28.00518389,28.01079955,28.02096821
25,28.00000000,28.00000000,28.00000000,28.00000000,28.00000000,28.00000000,28.00000000,28.00000001,28.00000005,28.00000023,28.00000101,28.00000405,28.00001483,28.00004950,28.00015112,28.00042293,28.00108843,28.00258477,28.00568628,28.01163845,28.02226673
26,28.00000000,28.00000000,28.00000000,28.00000000,28.00000000,28.00000000,28.00000000,28.00000001,28.00000007,28.00000034,28.00000143,28.00000547,28.00001919,28.00006171,28.00018214,28.00049472,28.00124018,28.00287868,28.00621010,28.01250167,28.02358951
27,28.00000000,28.00000000,28.00000000,28.00000000,28.00000000,28.00000000,28.00000000,28.00000002,28.00000011,28.00000049,28.00000197,28.00000725,28.00002446,28.00007594,28.00021723,28.00057381,28.00140360,28.00318925,28.00675508,28.01338873,28.02493600
28,28.00000000,28.00000000,28.00000000,28.00000000,28.00000000,28.00000000,28.00000001,28.00000004,28.00000017,28.00000070,28.00000267,28.00000944,28.00003074,28.00009238,28.00025661,28.00066043,28.00157884,28.00351645,28.00732093,28.01429915,28.02630570
29,28.00000000,28.00000000,28.00000000,28.00000000,28.00000000,28.00000000,28.00000001,28.00000006,28.00000024,28.00000097,28.00000356,28.00001212,28.00003815,28.00011119,28.00030052,28.00075480,28.00176605,28.00386022,28.00790740,28.01523252,28.02769813
30,28.00000000,28.00000000,28.00000000,28.00000000,28.00000000,28.00000000,28.00000002,28.00000008,28.00000034,28.00000131,28.00000466,28.00001534,28.00004679,28.00013255,28.00034917,28.00085713,28.00196532,28.00422052,28.00851423,28.01618840,28.02911283
31,28.00000000,28.00000000,28.00000000,28.00000000,28.00000000,28.00000001,28.00000003,28.00000012,28.00000048,28.00000176,28.00000602,28.00001918,28.00005680,28.00015663,28.00040276,28.00096761,28.00217678,28.00459727,28.00914115,28.01716640,28.03054936
32,28.00000000,28.00000000,28.00000000,28.00000000,28.00000000,28.00000001,28.00000004,28.00000017,28.00000065,28.00000231,28.00000767,28.00002370,28.00006828,28.00018360,28.00046149,28.00108642,28.00240049,28.00499041,28.00978793,28.01816614,28.03200732
33,28.00000000,28.00000000,28.00000000,28.00000000,28.00000000,28.00000001,28.00000006,28.00000024,28.00000087,28.00000301,28.00000966,28.00002900,28.00008136,28.00021362,28.00052556,28.00121373,28.00263655,28.00539987,28.01045432,28.01918725,28.03348630
34,28.00000000,28.00000000,28.00000000,28.00000000,28.00000001,28.00000002,28.00000009,28.00000033,28.00000116,28.00000385,28.00001202,28.00003513,28.00009616,28.00024686,28.00059514,28.00134969,28.00288501,28.00582556,28.01114009,28.02022938,28.03498594
35,28.00000000,28.00000000,28.00000000,28.00000000,28.00000001,28.00000003,28.00000012,28.00000044,28.00000151,28.00000488,28.00001481,28.00004219,28.00011281,28.00028348,28.00067042,28.00149444,28.00314592,28.00626742,28.01184500,28.02129220,28.03650588
36,28.00000000,28.00000000,28.00000000,28.00000000,28.00000001,28.00000004,28.00000016,28.00000058,28.00000195,28.00000612,28.00001808,28.00005025,28.00013141,28.00032364,28.00075154,28.00164811,28.00341934,28.00672534,28.01256884,28.02237540,28.03804577
37,28.00000000,28.00000000,28.00000000,28.00000000,28.00000002,28.00000006,28.00000022,28.00000076,28.00000248,28.00000759,28.00002187,28.00005940,28.00015210,28.00036748,28.00083869,28.00181084,28.00370530,28.00719924,28.01331138,28.02347865,28.03960529
38,28.00000000,28.00000000,28.00000000,28.00000001,28.00000002,28.00000008,28.00000030,28.00000099,28.00000313,28.00000932,28.00002624,28.00006972,28.00017499,28.00041515,28.00093200,28.00198273,28.00400382,28.00768902,28.01407242,28.02460166,28.04118412
39,28.00000000,28.00000000,28.00000000,28.00000001,28.00000003,28.00000012,28.00000039,28.00000127,28.00000390,28.00001135,28.00003124,28.00008130,28.00020021,28.00046680,28.00103162,28.00216388,28.00431493,28.00819461,28.01485174,28.02574415,28.04278197
40,28.00000000,28.00000000,28.00000000,28.00000001,28.00000004,28.00000015,28.00000051,28.00000161,28.00000482,28.00001371,28.00003693,28.00009423,28.00022787,28.00052257,28.00113768,28.00235440,28.00463864,28.00871590,28.01564915,28.02690584,28.04439855
41,28.00000000,28.00000000,28.00000001,28.00000002,28.00000006,28.00000020,28.00000066,28.00000202,28.00000591,28.00001643,28.00004337,28.00010859,28.00025809,28.00058260,28.00125033,28.00255437,28.00497496,28.00925281,28.01646444,28.02808647,28.04603357
42,28.00000000,28.00000000,28.00000001,28.00000002,28.00000008,28.00000027,28.00000084,28.00000251,28.00000718,28.00001956,28.00005062,28.00012448,28.00029099,28.00064701,28.00136967,28.00276388,28.00532391,28.00980522,28.01729743,28.02928577,28.04768676
43,28.00000000,28.00000000,28.00000001,28.00000003,28.00000011,28.00000034,28.00000105,28.00000309,28.00000866,28.00002312,28.00005873,28.00014197,28.00032667,28.00071593,28.00149584,28.00298299,28.00568547,28.01037306,28.01814793,28.03050350,28.04935788
44,28.00000000,28.00000001,28.00000001,28.00000004,28.00000014,28.00000044,28.00000132,28.00000378,28.00001038,28.00002717,28.00006778,28.00016117,28.00036526,28.00078950,28.00162894,28.00321179,28.00605965,28.01095622,28.01901575,28.03173942,28.05104667
45,28.00000000,28.00000001,28.00000002,28.00000006,28.00000018,28.00000056,28.00000163,28.00000459,28.00001235,28.00003173,28.00007783,28.00018215,28.00040686,28.00086783,28.00176909,28.00345033,28.00644643,28.01155460,28.01990072,28.03299330,28.05275289
46,28.00000001,28.00000001,28.00000003,28.00000008,28.00000024,28.00000070,28.00000201,28.00000553,28.00001460,28.00003686,28.00008893,28.00020501,28.00045159,28.00095103,28.00191637,28.00369868,28.00684581,28.01216812,28.02080266,28.03426492,28.05447631
47,28.00000001,28.00000001,28.00000004,28.00000010,28.00000030,28.00000087,28.00000245,28.00000662,28.00001716,28.00004259,28.00010116,28.00022983,28.00049954,28.00103922,28.00207089,28.00395687,28.00725777,28.01279667,28.02172140,28.03555405,28.05621670
48,28.00000001,28.00000002,28.00000005,28.00000013,28.00000038,28.00000108,28.00000297,28.00000787,28.00002005,28.00004898,28.00011458,28.00025671,28.00055082,28.00113250,28.00223274,28.00422498,28.00768229,28.01344017,28.02265678,28.03686048,28.05797386
49,28.00000002,28.00000003,28.00000006,28.00000017,28.00000048,28.00000132,28.00000357,28.00000931,28.00002332,28.00005606,28.00012926,28.00028573,28.00060555,28.00123099,28.00240201,28.00450302,28.00811935,28.01409851,28.02360864,28.03818401,28.05974756
50,28.00000002,28.00000003,28.00000008,28.00000021,28.00000059,28.00000161,28.00000428,28.00001094,28.00002697,28.00006389,28.00014526,28.00031697,28.00066381,28.00133478,28.00257877,28.00479106,28.00856893,28.01477160,28.02457681,28.03952445,28.06153760
51,28.00000003,28.00000004,28.00000010,28.00000027,28.00000073,28.00000195,28.00000508,28.00001280,28.00003106,28.00007251,28.00016265,28.00035052,28.00072570,28.00144398,28.00276311,28.00508911,28.00903100,28.01545934,28.02556114,28.04088159,28.06334380
52,28.00000004,28.00000006,28.00000013,28.00000034,28.00000090,28.00000235,28.00000601,28.00001489,28.00003561,28.00008197,28.00018150,28.00038648,28.00079133,28.00155867,28.00295510,28.00539722,28.00950553,28.01616165,28.02656148,28.04225526,28.06516595
53,28.00000005,28.00000007,28.00000016,28.00000042,28.00000109,28.00000281,28.00000707,28.00001725,28.00004064,28.00009231,28.00020188,28.00042491,28.00086078,28.00167894,28.00315481,28.00571542,28.00999250,28.01687843,28.02757767,28.04364527,28.06700387
54,28.00000007,28.00000010,28.00000021,28.00000051,28.00000132,28.00000334,28.00000827,28.00001989,28.00004621,28.00010360,28.00022385,28.00046591,28.00093416,28.00180489,28.00336230,28.00604371,28.01049188,28.01760959,28.02860959,28.04505144,28.06885739
55,28.00000009,28.00000012,28.00000026,28.00000063,28.00000158,28.00000395,28.00000963,28.00002283,28.00005234,28.00011588,28.00024748,28.00050955,28.00101154,28.00193661,28.00357765,28.00638214,28.01100363,28.01835504,28.02965708,28.04647360,28.07072632
56,28.00000011,28.00000015,28.00000032,28.00000076,28.00000189,28.00000464,28.00001117,28.00002610,28.00005907,28.00012920,28.00027283,28.00055593,28.00109302,28.00207416,28.00380090,28.00673072,28.01152772,28.01911468,28.03072000,28.04791158,28.07261049
57,28.00000014,28.00000019,28.00000039,28.00000092,28.00000225,28.00000544,28.00001289,28.00002972,28.00006643,28.00014362,28.00029998,28.00060511,28.00117867,28.00221763,28.00403211,28.00708946,28.01206411,28.01988844,28.03179822,28.04936522,28.07450975
58,28.00000018,28.00000024,28.00000048,28.00000111,28.00000266,28.00000634,28.00001481,28.00003372,28.00007447,28.00015918,28.00032900,28.00065718,28.00126860,28.00236710,28.00427133,28.00745838,28.01261278,28.02067621,28.03289161,28.05083435,28.07642392
59,28.00000022,28.00000029,28.00000058,28.00000132,28.00000313,28.00000735,28.00001696,28.00003813,28.00008321,28.00017593,28.00035994,28.00071221,28.00136287,28.00252264,28.00451863,28.00783749,28.01317367,28.02147792,28.03400003,28.05231883,28.07835286
60,28.00000027,28.00000036,28.00000070,28.00000157,28.00000366,28.00000849,28.00001934,28.00004296,28.00009271,28.00019394,28.00039288,28.00077029,28.00146157,28.00268432,28.00477403,28.00822680,28.01374676,28.02229347,28.03512337,28.05381854,28.08029939
61,28.00000033,28.00000044,28.00000084,28.00000186,28.00000427,28.00000977,28.00002198,28.00004826,28.00010300,28.00021325,28.00042788,28.00083148,28.00156477,28.00285221,28.00503758,28.00862631,28.01433200,28.02312278,28.03626150,28.05533439,28.08230152
62,28.00000040,28.00000053,28.00000100,28.00000219,28.00000496,28.00001120,28.00002490,28.00005404,28.00011411,28.00023392,28.00046500,28.00089587,28.00167254,28.00302636,28.00530934,28.00903604,28.01492936,28.02396577,28.03741456,28.05687177,28.08436228
63,28.00000049,28.00000064,28.00000119,28.00000257,28.00000574,28.00001280,28.00002811,28.00006034,28.00012609,28.00025600,28.00050432,28.00096352,28.00178498,28.00320686,28.00558933,28.00945598,28.01553880,28.02482242,28.03858345,28.05843670,28.08646161
64,28.00000059,28.00000077,28.00000141,28.00000300,28.00000661,28.00001457,28.00003163,28.00006718,28.00013899,28.00027954,28.00054590,28.00103451,28.00190213,28.00339374,28.00587759,28.00988614,28.01616029,28.02569284,28.03976972,28.06002942,28.08859447
65,28.00000071,28.00000092,28.00000167,28.00000349,28.00000759,28.00001653,28.00003549,28.00007459,28.00015283,28.00030460,28.00058979,28.00110891,28.00202408,28.00358708,28.00617416,28.01032653,28.01679383,28.02657737,28.04097468,28.06164870,28.09075829
66,28.00000085,28.00000109,28.00000195,28.00000404,28.00000868,28.00001869,28.00003971,28.00008262,28.00016767,28.00033122,28.00063607,28.00118678,28.00215089,28.00378693,28.00647907,28.01077714,28.01743949,28.02747644,28.04219895,28.06329409,28.09295128
67,28.00000101,28.00000129,28.00000228,28.00000466,28.00000989,28.00002107,28.00004430,28.00009127,28.00018355,28.00035947,28.00068480,28.00126820,28.00228262,28.00399334,28.00679236,28.01123801,28.01809739,28.02839047,28.04344282,28.06496510,28.09517192
68,28.00000120,28.00000151,28.00000266,28.00000535,28.00001124,28.00002368,28.00004929,28.00010060,28.00020050,28.00038939,28.00073604,28.00135323,28.00241934,28.00420636,28.00711405,28.01170916,28.01876765,28.02931986,28.04470670,28.06666123,28.09741871
69,28.00000142,28.00000178,28.00000308,28.00000613,28.00001273,28.00002655,28.00005471,28.00011062,28.00021857,28.00042105,28.00078985,28.00144194,28.00256112,28.00442605,28.00744418,28.01219067,28.01945046,28.03026490,28.04599062,28.06838174,28.09969075
70,28.00000166,28.00000207,28.00000356,28.00000700,28.00001438,28.00002968,28.00006058,28.00012138,28.00023780,28.00045448,28.00084629,28.00153439,28.00270802,28.00465245,28.00778281,28.01268258,28.02014598,28.03122588,28.04729471,28.07012608,28.10198700
71,28.00000195,28.00000241,28.00000409,28.00000797,28.00001619,28.00003309,28.00006691,28.00013290,28.00025824,28.00048975,28.00090542,28.00163064,28.00286008,28.00488563,28.00812997,28.01318500,28.02085442,28.03220300,28.04861890,28.07189367,28.10430685
72,28.00000227,28.00000280,28.00000470,28.00000904,28.00001818,28.00003680,28.00007375,28.00014523,28.00027993,28.00052691,28.00096731,28.00173077,28.00301738,28.00512562,28.00848572,28.01369801,28.02157593,28.03319643,28.04996311,28.07368404,28.10664960
73,28.00000263,28.00000323,28.00000537,28.00001023,28.00002037,28.00004083,28.00008110,28.00015838,28.00030291,28.00056601,28.00103201,28.00183482,28.00317997,28.00537248,28.00885012,28.01422174,28.02231068,28.03420625,28.05132715,28.07549678,28.10901481
74,28.00000304,28.00000372,28.00000612,28.00001154,28.00002275,28.00004520,28.00008900,28.00017240,28.00032722,28.00060709,28.00109958,28.00194286,28.00334792,28.00562627,28.00922325,28.01475625,28.02305880,28.03523260,28.05271098,28.07733144,28.11140177
75,28.00000351,28.00000427,28.00000696,28.00001298,28.00002535,28.00004992,28.00009747,28.00018733,28.00035292,28.00065023,28.00117007,28.00205495,28.00352126,28.00588704,28.00960516,28.01530169,28.02382042,28.03627548,28.05411437,28.07918768,28.11381016
76,28.00000403,28.00000488,28.00000789,28.00001457,28.00002819,28.00005501,28.00010654,28.00020319,28.00038003,28.00069545,28.00124355,28.00217115,28.00370007,28.00615486,28.00999595,28.01585817,28.02459567,28.03733493,28.05553712,28.08106516,28.11623957
77,28.00000462,28.00000557,28.00000891,28.00001631,28.00003127,28.00006050,28.00011624,28.00022002,28.00040862,28.00074283,28.00132007,28.00229152,28.00388441,28.00642979,28.01039568,28.01642575,28.02538462,28.03841098,28.05697917,28.08296349,28.11868949
78,28.00000527,28.00000633,28.00001005,28.00001821,28.00003460,28.00006640,28.00012659,28.00023786,28.00043871,28.00079240,28.00139969,28.00241611,28.00407432,28.00671189,28.01080445,28.01700458,28.02618736,28.03950356,28.05844026,28.08488242,28.12115968
79,28.00000600,28.00000718,28.00001129,28.00002029,28.00003822,28.00007274,28.00013762,28.00025674,28.00047036,28.00084422,28.00148246,28.00254498,28.00426988,28.00700123,28.01122232,28.01759471,28.02700395,28.04061270,28.05992029,28.08682160,28.12364972
80,28.00000681,28.00000812,28.00001267,28.00002255,28.00004212,28.00007954,28.00014936,28.00027670,28.00050360,28.00089834,28.00156844,28.00267819,28.00447114,28.00729788,28.01164939,28.01819624,28.02783444,28.04173836,28.06141910,28.08878075,28.12615927
81,28.00000770,28.00000915,28.00001417,28.00002501,28.00004633,28.00008681,28.00016183,28.00029777,28.00053849,28.00095480,28.00165768,28.00281580,28.00467816,28.00760191,28.01208575,28.01880925,28.02867886,28.04288048,28.06293653,28.09075962,28.12868807
82,28.00000870,28.00001030,28.00001582,28.00002768,28.00005086,28.00009459,28.00017508,28.00031999,28.00057506,28.00101367,28.00175024,28.00295787,28.00489102,28.00791339,28.01253144,28.01943381,28.02953728,28.04403904,28.06447242,28.09275791,28.13123577
83,28.00000979,28.00001156,28.00001762,28.00003057,28.00005574,28.00010288,28.00018912,28.00034340,28.00061335,28.00107498,28.00184617,28.00310445,28.00510976,28.00823239,28.01298656,28.02006997,28.03040969,28.04521399,28.06602662,28.09477540,28.13380212
84,28.00001100,28.00001294,28.00001958,28.00003370,28.00006097,28.00011173,28.00020398,28.00036804,28.00065342,28.00113880,28.00194552,28.00325560,28.00533446,28.00855898,28.01345118,28.02071780,28.03129613,28.04640527,28.06759896,28.09681183,28.13638686
85,28.00001232,28.00001445,28.00002171,28.00003707,28.00006657,28.00012114,28.00021970,28.00039393,28.00069531,28.00120516,28.00204836,28.00341139,28.00556517,28.00889323,28.01392537,28.02137736,28.03219662,28.04761283,28.06918929,28.09886697,28.13898974
86,28.00001378,28.00001610,28.00002403,28.00004071,28.00007257,28.00013114,28.00023630,28.00042112,28.00073905,28.00127411,28.00215473,28.00357186,28.00580197,28.00923521,28.01440919,28.02204869,28.03311116,28.04883659,28.07079745,28.10094062,28.14161054
87,28.00001536,28.00001790,28.00002654,28.00004463,28.00007898,28.00014176,28.00025382,28.00044964,28.00078469,28.00134572,28.00226469,28.00373709,28.00604492,28.00958497,28.01490270,28.02273186,28.03403977,28.05007650,28.07242331,28.10303253,28.14424898
88,28.00001710,28.00001987,28.00002925,28.00004884,28.00008582,28.00015302,28.00027228,28.00047954,28.00083229,28.00142002,28.00237830,28.00390713,28.00629407,28.00994260,28.01540597,28.02342689,28.03498244,28.05133248,28.07406669,28.10514252,28.14690488
89,28.00001899,28.00002200,28.00003219,28.00005336,28.00009311,28.00016495,28.00029172,28.00051084,28.00088187,28.00149706,28.00249560,28.00408203,28.00654950,28.01030815,28.01591906,28.02413382,28.03593915,28.05260445,28.07572746,28.10727039,28.14957807
90,28.00002105,28.00002432,28.00003536,28.00005820,28.00010087,28.00017756,28.00031216,28.00054359,28.00093348,28.00157690,28.00261666,28.00426187,28.00681127,28.01068169,28.01644203,28.02485269,28.03690989,28.05389233,28.07740544,28.10941598,28.15226835
91,28.00002328,28.00002683,28.00003877,28.00006338,28.00010912,28.00019089,28.00033364,28.00057782,28.00098717,28.00165958,28.00274152,28.00444669,28.00707943,28.01106328,28.01697492,28.02558353,28.03789466,28.05519605,28.07910053,28.11157907,28.15497551
92,28.00002571,28.00002955,28.00004245,28.00006892,28.00011788,28.00020497,28.00035620,28.00061357,28.00104298,28.00174516,28.00287025,28.00463656,28.00735406,28.01145298,28.01751780,28.02632637,28.03889344,28.05651554,28.08081259,28.11375948,28.15769933
93,28.00002833,28.00003248,28.00004639,28.00007483,28.00012718,28.00021980,28.00037985,28.00065088,28.00110095,28.00183368,28.00300290,28.00483154,28.00763521,28.01185086,28.01807070,28.02708123,28.03990620,28.05785070,28.08254148,28.11595706,28.16043968
94,28.00003116,28.00003564,28.00005062,28.00008113,28.00013702,28.00023544,28.00040463,28.00068978,28.00116114,28.00192519,28.00313951,28.00503168,28.00792295,28.01225697,28.01863367,28.02784811,28.04093290,28.05920145,28.08428706,28.11817165,28.16319640
95,28.00003422,28.00003904,28.00005515,28.00008783,28.00014744,28.00025189,28.00043059,28.00073032,28.00122357,28.00201974,28.00328015,28.00523704,28.00821733,28.01267137,28.01920677,28.02862704,28.04197352,28.06056769,28.08604920,28.12040311,28.16596935
96,28.00003751,28.00004270,28.00005999,28.00009496,28.00015846,28.00026919,28.00045773,28.00077254,28.00128830,28.00211739,28.00342487,28.00544768,28.00851842,28.01309410,28.01979001,28.02941804,28.04302805,28.06194941,28.08782779,28.12265121,28.16875827
97,28.00004105,28.00004663,28.00006517,28.00010253,28.00017009,28.00028736,28.00048611,28.00081646,28.00135537,28.00221817,28.00357373,28.00566367,28.00882626,28.01352523,28.02038346,28.03022110,28.04409644,28.06334648,28.08962270,28.12491584,28.17156305
98,28.00004485,28.00005084,28.00007069,28.00011057,28.00018237,28.00030644,28.00051575,28.00086213,28.00142482,28.00232215,28.00372677,28.00588504,28.00914092,28.01396480,28.02098713,28.03103624,28.04517866,28.06475882,28.09143381,28.12719686,28.17438357
99,28.00004894,28.00005535,28.00007658,28.00011909,28.00019531,28.00032644,28.00054669,28.00090959,28.00149670,28.00242936,28.00388406,28.00611187,28.00946246,28.01441287,28.02160107,28.03186346,28.04627465,28.06618636,28.09326101,28.12949414,28.17721966
100,28.00005331,28.00006017,28.00008285,28.00012810,28.00020894,28.00034740,28.00057896,28.00095888,28.00157105,28.00253986,28.00404564,28.00634421,28.00979093,28.01486948,28.02222529,28.03270276,28.04738441,28.06762902,28.09510417,28.13180749,28.18007117
101,28.00005798,28.00006532,28.00008951,28.00013764,28.00022328,28.00036934,28.00061259,28.00101003,28.00164792,28.00265370,28.00421157,28.00658211,28.01012637,28.01533467,28.02285984,28.03355415,28.04850790,28.06908674,28.09696318,28.13413680,28.18293795
102,28.00006298,28.00007081,28.00009659,28.00014772,28.00023835,28.00039230,28.00064761,28.00106308,28.00172735,28.00277092,28.00438191,28.00682563,28.01046885,28.01580849,28.02350473,28.03441762,28.04964508,28.07055943,28.09883793,28.13648193,28.18581988
103,28.00006831,28.00007666,28.00010409,28.00015836,28.00025418,28.00041630,28.00068406,28.00111808,28.00180938,28.00289159,28.00455669,28.00707482,28.01081842,28.01629098,28.02415999,28.03529316,28.05079589,28.07204701,28.10072831,28.13884275,28.18871683
104,28.00007400,28.00008288,28.00011205,28.00016958,28.00027080,28.00044137,28.00072198,28.00117506,28.00189406,28.00301574,28.00473599,28.00732974,28.01117513,28.01678219,28.02482564,28.03618077,28.05196031,28.07354941,28.10263421,28.14121914,28.19162867
105,28.00008005,28.00008950,28.00012048,28.00018140,28.00028822,28.00046754,28.00076140,28.00123406,28.00198144,28.00314342,28.00491985,28.00759044,28.01153901,28.01728214,28.02550171,28.03708045,28.05313830,28.07506656,28.10455552,28.14361096,28.19455526
106,28.00008648,28.00009653,28.00012939,28.00019385,28.00030647,28.00049484,28.00080234,28.00129513,28.00207155,28.00327468,28.00510831,28.00785696,28.01191013,28.01779088,28.02618821,28.03799219,28.05432983,28.07659837,28.10649213,28.14601810,28.19749649
107,28.00009332,28.00010398,28.00013881,28.00020694,28.00032559,28.00052330,28.00084486,28.00135829,28.00216445,28.00340958,28.00530144,28.00812937,28.01228853,28.01830845,28.02688515,28.03891598,28.05553483,28.07814477,28.10844395,28.14844043,28.20045224
108,28.00010058,28.00011188,28.00014876,28.00022070,28.00034559,28.00055295,28.00088897,28.00142359,28.00226017,28.00354815,28.00549928,28.00840771,28.01267426,28.01883487,28.02759255,28.03985180,28.05675328,28.07970570,28.11041087,28.15087785,28.20342240
109,28.00010827,28.00012024,28.00015925,28.00023515,28.00036650,28.00058382,28.00093472,28.00149107,28.00235876,28.00369046,28.00570189,28.00869202,28.01306735,28.01937018,28.02831043,28.04079965,28.05798513,28.08128106,28.11239278,28.15333022,28.20640684
110,28.00011642,28.00012909,28.00017030,28.00025032,28.00038834,28.00061593,28.00098214,28.00156078,28.00246027,28.00383653,28.00590930,28.00898237,28.01346785,28.01991441,28.02903881,28.04175952,28.05923034,28.08287079,28.11438960,28.15579744,28.20940545
111,28.00012504,28.00013843,28.00018195,28.00026622,28.00041115,28.00064933,28.00103126,28.00163274,28.00256474,28.00398644,28.00612158,28.00927879,28.01387581,28.02046760,28.02977768,28.04273139,28.06048887,28.08447482,28.11640122,28.15827942,28.21241813
112,28.00013415,28.00014829,28.00019419,28.00028288,28.00043495,28.00068404,28.00108213,28.00170700,28.00267221,28.00414021,28.00633877,28.00958134,28.01429126,28.02102976,28.03052706,28.04371524,28.06176067,28.08609308,28.11842756,28.16077603,28.21544478
113,28.00014377,28.00015870,28.00020707,28.00030033,28.00045977,28.00072009,28.00113478,28.00178360,28.00278273,28.00429790,28.00656092,28.00989006,28.01471424,28.02160092,28.03128696,28.04471105,28.06304569,28.08772548,28.12046852,28.16328718,28.21848531
114,28.00015392,28.00016966,28.00022060,28.00031859,28.00048563,28.00075752,28.00118923,28.00186258,28.00289635,28.00445956,28.00678808,28.01020500,28.01514480,28.02218112,28.03205738,28.04571882,28.06434389,28.08937197,28.12252400,28.16581276,28.22153959
115,28.00016463,28.00018120,28.00023480,28.00033767,28.00051256,28.00079634,28.00124554,28.00194398,28.00301309,28.00462522,28.00702029,28.01052619,28.01558297,28.02277038,28.03283834,28.04673852,28.06565523,28.09103246,28.12459392,28.16835266,28.22460752
116,28.00017590,28.00019335,28.00024969,28.00035761,28.00054059,28.00083661,28.00130373,28.00202783,28.00313302,28.00479495,28.00725760,28.01085369,28.01602878,28.02336873,28.03362984,28.04777014,28.06697967,28.09270690,28.12667818,28.17090680,28.22768901
117,28.00018776,28.00020611,28.00026530,28.00037844,28.00056975,28.00087834,28.00136383,28.00211419,28.00325617,28.00496877,28.00750006,28.01118754,28.01648227,28.02397617,28.03443188,28.04881366,28.06831715,28.09439522,28.12877671,28.17347508,28.23078397
118,28.00020024,28.00021952,28.00028165,28.00040017,28.00060007,28.00092158,28.00142590,28.00220308,28.00338258,28.00514675,28.00774771,28.01152778,28.01694348,28.02459273,28.03524445,28.04986904,28.06966763,28.09609733,28.13088942,28.17605740,28.23389231
119,28.00021335,28.00023360,28.00029876,28.00042283,28.00063157,28.00096635,28.00148996,28.00229456,28.00351231,28.00532892,28.00800060,28.01187445,28.01741243,28.02521844,28.03606757,28.05093627,28.07103106,28.09781318,28.13301623,28.17865368,28.23701395
120,28.00022711,28.00024836,28.00031666,28.00044646,28.00066428,28.00101268,28.00155604,28.00238866,28.00364539,28.00551533,28.00825877,28.01222759,28.01788917,28.02585331,28.03690123,28.05201534,28.07240740,28.09954270,28.13515704,28.18126372,28.24014345
121,28.00024155,28.00026383,28.00033537,28.00047106,28.00069824,28.00106061,28.00162419,28.00248541,28.00378186,28.00570603,28.00852226,28.01258723,28.01837372,28.02649736,28.03774544,28.05310621,28.07379661,28.10128583,28.13731173,28.18388581,28.24323748
122,28.00025669,28.00028003,28.00035491,28.00049668,28.00073346,28.00111017,28.00169444,28.00258487,28.00392178,28.00590105,28.00879113,28.01295343,28.01886611,28.02715061,28.03860020,28.05420888,28.07519865,28.10304249,28.13947988,28.18651362,28.24628678
123,28.00027255,28.00029699,28.00037531,28.00052333,28.00076999,28.00116140,28.00176683,28.00268706,28.00406517,28.00610044,28.00906540,28.01332621,28.01936637,28.02781307,28.03946550,28.05532332,28.07661347,28.10481253,28.14166021,28.18913938,28.24931671
124,28.00028915,28.00031472,28.00039659,28.00055105,28.00080785,28.00121432,28.00184140,28.00279203,28.00421209,28.00630425,28.00934512,28.01370562,28.01987453,28.02848477,28.04034134,28.05644950,28.07804099,28.10659564,28.14385059,28.19176125,28.25233586
125,28.00030652,28.00033326,28.00041878,28.00057986,28.00084708,28.00126897,28.00191817,28.00289982,28.00436257,28.00651251,28.00963034,28.01409169,28.02039062,28.02916571,28.04122772,28.05758739,28.07948114,28.10839127,28.14604902,28.19438109,28.25534666
126,28.00032468,28.00035262,28.00044191,28.00060979,28.00088769,28.00132538,28.00199720,28.00301047,28.00451666,28.00672528,28.00992109,28.01448445,28.02091466,28.02985590,28.04212464,28.05873697,28.08093373,28.11019866,28.14825442,28.19699968,28.25835060
127,28.00034366,28.00037283,28.00046599,28.00064086,28.00092972,28.00138359,28.00207851,28.00312402,28.00467439,28.00694258,28.01021742,28.01488394,28.02144668,28.03055536,28.04303207,28.05989816,28.08239851,28.11201712,28.15046623,28.19961717,28.26134949
128,28.00036347,28.00039392,28.00049105,28.00067311,28.00097321,28.00144364,28.00216213,28.00324051,28.00483582,28.00716447,28.01051936,28.01529020,28.02198670,28.03126411,28.04395002,28.06107089,28.08387522,28.11384599,28.15268387,28.20223403,28.26434472
129,28.00038415,28.00041590,28.00051713,28.00070656,28.00101818,28.00150554,28.00224812,28.00335997,28.00500098,28.00739098,28.01082695,28.01570326,28.02253475,28.03198214,28.04487846,28.06225508,28.08536354,28.11568470,28.15490697,28.20485076,28.26733751
130,28.00040572,28.00043881,28.00054425,28.00074124,28.00106466,28.00156934,28.00233650,28.00348245,28.00516991,28.00762216,28.01114023,28.01612314,28.02309086,28.03270946,28.04581736,28.06345058,28.08686313,28.11753281,28.15713531,28.20746792,28.27032862
131,28.00042819,28.00046267,28.00057242,28.00077718,28.00111269,28.00163508,28.00242731,28.00360799,28.00534265,28.00785804,28.01145924,28.01654989,28.02365503,28.03344609,28.04676669,28.06465726,28.08837367,28.11938987,28.15936868,28.21008596,28.27331888
132,28.00045161,28.00048751,28.00060169,28.00081441,28.00116230,28.00170278,28.00252060,28.00373662,28.00551925,28.00809867,28.01178402,28.01698353,28.02422730,28.03419200,28.04772638,28.06587495,28.08989485,28.12125556,28.16160701,28.21270527,28.27630880
133,28.00047598,28.00051335,28.00063208,28.00085295,28.00121351,28.00177248,28.00261638,28.00386838,28.00569974,28.00834408,28.01211459,28.01742409,28.02480767,28.03494720,28.04869637,28.06710347,28.09142640,28.12312965,28.16385036,28.21532609,28.27929877
134,28.00050135,28.00054021,28.00066360,28.00089284,28.00126636,28.00184421,28.00271471,28.00400332,28.00588416,28.00859432,28.01245101,28.01787160,28.02539617,28.03571168,28.04967660,28.06834267,28.09296801,28.12501175,28.16609856,28.21794888,28.28228948
135,28.00052773,28.00056813,28.00069631,28.00093411,28.00132088,28.00191802,28.00281562,28.00414146,28.00607255,28.00884941,28.01279329,28.01832610,28.02599280,28.03648541,28.05066699,28.06959236,28.09451945,28.12690170,28.16835166,28.22057383,28.28528120
136,28.00055516,28.00059713,28.00073021,28.00097678,28.00137710,28.00199392,28.00291914,28.00428286,28.00626496,28.00910941,28.01314148,28.01878759,28.02659757,28.03726837,28.05166744,28.07085238,28.09608048,28.12879930,28.17060969,28.22320120,28.28827429
137,28.00058365,28.00062723,28.00076534,28.00102089,28.00143506,28.00207196,28.00302531,28.00442754,28.00646141,28.00937435,28.01349561,28.01925612,28.02721051,28.03806055,28.05267789,28.07212256,28.09765085,28.13070431,28.17287260,28.22583130,28.29126919
138,28.00061323,28.00065847,28.00080173,28.00106646,28.00149479,28.00215218,28.00313418,28.00457556,28.00666196,28.00964426,28.01385571,28.01973169,28.02783159,28.03886188,28.05369821,28.07340272,28.09923042,28.13261675,28.17514050,28.22846419,28.29426596
139,28.00064394,28.00069088,28.00083940,28.00111352,28.00155631,28.00223460,28.00324576,28.00472693,28.00686663,28.00991918,28.01422182,28.02021434,28.02846084,28.03967236,28.05472833,28.07469271,28.10081894,28.13453636,28.17741337,28.23110019,28.29726502
140,28.00067579,28.00072447,28.00087838,28.00116211,28.00161967,28.00231926,28.00336011,28.00488171,28.00707546,28.01019915,28.01459396,28.02070408,28.02909823,28.04049192,28.05576813,28.07599237,28.10241629,28.13646312,28.17969127,28.23373939,28.30026649
141,28.00070883,28.00075928,28.00091871,28.00121226,28.00168489,28.00240619,28.00347726,28.00503992,28.00728850,28.01048420,28.01497216,28.02120093,28.02974377,28.04132052,28.05681751,28.07730156,28.10402231,28.13839692,28.18197422,28.23638197,28.30327057
142,28.00074306,28.00079534,28.00096041,28.00126399,28.00175200,28.00249544,28.00359724,28.00520162,28.00750578,28.01077437,28.01535645,28.02170490,28.03039745,28.04215812,28.05787639,28.07862013,28.10563684,28.14033769,28.18426227,28.23902808,28.30627748
143,28.00077854,28.00083267,28.00100352,28.00131734,28.00182105,28.00258703,28.00372009,28.00536682,28.00772733,28.01106968,28.01574686,28.02221600,28.03105923,28.04300464,28.05894465,28.07994799,28.10725983,28.14228541,28.18655545,28.24167777,28.30928727
144,28.00081527,28.00087130,28.00104805,28.00137234,28.00189206,28.00268100,28.00384585,28.00553558,28.00795320,28.01137018,28.01614340,28.02273424,28.03172912,28.04386004,28.06002220,28.08128496,28.10889108,28.14423996,28.18885379,28.24433127,28.31230020
145,28.00085329,28.00091127,28.00109404,28.00142901,28.00196506,28.00277738,28.00397456,28.00570793,28.00818341,28.01167590,28.01654612,28.02325964,28.03240712,28.04472429,28.06110895,28.08263091,28.11053044,28.14620124,28.19115733,28.24698871,28.31531647
146,28.00089262,28.00095260,28.00114152,28.00148740,28.00204009,28.00287621,28.00410624,28.00588390,28.00841801,28.01198686,28.01695503,28.02379220,28.03309317,28.04559731,28.06220480,28.08398576,28.11217788,28.14816927,28.19346610,28.24965012,28.31833610
147,28.00093331,28.00099531,28.00119053,28.00154753,28.00211718,28.00297752,28.00424094,28.00606353,28.00865702,28.01230309,28.01737014,28.02433192,28.03378726,28.04647904,28.06330967,28.08534940,28.11383332,28.15014401,28.19578013,28.25231560,28.32135919
148,28.00097537,28.00103945,28.00124108,28.00160944,28.00219636,28.00308135,28.00437868,28.00624685,28.00890048,28.01262463,28.01779148,28.02487880,28.03448938,28.04736944,28.06442346,28.08672170,28.11549659,28.15212538,28.19809945,28.25498531,28.32438597
149,28.00101884,28.00108503,28.00129322,28.00167315,28.00227768,28.00318774,28.00451952,28.00643391,28.00914844,28.01295152,28.01821908,28.02543287,28.03519951,28.04826844,28.06554607,28.08810253,28.11716760,28.15411331,28.20042411,28.25765935,28.32741655
150,28.00106374,28.00113210,28.00134697,28.00173870,28.00236115,28.00329671,28.00466347,28.00662474,28.00940090,28.01328375,28.01865293,28.02599408,28.03591759,28.04917599,28.06667745,28.08949189,28.11884639,28.15610788,28.20275411,28.26033767,28.33045084
151,28.00111010,28.00118067,28.00140236,28.00180611,28.00244681,28.00340830,28.00481058,28.00681936,28.00965792,28.01362138,28.01909306,28.02656246,28.03664361,28.05009202,28.06781750,28.09088964,28.12053281,28.15810899,28.20508950,28.26302042,28.33348905
152,28.00115796,28.00123078,28.00145942,28.00187543,28.00253471,28.00352255,28.00496089,28.00701783,28.00991953,28.01396442,28.01953949,28.02713800,28.03737755,28.05101648,28.06896612,28.09229566,28.12222678,28.16011661,28.20743030,28.26570770,28.33653130
153,28.00120735,28.00128246,28.00151819,28.00194668,28.00262486,28.00363949,28.00511442,28.00722016,28.01018575,28.01431291,28.01999223,28.02772070,28.03811937,28.05194932,28.07012326,28.09370989,28.12392823,28.16213072,28.20977654,28.26839955,28.33957762
154,28.00125829,28.00133574,28.00157869,28.00201990,28.00271731,28.00375915,28.00527121,28.00742640,28.01045661,28.01466685,28.02045128,28.02831054,28.03886904,28.05289047,28.07128884,28.09513229,28.12563717,28.16415133,28.21212822,28.27109599,28.34262803
155,28.00131081,28.00139065,28.00164096,28.00209511,28.00281208,28.00388157,28.00543130,28.00763657,28.01073214,28.01502627,28.02091666,28.02890751,28.03962652,28.05383989,28.07246280,28.09656277,28.12735350,28.16617841,28.21448539,28.27379709,28.34568262
156,28.00136495,28.00144722,28.00170503,28.00217235,28.00290921,28.00400678,28.00559472,28.00785072,28.01101238,28.01539120,28.02138837,28.02951160,28.04039178,28.05479751,28.07364505,28.09800125,28.12907720,28.16821194,28.21684806,28.27650290,28.34874145
157,28.00142073,28.00150548,28.00177092,28.00225166,28.00300874,28.00413482,28.00576150,28.00806886,28.01129735,28.01576165,28.02186642,28.03012281,28.04116481,28.05576329,28.07483553,28.09944766,28.13080816,28.17025189,28.21921625,28.27921349,28.35180460
158,28.00147820,28.00156547,28.00183868,28.00233306,28.00311069,28.00426572,28.00593168,28.00829104,28.01158707,28.01613765,28.02235082,28.03074112,28.04194555,28.05673718,28.07603418,28.10090193,28.13254637,28.17229824,28.22158997,28.28192891,28.35487212
159,28.00153737,28.00162721,28.00190833,28.00241659,28.00321511,28.00439952,28.00610529,28.00851728,28.01188158,28.01651921,28.02284157,28.03136653,28.04273399,28.05771913,28.07724094,28.10236402,28.13429178,28.17435099,28.22396925,28.28464917,28.35794403
160,28.00159827,28.00169073,28.00197991,28.00250228,28.00332202,28.00453624,28.00628236,28.00874762,28.01218089,28.01690635,28.02333868,28.03199900,28.04353007,28.05870907,28.07845574,28.10383387,28.13604437,28.17641014,28.22635411,28.28737430,28.36102038
161,28.00166095,28.00175607,28.00205344,28.00259016,28.00343145,28.00467593,28.00646293,28.00898209,28.01248505,28.01729908,28.02384215,28.03263854,28.04433377,28.05970695,28.07967853,28.10531142,28.13780411,28.17847567,28.22874455,28.29010434,28.36410118
162,28.00172544,28.00182326,28.00212897,28.00268026,28.00354345,28.00481861,28.00664703,28.00922071,28.01279406,28.01769742,28.02435198,28.03328513,28.04514506,28.06071275,28.08090925,28.10679662,28.13957092,28.18054756,28.23114059,28.29283934,28.36718651
163,28.00179175,28.00189233,28.00220651,28.00277263,28.00365803,28.00496432,28.00683469,28.00946351,28.01310795,28.01810139,28.02486817,28.03393875,28.04596392,28.06172640,28.08214785,28.10828941,28.14134478,28.18262578,28.23354224,28.29557935,28.37027642
164,28.00185993,28.00196331,28.00228611,28.00286728,28.00377525,28.00511309,28.00702594,28.00971053,28.01342675,28.01851099,28.02539073,28.03459939,28.04679030,28.06274787,28.08339427,28.10978974,28.14312565,28.18471034,28.23594952,28.29832436,28.37337092
165,28.00193001,28.00203624,28.00236779,28.00296426,28.00389512,28.00526495,28.00722081,28.00996179,28.01375048,28.01892625,28.02591964,28.03526703,28.04762417,28.06377711,28.08464847,28.11129758,28.14491352,28.18680123,28.23836243,28.30107440,28.37647003
166,28.00200201,28.00211114,28.00245159,28.00306360,28.00401769,28.00541994,28.00741935,28.01021732,28.01407915,28.01934716,28.02645492,28.03594165,28.04846550,28.06481407,28.08591040,28.11281289,28.14670837,28.18889845,28.24078099,28.30382950,28.37957376
167,28.00207598,28.00218805,28.00253754,28.00316532,28.00414298,28.00557809,28.00762156,28.01047714,28.01441279,28.01977375,28.02699655,28.03662323,28.04931425,28.06585871,28.08718001,28.11433563,28.14851016,28.19100197,28.24320519,28.30658966,28.38268215
168,28.00215193,28.00226700,28.00262567,28.00326946,28.00427103,28.00573942,28.00782749,28.01074128,28.01475142,28.02020602,28.02754454,28.03731177,28.05017041,28.06691099,28.08845725,28.11586572,28.15031882,28.19311178,28.24563506,28.30935497,28.38579528
169,28.00222992,28.00234802,28.00271602,28.00337606,28.00440187,28.00590398,28.00803717,28.01100977,28.01509506,28.02064398,28.02809889,28.03800725,28.05103394,28.06797087,28.08974207,28.11740314,28.15213435,28.19522786,28.24807060,28.31212539,28.38891313
170,28.00230995,28.00243114,28.00280862,28.00348515,28.00453553,28.00607180,28.00825061,28.01128264,28.01544372,28.02108764,28.02865959,28.03870964,28.05190481,28.06903832,28.09103445,28.11894786,28.15395673,28.19735022,28.25051182,28.31490096,28.39203572
171,28.00239208,28.00251640,28.00290349,28.00359675,28.00467204,28.00624289,28.00846787,28.01155989,28.01579743,28.02153701,28.02922663,28.03941893,28.05278299,28.07011329,28.09233434,28.12049985,28.15578594,28.19947885,28.25295871,28.31768169,28.39516306
172,28.00247633,28.00260383,28.00300068,28.00371091,28.00481145,28.00641731,28.00868895,28.01184157,28.01615619,28.02199209,28.02980000,28.04013509,28.05366844,28.07119575,28.09364170,28.12205908,28.15762195,28.20161373,28.25541129,28.32046759,28.39829518
173,28.00256273,28.00269346,28.00310021,28.00382765,28.00495377,28.00659507,28.00891389,28.01212769,28.01652003,28.02245290,28.03037973,28.04085814,28.05456116,28.07228565,28.09495648,28.12362547,28.15946472,28.20375485,28.25786956,28.32325870,28.40143212
174,28.00265132,28.00278533,28.00320212,28.00394701,28.00509904,28.00677620,28.00914272,28.01241828,28.01688896,28.02291943,28.03096578,28.04158803,28.05546110,28.07338297,28.09627865,28.12519901,28.16131423,28.20590220,28.26033353,28.32605501,28.40457388
175,28.00274212,28.00287946,28.00330643,28.00406901,28.00524729,28.00696075,28.00937546,28.01271336,28.01726300,28.02339171,28.03155817,28.04232475,28.05636824,28.07448767,28.09760816,28.12677968,28.16317046,28.20805578,28.26280320,28.32885655,28.40772048
176,28.00283517,28.00297588,28.00341319,28.00419370,28.00539856,28.00714872,28.00961215,28.01301295,28.01764216,28.02386972,28.03215687,28.04306829,28.05728254,28.07559971,28.09894500,28.12836744,28.16503340,28.21021556,28.26527857,28.33166332,28.41087192
177,28.00293051,28.00307464,28.00352242,28.00432109,28.00555287,28.00734017,28.00985280,28.01331706,28.01802646,28.02435347,28.03276189,28.04381863,28.05820400,28.07671907,28.10028912,28.12996226,28.16690302,28.21238156,28.26775965,28.33447533,28.41402822
178,28.00302816,28.00317576,28.00363416,28.00445124,28.00571026,28.00753511,28.01009744,28.01362574,28.01841591,28.02484298,28.03337321,28.04457575,28.05913257,28.07784571,28.10164049,28.13156411,28.16877929,28.21455374,28.27024643,28.33729260,28.41718939
179,28.00312816,28.00327928,28.00374844,28.00458416,28.00587076,28.00773357,28.01034610,28.01393898,28.01881051,28.02533824,28.03399085,28.04533963,28.06006823,28.07897960,28.10299908,28.13317295,28.17066220,28.21673211,28.27273891,28.34011513,28.42035545
180,28.00323054,28.00338522,28.00386528,28.00471988,28.00603439,28.00793559,28.01059880,28.01425681,28.01921030,28.02583925,28.03461478,28.04611027,28.06101097,28.08012070,28.10436484,28.13478877,28.17255173,28.21891666,28.27523711,28.34294292,28.42352594
181,28.00333533,28.00349362,28.00398473,28.00485845,28.00620119,28.00814118,28.01085557,28.01457926,28.01961527,28.02634603,28.03524500,28.04688764,28.06196074,28.08126899,28.10573775,28.13641152,28.17444785,28.22110738,28.27774100,28.34577488,28.42665593
182,28.00344256,28.00360451,28.00410682,28.00499988,28.00637118,28.00835038,28.01111643,28.01490634,28.02002544,28.02685858,28.03588151,28.04767173,28.06291753,28.08242443,28.10711778,28.13804119,28.17635056,28.22330424,28.28025032,28.34860585,28.42974579
183,28.00355227,28.00371793,28.00423156,28.00514422,28.00654440,28.00856322,28.01138141,28.01523806,28.02044082,28.02737689,28.03652430,28.04846251,28.06388132,28.08358700,28.10850490,28.13967775,28.17825982,28.22550720,28.28276415,28.35142884,28.43281559
184,28.00366449,28.00383390,28.00435901,28.00529149,28.00672088,28.00877972,28.01165052,28.01557446,28.02086143,28.02790097,28.03717336,28.04925999,28.06485207,28.08475667,28.10989908,28.14132118,28.18017561,28.22771604,28.28528070,28.35424289,28.43587125
185,28.00377925,28.00395246,28.00448918,28.00544172,28.00690064,28.00899991,28.01192380,28.01591553,28.02128727,28.02843083,28.03782868,28.05006412,28.06582977,28.08593341,28.11130029,28.14297145,28.18209787,28.22993033,28.28779842,28.35705013,28.43891409
186,28.00389658,28.00407364,28.00462212,28.00559494,28.00708372,28.00922381,28.01220125,28.01626131,28.02171834,28.02896646,28.03849026,28.05087491,28.06681440,28.08711720,28.11270851,28.14462852,28.18402649,28.23214951,28.29031649,28.35985100,28.44194600
187,28.00401651,28.00419747,28.00475785,28.00575119,28.00727014,28.00945145,28.01248292,28.01661181,28.02215468,28.02950786,28.03915809,28.05169234,28.06780592,28.08830800,28.11412371,28.14629235,28.18596128,28.23437304,28.29283453,28.36264545,28.44496874
188,28.00413908,28.00432398,28.00489640,28.00591049,28.00745993,28.00968287,28.01276881,28.01696704,28.02259627,28.03005504,28.03983216,28.05251638,28.06880432,28.08950579,28.11554585,28.14796286,28.18790202,28.23660045,28.29535225,28.36543396,28.44798342
189,28.00426431,28.00445321,28.00503780,28.00607288,28.00765312,28.00991807,28.01305896,28.01732703,28.02304313,28.03060799,28.04051247,28.05334704,28.06980958,28.09071055,28.11697489,28.14963997,28.18984847,28.23883137,28.29786939,28.36821712,28.45099088
190,28.00439225,28.00458518,28.00518209,28.00623838,28.00784974,28.01015709,28.01335337,28.01769178,28.02349527,28.03116672,28.04119900,28.05418428,28.07082167,28.09192224,28.11841079,28.15132359,28.19180041,28.24106541,28.30038572,28.37099534,28.45399212
191,28.00452292,28.00471993,28.00532930,28.00640703,28.00804981,28.01039996,28.01365207,28.01806130,28.02395270,28.03173124,28.04189175,28.05502809,28.07184057,28.09314084,28.11985350,28.15301358,28.19375758,28.24330230,28.30290119,28.37376914,28.45698760
192,28.00465634,28.00485749,28.00547945,28.00657885,28.00825337,28.01064669,28.01395509,28.01843563,28.02441543,28.03230153,28.04259071,28.05587846,28.07286626,28.09436631,28.12130298,28.15470985,28.19571976,28.24554174,28.30541568,28.37653890,28.45997806
193,28.00479257,28.00499788,28.00563257,28.00675387,28.00846044,28.01089731,28.01426244,28.01881477,28.02488346,28.03287759,28.04329587,28.05673538,28.07389873,28.09559862,28.12275913,28.15641222,28.19768673,28.24778358,28.30792933,28.37930493,28.46296377
194,28.00493161,28.00514115,28.00578871,28.00693212,28.00867105,28.01115185,28.01457413,28.01919873,28.02535679,28.03345944,28.04400723,28.05759882,28.07493793,28.09683774,28.12422190,28.15812058,28.19965827,28.25002758,28.31044209,28.38206759,28.46594527
195,28.00507351,28.00528732,28.00594788,28.00711363,28.00888521,28.01141033,28.01489020,28.01958752,28.02583545,28.03404707,28.04472478,28.05846878,28.07598386,28.09808361,28.12569120,28.15983478,28.20163422,28.25227367,28.31295411,28.38482708,28.46892280
196,28.00521830,28.00543642,28.00611012,28.00729843,28.00910297,28.01167277,28.01521066,28.01998117,28.02631943,28.03464047,28.04544850,28.05934523,28.07703647,28.09933620,28.12716695,28.16155468,28.20361440,28.25452171,28.31546542,28.38758368,28.47189675
197,28.00536600,28.00558848,28.00627545,28.00748654,28.00932435,28.01193919,28.01553552,28.02037969,28.02680874,28.03523965,28.04617840,28.06022817,28.07809575,28.10059543,28.12864905,28.16328015,28.20559869,28.25677168,28.31797609,28.39033755,28.47486733
198,28.00551665,28.00574353,28.00644391,28.00767800,28.00954936,28.01220962,28.01586481,28.02078308,28.02730338,28.03584460,28.04691446,28.06111756,28.07916166,28.10186129,28.13013743,28.16501105,28.20758688,28.25902338,28.32048618,28.39308903,28.47783496
199,28.00567028,28.00590161,28.00661553,28.00787284,28.00977805,28.01248408,28.01619854,28.02119136,28.02780337,28.03645533,28.04765668,28.06201340,28.08023418,28.10313370,28.13163200,28.16674725,28.20957885,28.26127678,28.32299574,28.39583831,28.48079989
200,28.00582692,28.00606274,28.00679033,28.00807107,28.01001042,28.01276259,28.01653673,28.02160454,28.02830871,28.03707183,28.04840503,28.06291567,28.08131326,28.10441261,28.13313265,28.16848866,28.21157456,28.26353192,28.32550487,28.39858549,28.48376222
201,28.00598659,28.00622694,28.00696834,28.00827273,28.01024652,28.01304517,28.01687940,28.02202263,28.02881940,28.03769411,28.04915953,28.06382434,28.08239888,28.10569796,28.13463930,28.17023513,28.21357381,28.26578865,28.32801361,28.40133085,28.48672231
202,28.00614933,28.00639427,28.00714959,28.00847784,28.01048635,28.01333185,28.01722657,28.02244565,28.02933545,28.03832216,28.04992014,28.06473940,28.08349100,28.10698969,28.13615187,28.17198655,28.21557651,28.26804694,28.33052204,28.40407457,28.48968038
203,28.00631517,28.00656473,28.00733412,28.00868644,28.01072996,28.01362264,28.01757824,28.02287361,28.02985687,28.03895597,28.05068688,28.06566081,28.08458956,28.10828773,28.13767025,28.17374286,28.21758266,28.27030687,28.33303024,28.40681669,28.49263644
204,28.00648414,28.00673836,28.00752194,28.00889854,28.01097735,28.01391757,28.01793445,28.02330651,28.03038365,28.03959555,28.05145971,28.06658857,28.08569455,28.10959202,28.13919437,28.17550390,28.21959210,28.27256834,28.33553828,28.40955747,28.49559079
205,28.00665626,28.00691519,28.00771309,28.00911418,28.01122856,28.01421666,28.01829520,28.02374437,28.03091581,28.04024089,28.05223864,28.06752265,28.08680593,28.11090251,28.14072412,28.17726960,28.22160476,28.27483133,28.33804623,28.41229704,28.49854362
206,28.00683156,28.00709525,28.00790759,28.00933337,28.01148360,28.01451992,28.01866051,28.02418720,28.03145335,28.04089199,28.05302364,28.06846301,28.08792363,28.11221912,28.14225944,28.17903989,28.22362063,28.27709589,28.34055416,28.41503546,28.50149496
207,28.00701008,28.00727856,28.00810547,28.00955616,28.01174251,28.01482737,28.01903039,28.02463501,28.03199626,28.04154884,28.05381471,28.06940964,28.08904762,28.11354178,28.14380025,28.18081468,28.22563964,28.27936200,28.34306213,28.41777288,28.50444499
208,28.00719184,28.00746516,28.00830677,28.00978255,28.01200530,28.01513905,28.01940486,28.02508780,28.03254456,28.04221144,28.05461182,28.07036250,28.09017785,28.11487043,28.14534645,28.18259388,28.22766173,28.28162966,28.34557023,28.42050943,28.50739384
209,28.00737687,28.00765507,28.00851149,28.01001258,28.01227200,28.01545495,28.01978394,28.02554559,28.03309825,28.04287979,28.05541497,28.07132157,28.09131429,28.11620503,28.14689798,28.18437742,28.22968682,28.28389883,28.34807849,28.42324524,28.51034169
210,28.00756520,28.00784832,28.00871968,28.01024627,28.01254262,28.01577511,28.02016764,28.02600839,28.03365733,28.04355388,28.05622414,28.07228682,28.09245688,28.11754550,28.14845477,28.18616524,28.23171489,28.28616955,28.35058699,28.42598040,28.51328861
211,28.00775686,28.00804493,28.00893136,28.01048365,28.01281720,28.01609955,28.02055597,28.02647620,28.03422179,28.04423370,28.05703932,28.07325822,28.09360557,28.11889176,28.15001673,28.18795726,28.23374592,28.28844184,28.35309579,28.42871499,28.51623469
212,28.00795187,28.00824495,28.00914656,28.01072474,28.01309575,28.01642827,28.02094895,28.02694904,28.03479166,28.04491925,28.05786048,28.07423574,28.09476033,28.12024377,28.15158380,28.18975344,28.23577988,28.29071572,28.35560497,28.43144910,28.51918002
213,28.00815026,28.00844838,28.00936529,28.01096956,28.01337830,28.01676131,28.02134659,28.02742690,28.03536691,28.04561052,28.05868761,28.07521934,28.09592110,28.12160146,28.15315592,28.19155370,28.23781671,28.29299118,28.35811456,28.43418284,28.52212474
214,28.00835206,28.00865526,28.00958760,28.01121815,28.01366486,28.01709866,28.02174891,28.02790981,28.03594757,28.04630751,28.05952068,28.07620900,28.09708784,28.12296479,28.15473303,28.19335799,28.23985638,28.29526820,28.36062460,28.43691631,28.52506896
215,28.00855730,28.00886562,28.00981349,28.01147051,28.01395546,28.01744037,28.02215591,28.02839776,28.03653361,28.04701019,28.06035969,28.07720469,28.09826051,28.12433368,28.15631505,28.19516627,28.24189888,28.29754684,28.36313518,28.43964957,28.52801274
216,28.00876600,28.00907948,28.01004301,28.01172668,28.01425011,28.01778643,28.02256761,28.02889077,28.03712506,28.04771858,28.06120461,28.07820636,28.09943904,28.12570808,28.15790194,28.19697849,28.24394420,28.29982710,28.36564633,28.44238268,28.53095613
217,28.00897818,28.00929687,28.01027616,28.01198668,28.01454885,28.01813687,28.02298402,28.02938883,28.03772190,28.04843265,28.06205541,28.07921398,28.10062340,28.12708793,28.15949363,28.19879461,28.24599232,28.30210902,28.36815810,28.44511572,28.53389921
218,28.00919389,28.00951781,28.01051299,28.01225053,28.01485168,28.01849171,28.02340516,28.02989197,28.03832413,28.04915239,28.06291209,28.08022753,28.10181355,28.12847319,28.16109008,28.20061457,28.24804318,28.30439256,28.37067054,28.44784881,28.53684214
219,28.00941313,28.00974233,28.01075350,28.01251826,28.01515863,28.01885096,28.02383103,28.03040017,28.03893176,28.04987780,28.06377461,28.08124697,28.10300944,28.12986380,28.16269123,28.20243833,28.25009679,28.30667776,28.37318370,28.45058198,28.53978495
220,28.00963594,28.00997045,28.01099773,28.01278988,28.01546972,28.01921463,28.02426165,28.03091345,28.03954478,28.05060887,28.06464296,28.08227227,28.10421103,28.13125971,28.16429703,28.20426586,28.25215314,28.30896463,28.37569762,28.45331530,28.54272770
221,28.00986235,28.01020220,28.01124570,28.01306542,28.01578496,28.01958274,28.02469703,28.03143181,28.04016319,28.05134557,28.06551712,28.08330338,28.10541826,28.13266087,28.16590743,28.20609714,28.25421221,28.31125320,28.37821235,28.45604883,28.54567045
222,28.01009237,28.01043761,28.01149744,28.01334491,28.01610438,28.01995532,28.02513717,28.03195526,28.04078698,28.05208791,28.06639705,28.08434029,28.10663110,28.13406724,28.16752239,28.20793211,28.25627399,28.31354347,28.38072792,28.45878265,28.54861329
223,28.01032603,28.01067670,28.01175296,28.01362835,28.01642800,28.02033236,28.02558210,28.03248380,28.04141616,28.05283587,28.06728274,28.08538296,28.10784952,28.13547876,28.16914186,28.20977074,28.25833845,28.31583546,28.38324438,28.46151681,28.55155628
224,28.01056336,28.01091949,28.01201230,28.01391578,28.01675583,28.02071389,28.02603181,28.03301744,28.04205072,28.05358943,28.06817417,28.08643134,28.10907345,28.13689539,28.17076580,28.21161300,28.26040559,28.31812918,28.38576177,28.46425137,28.55449948
225,28.01080438,28.01116601,28.01227546,28.01420721,28.01708789,28.02109992,28.02648632,28.03355617,28.04269064,28.05434859,28.06907131,28.08748542,28.11030288,28.13831709,28.17239417,28.21345887,28.26247540,28.32042464,28.38828013,28.46698638,28.55744294
226,28.01104912,28.01141628,28.01254249,28.01450267,28.01742420,28.02149047,28.02694563,28.03410001,28.04333594,28.05511333,28.06997414,28.08854515,28.11153774,28.13974380,28.17402693,28.21530832,28.26454788,28.32272187,28.39079949,28.46972189,28.56038672
227,28.01129760,28.01167033,28.01281339,28.01480217,28.01776477,28.02188555,28.02740976,28.03464895,28.04398661,28.05588363,28.07088263,28.08961051,28.11277801,28.14117550,28.17566403,28.21716130,28.26662301,28.32502088,28.39331991,28.47245796,28.56333088
228,28.01154984,28.01192817,28.01308819,28.01510574,28.01810963,28.02228517,28.02787872,28.03520299,28.04464263,28.05665948,28.07179677,28.09068146,28.11402365,28.14261214,28.17730544,28.21901782,28.26870079,28.32732168,28.39584140,28.47519464,28.56627546
229,28.01180586,28.01218983,28.01336692,28.01541339,28.01845879,28.02268934,28.02835250,28.03576214,28.04530401,28.05744087,28.07271653,28.09175798,28.11527461,28.14405367,28.17895113,28.22087783,28.27078121,28.32962429,28.39836400,28.47793197,28.56922052
230,28.01206570,28.01245534,28.01364959,28.01572515,28.01881226,28.02309809,28.02883113,28.03632640,28.04597074,28.05822778,28.07364188,28.09284002,28.11653086,28.14550006,28.18060107,28.22274131,28.27286426,28.33192872,28.40088776,28.48066999,28.57216609
231,28.01232937,28.01272472,28.01393622,28.01604103,28.01917007,28.02351141,28.02931460,28.03689577,28.04664280,28.05902020,28.07457281,28.09392756,28.11779237,28.14695127,28.18225520,28.22460825,28.27494995,28.33423500,28.40341270,28.48340877,28.57511224
232,28.01259690,28.01299798,28.01422684,28.01636106,28.01953223,28.02392932,28.02980293,28.03747026,28.04732021,28.05981812,28.07550929,28.09502057,28.11905909,28.14840726,28.18391350,28.22647861,28.27703825,28.33654312,28.40593885,28.48614833,28.57805901
233,28.01286830,28.01327515,28.01452147,28.01668524,28.01989876,28.02435184,28.03029612,28.03804985,28.04800294,28.06062152,28.07645129,28.09611902,28.12033099,28.14986799,28.18557595,28.22835238,28.27912918,28.33885311,28.40846625,28.48888873,28.58100644
234,28.01314361,28.01355626,28.01482012,28.01701361,28.02026966,28.02477898,28.03079417,28.03863455,28.04869099,28.06143037,28.07739880,28.09722287,28.12160804,28.15133344,28.18724251,28.23022954,28.28122273,28.34116499,28.41099493,28.49162999,28.58395456
235,28.01342283,28.01384132,28.01512282,28.01734617,28.02064496,28.02521074,28.03129710,28.03922437,28.04938436,28.06224468,28.07835179,28.09833210,28.12289020,28.15280356,28.18891315,28.23211009,28.28331890,28.34347878,28.41352490,28.49437215,28.58690341
236,28.01370600,28.01413035,28.01542959,28.01768295,28.02102467,28.02564714,28.03180490,28.03981929,28.05008303,28.06306441,28.07931023,28.09944667,28.12417744,28.15427833,28.19058786,28.23399400,28.28541770,28.34579448,28.41605621,28.49711523,28.58985302
237,28.01399314,28.01442338,28.01574045,28.01802397,28.02140881,28.02608818,28.03231759,28.04041932,28.05078699,28.06388956,28.08027409,28.10056655,28.12546972,28.15575771,28.19226661,28.23588127,28.28751912,28.34811211,28.41858888,28.49985928,28.59280342
238,28.01428425,28.01472043,28.01605542,28.01836923,28.02179738,28.02653388,28.03283516,28.04102446,28.05149624,28.06472010,28.08124336,28.10169172,28.12676701,28.15724168,28.19394936,28.23777188,28.28962318,28.35043170,28.42112293,28.50260432,28.59575464
239,28.01457938,28.01502151,28.01637450,28.01871876,28.02219041,28.02698425,28.03335763,28.04163470,28.05221077,28.06555602,28.08221802,28.10282214,28.12806928,28.15873020,28.19563611,28.23966581,28.29172985,28.35275324,28.42365839,28.50535040,28.59870673
240,28.01487853,28.01532665,28.01669774,28.01907258,28.02258790,28.02743930,28.03388499,28.04225005,28.05293056,28.06639731,28.08319804,28.10395779,28.12937651,28.16022323,28.19732681,28.24156303,28.29383914,28.35507676,28.42619528,28.50809758,28.60166347
241,28.01518173,28.01563587,28.01702513,28.01943069,28.02298987,28.02789903,28.03441726,28.04287049,28.05365562,28.06724395,28.08418339,28.10509865,28.13068865,28.16172076,28.19902144,28.24346355,28.29595104,28.35740225,28.42873367,28.51084868,28.60476932
242,28.01548900,28.01594918,28.01735671,28.01979312,28.02339633,28.02836345,28.03495442,28.04349604,28.05438593,28.06809593,28.08517407,28.10624468,28.13200568,28.16322275,28.20071998,28.24536735,28.29806556,28.35972975,28.43127427,28.51362487,28.60801000
243,28.01580035,28.01626661,28.01769248,28.02015988,28.02380730,28.02883258,28.03549650,28.04412668,28.05512149,28.06895322,28.08617004,28.10739585,28.13332757,28.16472917,28.20242242,28.24727441,28.30018270,28.36205944,28.43382087,28.51644267,28.61133237
244,28.01611581,28.01658817,28.01803247,28.02053099,28.02422278,28.02930641,28.03604348,28.04476241,28.05586227,28.06981582,28.08717128,28.10855215,28.13465430,28.16624001,28.20412873,28.24918473,28.30230249,28.36439205,28.43637888,28.51930267,28.61472187
245,28.01643539,28.01691388,28.01837670,28.02090646,28.02464279,28.02978497,28.03659537,28.04540324,28.05660828,28.07068370,28.08817777,28.10971354,28.13598583,28.16775523,28.20583889,28.25109830,28.30442511,28.36672899,28.43895218,28.52220491,28.61816860
246,28.01675911,28.01724376,28.01872517,28.02128631,28.02506734,28.03026825,28.03715218,28.04604915,28.05735951,28.07155685,28.08918949,28.11088000,28.13732213,28.16927481,28.20755288,28.25301515,28.30655088,28.36907188,28.44154362,28.52514745,28.62166608
247,28.01708700,28.01757783,28.01907791,28.02167055,28.02549644,28.03075626,28.03771391,28.04670014,28.05811593,28.07243526,28.09020642,28.11205150,28.13866319,28.17079872,28.20927070,28.25493535,28.30868029,28.37142238,28.44415519,28.52812841,28.62520960
248,28.01741906,28.01791610,28.01943493,28.02205919,28.02593010,28.03124900,28.03828055,28.04735621,28.05887755,28.07331890,28.09122853,28.11322802,28.14000898,28.17232695,28.21099234,28.25685903,28.31081397,28.37378201,28.44678807,28.53114612,28.62879562
249,28.01775532,28.01825860,28.01979625,28.02245225,28.02636833,28.03174650,28.03885212,28.04801735,28.05964435,28.07420776,28.09225581,28.11440953,28.14135946,28.17385947,28.21271783,28.25878638,28.31295264,28.37615207,28.44944287,28.53419905,28.63242141
250,28.01809580,28.01860534,28.02016189,28.02284974,28.02681115,28.03224874,28.03942860,28.04868356,28.06041633,28.07510183,28.09328822,28.11559601,28.14271462,28.17539628,28.21444722,28.26071768,28.31509703,28.37853361,28.45211989,28.53728585,28.63608476
251,28.01844051,28.01895634,28.02053185,28.02325168,28.02725856,28.03275574,28.04001001,28.04935484,28.06119346,28.07600108,28.09432576,28.11678744,28.14407443,28.17693736,28.21618056,28.26265320,28.31724786,28.38092769,28.45481956,28.54040517,28.63978332
252,28.01878946,28.01931160,28.02090617,28.02365808,28.02771057,28.03326751,28.04059633,28.05003117,28.06197575,28.07690551,28.09536840,28.11798379,28.14543889,28.17848273,28.21791796,28.26459328,28.31940581,28.38333500,28.45754188,28.54355587,28.64351550
253,28.01914268,28.01967116,28.02128484,28.02406894,28.02816719,28.03378404,28.04118759,28.05071256,28.06276317,28.07781509,28.09641612,28.11918504,28.14680796,28.18003240,28.21965954,28.26653829,28.32157154,28.38575623,28.46028685,28.54673690,28.64727972
254,28.01950019,28.02003502,28.02166788,28.02448429,28.02862843,28.03430535,28.04178376,28.05139901,28.06355573,28.07872981,28.09746891,28.12039116,28.14818164,28.18158640,28.22140544,28.26848859,28.32374566,28.38819191,28.46305440,28.54994724,28.65107463
255,28.01986199,28.02040321,28.02205531,28.02490413,28.02909430,28.03483143,28.04238486,28.05209049,28.06435341,28.07964966,28.09852673,28.12160216,28.14955992,28.18314477,28.22315584,28.27044458,28.32592871,28.39064240,28.46584431,28.55318609,28.65489918
256,28.02022810,28.02077573,28.02244715,28.02532848,28.02956480,28.03536229,28.04299088,28.05278701,28.06515619,28.08057461,28.09958958,28.12281799,28.15094281,28.18470758,28.22491093,28.27240663,28.32812119,28.39310806,28.46865641,28.55645262,28.65875232
257,28.02059854,28.02115260,28.02284340,28.02575735,28.03003995,28.03589794,28.04360182,28.05348857,28.06596407,28.08150466,28.10065743,28.12403866,28.15233032,28.18627489,28.22667089,28.27437508,28.33032355,28.39558923,28.47149056,28.55974605,28.66263298
258,28.02097333,28.02153383,28.02324408,28.02619074,28.03051976,28.03643838,28.04421768,28.05419515,28.06677704,28.08243979,28.10173027,28.12526415,28.15372245,28.18784679,28.22843595,28.27635033,28.33253621,28.39808603,28.47434643,28.56306574,28.66654048
259,28.02135247,28.02191944,28.02364920,28.02662867,28.03100422,28.03698362,28.04483847,28.05490676,28.06759508,28.08337998,28.10280808,28.12649446,28.15511924,28.18942337,28.23020631,28.27833269,28.33475953,28.40059871,28.47722385,28.56641100,28.67047393
260,28.02173599,28.02230945,28.02405877,28.02707115,28.03149336,28.03753365,28.04546417,28.05562338,28.06841819,28.08432522,28.10389086,28.12772957,28.15652071,28.19100473,28.23198219,28.28032249,28.33699383,28.40312737,28.48012258,28.56978127,28.67443266
261,28.02212389,28.02270387,28.02447281,28.02751819,28.03198717,28.03808848,28.04609479,28.05634501,28.06924635,28.08527550,28.10497858,28.12896950,28.15792690,28.19259100,28.23376382,28.28232006,28.33923938,28.40567206,28.48304233,28.57317602,28.67841606
262,28.02251619,28.02310270,28.02489134,28.02796980,28.03248565,28.03864812,28.04673033,28.05707165,28.07007956,28.08623080,28.10607124,28.13021424,28.15933786,28.19418228,28.23555140,28.28432565,28.34149647,28.40823294,28.48598295,28.57659466,28.68242339
263,28.02291291,28.02350597,28.02531435,28.02842599,28.03298883,28.03921256,28.04737078,28.05780328,28.07091780,28.08719111,28.10716883,28.13146382,28.16075364,28.19577872,28.23734516,28.28633954,28.34376530,28.41081000,28.48894417,28.58003675,28.68645417
264,28.02331405,28.02391369,28.02574186,28.02888677,28.03349670,28.03978180,28.04801615,28.05853990,28.07176106,28.08815643,28.10827135,28.13271823,28.16217430,28.19738042,28.23914529,28.28836199,28.34604610,28.41340331,28.49192576,28.58350180,28.69050781
265,28.02371964,28.02432586,28.02617389,28.02935214,28.03400928,28.04035586,28.04866642,28.05928150,28.07260934,28.08912673,28.10937878,28.13397752,28.16359990,28.19898752,28.24095199,28.29039323,28.34833906,28.41601289,28.49492751,28.58698936,28.69458381
266,28.02412968,28.02474251,28.02661043,28.02982212,28.03452656,28.04093473,28.04932161,28.06002809,28.07346262,28.09010202,28.11049115,28.13524168,28.16503052,28.20060016,28.24276547,28.29243348,28.35064432,28.41863873,28.49794919,28.59049903,28.69868171
267,28.02454418,28.02516364,28.02705152,28.03029671,28.03504854,28.04151842,28.04998170,28.06077965,28.07432091,28.09108228,28.11160843,28.13651077,28.16646621,28.20221846,28.24458590,28.29448295,28.35296206,28.42128084,28.50099057,28.59403039,28.70280106
268,28.02496316,28.02558926,28.02749715,28.03077592,28.03557525,28.04210692,28.05064669,28.06153617,28.07518418,28.09206751,28.11273065,28.13778479,28.16790707,28.20384256,28.24641348,28.29654184,28.35529239,28.42393918,28.50405144,28.59758310,28.70694144
269,28.02538663,28.02601939,28.02794733,28.03125977,28.03610668,28.04270023,28.05131659,28.06229765,28.07605243,28.09305771,28.11385781,28.13906380,28.16935315,28.20547258,28.24824838,28.29861035,28.35763546,28.42661376,28.50713160,28.60115675,28.71110243
270,28.02581459,28.02645403,28.02840208,28.03174825,28.03664283,28.04329837,28.05199139,28.06306410,28.07692566,28.09405287,28.11498993,28.14034782,28.17080454,28.20710865,28.25009077,28.30068863,28.35999135,28.42930453,28.51023082,28.60475103,28.71528368
271,28.02624707,28.02689321,28.02886140,28.03224137,28.03718371,28.04390132,28.05267109,28.06383549,28.07780387,28.09505300,28.11612701,28.14163691,28.17226134,28.20875092,28.25194082,28.30277684,28.36236014,28.43201140,28.51334890,28.60836564,28.71948486
272,28.02668407,28.02733691,28.02932530,28.03273914,28.03772933,28.04450910,28.05335568,28.06461183,28.07868703,28.09605809,28.11726907,28.14293111,28.17372363,28.21039952,28.25379869,28.30487513,28.36474188,28.43473432,28.51648563,28.61200028,28.72370570
273,28.02712561,28.02778517,28.02979380,28.03324158,28.03827969,28.04512170,28.05404516,28.06539311,28.07957516,28.09706816,28.11841613,28.14423045,28.17519148,28.21205455,28.25566452,28.30698364,28.36713670,28.43747329,28.51964084,28.61565461,28.72794575
274,28.02757168,28.02823799,28.03026689,28.03374868,28.03883478,28.04573912,28.05473954,28.06617933,28.08046826,28.09808319,28.11956821,28.14553499,28.17666498,28.21371615,28.25753847,28.30910251,28.36954462,28.44022822,28.52281434,28.61932836,28.73220476
275,28.02802231,28.02869537,28.03074459,28.03426045,28.03939463,28.04636136,28.05543880,28.06697048,28.08136631,28.09910321,28.12072534,28.14684479,28.17814423,28.21538445,28.25942068,28.31123182,28.37196567,28.44299902,28.52600593,28.62302130,28.73648249
276,28.02847750,28.02915733,28.03122691,28.03477689,28.03995922,28.04698842,28.05614295,28.06776656,28.08226932,28.10012821,28.12188755,28.14815990,28.17962932,28.21705958,28.26131128,28.31337169,28.37439987,28.44578560,28.52921544,28.62673319,28.74077870
277,28.02893727,28.02962387,28.03171386,28.03529802,28.04052857,28.04762031,28.05685199,28.06856758,28.08317729,28.10115821,28.12305485,28.14948036,28.18112032,28.21874163,28.26321039,28.31552224,28.37684730,28.44858795,28.53244269,28.63046373,28.74509303
278,28.02940161,28.03009501,28.03220543,28.03582384,28.04110267,28.04825702,28.05756591,28.06937352,28.08409022,28.10219323,28.12422728,28.15080625,28.18261733,28.22043072,28.26511813,28.31768356,28.37930798,28.45140600,28.53568753,28.63421267,28.74942523
279,28.02987054,28.03057075,28.03270165,28.03635435,28.04168154,28.04889856,28.05828471,28.07018439,28.08500812,28.10323326,28.12540488,28.15213761,28.18412043,28.22212696,28.26703461,28.31985571,28.38178191,28.45423965,28.53894978,28.63797982,28.75377511
280,28.03034408,28.03105110,28.03320250,28.03688956,28.04226516,28.04954493,28.05900839,28.07100018,28.08593099,28.10427834,28.12658767,28.15347451,28.18562973,28.22383048,28.26895995,28.32203877,28.38426908,28.45708881,28.54222929,28.64176498,28.75814246
281,28.03082221,28.03153607,28.03370802,28.03742947,28.04285355,28.05019612,28.05973696,28.07182091,28.08685883,28.10532847,28.12777569,28.15481700,28.18714528,28.22554136,28.27089425,28.32423283,28.38676954,28.45995344,28.54552590,28.64556788,28.76252698
282,28.03130497,28.03202566,28.03421819,28.03797409,28.04344670,28.05085214,28.06047041,28.07264656,28.08779165,28.10638368,28.12896898,28.15616514,28.18866719,28.22725970,28.27283760,28.32643796,28.38928330,28.46283348,28.54883945,28.64938833,28.76692848
283,28.03179234,28.03251989,28.03473302,28.03852342,28.04404463,28.05151298,28.06120874,28.07347715,28.08872947,28.10744398,28.13016758,28.15751900,28.19019553,28.22898560,28.27479009,28.32865420,28.39181034,28.46572884,28.55216980,28.65322614,28.77134675
284,28.03228435,28.03301876,28.03525253,28.03907748,28.04464733,28.05217866,28.06195195,28.07431267,28.08967228,28.10850940,28.13137152,28.15887864,28.19173039,28.23071916,28.27675181,28.33088161,28.39435066,28.46863943,28.55551682,28.65708112,28.77578161
285,28.03278099,28.03352228,28.03577672,28.03963625,28.04525480,28.05284917,28.06270005,28.07515313,28.09062011,28.10957995,28.13258084,28.16024411,28.19327184,28.23246047,28.27872284,28.33312025,28.39690427,28.47156520,28.55888034,28.66095308,28.78023285
286,28.03328228,28.03403045,28.03630558,28.04019975,28.04586706,28.05352451,28.06345303,28.07599853,28.09157296,28.11065567,28.13379559,28.16161548,28.19481997,28.23420962,28.28070328,28.33537017,28.39947117,28.47450606,28.56226023,28.66484182,28.78470027
287,28.03378821,28.03454328,28.03683914,28.04076798,28.04648409,28.05420468,28.06421090,28.07684887,28.09253084,28.11173657,28.13501580,28.16299281,28.19637485,28.23596668,28.28269318,28.33763140,28.40205133,28.47746195,28.56565635,28.66874718,28.78918370
288,28.03429881,28.03506078,28.03737739,28.04134095,28.04710591,28.05488969,28.06497366,28.07770418,28.09349377,28.11282268,28.13624153,28.16437616,28.19793657,28.23773174,28.28469261,28.33990398,28.40464474,28.48043278,28.56906859,28.67266901,28.79368299
289,28.03481406,28.03558295,28.03792034,28.04191865,28.04773251,28.05557954,28.06574131,28.07856444,28.09446176,28.11391403,28.13747280,28.16576559,28.19950518,28.23950488,28.28670166,28.34218797,28.40725139,28.48341848,28.57249679,28.67660711,28.79819793
290,28.03533399,28.03610980,28.03846799,28.04250110,28.04836391,28.05627423,28.06651386,28.07942967,28.09543483,28.11501065,28.13870966,28.16716115,28.20108077,28.24128619,28.28872039,28.34448339,28.40987128,28.48641898,28.57594083,28.68056132,28.80272836
291,28.03585860,28.03664133,28.03902036,28.04308830,28.04900009,28.05697376,28.06729132,28.08029988,28.09641299,28.11611255,28.13995216,28.16856291,28.20266341,28.24307573,28.29074885,28.34679026,28.41250437,28.48943421,28.57940059,28.68453150,28.80727414
292,28.03638788,28.03717756,28.03957743,28.04368024,28.04964107,28.05767814,28.06807368,28.08117508,28.09739626,28.11721979,28.14120035,28.16997094,28.20425318,28.24487356,28.29278709,28.34910861,28.41515064,28.49246407,28.58287596,28.68851751,28.81183512
293,28.03692186,28.03771848,28.04013923,28.04427694,28.05028685,28.05838736,28.06886095,28.08205527,28.09838467,28.11833238,28.14245426,28.17138528,28.20585013,28.24667977,28.29483517,28.35143844,28.41781006,28.49550850,28.58636681,28.69251922,28.81641117
294,28.03746052,28.03826410,28.04070574,28.04487839,28.05093743,28.05910144,28.06965314,28.08294047,28.09937823,28.11945036,28.14371396,28.17280602,28.20745434,28.24849441,28.29689312,28.35377977,28.42048258,28.49856742,28.58987304,28.69653649,28.82100216
295,28.03800389,28.03881442,28.04127699,28.04548461,28.05159281,28.05982038,28.07045025,28.08383069,28.10037695,28.12057374,28.14497946,28.17423317,28.20906587,28.25031755,28.29896104,28.35613267,28.42316825,28.50164078,28.59339450,28.70056912,28.82560787
296,28.03855196,28.03936946,28.04185297,28.04609559,28.05225300,28.06054418,28.07125230,28.08472594,28.10138086,28.12170258,28.14625083,28.17566681,28.21068478,28.25214926,28.30103894,28.35849711,28.42586699,28.50472849,28.59693111,28.70461701,28.83022820
297,28.03910473,28.03992921,28.04243368,28.04671134,28.05291801,28.06127285,28.07205928,28.08562624,28.10238998,28.12283689,28.14752810,28.17710700,28.21231114,28.25398959,28.30312687,28.36087311,28.42857878,28.50783048,28.60048276,28.70868005,28.83486305
298,28.03966222,28.04049369,28.04301914,28.04733186,28.05358783,28.06200639,28.07287121,28.08653159,28.10340434,28.12397673,28.14881133,28.17855380,28.21394501,28.25583859,28.30522485,28.36326067,28.43130358,28.51094667,28.60404933,28.71275811,28.83951228
299,28.04022442,28.04106288,28.04360933,28.04795716,28.05426247,28.06274480,28.07368809,28.08744201,28.10442395,28.12512211,28.15010056,28.18000727,28.21558645,28.25769631,28.30733292,28.36565978,28.43404135,28.51407700,28.60763075,28.71685108,28.84417579
300,28.04079135,28.04163681,28.04420428,28.04858724,28.05494193,28.06348810,28.07450994,28.08835753,28.10544885,28.12627309,28.15139585,28.18146745,28.21723552,28.25956281,28.30945111,28.36807046,28.43679205,28.51722138,28.61122689,28.72095878,28.84884650
301,28.04136300,28.04221546,28.04480398,28.04922210,28.05562622,28.06423628,28.07533677,28.08927814,28.10647905,28.12742967,28.15269721,28.18293440,28.21889226,28.26143814,28.31157948,28.37049272,28.43955569,28.52037977,28.61483761,28.72507848,28.85342612
302,28.04193939,28.04279886,28.04540843,28.04986175,28.05631535,28.06498937,28.07616857,28.09020388,28.10751458,28.12859191,28.15400471,28.18440816,28.22055674,28.26332235,28.31371804,28.37292658,28.44233223,28.52355208,28.61846223,28.72919541,28.85791321
303,28.04252051,28.04338700,28.04601765,28.05050620,28.05700931,28.06574735,28.07700538,28.09113475,28.10855546,28.12975983,28.15531839,28.18588880,28.22222900,28.26521549,28.31586683,28.37537203,28.44512162,28.52673812,28.62209794,28.73329517,28.86235418
304,28.04310637,28.04397988,28.04663163,28.05115544,28.05770812,28.06651025,28.07784719,28.09207077,28.10960171,28.13093347,28.15663828,28.18737634,28.22390911,28.26711759,28.31802587,28.37782907,28.44792381,28.52993725,28.62574047,28.73737839,28.86675821
305,28.04369697,28.04457751,28.04725038,28.05180948,28.05841178,28.06727806,28.07869402,28.09301197,28.11065337,28.13211286,28.15796444,28.18887086,28.22559710,28.26902870,28.32019519,28.38029769,28.45073865,28.53314840,28.62938667,28.74144486,28.87113283
306,28.04429233,28.04517990,28.04787391,28.05246834,28.05912030,28.06805080,28.07954588,28.09395835,28.11171046,28.13329804,28.15929691,28.19037240,28.22729302,28.27094886,28.32237481,28.38277785,28.45356584,28.53637022,28.63303446,28.74549545,28.87548307
307,28.04489243,28.04578705,28.04850222,28.05313200,28.05983368,28.06882848,28.08040279,28.09490994,28.11277301,28.13448904,28.16063572,28.19188100,28.22899693,28.27287811,28.32456474,28.38526950,28.45640496,28.53960143,28.63668236,28.74953175,28.87981226
308,28.04549730,28.04639897,28.04913531,28.05380049,28.06055193,28.06961110,28.08126475,28.09586676,28.11384103,28.13568591,28.16198092,28.19339671,28.23070887,28.27481648,28.32676498,28.38777251,28.45925551,28.54284083,28.64032931,28.75355496,28.88412316
309,28.04610692,28.04701565,28.04977319,28.05447379,28.06127505,28.07039867,28.08213178,28.09682883,28.11491457,28.13688866,28.16333256,28.19491957,28.23242888,28.27676400,28.32897553,28.39028674,28.46211693,28.54608734,28.64397456,28.75756620,28.88841804
310,28.04672132,28.04763710,28.05041586,28.05515193,28.06200306,28.07119121,28.08300390,28.09779616,28.11599364,28.13809735,28.16469068,28.19644964,28.23415701,28.27872071,28.33119637,28.39281198,28.46498863,28.54934004,28.64761781,28.76156644,28.89269852
311,28.04734048,28.04826333,28.05106333,28.05583490,28.06273595,28.07198873,28.08388112,28.09876878,28.11707828,28.13931200,28.16605531,28.19798696,28.23589329,28.28068661,28.33342742,28.39534799,28.46787000,28.55259819,28.65125890,28.76555654,28.89696595
312,28.04796442,28.04889435,28.05171560,28.05652271,28.06347375,28.07279122,28.08476345,28.09974670,28.11816851,28.14053264,28.16742649,28.19953156,28.23763775,28.28266172,28.33566861,28.39789445,28.47076052,28.55586126,28.65489778,28.76953726,28.90122143
313,28.04859313,28.04953015,28.05237268,28.05721536,28.06421645,28.07359872,28.08565091,28.10072995,28.11926435,28.14175932,28.16880428,28.20108349,28.23939045,28.28464603,28.33791987,28.40045113,28.47365961,28.55912855,28.65853427,28.77350942,28.90546628
314,28.04922664,28.05017074,28.05303458,28.05791287,28.06496406,28.07441121,28.08654352,28.10171856,28.12036585,28.14299207,28.17018870,28.20264280,28.24115139,28.28663954,28.34018107,28.40301770,28.47656683,28.56239970,28.66216843,28.77747362,28.90970131
315,28.04986493,28.05081613,28.05370129,28.05861524,28.06571660,28.07522873,28.08744128,28.10271253,28.12147302,28.14423092,28.17157979,28.20420951,28.24292061,28.28864223,28.34245209,28.40559387,28.47948169,28.56567428,28.66580026,28.78143052,28.91392746
316,28.05050802,28.05146632,28.05437283,28.05932247,28.06647407,28.07605128,28.08834423,28.10371190,28.12258590,28.14547590,28.17297760,28.20578366,28.24469812,28.29065406,28.34473279,28.40817933,28.48240378,28.56895197,28.66942983,28.78538066,28.91814543
317,28.05115590,28.05212132,28.05504920,28.06003458,28.06723647,28.07687887,28.08925236,28.10471669,28.12370451,28.14672705,28.17438216,28.20736528,28.24648393,28.29267500,28.34702301,28.41077379,28.48533273,28.57223255,28.67305727,28.78932451,28.92235584
318,28.05180859,28.05278113,28.05573040,28.06075157,28.06800383,28.07771151,28.09016571,28.10572691,28.12482888,28.14798441,28.17579350,28.20895442,28.24827806,28.29470498,28.34932260,28.41337695,28.48826816,28.57551573,28.67668265,28.79326260,28.92655938
319,28.05246609,28.05344576,28.05641645,28.06147344,28.06877615,28.07854923,28.09108429,28.10674260,28.12595904,28.14924801,28.17721166,28.21055108,28.25008050,28.29674394,28.35163138,28.41598854,28.49120981,28.57880143,28.68030612,28.79719525,28.93075642
320,28.05312841,28.05411521,28.05710735,28.06220021,28.06955343,28.07939202,28.09200812,28.10776376,28.12709501,28.15051787,28.17863668,28.21215529,28.25189124,28.29879182,28.35394918,28.41860829,28.49415736,28.58208944,28.68392780,28.80112290,28.93494751
321,28.05379554,28.05478949,28.05780310,28.06293188,28.07033570,28.08023991,28.09293720,28.10879044,28.12823683,28.15179404,28.18006857,28.21376708,28.25371027,28.30084853,28.35627586,28.42123596,28.49711056,28.58537960,28.68754777,28.80504594,28.93913316
322,28.05446750,28.05546860,28.05850371,28.06366847,28.07112296,28.08109291,28.09387158,28.10982265,28.12938453,28.15307653,28.18150738,28.21538646,28.25553757,28.30291399,28.35861121,28.42387129,28.50006918,28.58867188,28.69116622,28.80896467,28.94331367
323,28.05514430,28.05615256,28.05920920,28.06440997,28.07191522,28.08195103,28.09481125,28.11086040,28.13053813,28.15436539,28.18295313,28.21701344,28.25737312,28.30498810,28.36095507,28.42651405,28.50303302,28.59196618,28.69478325,28.81287939,28.94748942
324,28.05582593,28.05684136,28.05991956,28.06515641,28.07271249,28.08281429,28.09575624,28.11190374,28.13169765,28.15566064,28.18440584,28.21864802,28.25921688,28.30707079,28.36330730,28.42916405,28.50600185,28.59526238,28.69839894,28.81679043,28.95166083
325,28.05651240,28.05753502,28.06063480,28.06590778,28.07351478,28.08368270,28.09670657,28.11295268,28.13286313,28.15696231,28.18586554,28.22029021,28.26106881,28.30916194,28.36566770,28.43182106,28.50897555,28.59856049,28.70201347,28.82069802,28.95582815
326,28.05720373,28.05823354,28.06135494,28.06666410,28.07432211,28.08455628,28.09766226,28.11400724,28.13403460,28.15827043,28.18733224,28.22194002,28.26292888,28.31126146,28.36803612,28.43448491,28.51195395,28.60186047,28.70562693,28.82460242,28.95999164
327,28.05789992,28.05893692,28.06207997,28.06742538,28.07513449,28.08543504,28.09862332,28.11506744,28.13521207,28.15958502,28.18880597,28.22359743,28.26479705,28.31336926,28.37041243,28.43715542,28.51493687,28.60516222,28.70923942,28.82850391,28.96415169
328,28.05860097,28.05964519,28.06280991,28.06819162,28.07595193,28.08631900,28.09958978,28.11613332,28.13639558,28.16090610,28.19028673,28.22526244,28.26667325,28.31548523,28.37279647,28.43983241,28.51792422,28.60846575,28.71285106,28.83240268,28.96830850
329,28.05930689,28.06035833,28.06354477,28.06896284,28.07677444,28.08720817,28.10056165,28.11720489,28.13758515,28.16223371,28.19177455,28.22693503,28.26855745,28.31760927,28.37518808,28.44251575,28.52091588,28.61177104,28.71646196,28.83629894,28.97246230
330,28.06001769,28.06107636,28.06428455,28.06973905,28.07760203,28.08810257,28.10153897,28.11828217,28.13878081,28.16356786,28.19326943,28.22861520,28.27044960,28.31974129,28.37758714,28.44520525,28.52391170,28.61507804,28.72007221,28.84019293,28.97661336
331,28.06073338,28.06179929,28.06502927,28.07052025,28.07843472,28.08900222,28.10252173,28.11936520,28.13998257,28.16490857,28.19477137,28.23030292,28.27234963,28.32188119,28.37999351,28.44790080,28.52691161,28.61838677,28.72368193,28.84408482,28.98076189
332,28.06145396,28.06252713,28.06577893,28.07130647,28.07927253,28.08990714,28.10350997,28.12045398,28.14119047,28.16625585,28.19628039,28.23199818,28.27425749,28.32402886,28.38240707,28.45060226,28.52991552,28.62169720,28.72729120,28.84797478,28.98490808
333,28.06217944,28.06325988,28.06653354,28.07209770,28.08011546,28.09081733,28.10450370,28.12154855,28.14240451,28.16760974,28.19779648,28.23370095,28.27617313,28.32618422,28.38482768,28.45330949,28.53292333,28.62500935,28.73090012,28.85186301,28.98905214
334,28.06290983,28.06399755,28.06729311,28.07289396,28.08096352,28.09173281,28.10550295,28.12264893,28.14362473,28.16897023,28.19931965,28.23541120,28.27809648,28.32834716,28.38725523,28.45602239,28.53593497,28.62832320,28.73450880,28.85574965,28.99319423
335,28.06364514,28.06474016,28.06805765,28.07369526,28.08181674,28.09265361,28.10650773,28.12375512,28.14485114,28.17033735,28.20084989,28.23712892,28.28002749,28.33051761,28.38968960,28.45874084,28.53895036,28.63163876,28.73811731,28.85963486,28.99733452
336,28.06438538,28.06548770,28.06882717,28.07450162,28.08267513,28.09357973,28.10751806,28.12486717,28.14608377,28.17171110,28.20238721,28.23885408,28.28196611,28.33269546,28.39213067,28.46146472,28.54196943,28.63495604,28.74172575,28.86351882,29.00147323
337,28.06513056,28.06624020,28.06960169,28.07531305,28.08353870,28.09451120,28.10853396,28.12598508,28.14732262,28.17309150,28.20393159,28.24058665,28.28391227,28.33488063,28.39457834,28.46419393,28.54499213,28.63827504,28.74533421,28.86740164,29.00561045
338,28.06588067,28.06699765,28.07038120,28.07612955,28.08440746,28.09544804,28.10955546,28.12710887,28.14856772,28.17447855,28.20548304,28.24232659,28.28586590,28.33707302,28.39703251,28.46692841,28.54801842,28.64159579,28.74894276,28.87128344,29.00974633
339,28.06663575,28.06776007,28.07116573,28.07695114,28.08528143,28.09639025,28.11058256,28.12823857,28.14981909,28.17587227,28.20704152,28.24407386,28.28782695,28.33927255,28.39949308,28.46966805,28.55104826,28.64491833,28.75255149,28.87516433,29.01388098
340,28.06739579,28.06852747,28.07195528,28.07777783,28.08616062,28.09733786,28.11161529,28.12937420,28.15107673,28.17727265,28.20860705,28.24582844,28.28979534,28.34147912,28.40195995,28.47241278,28.55408161,28.64824265,28.75616048,28.87904445,29.01801454
341,28.06816080,28.06929986,28.07274986,28.07860964,28.08704505,28.09829088,28.11265366,28.13051576,28.15234067,28.17867970,28.21017961,28.24759031,28.29177104,28.34369268,28.40443303,28.47516249,28.55711837,28.65156873,28.75976978,28.88292395,29.02214721
342,28.06893079,28.07007724,28.07354949,28.07944658,28.08793474,28.09924933,28.11369770,28.13166328,28.15361091,28.18009343,28.21175918,28.24935941,28.29375398,28.34591313,28.40691223,28.47791713,28.56015855,28.65489662,28.76337949,28.88680291,29.02627904
343,28.06970578,28.07085964,28.07435418,28.08028866,28.08882969,28.10021322,28.11474742,28.13281678,28.15488746,28.18151383,28.21334575,28.25113570,28.29574408,28.34814038,28.40939747,28.48067664,28.56320214,28.65822636,28.76698966,28.89068141,29.03041013
344,28.07048577,28.07164705,28.07516394,28.08113589,28.08972993,28.10118258,28.11580284,28.13397627,28.15617035,28.18294091,28.21493930,28.25291915,28.29774129,28.35037436,28.41188867,28.48344097,28.56624911,28.66155797,28.77060037,28.89455955,29.03454057
345,28.07127078,28.07243950,28.07597877,28.08198829,28.09063547,28.10215742,28.11686398,28.13514177,28.15745956,28.18437466,28.21653981,28.25470973,28.29974555,28.35261500,28.41438576,28.48621003,28.56929943,28.66489146,28.77421167,28.89843743,29.03867048
346,28.07206081,28.07323699,28.07679870,28.08284587,28.09154632,28.10313776,28.11793085,28.13631328,28.15875513,28.18581509,28.21814728,28.25650740,28.30175682,28.35486223,28.41688864,28.48898375,28.57235301,28.66822681,28.77782364,28.90231519,29.04280003
347,28.07285588,28.07403953,28.07762373,28.08370865,28.09246249,28.10412361,28.11900346,28.13749083,28.16005704,28.18726219,28.21976167,28.25831212,28.30377503,28.35711598,28.41939726,28.49176210,28.57540988,28.67156407,28.78143633,28.90619288,29.04692924
348,28.07365600,28.07484714,28.07845388,28.08457663,28.09338402,28.10511498,28.12008184,28.13867442,28.16136532,28.18871595,28.22138297,28.26012384,28.30580011,28.35937617,28.42191156,28.49454502,28.57847003,28.67490326,28.78504979,28.91007058,29.05105822
349,28.07446118,28.07565982,28.07928916,28.08544984,28.09431090,28.10611190,28.12116600,28.13986408,28.16267996,28.19017637,28.22301115,28.26194253,28.30783201,28.36164274,28.42443147,28.49733249,28.58153345,28.67824441,28.78866408,28.91394836,29.05518702
350,28.07527143,28.07647760,28.08012959,28.08632828,28.09524315,28.10711438,28.12225595,28.14105980,28.16400096,28.19164344,28.22464619,28.26376815,28.30987069,28.36391564,28.42695692,28.50012444,28.58460010,28.68158753,28.79227926,28.91782632,29.05931577
351,28.07608676,28.07730047,28.08097517,28.08721197,28.09618080,28.10812243,28.12335171,28.14226161,28.16532834,28.19311716,28.22628808,28.26560067,28.31191609,28.36619478,28.42948784,28.50292080,28.58766994,28.68493263,28.79589539,28.92170455,29.06344455
352,28.07690719,28.07812846,28.08182591,28.08810093,28.09712384,28.10913608,28.12445330,28.14346950,28.16666210,28.19459751,28.22793679,28.26744004,28.31396815,28.36848013,28.43202419,28.50572156,28.59074298,28.68827972,28.79951251,28.92558311,29.06757343
353,28.07773273,28.07896157,28.08268184,28.08899517,28.09807231,28.11015533,28.12556072,28.14468350,28.16800223,28.19608449,28.22959230,28.26928622,28.31602683,28.37077161,28.43456591,28.50852667,28.59381921,28.69162885,28.80313068,28.92946206,29.07170247
354,28.07856338,28.07979982,28.08354297,28.08989470,28.09902621,28.11118019,28.12667398,28.14590361,28.16934874,28.19757809,28.23125457,28.27113918,28.31809206,28.37306918,28.43711296,28.51133611,28.59689862,28.69498001,28.80674993,28.93334146,29.07583174
355,28.07939917,28.08064323,28.08440930,28.09079953,28.09998555,28.11221070,28.12779311,28.14712983,28.17070163,28.19907829,28.23292360,28.27299888,28.32016381,28.37537276,28.43966528,28.51414983,28.59998119,28.69833324,28.81037031,28.93722140,29.07996132
356,28.08024010,28.08149179,28.08528086,28.09170968,28.10095036,28.11324684,28.12891811,28.14836217,28.17206089,28.20058510,28.23459935,28.27486527,28.32224202,28.37768232,28.44222280,28.51696778,28.60306691,28.70168855,28.81399189,28.94110193,29.08409129
357,28.08108619,28.08234554,28.08615765,28.09262517,28.10192064,28.11428865,28.13004899,28.14960065,28.17342653,28.20209848,28.23628180,28.27673834,28.32432665,28.37999780,28.44478550,28.51978995,28.60615578,28.70504597,28.81761470,28.94498312,29.08822169
358,28.08193745,28.08320447,28.08703968,28.09354601,28.10289642,28.11533614,28.13118577,28.15084526,28.17479855,28.20361844,28.23797092,28.27861802,28.32641764,28.38231915,28.44735333,28.52261630,28.60924778,28.70840550,28.82123878,28.94886501,29.09235258
359,28.08279390,28.08406861,28.08792699,28.09447221,28.10387770,28.11638931,28.13232845,28.15209601,28.17617694,28.20514495,28.23966669,28.28050429,28.32851496,28.38464632,28.44992624,28.52544681,28.61234292,28.71176717,28.82486417,28.95274767,29.09648403
360,28.08365554,28.08493796,28.08881956,28.09540379,28.10486450,28.11744818,28.13347704,28.15335291,28.17756169,28.20667800,28.24136908,28.28239711,28.33061856,28.38697926,28.45250419,28.52828146,28.61544118,28.71513099,28.82849091,28.95663124,29.10061954
361,28.08452240,28.08581255,28.08971743,28.09634076,28.10585683,28.11851276,28.13463156,28.15461595,28.17895281,28.20821759,28.24307807,28.28429644,28.33272839,28.38931794,28.45508715,28.53112020,28.61854257,28.71849700,28.83211909,28.96051654,29.10477234
362,28.08539447,28.08669238,28.09062060,28.09728313,28.10685470,28.11958307,28.13579201,28.15588515,28.18035029,28.20976369,28.24479363,28.28620226,28.33484440,28.39166229,28.45767506,28.53396301,28.62164707,28.72186521,28.83574889,28.96440567,29.10894938
363,28.08627179,28.08757746,28.09152909,28.09823091,28.10785813,28.12065911,28.13695839,28.15716051,28.18175413,28.21131630,28.24651574,28.28811451,28.33696657,28.39401227,28.46026789,28.53680988,28.62475468,28.72523568,28.83938076,28.96830147,29.11314055
364,28.08715435,28.08846782,28.09244291,28.09918413,28.10886714,28.12174089,28.13813073,28.15844202,28.18316432,28.21287539,28.24824437,28.29003318,28.33909484,28.39636785,28.46286560,28.53966078,28.62786542,28.72860853,28.84301549,28.97220541,29.11734234
365,28.08804218,28.08936346,28.09336207,28.10014280,28.10988172,28.12282844,28.13930902,28.15972969,28.18458085,28.21444095,28.24997950,28.29195821,28.34122917,28.39872898,28.46546817,28.54251569,28.63097930,28.73198393,28.84665387,28.97611716,29.12155294
366,28.08893529,28.09026440,28.09428659,28.10110692,28.11090191,28.12392175,28.14049327,28.16102353,28.18600372,28.21601297,28.25172110,28.29388958,28.34336952,28.40109563,28.46807556,28.54537460,28.63409636,28.73536219,28.85029650,28.98003571,29.12577210
367,28.08983369,28.09117065,28.09521649,28.10207651,28.11192770,28.12502084,28.14168350,28.16232353,28.18743293,28.21759143,28.25346914,28.29582726,28.34551587,28.40346775,28.47068774,28.54823750,28.63721669,28.73874358,28.85394363,28.98396087,29.12999908
368,28.09073739,28.09208222,28.09615176,28.10305159,28.11295911,28.12612571,28.14287969,28.16362969,28.18886845,28.21917631,28.25522360,28.29777121,28.34766815,28.40584530,28.47330468,28.55110440,28.64034036,28.74212837,28.85759547,28.98789244,29.13423335
369,28.09164641,28.09299914,28.09709244,28.10403216,28.11399615,28.12723639,28.14408187,28.16494201,28.19031029,28.22076759,28.25698445,28.29972139,28.34982635,28.40822826,28.47592636,28.55397530,28.64346749,28.74551678,28.86125204,28.99183044,29.13847459
370,28.09256077,28.09392140,28.09803852,28.10501824,28.11503883,28.12835287,28.14529003,28.16626049,28.19175844,28.22236527,28.25875167,28.30167778,28.35199042,28.41061658,28.47855275,28.55685023,28.64659821,28.74890900,28.86491341,28.99577474,29.14272247
371,28.09348046,28.09484903,28.09899003,28.10600985,28.11608717,28.12947516,28.14650418,28.16758513,28.19321289,28.22396932,28.26052523,28.30364034,28.35416033,28.41301025,28.48118386,28.55972924,28.64973260,28.75230508,28.86857965,28.99972512,29.14697681
372,28.09440552,28.09578204,28.09994698,28.10700698,28.11714117,28.13060327,28.14772432,28.16891593,28.19467363,28.22557972,28.26230511,28.30560904,28.35633604,28.41540923,28.48381967,28.56261235,28.65287079,28.75570522,28.87225083,29.00368147,29.15123727
373,28.09533595,28.09672043,28.10090938,28.10800967,28.11820085,28.13173721,28.14895046,28.17025289,28.19614065,28.22719646,28.26409128,28.30758385,28.35851752,28.41781347,28.48646015,28.56549958,28.65601288,28.75910960,28.87592703,29.00764369,29.15550354
374,28.09627176,28.09766424,28.10187724,28.10901791,28.11926622,28.13287699,28.15018260,28.17159600,28.19761394,28.22881952,28.26588371,28.30956474,28.36070475,28.42022299,28.48910534,28.56839102,28.65915892,28.76251818,28.87960817,29.01161162,29.15977566
375,28.09721297,28.09861346,28.10285058,28.11003172,28.12033728,28.13402262,28.15142074,28.17294526,28.19909349,28.23044889,28.26768239,28.31155168,28.36289768,28.42263774,28.49175522,28.57128669,28.66230904,28.76593112,28.88329435,29.01558511,29.16405333
376,28.09815960,28.09956811,28.10382940,28.11105112,28.12141405,28.13517410,28.15266489,28.17430068,28.20057930,28.23208454,28.26948729,28.31354464,28.36509630,28.42505769,28.49440978,28.57418662,28.66546333,28.76934855,28.88698560,29.01956405,29.16833632
377,28.09911164,28.10052821,28.10481373,28.11207610,28.12249653,28.13633143,28.15391504,28.17566223,28.20207134,28.23372646,28.27129838,28.31554359,28.36730057,28.42748286,28.49706907,28.57709088,28.66862181,28.77277040,28.89068180,29.02354843,29.17262474
378,28.10006913,28.10149376,28.10580357,28.11310669,28.12358473,28.13749463,28.15517121,28.17702993,28.20356962,28.23537464,28.27311564,28.31754851,28.36951047,28.42991322,28.49973308,28.57999951,28.67178456,28.77619678,28.89438298,29.02753810,29.17691838
379,28.10103207,28.10246478,28.10679893,28.11414290,28.12467867,28.13866371,28.15643339,28.17840376,28.20507412,28.23702904,28.27493905,28.31955936,28.37172597,28.43234874,28.50240181,28.58291255,28.67495169,28.77962778,28.89808916,29.03153297,29.18121708
380,28.10200047,28.10344129,28.10779983,28.11518473,28.12577835,28.13983865,28.15770158,28.17978373,28.20658483,28.23868966,28.27676858,28.32157614,28.37394706,28.43478944,28.50507530,28.58583004,28.67812317,28.78306334,28.90180027,29.03553305,29.18552091
381,28.10297434,28.10442329,28.10880628,28.11623220,28.12688378,28.14101948,28.15897579,28.18116982,28.20810174,28.24035648,28.27860422,28.32359880,28.37617372,28.43723530,28.50775355,28.58875202,28.68129909,28.78650351,28.90551629,29.03953825,29.18982971
382,28.10395371,28.10541079,28.10981829,28.11728531,28.12799497,28.14220619,28.16025601,28.18256204,28.20962483,28.24202948,28.28044593,28.32562732,28.37840591,28.43968632,28.51043659,28.59167854,28.68447952,28.78994836,28.90923722,29.04354849,29.19414340
383,28.10493857,28.10640381,28.11083587,28.11834408,28.12911192,28.14339879,28.16154223,28.18396037,28.21115410,28.24370865,28.28229371,28.32766170,28.38064366,28.44214251,28.51312443,28.59460959,28.68766439,28.79339781,28.91296304,29.04756380,29.19846202
384,28.10592894,28.10740237,28.11185904,28.11940851,28.13023465,28.14459728,28.16283448,28.18536481,28.21268954,28.24539396,28.28414752,28.32970191,28.38288692,28.44460385,28.51581709,28.59754522,28.69085381,28.79685193,28.91669373,29.05158409,29.20278544
385,28.10692484,28.10840646,28.11288779,28.12047862,28.13136315,28.14580168,28.16413273,28.18677536,28.21423112,28.24708541,28.28600735,28.33174791,28.38513568,28.44707035,28.51851458,28.60048549,28.69404783,28.80031076,28.92042927,29.05560928,29.20711358
386,28.10792628,28.10941611,28.11392215,28.12155442,28.13249744,28.14701197,28.16543700,28.18819201,28.21577885,28.24878297,28.28787317,28.33379969,28.38738991,28.44954199,28.52121691,28.60343042,28.69724647,28.80377430,28.92416964,29.05963932,29.21144638
387,28.10893327,28.11043133,28.11496213,28.12263591,28.13363753,28.14822817,28.16674728,28.18961475,28.21733271,28.25048662,28.28974498,28.33585725,28.38964963,28.45201878,28.52392411,28.60638001,28.70044975,28.80724256,28.92791483,29.06367421,29.21578382
388,28.10994581,28.11145212,28.11600773,28.12372309,28.13478341,28.14945027,28.16806357,28.19104358,28.21889269,28.25219636,28.29162275,28.33792056,28.39191483,28.45450074,28.52663618,28.60933429,28.70365763,28.81071549,28.93166484,29.06771394,29.22012590
389,28.11096392,28.11247849,28.11705897,28.12481599,28.13593511,28.15067829,28.16938586,28.19247849,28.22045877,28.25391216,28.29350646,28.33998960,28.39418548,28.45698785,28.52935314,28.61229328,28.70687019,28.81419316,28.93541964,29.07175842,29.22447253
390,28.11198762,28.11351047,28.11811585,28.12591461,28.13709261,28.15191222,28.17071417,28.19391947,28.22203095,28.25563402,28.29539609,28.34206435,28.39646157,28.45948011,28.53207500,28.61525703,28.71008746,28.81767557,28.93917921,29.07580762,29.22882365
391,28.11301692,28.11454806,28.11917839,28.12701896,28.13825593,28.15315206,28.17204848,28.19536653,28.22360922,28.25736190,28.29729162,28.34414480,28.39874309,28.46197753,28.53480179,28.61822555,28.71330947,28.82116272,28.94294354,29.07986149,29.23317921
392,28.11405181,28.11559126,28.12024659,28.12812904,28.13942507,28.15439782,28.17338879,28.19681964,28.22519356,28.25909582,28.29919306,28.34623096,28.40103007,28.46448013,28.53753350,28.62119882,28.71653613,28.82465457,28.94671262,29.08392008,29.23753929
393,28.11509231,28.11664009,28.12132046,28.12924486,28.14060004,28.15564950,28.17473509,28.19827880,28.22678396,28.26083573,28.30110037,28.34832279,28.40332247,28.46698788,28.54027014,28.62417687,28.71976753,28.82815115,28.95048644,29.08798332,29.24190378
394,28.11613844,28.11769456,28.12240001,28.13036643,28.14178084,28.15690709,28.17608740,28.19974402,28.22838041,28.26258164,28.30301355,28.35042028,28.40562029,28.46950081,28.54301174,28.62715973,28.72300368,28.83165247,28.95426497,29.09205117,29.24627265
395,28.11719021,28.11875468,28.12348526,28.13149376,28.14296749,28.15817061,28.17744570,28.20121527,28.22998289,28.26433352,28.30493256,28.35252342,28.40792352,28.47201891,28.54575831,28.63014742,28.72624459,28.83515853,28.95804820,29.09612359,29.25064586
396,28.11824762,28.11982046,28.12457621,28.13262685,28.14415997,28.15944005,28.17881000,28.20269256,28.23159141,28.26609137,28.30685741,28.35463221,28.41023217,28.47454218,28.54850984,28.63313993,28.72949024,28.83866931,28.96183612,29.10020060,29.25502343
397,28.11931068,28.12089191,28.12567286,28.13376570,28.14535829,28.16071541,28.18018027,28.20417587,28.23320594,28.26785517,28.30878809,28.35674664,28.41254623,28.47707063,28.55126635,28.63613727,28.73274064,28.84218480,28.96562871,29.10428218,29.25940533
398,28.12037941,28.12196903,28.12677523,28.13491033,28.14656246,28.16199669,28.18155654,28.20566519,28.23482649,28.26962492,28.31072458,28.35886669,28.41486569,28.47960427,28.55402784,28.63913945,28.73599581,28.84570502,28.96942597,29.10836829,29.26379152
399,28.12145381,28.12305184,28.12788332,28.13606075,28.14777248,28.16328390,28.18293878,28.20716053,28.23645302,28.27140058,28.31266686,28.36099236,28.41719056,28.48214308,28.55679433,28.64214650,28.73925576,28.84922996,28.97322787,29.11245890,29.26818197
400,28.12253389,28.12414034,28.12899714,28.13721695,28.14898836,28.16457703,28.18432700,28.20866188,28.23808555,28.27318216,28.31461493,28.36312362,28.41952082,28.48468708,28.55956582,28.64515842,28.74252048,28.85275961,28.97703441,29.11655401,29.27257667
401,28.12361965,28.12523453,28.13011669,28.13837894,28.15021009,28.16587608,28.18572120,28.21016921,28.23972405,28.27496966,28.31656879,28.36526051,28.42185648,28.48723627,28.56234229,28.64817516,28.74578995,28.85629396,28.98084559,29.12065363,29.27697565
402,28.12471111,28.12633443,28.13124199,28.13954672,28.15143767,28.16718104,28.18712136,28.21168254,28.24136852,28.27676305,28.31852841,28.36740299,28.42419754,28.48979064,28.56512378,28.65119678,28.74906420,28.85983301,28.98466138,29.12475771,29.28137885
403,28.12580827,28.12744006,28.13237304,28.14072030,28.15267112,28.16849193,28.18852748,28.21320185,28.24301895,28.27856232,28.32049379,28.36955105,28.42654398,28.49235020,28.56791028,28.65422328,28.75234324,28.86337677,28.98848178,29.12886622,29.28578623
404,28.12691115,28.12855141,28.13350984,28.14189970,28.15391044,28.16980874,28.18993957,28.21472714,28.24467533,28.28036745,28.32246491,28.37170469,28.42889581,28.49491496,28.57070181,28.65725468,28.75562706,28.86692523,28.99230676,29.13297916,29.29019779
405,28.12801975,28.12966849,28.13465242,28.14308491,28.15515563,28.17113147,28.19135762,28.21625839,28.24633764,28.28217845,28.32444176,28.37386388,28.43125301,28.49748491,28.57349837,28.66029098,28.75891569,28.87047839,28.99613631,29.13709649,29.29461349
406,28.12913409,28.13079132,28.13580077,28.14427594,28.15640669,28.17246013,28.19278163,28.21779560,28.24800587,28.28399528,28.32642432,28.37602863,28.43361559,28.50006006,28.57629997,28.66333220,28.76220913,28.87403625,28.99997042,29.14121819,29.29903332
407,28.13025416,28.13191989,28.13695489,28.14547278,28.15766361,28.17379470,28.19421159,28.21933877,28.24968003,28.28581796,28.32841260,28.37819894,28.43598354,28.50264040,28.57910660,28.66637830,28.76550734,28.87759879,29.00380910,29.14534429,29.30345729
408,28.13137996,28.13305421,28.13811478,28.14667544,28.15892641,28.17513519,28.19564748,28.22088789,28.25136010,28.28764649,28.33040661,28.38037482,28.43835688,28.50522593,28.58191825,28.66942928,28.76881031,28.88116599,29.00765234,29.14947478,29.30788542
409,28.13251152,28.13419428,28.13928046,28.14788393,28.16019507,28.17648158,28.19708932,28.22244294,28.25304608,28.28948083,28.33240632,28.38255624,28.44073559,28.50781666,28.58473493,28.67248516,28.77211808,28.88473788,29.01150011,29.15360962,29.31231764
410,28.13364883,28.13534012,28.14045194,28.14909825,28.16146961,28.17783390,28.19853710,28.22400393,28.25473795,28.29132099,28.33441171,28.38474320,28.44311966,28.51041259,28.58755666,28.67554595,28.77543064,28.88831443,29.01535241,29.15774880,29.31675393
411,28.13479191,28.13649174,28.14162922,28.15031841,28.16275003,28.17919213,28.19999081,28.22557085,28.25643570,28.29316694,28.33642279,28.38693568,28.44550910,28.51301371,28.59038344,28.67861166,28.77874799,28.89189565,29.01920922,29.16189229,29.32119430
412,28.13594076,28.13764914,28.14281230,28.15154441,28.16403634,28.18055627,28.20145046,28.22714368,28.25813932,28.29501868,28.33843953,28.38913369,28.44790390,28.51562004,28.59321528,28.68168230,28.78207015,28.89548154,29.02307054,29.16604008,29.32563870
413,28.13709539,28.13881233,28.14400119,28.15277626,28.16532852,28.18192633,28.20291603,28.22872243,28.25984881,28.29687620,28.34046193,28.39133721,28.45030405,28.51823158,28.59605217,28.68475786,28.78539710,28.89907209,29.02693635,29.17019215,29.33008714
414,28.13825579,28.13998130,28.14519589,28.15401394,28.16662658,28.18330228,28.20438751,28.23030709,28.26156417,28.29873952,28.34249001,28.39354626,28.45270957,28.52084830,28.59889409,28.68783830,28.78872881,28.90266727,29.03080666,29.17434855,29.33453965
415,28.13942197,28.14115605,28.14639639,28.15525746,28.16793050,28.18468414,28.20586491,28.23189765,28.26328539,28.30060861,28.34452375,28.39576083,28.45512045,28.52347021,28.60174105,28.69092364,28.79206529,28.90626710,29.03468146,29.17850923,29.33899620
416,28.14059395,28.14233660,28.14760271,28.15650682,28.16924031,28.18607190,28.20734823,28.23349411,28.26501246,28.30248347,28.34656314,28.39798091,28.45753668,28.52609733,28.60459306,28.69401390,28.79540655,28.90987156,29.03856073,29.18267418,29.34345676
417,28.14177172,28.14352296,28.14881486,28.15776204,28.17055600,28.18746557,28.20883745,28.23509646,28.26674536,28.30436408,28.34860816,28.40020648,28.45995826,28.52872964,28.60745012,28.69710906,28.79875258,28.91348066,29.04244446,29.18684339,29.34792131
418,28.14295529,28.14471513,28.15003283,28.15902312,28.17187757,28.18886513,28.21033257,28.23670468,28.26848409,28.30625043,28.35065882,28.40243756,28.46238519,28.53136715,28.61031223,28.70020915,28.80210340,28.91709438,29.04633265,29.19101683,29.35238986
419,28.14414468,28.14591312,28.15125664,28.16029005,28.17320502,28.19027060,28.21183359,28.23831878,28.27022864,28.30814252,28.35271511,28.40467412,28.46481746,28.53400986,28.61317940,28.70331415,28.80545899,28.92071273,29.05022528,29.19519451,29.35686238
420,28.14533988,28.14711692,28.15248629,28.16156284,28.17453835,28.19168196,28.21334051,28.23993875,28.27197901,28.31004034,28.35477701,28.40691617,28.46725508,28.53665776,28.61605163,28.70642407,28.80881935,28.92433569,29.05412234,29.19937638,29.36133677
421,28.14654089,28.14832655,28.15372177,28.16284149,28.17587756,28.19309921,28.21485332,28.24156459,28.27373519,28.31194390,28.35684453,28.40916371,28.46969804,28.53931086,28.61892889,28.70953887,28.81218446,28.92796326,29.05802381,29.20356062,29.36574073
422,28.14774772,28.14954199,28.15496308,28.16412599,28.17722264,28.19452234,28.21637201,28.24319628,28.27549718,28.31385318,28.35891768,28.41141674,28.47214634,28.54196914,28.62181119,28.71265858,28.81555433,28.93159541,29.06192925,29.20773785,29.37007914
423,28.14896036,28.15076325,28.15621023,28.16541634,28.17857360,28.19595137,28.21789658,28.24483383,28.27726497,28.31576818,28.36099643,28.41367525,28.47459998,28.54463262,28.62469853,28.71578318,28.81892894,28.93523205,29.06583693,29.21189856,29.37438035
424,28.15017883,28.15199035,28.15746323,28.16671256,28.17993044,28.19738627,28.21942703,28.24647723,28.27903855,28.31768889,28.36308078,28.41593923,28.47705894,28.54730128,28.62759092,28.71891268,28.82230828,28.93887283,29.06974416,29.21604165,29.37865282
425,28.15140313,28.15322327,28.15872206,28.16801463,28.18129314,28.19882706,28.22096335,28.24812647,28.28081792,28.31961530,28.36517073,28.41820868,28.47952324,28.54997512,28.63048835,28.72204706,28.82569227,28.94251708,29.07364859,29.22016855,29.38290056
426,28.15263325,28.15446203,28.15998674,28.16932257,28.18266173,28.20027373,28.22250554,28.24978155,28.28260307,28.32154741,28.36726627,28.42048359,28.48199287,28.55265415,28.63339081,28.72518631,28.82908072,28.94616391,29.07754904,29.22427987,29.38712665
427,28.15386921,28.15570663,28.16125727,28.17063636,28.18403618,28.20172627,28.22405360,28.25144246,28.28439400,28.32348522,28.36936740,28.42276397,28.48446782,28.55533836,28.63629830,28.72833039,28.83247339,28.94981250,29.08144443,29.22837646,29.39133371
428,28.15511100,28.15695706,28.16253364,28.17195602,28.18541651,28.20318469,28.22560751,28.25310919,28.28619069,28.32542871,28.37147411,28.42504980,28.48694809,28.55802774,28.63921081,28.73147922,28.83586997,28.95346205,29.08533417,29.23245907,29.39552372
429,28.15635863,28.15821333,28.16381587,28.17328154,28.18680270,28.20464897,28.22716728,28.25478175,28.28799315,28.32737788,28.37358640,28.42734108,28.48943368,28.56072230,28.64212831,28.73463271,28.83927009,28.95711189,29.08921795,29.23652858,29.39969805
430,28.15761210,28.15947545,28.16510394,28.17461292,28.18819477,28.20611913,28.22873291,28.25646013,28.28980137,28.32933273,28.37570425,28.42963782,28.49192458,28.56342202,28.64505079,28.73779071,28.84267335,28.96076148,29.09309557,29.24058569,29.40385783
431,28.15887141,28.16074341,28.16639787,28.17595016,28.18959270,28.20759515,28.23030438,28.25814432,28.29161534,28.33129325,28.37782768,28.43194000,28.49442079,28.56612689,28.64797817,28.74095305,28.84607940,28.96441038,29.09696693,29.24463106,29.40800407
432,28.16013656,28.16201722,28.16769766,28.17729326,28.19099650,28.20907703,28.23188170,28.25983431,28.29343506,28.33325943,28.37995666,28.43424762,28.49692230,28.56883690,28.65091040,28.74411955,28.84948788,28.96805818,29.10083201,29.24866528,29.41213765
433,28.16140756,28.16329688,28.16900329,28.17864222,28.19240617,28.21056477,28.23346485,28.26153011,28.29526052,28.33523128,28.38209120,28.43656068,28.49942911,28.57155203,28.65384743,28.74729005,28.85289845,28.97170449,29.10469073,29.25268896,29.41625947
434,28.16268441,28.16458238,28.17031478,28.17999705,28.19382169,28.21205837,28.23505385,28.26323170,28.29709172,28.33720877,28.38423129,28.43887916,28.50194121,28.57427224,28.65678915,28.75046432,28.85631081,28.97534913,29.10854325,29.25670249,29.42037006
435,28.16396710,28.16587374,28.17163213,28.18135773,28.19524308,28.21355783,28.23664867,28.26493909,28.29892864,28.33919192,28.38637693,28.44120307,28.50445858,28.57699750,28.65973549,28.75364220,28.85972466,28.97899176,29.11238952,29.26070645,29.42447024
436,28.16525565,28.16717095,28.17295533,28.18272428,28.19667033,28.21506313,28.23824933,28.26665226,28.30077130,28.34118071,28.38852811,28.44353240,28.50698121,28.57972777,28.66268631,28.75682345,28.86313977,28.98263234,29.11622975,29.26470111,29.42856031
437,28.16655004,28.16847401,28.17428439,28.18409669,28.19810344,28.21657428,28.23985580,28.26837122,28.30261967,28.34317514,28.39068483,28.44586714,28.50950909,28.58246301,28.66564154,28.76000790,28.86655585,28.98627060,29.12006397,29.26868698,29.43264096
438,28.16785029,28.16978292,28.17561931,28.18547495,28.19954241,28.21809128,28.24146810,28.27009595,28.30447377,28.34517520,28.39284708,28.44820728,28.51204218,28.58520315,28.66860103,28.76319536,28.86997276,28.98990655,29.12389236,29.27266431,29.43671244
439,28.16915639,28.17109769,28.17696008,28.18685907,28.20098723,28.21961412,28.24308622,28.27182646,28.30633357,28.34718090,28.39501485,28.45055281,28.51458047,28.58794815,28.67156468,28.76638564,28.87339025,28.99354001,29.12771499,29.27663351,29.44077529
440,28.17046835,28.17241831,28.17830671,28.18824905,28.20243790,28.22114280,28.24471014,28.27356274,28.30819908,28.34919221,28.39718813,28.45290371,28.51712391,28.59069790,28.67453235,28.76957860,28.87680826,28.99717104,29.13153202,29.28059475,29.44482966
441,28.17178616,28.17374479,28.17965919,28.18964489,28.20389442,28.22267732,28.24633988,28.27530478,28.31007029,28.35120914,28.39936693,28.45525996,28.51967248,28.59345237,28.67750395,28.77277406,28.88022656,29.00079950,29.13534355,29.28454842,29.44887606
442,28.17310982,28.17507712,28.18101754,28.19104658,28.20535680,28.22421767,28.24797542,28.27705258,28.31194719,28.35323168,28.40155122,28.45762157,28.52222615,28.59621150,28.68047934,28.77597184,28.88364494,29.00442529,29.13914969,29.28849485,29.45291489
443,28.17443934,28.17641531,28.18238173,28.19245413,28.20682502,28.22576385,28.24961677,28.27880614,28.31382979,28.35525983,28.40374100,28.45998850,28.52478488,28.59897518,28.68345842,28.77917183,28.88706339,29.00804846,29.14295057,29.29243419,29.45694629
444,28.17577472,28.17775936,28.18375179,28.19386752,28.20829908,28.22731586,28.25126391,28.28056545,28.31571807,28.35729357,28.40593626,28.46236074,28.52734862,28.60174336,28.68644106,28.78237389,28.89048178,29.01166900,29.14674631,29.29636670,29.46097056
445,28.17711595,28.17910926,28.18512769,28.19528678,28.20977899,28.22887369,28.25291684,28.28233050,28.31761204,28.35933291,28.40813699,28.46473826,28.52991733,28.60451596,28.68942716,28.78557786,28.89389993,29.01528682,29.15053703,29.30029269,29.46498808
446,28.17846303,28.18046501,28.18650946,28.19671188,28.21126474,28.23043735,28.25457557,28.28410130,28.31951167,28.36137783,28.41034318,28.46712104,28.53249097,28.60729289,28.69241659,28.78878363,28.89731780,29.01890195,29.15432284,29.30421232,29.46899902
447,28.17981597,28.18182662,28.18789707,28.19814283,28.21275633,28.23200682,28.25624008,28.28587783,28.32141698,28.36342832,28.41255480,28.46950904,28.53506948,28.61007408,28.69540927,28.79199112,28.90073536,29.02251445,29.15810385,29.30812572,29.47300352
448,28.18117477,28.18319409,28.18929054,28.19957963,28.21425375,28.23358211,28.25791037,28.28766010,28.32332795,28.36548438,28.41477185,28.47190224,28.53765282,28.61285945,28.69840508,28.79520019,28.90415248,29.02612427,29.16188018,29.31203319,29.47700192
449,28.18253942,28.18456741,28.19068987,28.20102227,28.21575701,28.23516322,28.25958644,28.28944809,28.32524457,28.36754599,28.41699431,28.47430063,28.54024093,28.61564893,28.70140391,28.79841071,28.90756907,29.02973142,29.16565194,29.31593491,29.48099442
450,28.18390993,28.18594658,28.19209504,28.20247076,28.21726610,28.23675013,28.26126828,28.29124181,28.32716685,28.36961315,28.41922216,28.47670415,28.54283376,28.61844242,28.70440569,28.80162267,28.91098517,29.03333597,29.16941922,29.31983097,29.48498111
451,28.18528629,28.18733161,28.19350606,28.20392509,28.21878102,28.23834285,28.26295590,28.29304124,28.32909477,28.37168585,28.42145537,28.47911277,28.54543124,28.62123986,28.70741031,28.80483593,28.91440069,29.03693792,29.17318214,29.32372156,29.48896219
452,28.18666851,28.18872249,28.19492294,28.20538527,28.22030177,28.23994137,28.26464928,28.29484639,28.33102832,28.37376406,28.42369394,28.48152646,28.54803334,28.62404115,28.71041768,28.80805044,28.91781560,29.04053731,29.17694080,29.32760683,29.49293784
453,28.18805657,28.19011922,28.19634566,28.20685128,28.22182834,28.24154569,28.26634842,28.29665724,28.33296750,28.37584779,28.42593783,28.48394519,28.55063999,28.62684626,28.71342772,28.81126608,28.92122981,29.04413412,29.18069528,29.33148700,29.49690830
454,28.18945049,28.19152181,28.19777423,28.20832313,28.22336074,28.24315581,28.26805332,28.29847379,28.33491229,28.37793701,28.42818703,28.48636892,28.55325115,28.62965508,28.71644035,28.81448280,28.92464333,29.04772840,29.18444570,29.33536216,29.50087366
455,28.19085027,28.19293024,28.19920864,28.20980082,28.22489895,28.24477172,28.26976398,28.30029604,28.33686270,28.38003172,28.43044152,28.48879760,28.55586674,28.63246754,28.71945549,28.81770055,28.92805614,29.05132020,29.18819213,29.33923245,29.50483405
456,28.19225589,28.19434452,28.20064890,28.21128435,28.22644298,28.24639342,28.27148038,28.30212398,28.33881871,28.38213189,28.43270125,28.49123120,28.55848671,28.63528357,28.72247305,28.82091926,28.93146822,29.05490957,29.19193468,29.34309797,29.50878961
457,28.19366736,28.19576465,28.20209499,28.21277370,28.22799283,28.24802091,28.27320253,28.30395760,28.34078031,28.38423752,28.43496622,28.49366968,28.56111101,28.63810311,28.72549298,28.82413888,28.93487954,29.05849650,29.19567343,29.34695889,29.51274048
458,28.19508468,28.19719063,28.20354694,28.21426888,28.22954848,28.24965418,28.27493041,28.30579689,28.34274749,28.38634857,28.43723640,28.49611300,28.56373959,28.64092610,28.72851520,28.82735934,28.93829006,29.06208103,29.19940847,29.35081534,29.51668684
459,28.19650785,28.19862245,28.20500472,28.21576990,28.23110995,28.25129323,28.27666404,28.30764185,28.34472024,28.38846504,28.43951175,28.49856112,28.56637238,28.64375245,28.73153965,28.83058060,28.94169979,29.06566320,29.20313987,29.35466740,29.52062877
460,28.19793686,28.20006012,28.20646833,28.21727674,28.23267722,28.25293806,28.27840339,28.30949248,28.34669854,28.39058691,28.44179224,28.50101399,28.56900933,28.64658211,28.73456626,28.83380263,28.94510874,29.06924307,29.20686771,29.35851519,29.52456636
461,28.19937172,28.20150363,28.20793779,28.21878940,28.23425030,28.25458865,28.28014846,28.31134876,28.34868239,28.39271416,28.44407785,28.50347156,28.57165038,28.64941501,28.73759498,28.83702540,28.94851690,29.07282067,29.21059208,29.36235880,29.52849972
462,28.20081242,28.20295298,28.20941308,28.22030788,28.23582917,28.25624502,28.28189925,28.31321068,28.35067178,28.39484677,28.44636855,28.50593382,28.57429549,28.65225110,28.74062575,28.84024882,28.95192422,29.07639601,29.21431306,29.36619838,29.53242903
463,28.20225896,28.20440817,28.21089420,28.22183219,28.23741385,28.25790715,28.28365576,28.31507823,28.35266668,28.39698471,28.44866430,28.50840070,28.57694461,28.65509032,28.74365851,28.84347288,28.95533072,29.07996912,29.21803071,29.37003401,29.53635437
464,28.20371134,28.20586920,28.21238115,28.22336230,28.23900431,28.25957503,28.28541797,28.31695142,28.35466708,28.39912798,28.45096509,28.51087217,28.57959767,28.65793261,28.74669321,28.84669756,28.95873639,29.08354006,29.22174511,29.37386579,29.54027581
465,28.20516956,28.20733606,28.21387393,28.22489824,28.24060057,28.26124867,28.28718588,28.31883022,28.35667298,28.40127653,28.45327086,28.51334818,28.58225463,28.66077791,28.74972982,28.84992282,28.96214125,29.08710886,29.22545633,29.37769380,29.54419346
466,28.20663362,28.20880876,28.21537253,28.22643998,28.24220262,28.26292807,28.28895949,28.32071463,28.35868435,28.40343036,28.45558160,28.51582869,28.58491543,28.66362618,28.75276827,28.85314863,28.96554529,29.09067556,29.22916444,29.38151813,29.54810742
467,28.20810351,28.21028729,28.21687697,28.22798754,28.24381045,28.26461320,28.29073878,28.32260463,28.36070118,28.40558944,28.45789727,28.51831367,28.58758003,28.66647736,28.75580852,28.85637495,28.96894849,29.09424017,29.23286951,29.38533890,29.55201781
468,28.20957924,28.21177165,28.21838722,28.22954090,28.24542405,28.26630408,28.29252375,28.32450022,28.36272346,28.40775374,28.46021784,28.52080307,28.59024839,28.66933140,28.75885052,28.85960176,28.97235087,29.09780275,29.23657160,29.38915617,29.55592468
469,28.21106080,28.21326184,28.21990329,28.23110006,28.24704344,28.26800069,28.29431439,28.32640139,28.36475116,28.40992325,28.46254327,28.52329685,28.59292044,28.67218825,28.76189424,28.86282905,28.97575243,29.10136333,29.24027078,29.39297004,29.55982814
470,28.21254819,28.21475786,28.22142518,28.23266502,28.24866860,28.26970303,28.29611070,28.32830812,28.36678427,28.41209793,28.46487354,28.52579496,28.59559615,28.67504787,28.76493965,28.86605679,28.97915318,29.10492194,29.24396710,29.39678057,29.56372825
471,28.21404141,28.21625970,28.22295289,28.23423579,28.25029952,28.27141110,28.29791266,28.33022040,28.36882278,28.41427777,28.46720861,28.52829737,28.59827547,28.67791021,28.76798669,28.86928495,28.98255312,29.10847861,29.24766064,29.40058785,29.56762511
472,28.21554045,28.21776737,28.22448640,28.23581234,28.25193621,28.27312488,28.29972027,28.33213822,28.37086666,28.41646273,28.46954844,28.53080404,28.60095835,28.68077522,28.77103533,28.87251352,28.98595225,29.11203339,29.25135145,29.40439196,29.57151880
473,28.21704531,28.21928085,28.22602573,28.23739469,28.25357866,28.27484437,28.30153351,28.33406157,28.37291590,28.41865281,28.47189302,28.53331493,28.60364476,28.68364286,28.77408554,28.87574249,28.98935058,29.11558631,29.25503960,29.40819297,29.57540938
474,28.21855600,28.22080015,28.22757087,28.23898282,28.25522687,28.27656957,28.30335239,28.33599043,28.37497047,28.42084795,28.47424229,28.53582999,28.60633464,28.68651309,28.77713729,28.87897183,28.99274813,29.11913740,29.25872513,29.41199094,29.57929692
475,28.22007251,28.22232527,28.22912180,28.24057674,28.25688083,28.27830047,28.30517688,28.33792478,28.37703037,28.42304815,28.47659624,28.53834919,28.60902795,28.68938587,28.78019055,28.88220154,28.99614491,29.12268669,29.26240810,29.41578595,29.58318150
476,28.22159483,28.22385620,28.23067855,28.24217643,28.25854053,28.28003706,28.30700699,28.33986463,28.37909556,28.42525338,28.47895482,28.54087250,28.61172466,28.69226116,28.78324528,28.88543160,28.99954091,29.12623423,29.26608858,29.41957806,29.58706319
477,28.22312297,28.22539294,28.23224108,28.24378191,28.26020597,28.28177934,28.30884269,28.34180994,28.38116603,28.42746361,28.48131801,28.54339986,28.61442472,28.69513892,28.78630146,28.88866199,29.00293616,29.12978004,29.26976660,29.42336735,29.59094206
478,28.22465691,28.22693549,28.23380942,28.24539315,28.26187715,28.28352729,28.31068399,28.34376072,28.38324177,28.42967882,28.48368577,28.54593125,28.61712809,28.69801912,28.78935905,28.89189272,29.00633066,29.13332416,29.27344223,29.42715386,29.59481815
479,28.22619667,28.22848385,28.23538355,28.24701017,28.26355406,28.28528092,28.31253086,28.34571693,28.38532274,28.43189897,28.48605807,28.54846663,28.61983473,28.70090171,28.79241804,28.89512376,29.00972443,29.13686662,29.27711552,29.43093767,29.59869155
480,28.22774224,28.23003800,28.23696346,28.24863295,28.26523669,28.28704020,28.31438330,28.34767857,28.38740894,28.43412405,28.48843487,28.55100595,28.62254461,28.70378667,28.79547840,28.89835511,29.01311747,29.14040745,29.28078651,29.43471886,29.60256531
481,28.22929360,28.23159796,28.23854916,28.25026149,28.26692504,28.28880514,28.31624130,28.34964563,28.38950033,28.43635402,28.49081616,28.55354919,28.62525769,28.70667396,28.79854011,28.90158677,29.01650980,29.14394669,29.28445529,29.43849963,29.60653829
482,28.23085077,28.23316371,28.24014064,28.25189578,28.26861910,28.29057573,28.31810485,28.35161808,28.39159691,28.43858887,28.49320188,28.55609631,28.62797393,28.70956355,28.80160313,28.90481872,29.01990142,29.14748437,29.28812241,29.44229381,29.61060365
483,28.23241373,28.23473526,28.24173790,28.25353582,28.27031887,28.29235195,28.31997392,28.35359591,28.39369864,28.44082855,28.49559202,28.55864727,28.63069329,28.71245541,28.80466747,28.90805096,29.02329237,29.15102065,29.29179040,29.44611449,29.61472074
484,28.23398249,28.23631259,28.24334094,28.25518161,28.27202434,28.29413380,28.32184852,28.35557910,28.39580551,28.44307305,28.49798654,28.56120204,28.63341574,28.71534950,28.80773308,28.91128348,29.02668267,29.15455606,29.29546314,29.44996115,29.61888127
485,28.23555704,28.23789571,28.24494974,28.25683314,28.27373550,28.29592127,28.32372863,28.35756765,28.39791750,28.44532235,28.50038541,28.56376058,28.63614125,28.71824581,28.81079996,28.91451630,29.03007245,29.15809156,29.29914356,29.45383326,29.62307846
486,28.23713738,28.23948461,28.24656431,28.25849041,28.27545234,28.29771435,28.32561424,28.35956152,28.40003457,28.44757640,28.50278859,28.56632286,28.63886978,28.72114429,28.81386809,28.91774943,29.03346196,29.16162835,29.30283330,29.45773014,29.62730818
487,28.23872350,28.24107929,28.24818464,28.26015340,28.27717487,28.29951303,28.32750533,28.36156071,28.40215672,28.44983519,28.50519606,28.56888885,28.64160130,28.72404493,28.81693745,28.92098292,29.03685155,29.16516757,29.30653382,29.46165082,29.63156679
488,28.24031540,28.24267974,28.24981073,28.26182212,28.27890307,28.30131730,28.32940189,28.36356519,28.40428392,28.45209869,28.50760778,28.57145850,28.64433579,28.72694770,28.82000805,28.92421686,29.04024165,29.16871031,29.31024611,29.46559392,29.63585172
489,28.24191308,28.24428597,28.25144257,28.26349656,28.28063693,28.30312716,28.33130390,28.36557496,28.40641615,28.45436688,28.51002373,28.57403180,28.64707320,28.72985257,28.82307989,28.92745139,29.04363277,29.17225750,29.31397065,29.46955830,29.64016119
490,28.24351653,28.24589796,28.25308015,28.26517671,28.28237644,28.30494258,28.33321137,28.36758999,28.40855338,28.45663972,28.51244388,28.57660872,28.64981351,28.73275954,28.82615300,28.93068670,29.04702545,29.17580992,29.31770772,29.47354304,29.64449368
491,28.24512575,28.24751571,28.25472348,28.26686256,28.28412161,28.30676356,28.33512426,28.36961026,28.41069560,28.45891719,28.51486819,28.57918920,28.65255670,28.73566859,28.82922744,28.93392299,29.05042019,29.17936822,29.32145745,29.47754732,29.64884784
492,28.24674073,28.24913922,28.25637255,28.26855412,28.28587241,28.30859010,28.33704257,28.37163575,28.41284278,28.46119926,28.51729663,28.58177324,28.65530273,28.73857971,28.83230326,28.93716052,29.05381748,29.18293295,29.32521990,29.48157041,29.65322252
493,28.24836147,28.25076849,28.25802735,28.27025137,28.28762885,28.31042217,28.33896628,28.37366646,28.41499490,28.46348591,28.51972919,28.58436080,28.65805159,28.74149291,28.83538055,28.94039953,29.05721780,29.18650464,29.32899515,29.48561154,29.65761658
494,28.24998797,28.25240350,28.25968787,28.27195430,28.28939091,28.31225977,28.34089538,28.37570235,28.41715193,28.46577711,28.52216582,28.58695185,28.66080325,28.74440821,28.83845940,28.94364028,29.06062156,29.19008361,29.33278310,29.48967012,29.66202920
495,28.25162022,28.25404425,28.26135412,28.27366292,28.29115858,28.31410288,28.34282985,28.37774342,28.41931386,28.46807284,28.52460650,28.58954637,28.66355771,28.74732561,28.84153993,28.94688304,29.06402918,29.19367025,29.33658374,29.49374553,29.66645948
496,28.25325821,28.25569075,28.26302608,28.27537721,28.29293186,28.31595150,28.34476969,28.37978964,28.42148067,28.47037307,28.52705120,28.59214432,28.66631495,28.75024517,28.84462228,28.95012808,29.06744100,29.19726473,29.34039693,29.49783727,29.67090684
497,28.25490194,28.25734297,28.26470375,28.27709716,28.29471074,28.31780561,28.34671486,28.38184100,28.42365232,28.47267777,28.52949991,28.59474570,28.66907496,28.75316691,28.84770656,28.95337566,29.07085737,29.20086736,29.34422258,29.50194479,29.67537052
498,28.25655141,28.25900093,28.26638712,28.27882278,28.29649520,28.31966521,28.34866536,28.38389747,28.42582880,28.47498692,28.53195258,28.59735047,28.67183776,28.75609091,28.85079294,28.95662604,29.07427855,29.20447819,29.34806053,29.50606771,29.67985011
499,28.25820661,28.26066460,28.26807619,28.28055404,28.29828524,28.32153027,28.35062118,28.38595903,28.42801008,28.47730049,28.53440919,28.59995862,28.67460333,28.75901720,28.85388155,28.95987945,29.07770483,29.20809744,29.35191066,29.51020557,29.68434501
500,28.25986754,28.26233400,28.26977095,28.28229094,28.30008085,28.32340079,28.35258230,28.38802568,28.43019615,28.47961846,28.53686973,28.60257015,28.67737171,28.76194585,28.85697254,28.96313611,29.08113645,29.21172524,29.35577285,29.51435797,29.68885471
501,28.26153418,28.26400910,28.27147140,28.28403348,28.30188202,28.32527675,28.35454869,28.39009739,28.43238698,28.48194081,28.53933417,28.60518502,28.68014289,28.76487695,28.86006608,28.96639627,29.08457361,29.21536161,29.35964691,29.51852457,29.69337886
502,28.26320654,28.26568991,28.27317752,28.28578165,28.30368873,28.32715814,28.35652036,28.39217413,28.43458255,28.48426751,28.54180249,28.60780324,28.68291690,28.76781057,28.86316231,28.96966013,29.08801652,29.21900665,29.36353270,29.52270503,29.69791705
503,28.26488460,28.26737641,28.27488930,28.28753543,28.30550098,28.32904495,28.35849727,28.39425590,28.43678283,28.48659854,28.54427467,28.61042481,28.68569378,28.77074678,28.86626137,28.97292786,29.09146535,29.22266044,29.36743013,29.52689901,29.70246883
504,28.26656837,28.26906861,28.27660676,28.28929482,28.30731875,28.33093717,28.36047942,28.39634267,28.43898781,28.48893388,28.54675070,28.61304971,28.68847355,28.77368568,28.86936342,28.97619967,29.09492023,29.22632295,29.37133900,29.53110626,29.70703397
505,28.26825783,28.27076649,28.27832986,28.29105981,28.30914204,28.33283478,28.36246678,28.39843442,28.44119747,28.49127351,28.54923055,28.61567796,28.69125625,28.77662736,28.87246861,28.97947572,29.09838132,29.22999424,29.37525918,29.53532648,29.71161211
506,28.26995297,28.27247005,28.28005861,28.29283040,28.31097084,28.33473776,28.36445935,28.40053113,28.44341178,28.49361740,28.55171422,28.61830955,28.69404192,28.77957190,28.87557705,28.98275617,29.10184875,29.23367436,29.37919058,29.53955939,29.71620288
507,28.27165380,28.27417928,28.28179300,28.29460656,28.31280512,28.33664611,28.36645711,28.40263280,28.44563072,28.49596555,28.55420170,28.62094450,28.69683060,28.78251938,28.87868890,28.98604117,29.10532262,29.23736327,29.38313304,29.54380475,29.72080607
508,28.27336030,28.27589418,28.28353303,28.29638830,28.31464489,28.33855981,28.36846003,28.40473938,28.44785428,28.49831792,28.55669297,28.62358282,28.69962234,28.78546991,28.88180427,28.98933087,29.10880303,29.24106100,29.38708643,29.54806234,29.72542139
509,28.27507247,28.27761473,28.28527867,28.29817560,28.31649013,28.34047885,28.37046811,28.40685088,28.45008243,28.50067451,28.55918803,28.62622452,28.70241718,28.78842356,28.88492329,28.99262539,29.11229009,29.24476755,29.39105064,29.55233190,29.73004856
510,28.27679030,28.27934093,28.28702993,28.29996845,28.31834083,28.34240322,28.37248132,28.40896727,28.45231516,28.50303530,28.56168688,28.62886963,28.70521518,28.79138043,28.88804607,28.99592485,29.11578387,29.24848291,29.39502555,29.55661323,29.73468736
511,28.27851379,28.28107277,28.28878680,28.30176685,28.32019698,28.34433289,28.37449966,28.41108853,28.45455245,28.50540027,28.56418951,28.63151815,28.70801638,28.79434060,28.89117275,28.99922938,29.11928444,29.25220707,29.39901103,29.56090614,29.73933756
512,28.28024291,28.28281024,28.29054926,28.30357078,28.32205856,28.34626786,28.37652310,28.41321464,28.45679428,28.50776942,28.56669593,28.63417011,28.71082084,28.79730416,28.89430341,29.00253909,29.12279188,29.25594000,29.40300696,29.56521041,29.74399895
513,28.28197768,28.28455334,28.29231731,28.30538023,28.32392557,28.34820810,28.37855162,28.41534559,28.45904063,28.51014273,28.56920613,28.63682553,28.71362860,28.80027119,28.89743818,29.00585406,29.12630623,29.25968170,29.40701322,29.56952588,29.74867134
514,28.28371807,28.28630206,28.29409094,28.30719520,28.32579798,28.35015362,28.38058523,28.41748136,28.46129149,28.51252019,28.57172012,28.63948444,28.71643973,28.80324177,28.90057715,29.00917442,29.12982757,29.26343213,29.41102972,29.57385235,29.75335451
515,28.28546408,28.28805638,28.29587014,28.30901566,28.32767580,28.35210439,28.38262388,28.41962194,28.46354685,28.51490180,28.57423791,28.64214685,28.71925426,28.80621599,28.90372043,29.01250025,29.13335594,29.26719128,29.41505634,29.57818965,29.75804827
516,28.28721571,28.28981630,28.29765490,28.31084162,28.32955900,28.35406039,28.38466758,28.42176730,28.46580669,28.51728755,28.57675949,28.64481281,28.72207227,28.80919392,28.90686811,29.01583162,29.13689138,29.27095910,29.41909296,29.58253763,29.76275248
517,28.28897293,28.29158182,28.29944521,28.31267306,28.33144757,28.35602163,28.38671630,28.42391743,28.46807100,28.51967743,28.57928488,28.64748234,28.72489380,28.81217566,28.91002027,29.01916861,29.14043389,29.27473556,29.42313949,29.58689616,29.76746699
518,28.29073576,28.29335291,28.30124107,28.31450997,28.33334151,28.35798807,28.38877003,28.42607232,28.47033976,28.52207144,28.58181409,28.65015548,28.72771892,28.81516127,28.91317700,29.02251128,29.14398350,29.27852061,29.42719583,29.59126510,29.77219166
519,28.29250417,28.29512958,28.30304245,28.31635233,28.33524079,28.35995970,28.39082876,28.42823195,28.47261297,28.52446957,28.58434713,28.65283225,28.73054767,28.81815082,28.91633839,29.02585972,29.14754028,29.28231424,29.43126188,29.59564427,29.77692629
520,28.29427815,28.29691181,28.30484935,28.31820014,28.33714541,28.36193652,28.39289246,28.43039631,28.47489061,28.52687183,28.58688401,28.65551267,28.73338011,28.82114440,28.91950452,29.02921400,29.15110425,29.28611643,29.43533755,29.60003354,29.78167072
521,28.29605771,28.29869960,28.30666177,28.32005339,28.33905535,28.36391850,28.39496113,28.43256538,28.47717268,28.52927821,28.58942475,28.65819679,28.73621629,28.82414207,28.92267546,29.03257415,29.15467539,29.28992710,29.43942274,29.60443280,29.78642487
522,28.29784282,28.30049293,28.30847968,28.32191206,28.34097060,28.36590564,28.39703475,28.43473915,28.47945916,28.53168871,28.59196936,28.66088465,28.73905627,28.82714390,28.92585127,29.03594022,29.15825371,29.29374623,29.44351736,29.60884193,29.79118861
523,28.29963348,28.30229179,28.31030308,28.32377614,28.34289115,28.36789792,28.39911330,28.43691761,28.48175005,28.53410334,28.59451786,28.66357629,28.74190012,28.83014998,28.92903202,29.03931225,29.16183921,29.29757374,29.44762134,29.61326085,29.79596185
524,28.30142968,28.30409618,28.31213197,28.32564562,28.34481698,28.36989532,28.40119678,28.43910075,28.48404535,28.53652209,28.59707025,28.66627171,28.74474786,28.83316034,28.93221780,29.04269033,29.16543196,29.30140967,29.45173458,29.61768936,29.80074437
525,28.30323141,28.30590608,28.31396632,28.32752050,28.34674808,28.37189783,28.40328516,28.44128855,28.48634503,28.53894498,28.59962657,28.66897097,28.74759956,28.83617505,28.93540864,29.04607448,29.16903195,29.30525394,29.45585701,29.62212737,29.80553609
526,28.30503865,28.30772148,28.31580612,28.32940074,28.34868444,28.37390544,28.40537844,28.44348101,28.48864912,28.54137200,28.60218683,28.67167411,28.75045526,28.83919419,28.93860462,29.04946474,29.17263916,29.30910653,29.45998854,29.62657481,29.81033691
527,28.30685141,28.30954238,28.31765138,28.33128635,28.35062605,28.37591814,28.40747661,28.44567811,28.49095758,28.54380317,28.60475105,28.67438115,28.75331503,28.84221780,28.94180577,29.05286112,29.17625360,29.31296737,29.46412910,29.63103156,29.81514673
528,28.30866966,28.31136875,28.31950206,28.33317732,28.35257288,28.37793591,28.40957964,28.44787984,28.49327043,28.54623848,28.60731925,28.67709214,28.75617891,28.84524594,28.94501215,29.05626366,29.17987524,29.31683642,29.46827861,29.63549754,29.81996546
529,28.31049340,28.31320060,28.32135817,28.33507362,28.35452494,28.37995873,28.41168753,28.45008621,28.49558767,28.54867795,28.60989145,28.67980710,28.75904694,28.84827868,28.94822383,29.05967244,29.18350415,29.32071369,29.47243700,29.63997259,29.82479294
530,28.31232262,28.31503792,28.32321970,28.33697525,28.35648220,28.38198661,28.41380027,28.45229719,28.49790928,28.55112158,28.61246767,28.68252607,28.76191917,28.85131604,28.95144084,29.06308746,29.18714029,29.32459912,29.47660419,29.64445666,29.82962910
531,28.31415730,28.31688068,28.32508662,28.33888220,28.35844466,28.38401951,28.41591784,28.45451278,28.50023527,28.55356939,28.61504793,28.68524909,28.76479564,28.85435810,28.95466323,29.06650873,29.19078367,29.32849266,29.48078012,29.64894965,29.83447385
532,28.31599744,28.31872887,28.32695893,28.34079445,28.36041230,28.38605744,28.41804024,28.45673298,28.50256564,28.55602138,28.61763225,28.68797619,28.76767641,28.85740490,28.95789104,29.06993628,29.19443426,29.33239429,29.48496472,29.65345148,29.83932711
533,28.31784302,28.32058250,28.32883662,28.34271200,28.36238511,28.38810037,28.42016746,28.45895778,28.50490039,28.55847756,28.62022067,28.69070741,28.77056153,28.86045648,28.96112429,29.07337014,29.19809208,29.33630395,29.48915792,29.65796206,29.84418878
534,28.31969403,28.32244154,28.33071967,28.34463482,28.36436307,28.39014831,28.42229948,28.46118717,28.50723952,28.56093795,28.62281319,28.69344278,28.77345101,28.86351289,28.96436306,29.07681034,29.20175712,29.34022163,29.49335965,29.66248129,29.84905876
535,28.32155046,28.32430599,28.33260808,28.34656291,28.36634618,28.39220123,28.42443629,28.46342114,28.50958303,28.56340254,28.62540984,28.69618233,28.77634492,28.86657417,28.96760736,29.08025689,29.20542937,29.34414728,29.49756985,29.66700911,29.85393698
536,28.32341231,28.32617583,28.33450183,28.34849626,28.36833443,28.39425912,28.42657790,28.46565970,28.51193093,28.56587137,28.62801065,28.69892610,28.77924329,28.86964038,28.97085723,29.08370981,29.20910883,29.34808086,29.50178846,29.67154543,29.85882336
537,28.32527955,28.32805105,28.33640091,28.35043485,28.37032779,28.39632198,28.42872428,28.46790284,28.51428322,28.56834444,28.63061563,28.70167412,28.78214617,28.87271153,28.97411270,29.08716911,29.21279547,29.35202233,29.50601541,29.67609018,29.86371783
538,28.32715218,28.32993164,28.33830531,28.35237867,28.37232626,28.39838979,28.43087544,28.47015056,28.51663990,28.57082176,28.63322482,28.70442642,28.78505358,28.87578768,28.97737380,29.09063479,29.21648930,29.35597167,29.51025066,29.68064329,29.86862031
539,28.32903019,28.33181759,28.34021501,28.35432771,28.37432983,28.40046254,28.43303136,28.47240285,28.51900097,28.57330335,28.63583823,28.70718304,28.78796557,28.87886886,28.98064056,29.09410689,29.22019030,29.35992883,29.51449413,29.68520469,29.87353073
540,28.33091356,28.33370889,28.34213001,28.35628196,28.37633849,28.40254023,28.43519203,28.47465971,28.52136645,28.57578921,28.63845588,28.70994401,28.79088218,28.88195512,28.98391302,29.09758541,29.22389846,29.36389377,29.51874577,29.68977429,29.87844861
541,28.33280228,28.33560552,28.34405029,28.35824140,28.37835222,28.40462284,28.43735746,28.47692114,28.52373633,28.57827937,28.64107780,28.71270935,28.79380345,28.88504648,28.98719120,29.10107037,29.22761378,29.36786646,29.52300551,29.69435103,29.88332890
542,28.33469634,28.33750747,28.34597585,28.36020603,28.38037102,28.40671037,28.43952763,28.47918714,28.52611062,28.58077383,28.64370402,28.71547910,28.79672939,28.88814298,28.99047512,29.10456177,29.23133623,29.37184687,29.52727306,29.69892935,29.88817326
543,28.33659573,28.33941474,28.34790666,28.36217583,28.38239487,28.40880281,28.44170254,28.48145771,28.52848933,28.58327261,28.64633454,28.71825329,28.79966007,28.89124466,28.99376481,29.10805962,29.23506580,29.37583489,29.53154737,29.70350251,29.89300085
544,28.33850044,28.34132731,28.34984272,28.36415079,28.38442376,28.41090014,28.44388218,28.48373284,28.53087247,28.58577572,28.64896941,28.72103194,28.80259550,28.89435154,28.99706029,29.11156392,29.23880247,29.37983029,29.53582665,29.70807015,29.89781694
545,28.34041046,28.34324516,28.35178402,28.36613091,28.38645769,28.41300236,28.44606655,28.48601254,28.53326003,28.58828319,28.65160863,28.72381510,28.80553571,28.89746365,29.00036158,29.11507468,29.24254617,29.38383263,29.54010938,29.71263379,29.90262284
546,28.34232576,28.34516829,28.35373054,28.36811616,28.38849664,28.41510946,28.44825564,28.48829681,28.53565203,28.59079502,28.65425224,28.72660278,28.80848075,28.90058102,29.00366870,29.11859189,29.24629680,29.38784133,29.54439476,29.71719345,29.90742080
547,28.34424635,28.34709669,28.35568228,28.37010654,28.39054060,28.41722143,28.45044946,28.49058565,28.53804847,28.59331122,28.65690026,28.72939502,28.81143063,28.90370369,29.00698167,29.12211553,29.25005418,29.39185584,29.54868233,29.72174926,29.91221229
548,28.34617221,28.34903033,28.35763922,28.37210204,28.39258957,28.41933827,28.45264799,28.49287905,28.54044937,28.59583182,28.65955270,28.73219184,28.81438540,28.90683167,29.01030048,29.12564555,29.25381808,29.39587572,29.55297173,29.72630183,29.91699816
549,28.34810333,28.35096923,28.35960134,28.37410265,28.39464353,28.42145997,28.45485123,28.49517703,28.54285473,28.59835683,28.66220959,28.73499328,28.81734507,28.90996499,29.01362517,29.12918191,29.25758831,29.39990047,29.55726255,29.73085145,29.92177964
550,28.35003970,28.35291335,28.36156865,28.37610836,28.39670247,28.42358652,28.45705918,28.49747958,28.54526455,28.60088627,28.66487095,28.73779935,28.82030968,28.91310367,29.01695570,29.13272451,29.26136460,29.40392980,29.56155469,29.73539868,29.92655711
551,28.35198130,28.35486269,28.36354113,28.37811915,28.39876640,28.42571792,28.45927183,28.49978671,28.54767886,28.60342014,28.66753681,28.74061008,28.82327926,28.91624773,29.02029209,29.13627329,29.26514674,29.40796328,29.56584786,29.73994389,29.93133150
552,28.35392813,28.35681723,28.36551876,28.38013501,28.40083529,28.42785415,28.46148919,28.50209841,28.55009765,28.60595847,28.67020718,28.74342550,28.82625381,28.91939718,29.02363430,29.13982810,29.26893448,29.41200076,29.57014216,29.74448735,29.93610296
553,28.35588017,28.35877698,28.36750154,28.38215595,28.40290914,28.42999522,28.46371126,28.50441470,28.55252093,28.60850128,28.67288209,28.74624564,28.82923338,28.92255204,29.02698231,29.14338887,29.27272760,29.41604189,29.57443745,29.74902942,29.94087212
554,28.35783741,28.36074191,28.36948946,28.38418194,28.40498794,28.43214112,28.46593802,28.50673557,28.55494872,28.61104857,28.67556155,28.74907051,28.83221798,28.92571230,29.03033607,29.14695545,29.27652592,29.42008659,29.57873386,29.75357026,29.94563915
555,28.35979985,28.36271201,28.37148250,28.38621297,28.40707169,28.43429185,28.46816948,28.50906103,28.55738103,28.61360036,28.67824560,28.75190014,28.83520763,28.92887798,29.03369555,29.15052774,29.28032923,29.42413465,29.58303136,29.75811012,29.95040445
556,28.36176746,28.36468728,28.37348066,28.38824905,28.40916037,28.43644739,28.47040564,28.51139108,28.55981785,28.61615666,28.68093424,28.75473455,28.83820234,28.93204904,29.03706067,29.15410560,29.28413741,29.42818604,29.58732999,29.76264915,29.95516818
557,28.36374024,28.36666769,28.37548392,28.39029015,28.41125398,28.43860774,28.47264650,28.51372573,28.56225921,28.61871750,28.68362749,28.75757377,28.84120213,28.93522550,29.04043140,29.15768892,29.28795025,29.43224051,29.59162976,29.76718762,29.95993076
558,28.36571818,28.36865325,28.37749228,28.39233628,28.41335251,28.44077291,28.47489205,28.51606498,28.56470512,28.62128289,28.68632539,28.76041780,28.84420702,28.93840735,29.04380769,29.16127759,29.29176759,29.43629797,29.59593067,29.77172571,29.96469242
559,28.36770126,28.37064395,28.37950572,28.39438741,28.41545596,28.44294288,28.47714231,28.51840883,28.56715558,28.62385284,28.68902793,28.76326667,28.84721699,28.94159454,29.04718945,29.16487150,29.29558940,29.44035846,29.60023281,29.77626350,29.96945322
560,28.36968948,28.37263976,28.38152424,28.39644355,28.41756432,28.44511766,28.47939725,28.52075729,28.56961060,28.62642737,28.69173516,28.76612040,28.85023207,28.94478709,29.05057664,29.16847054,29.29941545,29.44442180,29.60453616,29.78080123,29.97421350
561,28.37168283,28.37464068,28.38354782,28.39850468,28.41967757,28.44729723,28.48165690,28.52311037,28.57207019,28.62900649,28.69444707,28.76897900,28.85325226,28.94798497,29.05396920,29.17207461,29.30324565,29.44848792,29.60884078,29.78533903,29.97897345
562,28.37368129,28.37664671,28.38557646,28.40057080,28.42179573,28.44948160,28.48392124,28.52546807,28.57453437,28.63159022,28.69716368,28.77184248,28.85627754,28.95118812,29.05736705,29.17568363,29.30707999,29.45255688,29.61314672,29.78987694,29.98373306
563,28.37568486,28.37865782,28.38761015,28.40264189,28.42391877,28.45167076,28.48619028,28.52783040,28.57700314,28.63417857,28.69988502,28.77471085,28.85930793,28.95439654,29.06077013,29.17929748,29.31091830,29.45662855,29.61745401,29.79441517,29.98849260
564,28.37769352,28.38067401,28.38964887,28.40471796,28.42604670,28.45386471,28.48846403,28.53019736,28.57947651,28.63677155,28.70261110,28.77758413,28.86234343,28.95761020,29.06417837,29.18291608,29.31476049,29.46070289,29.62176269,29.79895382,29.99325222
565,28.37970727,28.38269528,28.39169262,28.40679899,28.42817951,28.45606345,28.49074247,28.53256895,28.58195449,28.63936918,28.70534192,28.78046231,28.86538401,28.96082904,29.06759173,29.18653937,29.31860655,29.46477994,29.62607280,29.80349293,29.99801193
566,28.38172610,28.38472160,28.39374140,28.40888497,28.43031719,28.45826697,28.49302562,28.53494519,28.58443710,28.64197147,28.70807750,28.78334541,28.86842966,28.96405305,29.07101012,29.19016726,29.32245640,29.46885965,29.63038440,29.80803262,30.00277189
567,28.38374999,28.38675298,28.39579518,28.41097590,28.43245974,28.46047528,28.49531347,28.53732607,28.58692435,28.64457843,28.71081786,28.78623343,28.87148038,28.96728219,29.07443351,29.19379968,29.32630996,29.47294199,29.63469752,29.81257299,30.00753219
568,28.38577893,28.38878941,28.39785397,28.41307178,28.43460716,28.46268837,28.49760603,28.53971161,28.58941623,28.64719007,28.71356299,28.78912637,28.87453617,28.97051644,29.07786183,29.19743656,29.33016715,29.47702692,29.63901217,29.81711414,30.01229299
569,28.38781293,28.39083086,28.39991776,28.41517259,28.43675944,28.46490624,28.49990329,28.54210181,28.59191276,28.64980641,28.71631292,28.79202424,28.87759699,28.97375574,29.08129502,29.20107783,29.33402796,29.48111445,29.64332842,29.82165612,30.01705432
570,28.38985196,28.39287735,28.40198653,28.41727833,28.43891657,28.46712889,28.50220527,28.54449668,28.59441396,28.65242745,28.71906765,28.79492703,28.88066283,28.97700006,29.08473303,29.20472344,29.33789234,29.48520459,29.64764631,29.82619900,30.02181625
571,28.39189603,28.39492885,28.40406028,28.41938899,28.44107856,28.46935631,28.50451196,28.54689622,28.59691983,28.65505321,28.72182719,28.79783474,28.88373368,28.98024936,29.08817580,29.20837334,29.34176027,29.48929735,29.65196586,29.83074283,30.02657883
572,28.39394511,28.39698536,28.40613901,28.42150457,28.44324539,28.47158852,28.50682337,28.54930044,28.59943037,28.65768370,28.72459154,28.80074737,28.88680953,28.98350362,29.09162330,29.21202747,29.34563165,29.49339264,29.65628710,29.83528773,30.03134224
573,28.39599921,28.39904687,28.40822270,28.42362506,28.44541707,28.47382550,28.50913949,28.55170934,28.60194560,28.66031891,28.72736070,28.80366491,28.88989035,28.98676280,29.09507547,29.21568577,29.34950648,29.49749051,29.66061007,29.83983373,30.03610649
574,28.39805831,28.40111337,28.41031135,28.42575046,28.44759360,28.47606726,28.51146034,28.55412293,28.60446553,28.66295887,28.73013468,28.80658736,28.89297611,28.99002686,29.09853226,29.21934820,29.35338473,29.50159096,29.66493479,29.84438087,30.04087162
575,28.40012241,28.40318486,28.41240495,28.42788076,28.44977496,28.47831379,28.51378591,28.55654122,28.60699015,28.66560357,28.73291349,28.80951471,28.89606681,28.99329575,29.10199363,29.22301473,29.35726640,29.50569400,29.66926130,29.84892921,30.04563768
576,28.40219150,28.40526132,28.41450350,28.43001596,28.45196116,28.48056510,28.51611621,28.55896421,28.60951949,28.66825303,28.73569713,28.81244695,28.89916241,28.99656946,29.10545954,29.22668531,29.36115142,29.50979962,29.67358963,29.85347880,30.05040476
577,28.40426557,28.40734276,28.41660698,28.43215604,28.45415219,28.48282119,28.51845123,28.56139190,28.61205354,28.67090724,28.73848559,28.81538409,28.90226291,28.99984796,29.10892994,29.23035989,29.36503976,29.51390778,29.67791980,29.85802972,30.05517294
578,28.40634462,28.40942916,28.41871540,28.43430101,28.45634805,28.48508206,28.52079100,28.56382431,28.61459232,28.67356622,28.74127887,28.81832609,28.90536829,29.00313121,29.11240481,29.23403845,29.36893142,29.51801851,29.68225184,29.86258199,30.05994224
579,28.40842863,28.41152051,28.42082875,28.43645087,28.45854874,28.48734770,28.52313549,28.56626143,28.61713582,28.67622997,28.74407698,28.82127297,28.90847851,29.00641917,29.11588409,29.23772094,29.37282638,29.52213181,29.68658576,29.86713565,30.06471270
580,28.41051760,28.41361682,28.42294702,28.43860560,28.46075426,28.48961811,28.52548473,28.56870328,28.61968406,28.67889849,28.74687991,28.82422469,28.91159355,29.00971182,29.11936777,29.24140735,29.37672462,29.52624769,29.69092160,29.87169075,30.06948437
581,28.41261152,28.41571807,28.42507020,28.44076521,28.46296461,28.49189331,28.52783870,28.57114986,28.62223703,28.68157179,28.74968766,28.82718127,28.91471341,29.01300913,29.12285579,29.24509762,29.38062609,29.53036613,29.69525939,29.87624734,30.07425732
582,28.41471040,28.41782426,28.42719829,28.44292968,28.46517977,28.49417328,28.53019743,28.57360116,28.62479475,28.68424986,28.75250023,28.83014269,28.91783806,29.01631107,29.12634813,29.24879172,29.38453080,29.53448715,29.69959914,29.88080545,30.07903158
583,28.41681421,28.41993537,28.42933129,28.44509903,28.46739976,28.49645803,28.53256089,28.57605720,28.62735721,28.68693271,28.75531762,28.83310893,28.92096748,29.01961761,29.12984475,29.25248965,29.38843873,29.53861073,29.70394088,29.88536511,30.08380719
584,28.41892295,28.42205142,28.43146919,28.44727323,28.46962457,28.49874756,28.53492911,28.57851798,28.62992443,28.68962034,28.75813981,28.83607998,28.92410164,29.02292872,29.13334563,29.25619136,29.39234987,29.54273689,29.70828462,29.88992637,30.08858418
585,28.42103663,28.42417238,28.43361199,28.44945230,28.47185420,28.50104187,28.53730208,28.58098351,28.63249640,28.69231276,28.76096681,28.83905583,28.92724053,29.02624438,29.13685074,29.25989684,29.39626419,29.54686564,29.71263039,29.89448925,30.09336259
586,28.42315522,28.42629826,28.43575968,28.45163622,28.47408864,28.50334096,28.53967981,28.58345378,28.63507313,28.69500995,28.76379861,28.84203647,28.93038413,29.02956456,29.14036004,29.26360604,29.40018168,29.55099696,29.71697821,29.89905379,30.09814245
587,28.42527874,28.42842905,28.43791225,28.45382500,28.47632790,28.50564484,28.54206229,28.58592880,28.63765462,28.69771193,28.76663521,28.84502189,28.93353242,29.03288923,29.14387351,29.26731896,29.40410234,29.55513087,29.72132810,29.90362001,30.10292381
588,28.42740716,28.43056474,28.44006971,28.45601863,28.47857198,28.50795349,28.54444954,28.58840857,28.64024087,28.70041868,28.76947660,28.84801207,28.93668538,29.03621837,29.14739112,29.27103558,29.40802615,29.55926737,29.72568007,29.90818795,30.10770668
589,28.42954050,28.43270533,28.44223204,28.45821711,28.48082087,28.51026693,28.54684154,28.59089310,28.64283189,28.70313022,28.77232277,28.85100700,28.93984298,29.03955196,29.15091284,29.27475586,29.41195310,29.56340647,29.73003416,29.91275763,30.11249109
590,28.43167873,28.43485082,28.44439925,28.46042043,28.48307457,28.51258515,28.54923831,28.59338238,28.64542767,28.70584653,28.77517373,28.85400668,28.94300522,29.04288996,29.15443865,29.27847978,29.41588318,29.56754816,29.73439037,29.91732910,30.11727711
591,28.43382186,28.43700119,28.44657133,28.46262859,28.48533308,28.51490815,28.55163984,28.59587643,28.64802822,28.70856763,28.77802946,28.85701109,28.94617207,29.04623235,29.15796853,29.28220733,29.41981638,29.57169245,29.73874872,29.92190236,30.12206472
592,28.43596989,28.43915645,28.44874828,28.46484160,28.48759641,28.51723594,28.55404615,28.59837524,28.65063353,28.71129349,28.78088995,28.86002021,28.94934351,29.04957912,29.16150245,29.28593850,29.42375269,29.57583935,29.74310922,29.92647744,30.12685397
593,28.43812280,28.44131660,28.45093009,28.46705945,28.48986455,28.51956852,28.55645722,28.60087881,28.65324362,28.71402413,28.78375520,28.86303403,28.95251952,29.05293024,29.16504039,29.28967326,29.42769211,29.57998887,29.74747190,29.93105435,30.13164486
594,28.44028059,28.44348162,28.45311677,28.46928213,28.49213750,28.52190589,28.55887306,28.60338715,28.65585847,28.71675953,28.78662519,28.86605253,28.95570009,29.05628569,29.16858234,29.29341161,29.43163465,29.58414101,29.75183676,29.93563313,30.13643741
595,28.44244327,28.44565152,28.45530830,28.47150965,28.49441525,28.52424804,28.56129368,28.60590026,28.65847809,28.71949970,28.78949992,28.86907570,28.95888519,29.05964545,29.17212827,29.29715354,29.43558029,29.58829578,29.75620383,29.94021377,30.14123165
596,28.44461082,28.44782628,28.45750469,28.47374200,28.49669782,28.52659498,28.56371907,28.60841813,28.66110247,28.72224462,28.79237938,28.87210353,28.96207481,29.06300950,29.17567817,29.30089903,29.43952903,29.59245318,29.76057311,29.94479631,30.14602759
597,28.44678325,28.45000592,28.45970593,28.47597919,28.49898520,28.52894671,28.56614924,28.61094078,28.66373162,28.72499430,28.79526356,28.87513600,28.96526892,29.06637781,29.17923201,29.30464806,29.44348086,29.59661322,29.76494462,29.94938076,30.15082525
598,28.44896054,28.45219042,28.46191202,28.47822120,28.50127739,28.53130323,28.56858418,28.61346819,28.66636553,28.72774873,28.79815246,28.87817311,28.96846752,29.06975038,29.18278978,29.30840061,29.44743578,29.60077590,29.76931837,29.95396714,30.15562468
599,28.45114270,28.45437978,28.46412296,28.48046805,28.50357439,28.53366454,28.57102390,28.61600037,28.66900420,28.73050790,28.80104606,28.88121483,28.97167058,29.07312717,29.18635147,29.31215669,29.45139378,29.60494122,29.77369437,29.95855549,30.16042587
600,28.45332973,28.45657400,28.46633875,28.48271972,28.50587619,28.53603064,28.57346840,28.61853732,28.67164764,28.73327182,28.80394436,28.88426117,28.97487810,29.07650818,29.18991704,29.31591627,29.45535484,29.60910918,29.77807263,29.96314582,30.16522969
601,28.45552161,28.45877307,28.46855938,28.48497622,28.50818280,28.53840154,28.57591767,28.62107904,28.67429583,28.73604048,28.80684735,28.88731209,28.97809004,29.07989339,29.19348649,29.31967933,29.45931898,29.61327979,29.78245320,29.96773956,30.17010386
602,28.45771835,28.46097700,28.47078485,28.48723754,28.51049422,28.54077722,28.57837173,28.62362553,28.67694878,28.73881387,28.80975502,28.89036760,28.98130641,29.08328277,29.19705980,29.32344588,29.46328617,29.61745306,29.78683641,29.97234548,30.17504451
603,28.45991994,28.46318578,28.47301516,28.48950369,28.51281045,28.54315769,28.58083056,28.62617678,28.67960649,28.74159198,28.81266737,28.89342768,28.98452718,29.08667631,29.20063696,29.32721589,29.46725643,29.62162907,29.79122386,29.97697309,30.18002265
604,28.46212639,28.46539940,28.47525031,28.49177466,28.51513148,28.54554295,28.58329417,28.62873280,28.68226895,28.74437482,28.81558437,28.89649231,28.98775233,29.09007400,29.20421795,29.33098937,29.47122977,29.62580815,29.79561816,29.98162213,30.18503230
605,28.46433768,28.46761787,28.47749029,28.49405045,28.51745731,28.54793301,28.58576255,28.63129359,28.68493615,28.74716238,28.81850602,28.89956148,28.99098186,29.09347581,29.20780275,29.33476630,29.47520625,29.62999092,29.80002136,29.98629141,30.19006984
606,28.46655382,28.46984118,28.47973511,28.49633106,28.51978795,28.55032785,28.58823572,28.63385915,28.68760810,28.74995464,28.82143232,28.90263519,28.99421574,29.09688174,29.21139137,29.33854670,29.47918605,29.63417818,29.80443445,29.99098067,30.19513251
607,28.46877481,28.47206934,28.48198476,28.49861649,28.52212340,28.55272748,28.59071366,28.63642946,28.69028480,28.75275161,28.82436326,28.90571341,28.99745396,29.10029177,29.21498378,29.34233059,29.48316935,29.63837068,29.80885841,29.99568931,30.20021792
608,28.47100063,28.47430233,28.48423924,28.50090674,28.52446365,28.55513191,28.59319638,28.63900454,28.69296623,28.75555327,28.82729881,28.90879613,29.00069652,29.10370589,29.21857998,29.34611802,29.48715645,29.64256913,29.81329379,30.00041651,30.20532426
609,28.47323130,28.47654016,28.48649854,28.50320181,28.52680870,28.55754112,28.59568388,28.64158438,28.69565240,28.75835962,28.83023898,28.91188335,29.00394338,29.10712408,29.22217998,29.34990908,29.49114769,29.64677411,29.81774089,30.00516145,30.21045036
610,28.47546681,28.47878283,28.48876268,28.50550169,28.52915856,28.55995513,28.59817615,28.64416897,28.69834329,28.76117066,28.83318376,28.91497506,29.00719455,29.11054634,29.22578379,29.35370388,29.49514339,29.65098616,29.82219996,30.00992348,30.21559503
611,28.47770715,28.48103033,28.49103164,28.50780639,28.53151321,28.56237392,28.60067319,28.64675833,28.70103892,28.76398638,28.83613313,28.91807123,29.01045001,29.11397265,29.22939145,29.35750257,29.49914390,29.65520566,29.82667106,30.01470201,30.22075745
612,28.47995232,28.48328266,28.49330543,28.51011590,28.53387267,28.56479750,28.60317501,28.64935243,28.70373926,28.76680676,28.83908709,28.92117186,29.01370974,29.11740303,29.23300300,29.36130530,29.50314950,29.65943293,29.83115415,30.01949657,30.22593691
613,28.48220233,28.48553982,28.49558404,28.51243022,28.53623693,28.56722587,28.60568160,28.65195129,28.70644433,28.76963182,28.84204563,28.92427693,29.01697374,29.12083747,29.23661848,29.36511221,29.50716054,29.66366842,29.83564936,30.02430655,30.23113244
614,28.48445717,28.48780181,28.49786747,28.51474936,28.53860599,28.56965903,28.60819296,28.65455489,28.70915411,28.77246152,28.84500874,28.92738645,29.02024201,29.12427599,29.24023798,29.36892350,29.51117724,29.66791218,29.84015650,30.02913165,30.23634373
615,28.48671684,28.49006862,28.50015572,28.51707330,28.54097985,28.57209697,28.61070909,28.65716324,28.71186859,28.77529588,28.84797640,28.93050038,29.02351453,29.12771860,29.24386153,29.37273931,29.51519991,29.67216460,29.84467565,30.03397133,30.24156992
616,28.48898134,28.49234027,28.50244879,28.51940206,28.54335851,28.57453969,28.61322999,28.65977633,28.71458778,28.77813489,28.85094862,28.93361874,29.02679131,29.13116532,29.24748925,29.37655983,29.51922872,29.67642569,29.84920661,30.03882531,30.24681076
617,28.49125066,28.49461673,28.50474668,28.52173563,28.54574197,28.57698720,28.61575565,28.66239416,28.71731167,28.78097853,28.85392538,28.93674151,29.03007235,29.13461619,29.25112121,29.38038522,29.52326393,29.68069566,29.85374935,30.04369320,30.25206570
618,28.49352481,28.49689802,28.50704939,28.52407400,28.54813022,28.57943949,28.61828607,28.66501673,28.72004026,28.78382679,28.85690667,28.93986869,29.03335765,29.13807124,29.25475751,29.38421564,29.52730569,29.68497459,29.85830374,30.04857470,30.25733437
619,28.49580378,28.49918414,28.50935691,28.52641718,28.55052327,28.58189656,28.62082126,28.66764403,28.72277354,28.78667969,28.85989249,28.94300027,29.03664721,29.14153051,29.25839825,29.38805125,29.53135418,29.68926252,29.86286968,30.05346952,30.26261645
620,28.49808757,28.50147507,28.51166925,28.52876517,28.55292111,28.58435841,28.62336120,28.67027606,28.72551150,28.78953720,28.86288283,28.94613624,29.03994107,29.14499405,29.26204351,29.39189219,29.53540953,29.69355952,29.86744705,30.05837738,30.26791160
621,28.50037619,28.50377082,28.51398640,28.53111796,28.55532375,28.58682504,28.62590591,28.67291282,28.72825413,28.79239932,28.86587768,28.94927662,29.04323924,29.14846192,29.26569342,29.39573857,29.53947182,29.69786559,29.87203574,30.06329810,30.27321961
622,28.50266962,28.50607139,28.51630837,28.53347556,28.55773117,28.58929645,28.62845536,28.67555430,28.73100145,28.79526604,28.86887705,28.95242140,29.04654171,29.15193415,29.26934804,29.39959057,29.54354127,29.70218086,29.87663566,30.06823132,30.27854004
623,28.50496788,28.50837677,28.51863514,28.53583796,28.56014339,28.59177263,28.63100957,28.67820049,28.73375343,28.79813736,28.87188091,28.95557057,29.04984852,29.15541079,29.27300748,29.40344833,29.54761802,29.70650537,29.88124669,30.07317676,30.28387256
624,28.50727095,28.51068698,28.52096673,28.53820516,28.56256040,28.59425358,28.63356853,28.68085141,28.73651008,28.80101328,28.87488928,28.95872416,29.05315971,29.15889193,29.27667183,29.40731187,29.55170199,29.71083899,29.88586872,30.07813441,30.28921719
625,28.50957883,28.51300199,28.52330312,28.54057716,28.56498220,28.59673930,28.63613224,28.68350703,28.73927139,28.80389378,28.87790216,28.96188216,29.05647528,29.16237759,29.28034119,29.41118137,29.55579340,29.71518185,29.89050164,30.08310392,30.29457349
626,28.51189154,28.51532182,28.52564433,28.54295396,28.56740878,28.59922980,28.63870069,28.68616736,28.74203735,28.80677887,28.88091952,28.96504458,29.05979526,29.16586784,29.28401564,29.41505695,29.55989236,29.71953397,29.89514536,30.08808505,30.29994120
627,28.51420905,28.51764646,28.52799033,28.54533556,28.56984015,28.60172506,28.64127388,28.68883240,28.74480796,28.80966854,28.88394139,28.96821144,29.06311970,29.16936274,29.28769527,29.41893867,29.56399884,29.72389528,29.89979977,30.09307772,30.30532024
628,28.51653138,28.51997591,28.53034115,28.54772195,28.57227630,28.60422509,28.64385181,28.69150214,28.74758323,28.81256279,28.88696776,28.97138275,29.06644863,29.17286236,29.29138015,29.42282660,29.56811291,29.72826575,29.90446477,30.09808175,30.31071042
629,28.51885852,28.52231018,28.53269677,28.55011314,28.57471724,28.60672987,28.64643448,28.69417657,28.75036313,28.81546161,28.88999863,28.97455852,29.06978206,29.17636675,29.29507039,29.42672087,29.57223466,29.73264542,29.90914024,30.10309692,30.31611148
630,28.52119047,28.52464925,28.53505719,28.55250913,28.57716295,28.60923943,28.64902187,28.69685569,28.75314767,28.81836500,28.89303401,28.97773876,29.07312004,29.17987596,29.29876606,29.43062155,29.57636416,29.73703427,29.91382610,30.10812307,30.32152323
631,28.52352723,28.52699312,28.53742242,28.55490991,28.57961344,28.61175373,28.65161400,28.69953951,28.75593685,28.82127296,28.89607390,28.98092350,29.07646262,29.18339007,29.30246721,29.43452867,29.58050136,29.74143222,29.91852227,30.11316013,30.32694563
632,28.52586879,28.52934181,28.53979244,28.55731548,28.58206872,28.61427280,28.65421086,28.70222801,28.75873066,28.82418550,28.89911831,28.98411276,29.07980983,29.18690913,29.30617393,29.43844232,29.58464633,29.74583928,29.92322864,30.11820791,30.33237847
633,28.52821517,28.53169529,28.54216727,28.55972584,28.58452876,28.61679662,28.65681244,28.70492119,28.76152910,28.82710260,28.90216724,28.98730656,29.08316171,29.19043319,29.30988628,29.44236255,29.58879908,29.75025539,29.92794512,30.12326631,30.33782162
634,28.53056635,28.53405359,28.54454689,28.56214098,28.58699358,28.61932519,28.65941874,28.70761906,28.76433217,28.83002428,28.90522072,28.99050490,29.08651828,29.19396231,29.31360433,29.44628944,29.59295970,29.75468059,29.93267162,30.12833512,30.34327486
635,28.53292233,28.53641668,28.54693131,28.56456092,28.58946317,28.62185851,28.66202976,28.71032160,28.76713986,28.83295054,28.90827873,28.99370783,29.08987959,29.19749653,29.31732814,29.45022303,29.59712817,29.75911481,29.93740807,30.13341426,30.34873812
636,28.53528311,28.53878457,28.54932053,28.56698564,28.59193753,28.62439658,28.66464549,28.71302882,28.76995218,28.83588137,28.91134130,28.99691536,29.09324569,29.20103593,29.32105777,29.45416337,29.60130449,29.76355800,29.94215437,30.13850362,30.35421127
637,28.53764870,28.54115727,28.55171454,28.56941514,28.59441666,28.62693939,28.66726594,28.71574070,28.77276912,28.83881678,28.91440844,29.00012751,29.09661661,29.20458055,29.32479328,29.45811048,29.60548867,29.76801014,29.94691044,30.14360310,30.35969421
638,28.54001909,28.54353476,28.55411334,28.57184942,28.59690056,28.62948695,28.66989110,28.71845726,28.77559069,28.84175678,28.91748016,29.00334433,29.09999240,29.20813045,29.32853472,29.46206441,29.60968072,29.77247117,29.95167621,30.14871259,30.36518683
639,28.54239428,28.54591705,28.55651693,28.57428849,28.59938921,28.63203924,28.67252096,28.72117848,28.77841688,28.84470136,28.92055647,29.00656581,29.10337308,29.21168566,29.33228213,29.46602523,29.61388069,29.77694111,29.95645160,30.15383192,30.37068893
640,28.54477426,28.54830414,28.55892531,28.57673233,28.60188263,28.63459627,28.67515553,28.72390437,28.78124770,28.84765055,28.92363739,29.00979199,29.10675869,29.21524623,29.33603558,29.46999294,29.61808855,29.78141990,29.96123653,30.15896103,30.37620047
641,28.54715904,28.55069602,28.56133848,28.57918095,28.60438081,28.63715804,28.67779481,28.72663493,28.78408314,28.85060434,28.92672293,29.01302291,29.11014928,29.21881222,29.33979509,29.47396758,29.62230429,29.78590749,29.96603094,30.16409984,30.38172135
642,28.54954862,28.55309269,28.56375644,28.58163434,28.60688375,28.63972454,28.68043878,28.72937015,28.78692321,28.85356273,28.92981312,29.01625859,29.11354490,29.22238368,29.34356071,29.47794916,29.62652791,29.79040384,29.97083474,30.16924826,30.38725148
643,28.55194299,28.55549416,28.56617918,28.58409251,28.60939144,28.64229577,28.68308745,28.73211003,28.78976791,28.85652575,28.93290796,29.01949905,29.11694556,29.22596063,29.34733249,29.48193771,29.63075942,29.79490893,29.97564788,30.17440617,30.39279076
644,28.55434215,28.55790041,28.56860670,28.58655545,28.61190388,28.64487173,28.68574083,28.73485457,28.79261724,28.85949339,28.93600746,29.02274431,29.12035130,29.22954312,29.35111046,29.48593329,29.63499885,29.79942274,29.98047027,30.17957347,30.39833904
645,28.55674610,28.56031146,28.57103901,28.58902316,28.61442108,28.64745241,28.68839889,28.73760378,28.79547122,28.86246567,28.93911166,29.02599441,29.12376216,29.23313120,29.35489466,29.48993590,29.63924616,29.80394521,29.98530186,30.18475009,30.40389628
646,28.55915484,28.56272729,28.57347609,28.59149563,28.61694302,28.65003782,28.69106166,28.74035765,28.79832983,28.86544259,28.94222057,29.02924938,29.12717819,29.23672489,29.35868512,29.49394554,29.64350134,29.80847631,29.99014258,30.18993595,30.40946239
647,28.56156837,28.56514790,28.57591796,28.59397288,28.61946971,28.65262795,28.69372911,28.74311618,28.80119308,28.86842418,28.94533420,29.03250924,29.13059940,29.24032424,29.36248187,29.49796224,29.64776439,29.81301600,29.99499238,30.19513098,30.41503729
648,28.56398669,28.56757330,28.57836460,28.59645488,28.62200115,28.65522281,28.69640126,28.74587938,28.80406099,28.87141042,28.94845258,29.03577402,29.13402584,29.24392928,29.36628494,29.50198602,29.65203532,29.81756425,29.99985118,30.20033508,30.42062089
649,28.56640979,28.57000348,28.58081601,28.59894165,28.62453733,28.65782238,28.69907810,28.74864725,28.80693355,28.87440135,28.95157571,29.03904373,29.13745753,29.24754006,29.37009437,29.50601691,29.65631411,29.82212104,30.00471892,30.20554816,30.42621309
650,28.56883767,28.57243844,28.58327220,28.60143317,28.62707825,28.66042667,28.70175963,28.75141978,28.80981078,28.87739696,28.95470363,29.04231842,29.14089451,29.25115659,29.37391019,29.51005490,29.66060075,29.82668631,30.00959554,30.21077017,30.43181383
651,28.57127033,28.57487818,28.58573316,28.60392946,28.62962391,28.66303568,28.70444585,28.75419699,28.81269267,28.88039728,28.95783634,29.04559810,29.14433681,29.25477891,29.37773240,29.51410000,29.66489524,29.83126004,30.01448099,30.21600103,30.43742304
652,28.57370778,28.57732270,28.58819888,28.60643050,28.63217431,28.66564940,28.70713676,28.75697887,28.81557924,28.88340231,28.96097388,29.04888280,29.14778446,29.25840705,29.38156104,29.51815223,29.66919755,29.83584218,30.01937522,30.22124067,30.44304065
653,28.57615000,28.57977199,28.59066938,28.60893630,28.63472945,28.66826784,28.70983237,28.75976542,28.81847049,28.88641206,28.96411625,29.05217255,29.15123749,29.26204104,29.38539614,29.52221160,29.67350768,29.84043271,30.02427815,30.22648902,30.44866658
654,28.57859699,28.58222606,28.59314464,28.61144684,28.63728932,28.67089099,28.71253267,28.76255666,28.82136642,28.88942655,28.96726348,29.05546736,29.15469593,29.26568092,29.38923772,29.52627812,29.67782562,29.84503159,30.02918974,30.23174601,30.45430076
655,28.58104877,28.58468490,28.59562467,28.61396214,28.63985392,28.67351885,28.71523766,28.76535258,28.82426705,28.89244580,28.97041558,29.05876727,29.15815980,29.26932671,29.39308580,29.53035179,29.68215136,29.84963878,30.03410994,30.23701158,30.45994314
656,28.58350531,28.58714850,28.59810945,28.61648219,28.64242326,28.67615143,28.71794735,28.76815319,28.82717239,28.89546981,28.97357258,29.06207231,29.16162913,29.27297843,29.39694038,29.53443262,29.68648487,29.85425425,30.03903869,30.24228566,30.46559364
657,28.58596662,28.58961688,28.60059900,28.61900699,28.64499733,28.67878872,28.72066173,28.77095849,28.83008244,28.89849860,28.97673449,29.06538248,29.16510396,29.27663610,29.40080150,29.53852060,29.69082614,29.85887797,30.04397595,30.24756821,30.47125222
658,28.58843271,28.59209002,28.60309331,28.62153653,28.64757613,28.68143072,28.72338081,28.77376848,28.83299721,28.90153218,28.97990134,29.06869783,29.16858431,29.28029977,29.40466917,29.54261575,29.69517516,29.86350990,30.04892165,30.25285915,30.47691880
659,28.59090356,28.59456793,28.60559237,28.62407082,28.65015965,28.68407743,28.72610459,28.77658318,28.83591671,28.90457056,28.98307314,29.07201837,29.17207020,29.28396944,29.40854340,29.54671806,29.69953192,29.86815000,30.05387576,30.25815842,30.48259333
660,28.59337917,28.59705060,28.60809619,28.62660985,28.65274791,28.68672886,28.72883308,28.77940258,28.83884095,28.90761377,28.98624990,29.07534412,29.17556165,29.28764514,29.41242421,29.55082754,29.70389639,29.87279824,30.05883822,30.26346598,30.48827518
661,28.59585955,28.59953803,28.61060476,28.62915362,28.65534089,28.68938499,28.73156626,28.78222669,28.84176994,28.91066181,28.98943166,29.07867511,29.17905870,29.29132689,29.41631162,29.55494419,29.70826857,29.87745459,30.06380898,30.26878014,30.49386401
662,28.59834470,28.60203022,28.61311809,28.63170214,28.65793860,28.69204584,28.73430416,28.78505552,28.84470368,28.91371470,28.99261843,29.08201136,29.18256137,29.29501472,29.42020563,29.55906800,29.71264843,29.88211902,30.06878751,30.27408640,30.49937738
663,28.60083460,28.60452717,28.61563616,28.63425539,28.66054103,28.69471141,28.73704676,28.78788908,28.84764219,28.91677244,28.99581022,29.08535290,29.18606967,29.29870863,29.42410626,29.56319898,29.71703595,29.88679137,30.07377132,30.27937493,30.50484535
664,28.60332926,28.60702887,28.61815899,28.63681339,28.66314819,28.69738169,28.73979408,28.79072736,28.85058548,28.91983507,28.99900706,29.08869974,29.18958364,29.30240866,29.42801351,29.56733712,29.72143109,29.89147111,30.07875704,30.28464481,30.51027810
665,28.60582868,28.60953533,28.62068656,28.63937612,28.66576008,28.70005669,28.74254611,28.79357037,28.85353356,28.92290258,29.00220896,29.09205190,29.19310328,29.30611481,29.43192740,29.57148242,29.72583373,29.89615738,30.08374190,30.28989618,30.51568211
666,28.60833285,28.61204655,28.62321888,28.64194358,28.66837669,28.70273640,28.74530286,28.79641813,28.85648643,28.92597501,29.00541595,29.09540941,29.19662863,29.30982711,29.43584794,29.57563483,29.73024365,29.90084910,30.08872398,30.29513007,30.52106171
667,28.61084178,28.61456251,28.62575595,28.64451579,28.67099803,28.70542084,28.74806434,28.79927064,28.85944411,28.92905235,29.00862804,29.09877229,29.20015970,29.31354557,29.43977512,29.57979433,29.73466052,29.90554513,30.09370207,30.30034778,30.52641971
668,28.61335546,28.61708323,28.62829776,28.64709273,28.67362410,28.70810999,28.75083054,28.80212790,28.86240661,28.93213462,29.01184525,29.10214055,29.20369652,29.31727020,29.44370894,29.58396080,29.73908390,29.91024448,30.09867546,30.30555040,30.53175817
669,28.61587389,28.61960869,28.63084431,28.64967440,28.67625489,28.71080387,28.75360148,28.80498992,28.86537394,28.93522184,29.01506759,29.10551423,29.20723909,29.32100102,29.44764938,29.58813410,29.74351330,29.91494627,30.10364372,30.31073887,30.53707890
670,28.61839708,28.62213891,28.63339561,28.65226081,28.67889041,28.71350248,28.75637715,28.80785671,28.86834611,28.93831403,29.01829509,29.10889332,29.21078744,29.32473803,29.45159640,29.59231408,29.74794825,29.91964973,30.10860643,30.31591408,30.54238360
671,28.62092501,28.62467386,28.63595165,28.65485195,28.68153066,28.71620581,28.75915756,28.81072828,28.87132313,28.94141120,29.02152776,29.11227786,29.21434159,29.32848124,29.45554998,29.59650054,29.75238826,29.92435421,30.11356340,30.32107683,30.54767362
672,28.62345768,28.62721357,28.63851242,28.65744783,28.68417563,28.71891387,28.76194271,28.81360463,28.87430501,28.94451335,29.02476562,29.11566786,29.21790154,29.33223063,29.45951001,29.60069321,29.75683286,29.92905927,30.11851467,30.32622778,30.55294986
673,28.62599511,28.62975802,28.64107794,28.66004844,28.68682534,28.72162666,28.76473262,28.81648578,28.87729176,28.94762051,29.02800869,29.11906335,29.22146731,29.33598620,29.46347645,29.60489189,29.76128160,29.93376438,30.12346012,30.33136765,30.55821348
674,28.62853728,28.63230721,28.64364820,28.66265378,28.68947977,28.72434419,28.76752728,28.81937173,28.88028340,28.95073270,29.03125698,29.12246432,29.22503891,29.33974793,29.46744916,29.60909628,29.76573408,29.93846928,30.12839987,30.33649699,30.56346512
675,28.63108419,28.63486114,28.64622319,28.66526386,28.69213894,28.72706646,28.77032669,28.82226248,28.88327994,28.95384992,29.03451050,29.12587081,29.22861634,29.34351577,29.47142802,29.61330615,29.77018996,29.94317367,30.13333399,30.34161632,30.56870550
676,28.63363584,28.63741982,28.64880292,28.66787867,28.69480284,28.72979347,28.77313088,28.82515805,28.88628138,28.95697218,29.03776928,29.12928281,29.23219959,29.34728969,29.47541292,29.61752124,29.77464891,29.94787732,30.13826257,30.34672614,30.57393526
677,28.63619224,28.63998324,28.65138739,28.67049821,28.69747148,28.73252522,28.77593984,28.82805845,28.88928773,28.96009951,29.04103333,29.13270035,29.23578867,29.35106966,29.47940374,29.62174130,29.77911051,29.95257986,30.14318564,30.35182703,30.57915522
678,28.63875338,28.64255139,28.65397660,28.67312250,28.70014485,28.73526172,28.77875357,28.83096368,28.89229902,28.96323192,29.04430265,29.13612342,29.23938356,29.35485559,29.48340030,29.62596611,29.78357464,29.95728137,30.14810340,30.35691922,30.58436558
679,28.64131926,28.64512429,28.65657054,28.67575151,28.70282296,28.73800297,28.78157209,28.83387375,28.89531525,28.96636941,29.04757728,29.13955205,29.24298425,29.35864745,29.48740249,29.63019541,29.78804092,29.96198151,30.15301592,30.36200326,30.58956711
680,28.64388987,28.64770192,28.65916923,28.67838527,28.70550581,28.74074898,28.78439539,28.83678867,28.89833643,28.96951201,29.05085721,29.14298623,29.24659072,29.36244516,29.49141016,29.63442899,29.79250912,29.96668018,30.15792332,30.36707953,30.59476024
681,28.64646523,28.65028429,28.66177264,28.68102376,28.70819341,28.74349975,28.78722349,28.83970845,28.90136257,28.97265972,29.05414245,29.14642596,29.25020294,29.36624862,29.49542315,29.63866665,29.79697912,29.97137741,30.16282578,30.37214823,30.59994519
682,28.64904533,28.65287141,28.66438080,28.68366699,28.71088575,28.74625528,28.79005639,28.84263309,28.90439368,28.97581256,29.05743303,29.14987124,29.25382090,29.37005779,29.49944132,29.64290815,29.80145062,29.97607301,30.16772338,30.37720982,30.60512256
683,28.65163016,28.65546325,28.66699369,28.68631495,28.71358284,28.74901558,28.79289410,28.84556262,28.90742978,28.97897053,29.06072894,29.15332207,29.25744455,29.37387257,29.50346453,29.64715333,29.80592352,29.98076698,30.17261627,30.38226452,30.61029256
684,28.65421973,28.65805984,28.66961133,28.68896766,28.71628468,28.75178065,28.79573662,28.84849703,28.91047087,28.98213365,29.06403018,29.15677843,29.26107385,29.37769285,29.50749261,29.65140202,29.81039768,29.98545932,30.17750460,30.38731258,30.61545549
685,28.65681404,28.66066117,28.67223370,28.69162512,28.71899127,28.75455049,28.79858396,28.85143633,28.91351697,28.98530193,29.06733678,29.16024032,29.26470875,29.38151857,29.51152544,29.65565404,29.81487295,29.99014996,30.18238848,30.39235429,30.62061167
686,28.65941309,28.66326723,28.67486081,28.69428731,28.72170261,28.75732512,28.80143613,28.85438053,28.91656808,28.98847538,29.07064871,29.16370773,29.26834923,29.38534964,29.51556290,29.65990923,29.81934916,29.99483885,30.18726801,30.39738994,30.62576147
687,28.66201688,28.66587803,28.67749266,28.69695425,28.72441872,28.76010453,28.80429313,28.85732964,28.91962422,28.99165400,29.07396600,29.16718062,29.27199522,29.38918595,29.51960483,29.66416744,29.82382625,29.99952602,30.19214334,30.40241971,30.63090506
688,28.66462540,28.66849357,28.68012925,28.69962594,28.72713959,28.76288874,28.80715497,28.86028368,28.92268539,28.99483780,29.07728863,29.17065900,29.27564668,29.39302741,29.52365109,29.66842854,29.82830413,30.00421149,30.19701460,30.40744381,30.63604267
689,28.66723867,28.67111385,28.68277058,28.70230238,28.72986522,28.76567774,28.81002166,28.86324264,28.92575160,28.99802679,29.08061661,29.17414283,29.27930355,29.39687394,29.52770157,29.67269238,29.83278269,30.00889523,30.20188189,30.41246245,30.64117456
690,28.66985667,28.67373887,28.68541666,28.70498357,28.73259562,28.76847154,28.81289320,28.86620653,28.92882286,29.00122097,29.08394992,29.17763208,29.28296579,29.40072545,29.53175617,29.67695886,29.83726183,30.01357722,30.20674531,30.41747587,30.64630099
691,28.67247941,28.67636863,28.68806748,28.70766951,28.73533080,28.77127014,28.81576960,28.86917537,28.93189917,29.00442035,29.08728856,29.18112674,29.28663332,29.40458183,29.53581475,29.68122786,29.84174151,30.01825752,30.21160499,30.42248420,30.65142209
692,28.67510689,28.67900314,28.69072305,28.71036021,28.73807075,28.77407356,28.81865087,28.87214916,28.93498055,29.00762493,29.09063253,29.18462677,29.29030609,29.40844299,29.53987719,29.68549928,29.84622170,30.02293617,30.21646103,30.42748760,30.65653805
693,28.67773912,28.68164238,28.69338336,28.71305567,28.74081547,28.77688179,28.82153702,28.87512791,28.93806700,29.01083470,29.09398180,29.18813214,29.29398405,29.41230887,29.54394341,29.68977300,29.85070228,30.02761311,30.22131352,30.43248630,30.66164911
694,28.68037608,28.68428637,28.69604843,28.71575589,28.74356499,28.77969484,28.82442804,28.87811162,28.94115853,29.01404967,29.09733637,29.19164281,29.29766713,29.41617936,29.54801329,29.69404895,29.85518321,30.03228838,30.22616258,30.43748044,30.66675544
695,28.68301779,28.68693510,28.69871824,28.71846087,28.74631929,28.78251272,28.82732395,28.88110031,28.94425513,29.01726983,29.10069623,29.19515876,29.30135528,29.42005439,29.55208675,29.69832703,29.85966447,30.03696203,30.23100828,30.44247016,30.67185718
696,28.68566425,28.68958858,28.70139281,28.72117062,28.74907838,28.78533543,28.83022475,28.88409397,28.94735682,29.02049519,29.10406135,29.19867995,29.30504842,29.42393385,29.55616368,29.70260718,29.86414602,30.04163407,30.23585074,30.44745559,30.67695449
697,28.68831545,28.69224681,28.70407213,28.72388514,28.75184226,28.78816297,28.83313045,28.88709262,28.95046360,29.02372574,29.10743172,29.20220634,29.30874651,29.42781770,29.56024399,29.70688928,29.86862778,30.04630451,30.24069004,30.45243692,30.68204755
698,28.69097140,28.69490979,28.70675621,28.72660443,28.75461095,28.79099536,28.83604106,28.89009625,28.95357546,29.02696147,29.11080733,29.20573789,29.31244949,29.43170584,29.56432760,29.71117329,29.87310974,30.05097338,30.24552626,30.45741426,30.68713649
699,28.69363209,28.69757752,28.70944505,28.72932850,28.75738443,28.79383260,28.83895658,28.89310488,28.95669242,29.03020238,29.11418814,29.20927457,29.31615730,29.43559818,29.56841444,29.71545913,29.87759187,30.05564071,30.25035951,30.46238774,30.69222145
700,28.69629754,28.70025000,28.71213865,28.73205734,28.76016273,28.79667468,28.84187701,28.89611851,28.95981446,29.03344846,29.11757415,29.21281633,29.31986987,29.43949467,29.57250441,29.71974675,29.88207415,30.06030654,30.25518985,30.46735748,30.69730256
701,28.69896774,28.70292724,28.71483702,28.73479097,28.76294584,28.79952163,28.84480236,28.89913714,28.96294160,29.03669969,29.12096533,29.21636315,29.32358715,29.44339523,29.57659745,29.72403607,29.88655655,30.06497087,30.26001738,30.47232361,30.70237996
702,28.70164269,28.70560923,28.71754015,28.73752939,28.76573376,28.80237343,28.84773264,28.90216077,28.96607382,29.03995608,29.12436165,29.21991496,29.32730908,29.44729978,29.58069347,29.72832704,29.89103904,30.06963376,30.26484217,30.47728623,30.70745375
703,28.70432240,28.70829599,28.72024805,28.74027259,28.76852650,28.80523011,28.85066785,28.90518941,28.96921113,29.04321761,29.12776309,29.22347175,29.33103560,29.45120825,29.58479241,29.73261961,29.89552163,30.07429523,30.26966430,30.48224546,30.71252406
704,28.70700687,28.71098750,28.72296073,28.74302058,28.77132407,28.80809165,28.85360800,28.90822306,28.97235352,29.04648426,29.13116963,29.22703346,29.33476666,29.45512058,29.58889420,29.73691372,29.90000426,30.07895529,30.27448385,30.48720141,30.71759101
705,28.70969609,28.71368378,28.72567818,28.74577337,28.77412647,28.81095807,28.85655308,28.91126172,28.97550099,29.04975604,29.13458125,29.23060006,29.33850221,29.45903670,29.59299877,29.74120932,29.90448694,30.08361399,30.27930090,30.49215420,30.72265471
706,28.71239008,28.71638483,28.72840040,28.74853096,28.77693369,28.81382937,28.85950310,28.91430540,28.97865354,29.05303292,29.13799792,29.23417151,29.34224218,29.46295655,29.59710606,29.74550638,29.90896967,30.08827137,30.28411551,30.49710389,30.72771524
707,28.71508884,28.71909064,28.73112741,28.75129335,28.77974576,28.81670556,28.86245807,28.91735409,28.98181116,29.05631488,29.14141960,29.23774776,29.34598652,29.46688007,29.60121603,29.74980487,29.91345244,30.09292745,30.28892775,30.50205059,30.73277270
708,28.71779237,28.72180123,28.73385921,28.75406055,28.78256267,28.81958663,28.86541799,28.92040779,28.98497384,29.05960192,29.14484627,29.24132877,29.34973517,29.47080718,29.60532860,29.75410474,29.91793525,30.09758228,30.29373769,30.50699436,30.73782717
709,28.72050066,28.72451659,28.73659579,28.75683256,28.78538442,28.82247260,28.86838286,28.92346650,28.98814158,29.06289401,29.14827791,29.24491449,29.35348808,29.47473785,29.60944375,29.75840598,29.92241811,30.10223589,30.29854539,30.51193530,30.74287873
710,28.72321373,28.72723673,28.73933716,28.75960938,28.78821102,28.82536347,28.87135268,28.92653022,28.99131438,29.06619114,29.15171448,29.24850490,29.35724521,29.47867200,29.61356138,29.76270850,29.92690096,30.10688829,30.30335093,30.51687354,30.74792753
711,28.72593157,28.72996165,28.74208332,28.76239102,28.79104247,28.82825923,28.87432746,28.92959896,28.99449221,29.06949331,29.15515597,29.25209994,29.36100650,29.48260958,29.61768147,29.76701230,29.93138383,30.11153951,30.30815436,30.52180914,30.75297364
712,28.72865419,28.73269135,28.74483428,28.76517748,28.79387878,28.83115989,28.87730719,28.93267270,28.99767508,29.07280047,29.15860233,29.25569959,29.36477190,29.48655054,29.62180398,29.77131736,29.93586672,30.11618960,30.31295575,30.52674216,30.75801711
713,28.73138160,28.73542584,28.74759004,28.76796876,28.79671995,28.83406547,28.88029189,28.93575144,29.00086297,29.07611263,29.16205354,29.25930378,29.36854135,29.49049484,29.62592885,29.77562366,29.94034965,30.12083860,30.31775514,30.53167267,30.76305802
714,28.73411379,28.73816512,28.75035061,28.77076488,28.79956598,28.83697595,28.88328154,28.93883518,29.00405588,29.07942974,29.16550956,29.26291249,29.37231481,29.49444241,29.63005606,29.77993118,29.94483262,30.12548653,30.32255260,30.53660074,30.76809643
715,28.73685077,28.74090919,28.75311598,28.77356582,28.80241688,28.83989134,28.88627615,28.94192392,29.00725379,29.08275181,29.16897036,29.26652566,29.37609223,29.49839321,29.63418556,29.78423990,29.94931564,30.13013343,30.32734817,30.54152643,30.77313240
716,28.73959254,28.74365806,28.75588616,28.77637161,28.80527265,28.84281165,28.88927571,28.94501765,29.01045669,29.08607880,29.17243592,29.27014327,29.37987357,29.50234719,29.63831731,29.78854978,29.95379868,30.13477932,30.33214192,30.54644984,30.77816604
717,28.74233910,28.74641173,28.75866116,28.77918223,28.80813330,28.84573687,28.89228024,28.94811637,29.01366458,29.08941070,29.17590621,29.27376527,29.38365877,29.50630432,29.64245126,29.79286080,29.95828177,30.13942423,30.33693390,30.55137103,30.78319742
718,28.74509047,28.74917020,28.76144098,28.78199769,28.81099882,28.84866700,28.89528972,28.95122007,29.01687743,29.09274749,29.17938120,29.27739163,29.38744781,29.51026454,29.64658740,29.79717295,29.96276489,30.14406819,30.34172416,30.55629007,30.78822661
719,28.74784663,28.75193347,28.76422561,28.78481800,28.81386922,28.85160206,28.89830415,28.95432874,29.02009523,29.09608914,29.18286085,29.28102230,29.39124063,29.51422781,29.65072568,29.80148621,29.96724806,30.14871122,30.34651275,30.56120702,30.79325366
720,28.75060760,28.75470156,28.76701507,28.78764315,28.81674450,28.85454203,28.90132354,28.95744238,29.02331798,29.09943564,29.18634515,29.28465726,29.39503719,29.51819410,29.65486606,29.80580055,29.97173126,30.15335334,30.35129972,30.56612206,30.79828232
721,28.75337338,28.75747446,28.76980936,28.79047316,28.81962466,28.85748692,28.90434787,28.96056098,29.02654566,29.10278697,29.18983405,29.28829647,29.39883746,29.52216336,29.65900852,29.81011595,29.97621452,30.15799460,30.35608519,30.57103681,30.80335391
722,28.75614396,28.76025217,28.77260848,28.79330802,28.82250971,28.86043673,28.90737715,28.96368454,29.02977826,29.10614310,29.19332753,29.29193988,29.40264139,29.52613555,29.66315302,29.81443242,29.98069783,30.16263504,30.36086951,30.57595619,30.80846932
723,28.75891936,28.76303471,28.77541243,28.79614774,28.82539965,28.86339146,28.91041138,28.96681304,29.03301575,29.10950401,29.19682557,29.29558746,29.40644894,29.53011064,29.66729954,29.81874993,29.98518121,30.16727476,30.36565368,30.58088658,30.81361351
724,28.76169958,28.76582206,28.77822122,28.79899232,28.82829447,28.86635111,28.91345054,28.96994648,29.03625814,29.11286968,29.20032812,29.29923918,29.41026008,29.53408859,29.67144805,29.82306847,29.98966469,30.17191398,30.37043938,30.58583096,30.81877705
725,28.76448462,28.76861424,28.78103485,28.80184176,28.83119418,28.86931567,28.91649465,28.97308484,29.03950539,29.11624008,29.20383516,29.30289500,29.41407476,29.53806936,29.67559853,29.82738804,29.99414832,30.17655316,30.37522846,30.59078778,30.82395665
726,28.76727449,28.77141125,28.78385332,28.80469606,28.83409879,28.87228516,28.91954368,28.97622813,29.04275751,29.11961520,29.20734666,29.30655488,29.41789294,29.54205293,29.67975095,29.83170864,29.99863220,30.18119288,30.38002209,30.59575535,30.82915077
727,28.77006918,28.77421310,28.78667663,28.80755523,28.83700829,28.87525956,28.92259764,28.97937632,29.04601446,29.12299501,29.21086259,29.31021879,29.42171460,29.54603925,29.68390529,29.83603028,30.00311652,30.18583380,30.38482075,30.60073321,30.83435836
728,28.77286870,28.77701977,28.78950480,28.81041927,28.83992268,28.87823887,28.92565653,28.98252942,29.04927624,29.12637949,29.21438292,29.31388670,29.42553970,29.55002830,29.68806153,29.84035300,30.00760149,30.19047645,30.38962463,30.60572133,30.83957839
729,28.77567306,28.77983129,28.79233781,28.81328818,28.84284196,28.88122310,28.92872033,28.98568741,29.05254283,29.12976862,29.21790763,29.31755857,29.42936820,29.55402005,29.69221967,29.84467688,30.01208739,30.19512124,30.39443399,30.61071931,30.84480993
730,28.77848225,28.78264765,28.79517568,28.81616197,28.84576614,28.88421224,28.93178905,28.98885028,29.05581421,29.13316237,29.22143668,29.32123437,29.43320007,29.55801447,29.69637971,29.84900197,30.01657445,30.19976864,30.39924902,30.61572690,30.85005207
731,28.78129628,28.78546885,28.79801841,28.81904062,28.84869521,28.88720628,28.93486267,28.99201801,29.05909036,29.13656072,29.22497004,29.32491407,29.43703527,29.56201154,29.70054165,29.85332839,30.02106292,30.20441887,30.40406989,30.62074350,30.85530425
732,28.78411515,28.78829489,28.80086599,28.82192416,28.85162918,28.89020524,28.93794119,28.99519061,29.06237128,29.13996365,29.22850770,29.32859764,29.44087379,29.56601124,29.70470551,29.85765622,30.02555305,30.20907230,30.40889673,30.62576879,30.86056576
733,28.78693887,28.79112579,28.80371843,28.82481257,28.85456804,28.89320909,28.94102460,28.99836805,29.06565694,29.14337113,29.23204961,29.33228504,29.44471558,29.57001356,29.70887132,29.86198561,30.03004507,30.21372909,30.41372954,30.63080241,30.86583628
734,28.78976744,28.79396154,28.80657574,28.82770585,28.85751179,28.89621785,28.94411290,29.00155032,29.06894732,29.14678314,29.23559575,29.33597624,29.44856062,29.57401849,29.71303911,29.86631667,30.03453918,30.21838950,30.41856835,30.63584403,30.87111528
735,28.79260085,28.79680214,28.80943791,28.83060402,28.86046044,28.89923150,28.94720607,29.00473742,29.07224242,29.15019967,29.23914609,29.33967123,29.45240890,29.57802602,29.71720894,29.87064953,30.03903557,30.22305364,30.42341308,30.64089344,30.87640252
736,28.79543912,28.79964759,28.81230494,28.83350706,28.86341397,28.90225004,28.95030412,29.00792933,29.07554220,29.15362068,29.24270062,29.34336996,29.45626038,29.58203615,29.72138086,29.87498430,30.04353441,30.22772166,30.42826369,30.64595042,30.88169766
737,28.79828225,28.80249791,28.81517685,28.83641499,28.86637239,28.90527347,28.95340704,29.01112604,29.07884665,29.15704616,29.24625929,29.34707242,29.46011506,29.58604891,29.72555493,29.87932112,30.04803583,30.23239363,30.43312012,30.65101479,30.88700047
738,28.80113023,28.80535308,28.81805362,28.83932779,28.86933570,28.90830179,28.95651480,29.01432754,29.08215577,29.16047607,29.24982210,29.35077857,29.46397291,29.59006428,29.72973119,29.88366010,30.05254006,30.23706976,30.43798237,30.65608625,30.89231054
739,28.80398307,28.80821312,28.82093526,28.84224547,28.87230390,28.91133498,28.95962742,29.01753381,29.08546952,29.16391041,29.25338900,29.35448840,29.46783391,29.59408229,29.73390971,29.88800135,30.05704719,30.24175008,30.44285037,30.66116465,30.89762770
740,28.80684077,28.81107802,28.82382177,28.84516803,28.87527698,28.91437305,28.96274487,29.02074484,29.08878789,29.16734915,29.25695998,29.35820188,29.47169808,29.59810296,29.73809056,29.89234497,30.06155730,30.24643459,30.44772407,30.66624988,30.90295182
741,28.80970334,28.81394779,28.82671316,28.84809547,28.87825494,28.91741598,28.96586715,29.02396062,29.09211086,29.17079226,29.26053501,29.36191899,29.47556539,29.60212630,29.74227379,29.89669108,30.06607059,30.25112346,30.45260342,30.67134168,30.90828255
742,28.81257077,28.81682243,28.82960941,28.85102779,28.88123778,28.92046378,28.96899426,29.02718113,29.09543842,29.17423972,29.26411407,29.36563972,29.47943583,29.60615234,29.74645946,29.90103978,30.07058713,30.25581670,30.45748838,30.67643993,30.91361975
743,28.81544306,28.81970193,28.83251054,28.85396499,28.88422550,28.92351644,28.97212617,29.03040636,29.09877054,29.17769152,29.26769714,29.36936405,29.48330943,29.61018112,29.75064765,29.90539114,30.07510694,30.26051426,30.46237887,30.68154457,30.91896338
744,28.81832023,28.82258630,28.83541655,28.85690707,28.88721808,28.92657395,28.97526289,29.03363630,29.10210721,29.18114763,29.27128419,29.37309195,29.48718615,29.61421264,29.75483842,29.90974527,30.07963018,30.26521626,30.46727486,30.68665538,30.92431316
745,28.82120226,28.82547555,28.83832743,28.85985402,28.89021554,28.92963631,28.97840440,29.03687093,29.10544842,29.18460804,29.27487522,29.37682342,29.49106602,29.61824695,29.75903183,29.91410225,30.08415691,30.26992271,30.47217629,30.69177226,30.92966896
746,28.82408916,28.82836966,28.84124318,28.86280584,28.89321787,28.93270350,28.98155070,29.04011025,29.10879414,29.18807271,29.27847019,29.38055846,29.49494905,29.62228409,29.76322794,29.91846213,30.08868714,30.27463357,30.47708310,30.69689516,30.93503076
747,28.82698094,28.83126865,28.84416380,28.86576254,28.89622505,28.93577553,28.98470177,29.04335423,29.11214436,29.19154164,29.28206910,29.38429705,29.49883524,29.62632408,29.76742681,29.92282502,30.09322097,30.27934889,30.48199524,30.70202390,30.94039833
748,28.82987758,28.83417250,28.84708930,28.86872410,28.89923710,28.93885239,28.98785759,29.04660286,29.11549906,29.19501481,29.28567192,29.38803918,29.50272459,29.63036696,29.77162849,29.92719096,30.09775845,30.28406869,30.48691266,30.70715843,30.94577161
749,28.83277910,28.83708123,28.85001967,28.87169054,28.90225399,28.94193406,28.99101817,29.04985613,29.11885823,29.19849220,29.28927866,29.39178486,29.50661714,29.63441276,29.77583302,29.93155996,30.10229955,30.28879292,30.49183533,30.71229870,30.95115057
750,28.83568548,28.83999483,28.85295491,28.87466184,28.90527574,28.94502055,28.99418350,29.05311402,29.12222184,29.20197379,29.29288928,29.39553407,29.51051288,29.63846152,29.78004047,29.93593216,30.10684439,30.29352162,30.49676319,30.71744456,30.95653500
751,28.83859674,28.84291330,28.85589502,28.87763800,28.90830233,28.94811184,28.99735355,29.05637653,29.12558988,29.20545956,29.29650377,29.39928681,29.51441182,29.64251325,29.78425091,29.94030761,30.11139303,30.29825483,30.50169617,30.72259589,30.96192480
752,28.84151288,28.84583665,28.85884001,28.88061903,28.91133376,28.95120793,29.00052833,29.05964364,29.12896234,29.20894950,29.30012211,29.40304306,29.51831396,29.64656801,29.78846438,29.94468638,30.11594553,30.30299254,30.50663425,30.72775260,30.96731984
753,28.84443388,28.84876486,28.86178985,28.88360491,28.91437003,28.95430880,29.00370781,29.06291533,29.13233920,29.21244360,29.30374433,29.40680285,29.52221935,29.65062581,29.79268088,29.94906843,30.12050180,30.30773468,30.51157739,30.73291474,30.97272019
754,28.84735975,28.85169795,28.86474457,28.88659565,28.91741112,28.95741446,29.00689200,29.06619158,29.13572045,29.21594183,29.30737038,29.41056618,29.52612799,29.65468670,29.79690050,29.95345385,30.12506192,30.31248130,30.51652554,30.73808216,30.97812570
755,28.85029050,28.85463590,28.86770414,28.88959124,28.92045704,28.96052490,29.01008087,29.06947240,29.13910606,29.21944419,29.31100027,29.41433303,29.53003989,29.65875070,29.80112327,29.95784270,30.12962597,30.31723239,30.52147865,30.74325477,30.98353625
756,28.85322611,28.85757873,28.87066859,28.89259167,28.92350778,28.96364010,29.01327442,29.07275776,29.14249603,29.22295066,29.31463397,29.41810339,29.53395507,29.66281785,29.80534926,29.96223505,30.13419396,30.32198797,30.52643668,30.74843249,30.98895174
757,28.85616660,28.86052642,28.87363789,28.89559696,28.92656333,28.96676005,29.01647264,29.07604765,29.14589034,29.22646123,29.31827150,29.42187729,29.53787353,29.66688818,29.80957848,29.96663090,30.13876590,30.32674800,30.53139960,30.75361528,30.99437215
758,28.85911195,28.86347897,28.87661205,28.89860708,28.92962369,28.96988476,29.01967552,29.07934206,29.14928898,29.22997589,29.32191285,29.42565475,29.54179533,29.67096170,29.81381095,29.97103024,30.14334174,30.33151245,30.53636739,30.75880315,30.99979749
759,28.86206216,28.86643639,28.87959106,28.90162204,28.93268885,28.97301421,29.02288304,29.08264098,29.15269194,29.23349463,29.32555800,29.42943574,29.54572045,29.67503846,29.81804672,29.97543314,30.14792156,30.33628134,30.54133998,30.76399597,31.00522763
760,28.86501724,28.86939867,28.88257493,28.90464183,28.93575881,28.97614839,29.02609519,29.08594439,29.15609920,29.23701744,29.32920696,29.43322028,29.54964892,29.67911849,29.82228585,29.97983966,30.15250539,30.34105466,30.54631735,30.76919369,31.01066248
761,28.86797719,28.87236582,28.88556364,28.90766645,28.93883356,28.97928729,29.02931197,29.08925228,29.15951074,29.24054429,29.33285971,29.43700836,29.55358075,29.68320182,29.82652837,29.98424982,30.15709324,30.34583241,30.55129944,30.77439623,31.01610198
762,28.87094199,28.87533781,28.88855721,28.91069589,28.94191308,28.98243091,29.03253336,29.09256463,29.16292657,29.24407520,29.33651626,29.44080001,29.55751597,29.68728845,29.83077426,29.98866360,30.16168508,30.35061454,30.55628626,30.77960362,31.02154615
763,28.87391166,28.87831467,28.89155561,28.91373015,28.94499738,28.98557923,29.03575936,29.09588145,29.16634667,29.24761016,29.34017661,29.44459523,29.56145458,29.69137843,29.83502359,29.99308104,30.16628092,30.35540107,30.56127776,30.78481578,31.02699492
764,28.87688617,28.88129637,28.89455885,28.91676922,28.94808645,28.98873225,29.03898994,29.09920271,29.16977102,29.25114915,29.34384076,29.44839403,29.56539662,29.69547177,29.83927637,29.99750217,30.17088079,30.36019198,30.56627390,30.79003267,31.03244823
765,28.87986555,28.88428292,28.89756693,28.91981310,28.95118029,28.99188996,29.04222511,29.10252840,29.17319962,29.25469216,29.34750871,29.45219641,29.56934210,29.69956851,29.84353263,30.00192701,30.17548468,30.36498724,30.57127466,30.79525424,31.03790605
766,28.88284977,28.88727432,28.90057984,28.92286179,28.95427887,28.99505235,29.04546485,29.10585852,29.17663246,29.25823920,29.35118045,29.45600238,29.57329102,29.70366866,29.84779241,30.00635558,30.18009261,30.36978687,30.57628000,30.80048044,31.04336831
767,28.88583884,28.89027056,28.90359758,28.92591527,28.95738221,28.99821942,29.04870915,29.10919305,29.18006952,29.26179024,29.35485598,29.45981195,29.57724340,29.70777225,29.85205572,30.01078791,30.18470460,30.37459085,30.58128989,30.80571121,31.04883495
768,28.88883275,28.89327164,28.90662014,28.92897354,28.96049028,29.00139114,29.05195800,29.11253199,29.18351081,29.26534530,29.35853530,29.46362512,29.58119927,29.71187930,29.85632259,30.01522401,30.18932064,30.37939915,30.58630431,30.81094654,31.05430595
769,28.89183150,28.89627756,28.90964751,28.93203660,28.96360309,29.00456752,29.05521140,29.11587532,29.18695630,29.26890436,29.36221842,29.46744190,29.58515864,29.71598982,29.86059303,30.01966388,30.19394073,30.38421178,30.59132323,30.81618639,31.05978129
770,28.89483510,28.89928831,28.91267970,28.93510444,28.96672063,29.00774854,29.05846932,29.11922303,29.19040600,29.27246742,29.36590534,29.47126232,29.58912152,29.72010385,29.86486706,30.02410754,30.19856486,30.38902871,30.59634663,30.82143072,31.06526092
771,28.89784352,28.90230388,28.91571671,28.93817705,28.96984288,29.01093420,29.06173176,29.12257511,29.19385989,29.27603448,29.36959606,29.47508637,29.59308794,29.72422140,29.86914471,30.02855499,30.20319303,30.39384992,30.60137447,30.82667952,31.07074483
772,28.90085678,28.90532428,28.91875851,28.94125443,28.97296984,29.01412448,29.06499872,29.12593155,29.19731796,29.27960554,29.37329059,29.47891407,29.59705791,29.72834249,29.87342598,30.03300625,30.20782524,30.39867540,30.60640674,30.83193275,31.07623297
773,28.90387485,28.90834950,28.92180511,28.94433658,28.97610151,29.01731939,29.06827018,29.12929235,29.20078022,29.28318058,29.37698891,29.48274541,29.60103143,29.73246713,29.87771091,30.03746136,30.21246154,30.40350516,30.61144340,30.83719032,31.08172525
774,28.90689776,28.91137953,28.92485651,28.94742348,28.97923787,29.02051890,29.07154613,29.13265750,29.20424665,29.28675960,29.38069104,29.48658041,29.60500853,29.73659534,29.88199951,30.04192032,30.21710189,30.40833918,30.61648443,30.84245225,31.08722169
775,28.90992547,28.91441437,28.92791270,28.95051513,28.98237893,29.02372302,29.07482657,29.13602699,29.20771725,29.29034262,29.38439698,29.49041908,29.60898921,29.74072714,29.88629179,30.04638311,30.22174629,30.41317745,30.62152982,30.84771850,31.09272225
776,28.91295800,28.91745402,28.93097366,28.95361152,28.98552466,29.02693173,29.07811149,29.13940081,29.21119201,29.29392961,29.38810674,29.49426142,29.61297349,29.74486255,29.89058775,30.05084976,30.22639473,30.41801993,30.62657953,30.85298905,31.09822691
777,28.91599534,28.92049847,28.93403941,28.95671264,28.98867506,29.03014502,29.08140087,29.14277895,29.21467092,29.29752059,29.39182031,29.49810746,29.61696139,29.74900157,29.89488742,30.05532025,30.23104722,30.42286664,30.63163355,30.85826387,31.10373565
778,28.91903747,28.92354771,28.93710992,28.95981850,28.99183013,29.03336289,29.08469471,29.14616140,29.21815399,29.30111555,29.39553771,29.50195720,29.62095292,29.75314423,29.89919080,30.05979461,30.23570374,30.42771754,30.63669186,30.86354295,31.10924843
779,28.92208441,28.92660174,28.94018520,28.96292908,28.99498986,29.03658532,29.08799300,29.14954817,29.22164121,29.30471450,29.39925894,29.50581064,29.62494809,29.75729053,29.90349790,30.06427282,30.24036429,30.43257263,30.64175444,30.86882624,31.11476524
780,28.92513613,28.92966055,28.94326524,28.96604437,28.99815424,29.03981231,29.09129573,29.15293923,29.22513257,29.30831742,29.40298399,29.50966779,29.62894691,29.76144049,29.90780875,30.06875493,30.24502890,30.43743190,30.64682125,30.87411361,31.12028156
781,28.92819265,28.93272414,28.94635003,28.96916437,29.00132326,29.04304386,29.09460290,29.15633459,29.22862807,29.31192432,29.40671287,29.51352866,29.63294939,29.76559412,29.91212336,30.07324094,30.24969757,30.44229535,30.65189224,30.87940327,31.12574315
782,28.93125394,28.93579250,28.94943957,28.97228908,29.00449692,29.04627995,29.09791450,29.15973424,29.23212771,29.31553520,29.41044559,29.51739325,29.63695553,29.76975144,29.91644173,30.07773083,30.25437026,30.44716295,30.65696701,30.88468795,31.13113881
783,28.93432001,28.93886563,28.95253385,28.97541848,29.00767520,29.04952058,29.10123051,29.16313818,29.23563147,29.31915005,29.41418214,29.52126157,29.64096537,29.77391245,29.92076387,30.08222463,30.25904700,30.45203460,30.66204414,30.88995740,31.13650410
784,28.93739084,28.94194353,28.95563287,28.97855257,29.01085811,29.05276574,29.10455094,29.16654639,29.23913936,29.32276888,29.41792254,29.52513364,29.64497889,29.77807717,29.92508980,30.08672232,30.26372774,30.45690999,30.66712101,30.89521120,31.14184437
785,28.94046644,28.94502617,28.95873661,28.98169134,29.01404562,29.05601542,29.10787578,29.16995887,29.24265138,29.32639168,29.42166677,29.52900945,29.64899612,29.78224561,29.92941952,30.09122392,30.26841243,30.46178850,30.67219553,30.90045151,31.14716253
786,28.94354680,28.94811357,28.96184508,28.98483478,29.01723775,29.05926961,29.11120502,29.17337562,29.24616752,29.33001846,29.42541486,29.53288903,29.65301706,29.78641779,29.93375304,30.09572940,30.27310090,30.46666932,30.67726659,30.90567824,31.15246168
787,28.94663191,28.95120571,28.96495826,28.98798290,29.02043447,29.06252831,29.11453865,29.17679662,29.24968777,29.33364922,29.42916680,29.53677236,29.65704173,29.79059369,29.93809036,30.10023874,30.27779294,30.47155168,30.68233347,30.91089174,31.15774410
788,28.94972177,28.95430258,28.96807615,28.99113567,29.02363579,29.06579151,29.11787666,29.18022189,29.25321214,29.33728396,29.43292260,29.54065947,29.66107013,29.79477335,29.94243148,30.10475188,30.28248823,30.47643493,30.68739557,30.91609300,31.16301151
789,28.95281637,28.95740419,28.97119874,28.99429310,29.02684168,29.06905920,29.12121906,29.18365140,29.25674062,29.34092267,29.43668226,29.54455036,29.66510226,29.79895676,29.94677638,30.10926870,30.28718645,30.48131851,30.69245259,30.92128277,31.16826500
790,28.95591569,28.96051051,28.97432603,28.99745517,29.03005216,29.07233137,29.12456583,29.18708516,29.26027321,29.34456536,29.44044578,29.54844503,29.66913815,29.80314393,29.95112506,30.11378912,30.29188728,30.48620185,30.69750411,30.92646185,31.17350597
791,28.95901975,28.96362156,28.97745800,29.00062189,29.03326721,29.07560803,29.12791697,29.19052316,29.26380991,29.34821203,29.44421318,29.55234349,29.67317780,29.80733485,29.95547747,30.11831297,30.29659038,30.49108455,30.70255018,30.93163066,31.17873509
792,28.96212853,28.96673732,28.98059466,29.00379324,29.03648682,29.07888916,29.13127246,29.19396540,29.26735071,29.35186268,29.44798444,29.55624575,29.67722121,29.81152953,29.95983357,30.12284013,30.30129544,30.49596618,30.70759064,30.93678980,31.18395333
793,28.96524202,28.96985778,28.98373599,29.00696921,29.03971098,29.08217475,29.13463232,29.19741187,29.27089562,29.35551731,29.45175959,29.56015181,29.68126838,29.81572795,29.96419330,30.12737041,30.30600215,30.50084649,30.71262562,30.94193967,31.18916121
794,28.96836022,28.97298294,28.98688200,29.01014980,29.04293970,29.08546480,29.13799652,29.20086256,29.27444464,29.35917592,29.45553861,29.56406168,29.68531932,29.81993010,29.96855659,30.13190364,30.31071023,30.50572521,30.71765513,30.94708072,31.19435938
795,28.97148312,28.97611279,28.99003266,29.01333501,29.04617295,29.08875930,29.14136507,29.20431749,29.27799775,29.36283852,29.45932152,29.56797537,29.68937403,29.82413596,29.97292337,30.13643964,30.31541942,30.51060217,30.72267925,30.95221333,31.19954832
796,28.97461071,28.97924733,28.99318798,29.01652482,29.04941074,29.09205825,29.14473796,29.20777663,29.28155496,29.36650510,29.46310831,29.57189287,29.69343250,29.82834548,29.97729352,30.14097825,30.32012956,30.51547729,30.72769806,30.95733779,31.20472836
797,28.97774300,28.98238655,28.99634795,29.01971923,29.05265307,29.09536164,29.14811518,29.21124000,29.28511627,29.37017567,29.46689900,29.57581418,29.69749472,29.83255863,29.98166698,30.14551929,30.32484037,30.52035036,30.73271164,30.96245451,31.20990006
798,28.98087996,28.98553043,28.99951256,29.02291824,29.05589991,29.09866947,29.15149673,29.21470757,29.28868168,29.37385022,29.47069358,29.57973932,29.70156070,29.83677541,29.98604366,30.15006259,30.32955161,30.52522118,30.73772003,30.96756388,31.21506395
799,28.98402160,28.98867899,29.00268181,29.02612183,29.05915127,29.10198172,29.15488261,29.21817936,29.29225118,29.37752876,29.47449205,29.58366827,29.70563040,29.84099572,29.99042343,30.15460803,30.33426324,30.53008985,30.74272339,30.97266600,31.22022007
800,28.98716791,28.99183220,29.00585568,29.02932999,29.06240714,29.10529839,29.15827281,29.22165536,29.29582477,29.38121128,29.47829441,29.58760104,29.70970381,29.84521955,29.99480622,30.15915541,30.33897501,30.53495618,30.74772178,30.97776127,31.22536898
801,28.99031888,28.99499006,29.00903418,29.03254273,29.06566751,29.10861948,29.16166732,29.22513556,29.29940246,29.38489780,29.48210068,29.59153762,29.71378094,29.84944684,29.99919192,30.16370459,30.34368673,30.53982004,30.75271527,30.98285000,31.23051105
802,28.99347450,28.99815256,29.01221729,29.03576004,29.06893238,29.11194498,29.16506614,29.22861996,29.30298424,29.38858830,29.48591083,29.59547800,29.71786172,29.85367752,30.00358042,30.16825548,30.34839843,30.54468157,30.75770402,30.98793223,31.23564628
803,28.99663477,29.00131971,29.01540501,29.03898190,29.07220174,29.11527489,29.16846927,29.23210857,29.30657012,29.39228279,29.48972489,29.59942218,29.72194615,29.85791154,30.00797162,30.17280792,30.35310988,30.54954064,30.76268811,30.99300831,31.24077511
804,28.99979968,29.00449148,29.01859733,29.04220832,29.07547558,29.11860919,29.17187670,29.23560136,29.31016008,29.39598128,29.49354283,29.60337015,29.72603421,29.86214884,30.01236543,30.17736175,30.35782097,30.55439718,30.76766763,30.99807848,31.24589782
805,29.00296923,29.00766788,29.02179424,29.04543928,29.07875390,29.12194789,29.17528843,29.23909836,29.31375413,29.39968374,29.49736467,29.60732189,29.73012584,29.86638936,30.01676175,30.18191693,30.36253170,30.55925129,30.77264269,31.00314282,31.25101447
806,29.00614341,29.01084890,29.02499575,29.04867478,29.08203670,29.12529098,29.17870445,29.24259954,29.31735227,29.40339020,29.50119038,29.61127739,29.73422103,29.87063302,30.02116048,30.18647331,30.36724195,30.56410293,30.77761340,31.00820155,31.25612533
807,29.00932220,29.01403453,29.02820183,29.05191482,29.08532396,29.12863845,29.18212476,29.24610491,29.32095449,29.40710063,29.50501998,29.61523662,29.73831972,29.87487977,30.02556153,30.19103081,30.37195165,30.56895209,30.78257983,31.01325485,31.26123058
808,29.01250561,29.01722477,29.03141249,29.05515938,29.08861568,29.13199030,29.18554936,29.24961446,29.32456079,29.41081505,29.50885345,29.61919959,29.74242190,29.87912955,30.02996483,30.19558931,30.37666070,30.57379874,30.78754208,31.01830291,31.26633048
809,29.01569363,29.02041960,29.03462772,29.05840846,29.09191186,29.13534653,29.18897824,29.25312820,29.32817118,29.41453344,29.51269078,29.62316625,29.74652752,29.88338229,30.03437028,30.20014875,30.38136908,30.57864293,30.79250025,31.02334585,31.27142513
810,29.01888625,29.02361902,29.03784752,29.06166206,29.09521248,29.13870713,29.19241140,29.25664612,29.33178564,29.41825581,29.51653196,29.62713661,29.75063653,29.88763791,30.03877778,30.20470904,30.38607675,30.58348468,30.79745442,31.02838382,31.27651467
811,29.02208347,29.02682303,29.04107186,29.06492016,29.09851755,29.14207209,29.19584883,29.26016822,29.33540418,29.42198215,29.52037699,29.63111061,29.75474888,29.89189636,30.04318727,30.20927011,30.39078369,30.58832403,30.80240470,31.03341692,31.28159924
812,29.02528527,29.03003162,29.04430076,29.06818277,29.10182706,29.14544140,29.19929053,29.26369449,29.33902679,29.42571245,29.52422584,29.63508826,29.75886456,29.89615758,30.04759868,30.21383187,30.39548978,30.59316092,30.80735113,31.03844537,31.28667910
813,29.02849165,29.03324478,29.04753420,29.07144987,29.10514100,29.14881508,29.20273650,29.26722492,29.34265347,29.42944671,29.52807851,29.63906952,29.76298350,29.90042151,30.05201193,30.21839427,30.40019504,30.59799542,30.81229382,31.04346925,31.29175429
814,29.03170261,29.03646250,29.05077218,29.07472147,29.10845937,29.15219310,29.20618673,29.27075953,29.34628422,29.43318492,29.53193499,29.64305435,29.76710566,29.90468808,30.05642694,30.22295726,30.40489944,30.60282756,30.81723285,31.04848865,31.29682494
815,29.03491814,29.03968479,29.05401469,29.07799754,29.11178216,29.15557547,29.20964121,29.27429830,29.34991903,29.43692708,29.53579525,29.64704274,29.77123099,29.90895721,30.06084366,30.22752078,30.40960299,30.60765738,30.82216828,31.05350370,31.30189116
816,29.03813823,29.04291162,29.05726172,29.08127810,29.11510937,29.15896219,29.21309996,29.27784123,29.35355790,29.44067316,29.53965929,29.65103465,29.77535946,29.91322889,30.06526202,30.23208475,30.41430560,30.61248485,30.82710020,31.05851455,31.30695314
817,29.04136288,29.04614300,29.06051327,29.08456313,29.11844099,29.16235323,29.21656295,29.28138832,29.35720081,29.44442317,29.54352708,29.65503006,29.77949102,29.91750303,30.06968196,30.23664915,30.41900727,30.61731001,30.83202867,31.06352128,31.31201097
818,29.04459207,29.04937893,29.06376934,29.08785263,29.12177701,29.16574861,29.22003019,29.28493956,29.36084777,29.44817709,29.54739860,29.65902894,29.78362563,29.92177959,30.07410343,30.24121393,30.42370801,30.62213291,30.83695377,31.06852399,31.31706474
819,29.04782581,29.05261938,29.06702991,29.09114659,29.12511744,29.16914832,29.22350168,29.28849495,29.36449877,29.45193492,29.55127384,29.66303124,29.78776323,29.92605850,30.07852636,30.24577905,30.42840779,30.62695356,30.84187556,31.07352278,31.32211455
820,29.05106408,29.05586437,29.07029498,29.09444500,29.12846226,29.17255235,29.22697740,29.29205447,29.36815379,29.45569664,29.55515277,29.66703696,29.79190380,29.93033973,30.08295071,30.25034445,30.43310659,30.63177199,30.84679411,31.07851775,31.32716053
821,29.05430689,29.05911387,29.07356454,29.09774787,29.13181147,29.17596070,29.23045736,29.29561814,29.37181285,29.45946223,29.55903538,29.67104604,29.79604729,29.93462321,30.08737642,30.25491010,30.43780440,30.63658821,30.85170949,31.08350900,31.33220277
822,29.05755422,29.06236789,29.07683860,29.10105518,29.13516507,29.17937337,29.23394154,29.29918594,29.37547591,29.46323170,29.56292164,29.67505847,29.80019365,29.93890891,30.09180345,30.25947598,30.44250122,30.64140226,30.85662176,31.08849661,31.33724135
823,29.06080607,29.06562642,29.08011713,29.10436693,29.13852305,29.18279034,29.23742995,29.30275786,29.37914299,29.46700501,29.56681153,29.67907420,29.80434284,29.94319676,30.09623175,30.26404204,30.44719704,30.64621418,30.86153098,31.09348067,31.34227637
824,29.06406243,29.06888946,29.08340015,29.10768311,29.14188541,29.18621161,29.24092258,29.30633391,29.38281406,29.47078216,29.57070504,29.68309320,29.80849483,29.94748673,30.10066128,30.26860827,30.45189185,30.65102398,30.86643721,31.09846125,31.34730792
825,29.06732330,29.07215699,29.08668763,29.11100373,29.14525214,29.18963719,29.24441943,29.30991407,29.38648912,29.47456313,29.57460213,29.68711546,29.81264956,29.95177877,30.10509199,30.27317461,30.45658565,30.65583170,30.87134052,31.10343845,31.35233608
826,29.07058866,29.07542901,29.08997958,29.11432876,29.14862323,29.19306706,29.24792048,29.31349833,29.39016816,29.47834791,29.57850279,29.69114093,29.81680701,29.95607283,30.10952384,30.27774106,30.46127844,30.66063736,30.87624096,31.10841233,31.35736092
827,29.07385853,29.07870552,29.09327599,29.11765822,29.15199868,29.19650122,29.25142574,29.31708670,29.39385117,29.48213648,29.58240698,29.69516958,29.82096713,29.96036888,30.11395680,30.28230758,30.46597022,30.66544100,30.88113858,31.11338297,31.36238252
828,29.07713288,29.08198651,29.09657686,29.12099208,29.15537849,29.19993967,29.25493520,29.32067915,29.39753814,29.48592882,29.58631470,29.69920138,29.82512989,29.96466686,30.11839083,30.28687416,30.47066098,30.67024264,30.88603345,31.11835045,31.36740097
829,29.08041171,29.08527197,29.09988217,29.12433036,29.15876265,29.20338239,29.25844884,29.32427569,29.40122905,29.48972493,29.59022591,29.70323630,29.82929524,29.96896674,30.12282588,30.29144075,30.47535072,30.67504231,30.89092562,31.12331484,31.37241635
830,29.08369502,29.08856190,29.10319193,29.12767303,29.16215116,29.20682939,29.26196668,29.32787631,29.40492389,29.49352478,29.59414060,29.70727431,29.83346316,29.97326849,30.12726192,30.29600736,30.48003946,30.67984003,30.89581514,31.12827620,31.37742871
831,29.08698280,29.09185630,29.10650612,29.13102010,29.16554400,29.21028065,29.26548869,29.33148100,29.40862266,29.49732835,29.59805873,29.71131538,29.83763359,29.97757205,30.13169893,30.30057396,30.48472719,30.68463585,30.90070206,31.13323459,31.38243811
832,29.09027505,29.09515515,29.10982475,29.13437157,29.16894118,29.21373618,29.26901487,29.33508974,29.41232534,29.50113563,29.60198028,29.71535947,29.84180650,29.98187740,30.13613688,30.30514055,30.48941394,30.68942979,30.90558643,31.13819007,31.38744461
833,29.09357175,29.09845845,29.11314780,29.13772741,29.17234269,29.21719596,29.27254522,29.33870253,29.41603191,29.50494659,29.60590522,29.71940654,29.84598186,29.98618450,30.14057574,30.30970712,30.49409970,30.69422189,30.91046829,31.14314269,31.39244826
834,29.09687292,29.10176620,29.11647528,29.14108764,29.17574853,29.22066000,29.27607973,29.34231937,29.41974237,29.50876122,29.60983353,29.72345658,29.85015964,29.99049332,30.14501549,30.31427365,30.49878449,30.69901217,30.91534770,31.14809251,31.39744912
835,29.10017853,29.10507839,29.11980717,29.14445225,29.17915868,29.22412828,29.27961840,29.34594023,29.42345669,29.51257949,29.61376518,29.72750954,29.85433979,29.99480382,30.14945608,30.31884011,30.50346831,30.70380066,30.92022470,31.15303960,31.40244728
836,29.10348858,29.10839501,29.12314347,29.14782122,29.18257315,29.22760080,29.28316120,29.34956511,29.42717487,29.51640140,29.61770016,29.73156541,29.85852229,29.99911597,30.15389751,30.32340651,30.50815115,30.70858738,30.92509933,31.15798403,31.40744278
837,29.10680307,29.11171607,29.12648417,29.15119456,29.18599192,29.23107756,29.28670814,29.35319401,29.43089689,29.52022692,29.62163843,29.73562415,29.86270710,30.00342974,30.15833974,30.32797282,30.51283303,30.71337235,30.92997165,31.16292583,31.41243569
838,29.11012199,29.11504154,29.12982928,29.15457226,29.18941500,29.23455854,29.29025921,29.35682690,29.43462274,29.52405603,29.62557998,29.73968572,29.86689419,30.00774509,30.16278276,30.33253906,30.51751397,30.71815562,30.93484169,31.16786506,31.41742603
839,29.11344534,29.11837144,29.13317878,29.15795431,29.19284237,29.23804374,29.29381440,29.36046378,29.43835240,29.52788872,29.62952476,29.74375010,29.87108354,30.01206201,30.16722655,30.33710520,30.52219398,30.72293721,30.93970949,31.17280176,31.42241387
840,29.11677311,29.12170575,29.13653267,29.16134071,29.19627403,29.24153315,29.29737370,29.36410464,29.44208585,29.53172495,29.63347277,29.74781727,29.87527509,30.01638047,30.17167108,30.34167125,30.52687306,30.72771714,30.94457510,31.17773616,31.42740253
841,29.12010530,29.12504446,29.13989094,29.16473145,29.19970997,29.24502676,29.30093710,29.36774946,29.44582309,29.53556471,29.63742397,29.75188719,29.87946885,30.02070043,30.17611634,30.34623718,30.53155121,30.73249544,30.94943860,31.18266886,31.43240030
842,29.12344189,29.12838758,29.14325359,29.16812653,29.20315019,29.24852458,29.30450460,29.37139824,29.44956409,29.53940799,29.64137835,29.75595983,29.88366476,30.02502187,30.18056230,30.35080300,30.53622844,30.73727213,30.95430016,31.18760116,31.43740760
843,29.12678289,29.13173510,29.14662061,29.17152594,29.20659469,29.25202658,29.30807617,29.37505095,29.45330884,29.54325476,29.64533587,29.76003518,29.88786280,30.02934476,30.18500895,30.35536869,30.54090476,30.74204729,30.95916007,31.19253443,31.44242464
844,29.13012829,29.13508700,29.14999199,29.17492967,29.21004344,29.25553277,29.31165183,29.37870760,29.45705733,29.54710500,29.64929652,29.76411319,29.89206295,30.03366909,30.18945626,30.35993426,30.54558020,30.74682098,30.96401877,31.19747005,31.44744593
845,29.13347808,29.13844329,29.15336774,29.17833772,29.21349646,29.25904313,29.31523154,29.38236816,29.46080953,29.55095869,29.65326027,29.76819385,29.89626518,30.03799482,30.19390423,30.36449969,30.55025478,30.75159335,30.96887678,31.20240816,31.45247133
846,29.13683226,29.14180396,29.15674784,29.18175009,29.21695372,29.26255766,29.31881531,29.38603262,29.46456544,29.55481581,29.65722709,29.77227713,29.90046946,30.04232193,30.19835284,30.36906500,30.55492854,30.75636458,30.97373461,31.20734857,31.45749898
847,29.14019083,29.14516900,29.16013229,29.18516676,29.22041523,29.26607635,29.32240313,29.38970098,29.46832502,29.55867635,29.66119696,29.77636300,29.90467577,30.04665041,30.20280208,30.37363018,30.55960153,30.76113487,30.97859258,31.21229073,31.46252879
848,29.14355377,29.14853842,29.16352108,29.18858773,29.22388098,29.26959919,29.32599497,29.39337321,29.47208828,29.56254027,29.66516986,29.78045143,29.90888407,30.05098022,30.20725194,30.37819526,30.56427385,30.76590444,30.98345070,31.21723423,31.46756103
849,29.14692108,29.15191219,29.16691421,29.19201299,29.22735095,29.27312617,29.32959085,29.39704931,29.47585519,29.56640757,29.66914576,29.78454240,29.91309435,30.05531136,30.21170240,30.38276024,30.56894554,30.77067346,30.98830923,31.22217883,31.47259513
850,29.15029275,29.15529032,29.17031168,29.19544254,29.23082515,29.27665728,29.33319073,29.40072926,29.47962574,29.57027821,29.67312464,29.78863589,29.91730659,30.05964380,30.21615346,30.38732515,30.57361673,30.77544208,30.99316800,31.22712472,31.47763101
851,29.15366879,29.15867281,29.17371346,29.19887637,29.23430357,29.28019252,29.33679462,29.40441305,29.48339990,29.57415218,29.67710648,29.79273187,29.92152075,30.06397753,30.22060512,30.39189002,30.57828750,30.78021042,30.99802715,31.23207175,31.48266845
852,29.15704918,29.16205964,29.17711957,29.20231448,29.23778619,29.28373187,29.34040249,29.40810065,29.48717766,29.57802946,29.68109126,29.79683031,29.92573682,30.06831252,30.22505738,30.39645489,30.58295793,30.78497856,31.00288663,31.23701999,31.48770733
853,29.16043392,29.16545080,29.18052999,29.20575685,29.24127301,29.28727533,29.34401435,29.41179207,29.49095901,29.58191004,29.68507894,29.80093120,29.92995477,30.07264877,30.22951024,30.40101980,30.58762810,30.78974658,31.00774649,31.24196936,31.49274751
854,29.16382300,29.16884631,29.18394472,29.20920348,29.24476402,29.29082289,29.34763017,29.41548728,29.49474392,29.58579387,29.68906952,29.80503451,29.93417459,30.07698626,30.23396371,30.40558478,30.59229810,30.79451454,31.01260679,31.24691977,31.49778892
855,29.16721641,29.17224613,29.18736374,29.21265437,29.24825922,29.29437453,29.35124995,29.41918628,29.49853238,29.58968096,29.69306296,29.80914022,29.93839626,30.08132499,30.23841780,30.41014989,30.59696795,30.79928247,31.01746754,31.25187117,31.50283148
856,29.17061416,29.17565028,29.19078706,29.21610950,29.25175860,29.29793026,29.35487367,29.42288904,29.50232437,29.59357128,29.69705925,29.81324831,29.94261976,30.08566495,30.24287254,30.41471515,30.60163773,30.80405044,31.02232874,31.25682347,31.50787514
857,29.17401623,29.17905875,29.19421467,29.21956887,29.25526214,29.30149004,29.35850133,29.42659555,29.50611988,29.59746480,29.70105836,29.81735875,29.94684507,30.09000613,30.24732792,30.41928061,30.60630751,30.80881852,31.02719045,31.26177664,31.51291974
858,29.17742262,29.18247152,29.19764656,29.22303247,29.25876984,29.30505389,29.36213290,29.43030580,29.50991889,29.60136152,29.70506027,29.82147152,29.95107216,30.09434852,30.25178394,30.42384630,30.61097737,30.81358679,31.03205268,31.26673062,31.51796519
859,29.18083332,29.18588860,29.20108272,29.22650030,29.26228169,29.30862179,29.36576839,29.43401977,29.51372137,29.60526140,29.70906496,29.82558661,29.95530104,30.09869211,30.25624065,30.42841227,30.61564733,30.81835525,31.03691542,31.27168538,31.52301150
860,29.18424832,29.18930997,29.20452314,29.22997235,29.26579768,29.31219372,29.36940777,29.43773745,29.51752732,29.60916443,29.71307242,29.82970400,29.95953170,30.10303693,30.26069805,30.43297853,30.62031739,30.82312391,31.04177862,31.27664092,31.52805869
861,29.18766763,29.19273563,29.20796783,29.23344860,29.26931781,29.31576968,29.37305103,29.44145882,29.52133671,29.61307059,29.71708262,29.83382367,29.96376410,30.10738295,30.26515616,30.43754515,30.62498766,30.82789285,31.04664235,31.28159715,31.53310661
862,29.19109123,29.19616558,29.21141678,29.23692906,29.27284206,29.31934965,29.37669817,29.44518387,29.52514953,29.61697987,29.72109553,29.83794558,29.96799824,30.11173017,30.26961498,30.44211214,30.62965819,30.83266213,31.05150660,31.28655403,31.53815520
863,29.19451911,29.19959980,29.21486996,29.24041371,29.27637043,29.32293364,29.38034916,29.44891258,29.52896576,29.62089223,29.72511115,29.84206974,29.97223410,30.11607859,30.27407455,30.44667955,30.63432899,30.83743176,31.05637136,31.29151155,31.54320445
864,29.19795127,29.20303829,29.21832739,29.24390254,29.27990290,29.32652161,29.38400400,29.45264494,29.53278539,29.62480767,29.72912945,29.84619614,29.97647170,30.12042824,30.27853488,30.45124738,30.63900005,30.84220168,31.06123659,31.29646976,31.54825445
865,29.20138771,29.20648104,29.22178905,29.24739555,29.28343947,29.33011357,29.38766267,29.45638094,29.53660839,29.62872617,29.73315042,29.85032474,29.98071102,30.12477911,30.28299599,30.45581568,30.64367145,30.84697198,31.06610232,31.30142858,31.55330508
866,29.20482841,29.20992805,29.22525493,29.25089273,29.28698012,29.33370951,29.39132516,29.46012055,29.54043475,29.63264769,29.73717403,29.85445553,29.98495203,30.12913118,30.28745789,30.46038448,30.64834322,30.85174268,31.07096855,31.30638797,31.55835630
867,29.20827337,29.21337930,29.22872503,29.25439408,29.29052486,29.33730941,29.39499146,29.46386376,29.54426445,29.63657224,29.74120026,29.85858850,29.98919473,30.13348448,30.29192060,30.46495381,30.65301540,30.85651381,31.07583527,31.31134794,31.56340810
868,29.21172258,29.21683480,29.23219934,29.25789957,29.29407366,29.34091325,29.39866155,29.46761056,29.54809748,29.64049979,29.74522912,29.86272365,29.99343914,30.13783901,30.29638414,30.46952366,30.65768795,30.86128531,31.08070248,31.31630852,31.56846054
869,29.21517604,29.22029453,29.23567785,29.26140921,29.29762652,29.34452104,29.40233542,29.47136094,29.55193382,29.64443032,29.74926057,29.86686095,29.99768524,30.14219478,30.30084853,30.47409408,30.66236094,30.86605724,31.08557019,31.32126966,31.57351354
870,29.21863373,29.22375849,29.23916055,29.26492298,29.30118343,29.34813276,29.40601305,29.47511487,29.55577345,29.64836382,29.75329460,29.87100040,30.00193302,30.14655179,30.30531378,30.47866510,30.66703440,30.87082961,31.09043838,31.32623134,31.57856709
871,29.22209566,29.22722667,29.24264743,29.26844088,29.30474438,29.35174839,29.40969444,29.47887234,29.55961635,29.65230027,29.75733118,29.87514197,30.00618248,30.15091004,30.30977990,30.48323674,30.67170834,30.87560244,31.09530706,31.33119356,31.58362117
872,29.22556180,29.23069905,29.24613849,29.27196289,29.30830935,29.35536792,29.41337957,29.48263335,29.56346252,29.65623965,29.76137034,29.87928569,30.01043363,30.15526954,30.31424690,30.48780897,30.67638271,30.88037570,31.10017625,31.33615636,31.58867584
873,29.22903216,29.23417564,29.24963372,29.27548902,29.31187834,29.35899134,29.41706843,29.48639786,29.56731193,29.66018196,29.76541203,29.88343152,30.01468646,30.15963031,30.31871479,30.49238183,30.68105759,30.88514942,31.10504593,31.34111970,31.59373104
874,29.23250672,29.23765643,29.25313311,29.27901923,29.31545134,29.36261865,29.42076099,29.49016587,29.57116457,29.66412716,29.76945625,29.88757946,30.01894096,30.16399234,30.32318361,30.49695537,30.68573299,30.88992363,31.10991612,31.34608355,31.59878674
875,29.23598549,29.24114140,29.25663665,29.28255354,29.31902833,29.36624983,29.42445726,29.49393736,29.57502042,29.66807525,29.77350296,29.89172948,30.02319713,30.16835563,30.32765335,30.50152960,30.69040895,30.89469833,31.11478680,31.35104792,31.60384294
876,29.23946845,29.24463055,29.26014434,29.28609194,29.32260932,29.36988486,29.42815722,29.49771232,29.57887946,29.67202621,29.77755217,29.89588159,30.02745495,30.17272020,30.33212405,30.50610454,30.69508549,30.89947354,31.11965797,31.35601278,31.60889961
877,29.24295559,29.24812388,29.26365616,29.28963440,29.32619428,29.37352374,29.43186084,29.50149073,29.58274168,29.67598001,29.78160385,29.90003576,30.03171444,30.17708604,30.33659570,30.51068022,30.69976261,30.90424927,31.12452964,31.36097813,31.61395675
878,29.24644690,29.25162137,29.26717210,29.29318092,29.32978320,29.37716645,29.43556813,29.50527258,29.58660707,29.67993667,29.78565803,29.90419203,30.03597561,30.18145317,30.34106830,30.51525657,30.70444026,30.90902549,31.12940183,31.36594403,31.61901444
879,29.24994239,29.25512300,29.27069216,29.29673149,29.33337607,29.38081298,29.43927906,29.50905786,29.59047562,29.68389616,29.78971466,29.90835036,30.04023844,30.18582159,30.34554187,30.51983366,30.70911850,30.91380224,31.13427453,31.37091043,31.62407260
880,29.25344202,29.25862879,29.27421633,29.30028610,29.33697289,29.38446332,29.44299362,29.51284654,29.59434729,29.68785846,29.79377374,29.91251075,30.04450293,30.19019130,30.35001642,30.52441151,30.71379736,30.91857952,31.13914774,31.37587732,31.62913123
881,29.25694582,29.26213871,29.27774460,29.30384474,29.34057363,29.38811745,29.44671180,29.51663862,29.59822209,29.69182355,29.79783525,29.91667318,30.04876908,30.19456232,30.35449198,30.52899013,30.71847685,30.92335735,31.14402145,31.38084470,31.63419031
882,29.26045375,29.26565277,29.28127695,29.30740741,29.34417831,29.39177537,29.45043359,29.52043407,29.60209999,29.69579142,29.80189918,29.92083764,30.05303689,30.19893464,30.35896855,30.53356955,30.72315697,30.92813574,31.14889568,31.38581256,31.63924985
883,29.26396582,29.26917095,29.28481340,29.31097409,29.34778689,29.39543707,29.45415897,29.52423289,29.60598097,29.69976206,29.80596552,29.92500413,30.05730635,30.20330827,30.36344614,30.53814977,30.72783776,30.93291469,31.15377042,31.39078089,31.64430983
884,29.26748201,29.27269323,29.28835390,29.31454476,29.35139937,29.39910251,29.45788792,29.52803507,29.60986505,29.70373548,29.81003428,29.92917268,30.06157748,30.20768322,30.36792473,30.54273075,30.73251916,30.93769419,31.15864568,31.39574975,31.64937032
885,29.27100231,29.27621961,29.29189846,29.31811943,29.35501573,29.40277171,29.46162044,29.53184058,29.61375219,29.70771164,29.81410545,29.93334326,30.06585027,30.21205948,30.37240436,30.54731254,30.73720121,30.94247425,31.16352147,31.40071910,31.65443127
886,29.27452672,29.27975009,29.29544708,29.32169807,29.35863597,29.40644464,29.46535651,29.53564941,29.61764238,29.71169054,29.81817899,29.93751585,30.07012472,30.21643707,30.37688502,30.55189516,30.74188393,30.94725490,31.16839778,31.40568894,31.65949268
887,29.27805522,29.28328465,29.29899974,29.32528069,29.36226008,29.41012129,29.46909612,29.53946156,29.62153560,29.71567216,29.82225491,29.94169046,30.07440083,30.22081599,30.38136674,30.55647861,30.74656734,30.95203612,31.17327461,31.41065927,31.66455454
888,29.28158782,29.28682328,29.30255643,29.32886726,29.36588804,29.41380165,29.47283926,29.54327700,29.62543185,29.71965648,29.82633320,29.94586707,30.07867860,30.22519625,30.38584952,30.56106290,30.75125144,30.95681795,31.17815198,31.41563008,31.66961685
889,29.28512450,29.29036598,29.30611715,29.33245779,29.36951984,29.41748571,29.47658590,29.54709571,29.62933110,29.72364350,29.83041383,29.95004568,30.08295802,30.22957785,30.39033337,30.56564806,30.75593624,30.96160037,31.18302987,31.42060137,31.67467960
890,29.28866524,29.29391274,29.30968187,29.33605225,29.37315546,29.42117345,29.48033604,29.55091771,29.63323336,29.72763322,29.83449684,29.95422631,30.08723910,30.23396078,30.39481827,30.57023404,30.76062172,30.96638338,31.18790831,31.42557317,31.67974284
891,29.29221004,29.29746353,29.31325059,29.33965063,29.37679491,29.42486486,29.48408967,29.55474296,29.63713860,29.73162563,29.83858219,29.95840894,30.09152184,30.23834505,30.39930424,30.57482088,30.76530791,30.97116699,31.19278728,31.43054547,31.68480654
892,29.29575888,29.30101836,29.31682331,29.34325293,29.38043816,29.42855994,29.48784677,29.55857145,29.64104682,29.73562070,29.84266988,29.96259357,30.09580625,30.24273068,30.40379130,30.57940860,30.76999481,30.97595121,31.19766680,31.43551826,31.68987070
893,29.29931177,29.30457722,29.32040001,29.34685914,29.38408521,29.43225865,29.49160733,29.56240318,29.64495800,29.73961842,29.84675990,29.96678018,30.10009231,30.24711766,30.40827945,30.58399719,30.77468244,30.98073605,31.20254686,31.44049155,31.69493532
894,29.30286869,29.30814009,29.32398067,29.35046924,29.38773603,29.43596101,29.49537134,29.56623811,29.64887213,29.74361879,29.85085223,29.97096878,30.10438003,30.25150599,30.41276870,30.58858668,30.77937080,30.98552151,31.20742746,31.44546534,31.70000040
895,29.30642964,29.31170698,29.32756530,29.35408323,29.39139064,29.43966698,29.49913878,29.57007625,29.65278919,29.74762179,29.85494688,29.97515935,30.10866940,30.25589569,30.41725905,30.59317707,30.78405991,30.99030760,31.21230862,31.45043962,31.70506593
896,29.30999459,29.31527785,29.33115388,29.35770108,29.39504900,29.44337657,29.50290963,29.57391759,29.65670917,29.75162742,29.85904383,29.97935191,30.11296044,30.26028675,30.42175051,30.59776835,30.78874975,30.99509432,31.21719033,31.45541440,31.71013194
897,29.31356354,29.31885271,29.33474640,29.36132280,29.39871110,29.44708975,29.50668390,29.57776210,29.66063208,29.75563567,29.86314309,29.98354644,30.11725313,30.26467918,30.42624308,30.60236053,30.79344034,30.99988167,31.22207260,31.46038969,31.71519841
898,29.31713648,29.32243154,29.33834284,29.36494836,29.40237694,29.45080651,29.51046156,29.58160978,29.66455788,29.75964654,29.86724464,29.98774295,30.12154749,30.26907298,30.43073677,30.60695363,30.79813168,31.00466967,31.22695543,31.46536550,31.72026536
899,29.32071340,29.32601434,29.34194320,29.36857776,29.40604651,29.45452685,29.51424261,29.58546062,29.66848658,29.76366000,29.87134848,29.99194142,30.12584350,30.27346814,30.43523157,30.61154764,30.80282378,31.00945831,31.23183885,31.47034203,31.72533549
900,29.32429429,29.32960109,29.34554747,29.37221099,29.40971978,29.45825075,29.51802702,29.58931460,29.67241816,29.76767605,29.87545460,29.99614186,30.13014117,30.27786468,30.43972750,30.61614257,30.80751664,31.01424760,31.23672288,31.47531962,31.73041292
901,29.32787913,29.33319178,29.34915563,29.37584803,29.41339676,29.46197820,29.52181480,29.59317172,29.67635261,29.77169469,29.87956300,30.00034427,30.13444050,30.28226260,30.44422456,30.62073842,30.81221028,31.01903755,31.24160757,31.48029936,31.73553834
902,29.33146792,29.33678640,29.35276767,29.37948888,29.41707742,29.46570918,29.52560592,29.59703195,29.68028993,29.77571590,29.88367367,30.00454863,30.13874148,30.28666189,30.44872276,30.62533522,30.81690469,31.02382819,31.24649333,31.48528848,31.74072552
903,29.33506065,29.34038495,29.35638359,29.38313352,29.42076176,29.46944368,29.52940037,29.60089529,29.68423010,29.77973968,29.88778660,30.00875495,30.14304412,30.29106257,30.45322210,30.62993295,30.82159990,31.02861965,31.25138164,31.49029466,31.74594673
904,29.33865731,29.34398740,29.36000337,29.38678193,29.42444977,29.47318170,29.53319815,29.60476173,29.68817310,29.78376602,29.89190178,30.01296322,30.14734842,30.29546462,30.45772258,30.63453163,30.82629592,31.03341219,31.25627438,31.49531869,31.75119624
905,29.34225788,29.34759375,29.36362700,29.39043412,29.42814142,29.47692322,29.53699924,29.60863126,29.69211894,29.78779490,29.89601922,30.01717344,30.15165438,30.29986807,30.46222420,30.63913127,30.83099286,31.03820637,31.26117324,31.50036010,31.75647011
906,29.34586235,29.35120400,29.36725447,29.39409007,29.43183672,29.48066823,29.54080363,29.61250387,29.69606759,29.79182632,29.90013891,30.02138561,30.15596199,30.30427290,30.46672699,30.64373189,30.83569082,31.04300278,31.26607956,31.50541839,31.76176518
907,29.34947072,29.35481811,29.37088577,29.39774976,29.43553565,29.48441671,29.54461131,29.61637953,29.70001906,29.79586028,29.90426083,30.02559972,30.16027126,30.30867913,30.47123094,30.64833353,30.84039000,31.04780212,31.27099426,31.51049280,31.76707932
908,29.35308297,29.35843610,29.37452089,29.40141318,29.43923819,29.48816866,29.54842226,29.62025826,29.70397333,29.79989676,29.90838499,30.02981577,30.16458218,30.31308675,30.47573606,30.65293625,30.84509066,31.05260506,31.27591776,31.51558252,31.77241122
909,29.35669910,29.36205794,29.37815981,29.40508033,29.44294434,29.49192406,29.55223648,29.62414002,29.70793039,29.80393576,29.91251138,30.03403376,30.16889476,30.31749577,30.48024238,30.65754013,30.84979311,31.05741217,31.28085036,31.52068690,31.77775965
910,29.36031908,29.36568363,29.38180253,29.40875119,29.44665409,29.49568290,29.55605395,29.62802482,29.71189023,29.80797727,29.91663999,30.03825368,30.17320900,30.32190619,30.48474992,30.66214530,30.85449764,31.06222392,31.28579216,31.52580534,31.78312373
911,29.36394291,29.36931315,29.38544903,29.41242576,29.45036741,29.49944517,29.55987466,29.63191263,29.71585285,29.81202128,29.92077082,30.04247554,30.17752489,30.32631803,30.48925873,30.66675188,30.85920459,31.06704066,31.29074321,31.53093733,31.78850264
912,29.36757059,29.37294649,29.38909931,29.41610401,29.45408431,29.50321086,29.56369860,29.63580346,29.71981822,29.81606778,29.92490386,30.04669932,30.18184245,30.33073130,30.49376885,30.67136000,30.86391423,31.07186282,31.29570366,31.53608230,31.79389547
913,29.37120209,29.37658364,29.39275334,29.41978594,29.45780477,29.50697995,29.56752576,29.63969729,29.72378635,29.82011677,29.92903910,30.05092504,30.18616166,30.33514601,30.49828034,30.67596984,30.86862684,31.07669052,31.30067338,31.54123992,31.79930175
914,29.37483740,29.38022459,29.39641113,29.42347153,29.46152877,29.51075244,29.57135613,29.64359411,29.72775723,29.82416824,29.93317656,30.05515267,30.19048255,30.33956219,30.50279327,30.68058155,30.87334271,31.08152414,31.30565246,31.54640968,31.80472069
915,29.37847652,29.38386933,29.40007265,29.42716078,29.46525631,29.51452831,29.57518970,29.64749391,29.73173084,29.82822219,29.93731621,30.05938224,30.19480511,30.34397986,30.50730773,30.68519530,30.87806201,31.08636369,31.31064072,31.55159130,31.81015202
916,29.38211944,29.38751785,29.40373790,29.43085367,29.46898737,29.51830755,29.57902645,29.65139668,29.73570718,29.83227860,29.94145805,30.06361373,30.19912934,30.34839906,30.51182378,30.68981126,30.88278502,31.09120945,31.31563816,31.55678436,31.81559511
917,29.38576614,29.39117013,29.40740687,29.43455019,29.47272195,29.52209016,29.58286638,29.65530241,29.73968624,29.83633747,29.94560208,30.06784714,30.20345528,30.35281983,30.51634154,30.69442959,30.88751186,31.09606141,31.32064464,31.56198862,31.82104975
918,29.38941661,29.39482617,29.41107954,29.43825033,29.47646003,29.52587611,29.58670947,29.65921108,29.74366802,29.84039879,29.94974830,30.07208248,30.20778292,30.35724221,30.52086109,30.69905044,30.89224278,31.10091977,31.32566008,31.56720371,31.82651542
919,29.39307083,29.39848595,29.41475590,29.44195408,29.48020160,29.52966540,29.59055571,29.66312270,29.74765249,29.84446256,29.95389671,30.07631976,30.21211231,30.36166626,30.52538255,30.70367393,30.89697779,31.10578444,31.33068436,31.57242951,31.83199205
920,29.39672881,29.40214947,29.41843595,29.44566143,29.48394664,29.53345802,29.59440510,29.66703725,29.75163966,29.84852877,29.95804730,30.08055897,30.21644344,30.36609203,30.52990598,30.70830022,30.90171714,31.11065561,31.33571741,31.57766564,31.83747913
921,29.40039053,29.40581670,29.42211966,29.44937236,29.48769516,29.53725395,29.59825763,29.67095473,29.75562951,29.85259741,29.96220006,30.08480013,30.22077634,30.37051954,30.53443150,30.71292948,30.90646101,31.11553336,31.34075914,31.58291181,31.84297629
922,29.40405597,29.40948764,29.42580703,29.45308687,29.49144713,29.54105319,29.60211327,29.67487511,29.75962204,29.85666848,29.96635500,30.08904323,30.22511104,30.37494888,30.53895920,30.71756178,30.91120940,31.12041765,31.34580942,31.58816789,31.84848344
923,29.40772512,29.41316228,29.42949805,29.45680494,29.49520254,29.54485573,29.60597203,29.67879840,29.76361724,29.86074198,29.97051213,30.09328830,30.22944757,30.37938011,30.54348918,30.72219725,30.91596245,31.12530849,31.35086817,31.59343368,31.85400031
924,29.41139798,29.41684061,29.43319271,29.46052656,29.49896139,29.54866154,29.60983389,29.68272458,29.76761511,29.86481790,29.97467143,30.09753534,30.23378594,30.38381327,30.54802153,30.72683604,30.92072030,31.13020598,31.35593528,31.59870889,31.85952654
925,29.41507453,29.42052261,29.43689099,29.46425172,29.50272366,29.55247063,29.61369884,29.68665364,29.77161563,29.86889623,29.97883290,30.10178435,30.23812621,30.38824843,30.55255634,30.73147824,30.92548302,31.13511010,31.36101067,31.60399334,31.86506197
926,29.41875476,29.42420827,29.44059288,29.46798041,29.50648935,29.55628298,29.61756688,29.69058558,29.77561880,29.87297697,29.98299657,30.10603538,30.24246841,30.39268566,30.55709369,30.73612391,30.93025060,31.14002077,31.36609422,31.60928698,31.87060653
927,29.42243866,29.42789759,29.44429838,29.47171262,29.51025843,29.56009859,29.62143798,29.69452039,29.77962461,29.87706013,29.98716242,30.11028841,30.24681256,30.39712501,30.56163369,30.74077319,30.93502318,31.14493807,31.37118585,31.61458952,31.87615990
928,29.42612622,29.43159055,29.44800746,29.47544833,29.51403090,29.56391743,29.62531215,29.69845806,29.78363306,29.88114568,29.99133046,30.11454348,30.25115871,30.40156655,30.56617643,30.74542618,30.93980084,31.14986199,31.37628546,31.61990079,31.88172187
929,29.42981742,29.43528714,29.45172012,29.47918754,29.51780675,29.56773950,29.62918937,29.70239857,29.78764414,29.88523365,29.99550071,30.11880060,30.25550690,30.40601034,30.57072195,30.75008290,30.94458355,31.15479247,31.38139296,31.62522074,31.88729240
930,29.43351226,29.43898734,29.45543635,29.48293023,29.52158597,29.57156479,29.63306963,29.70634193,29.79165784,29.88932402,29.99967315,30.12305979,30.25985717,30.41045645,30.57527036,30.75474345,30.94937138,31.15972950,31.38650827,31.63054918,31.89287130
931,29.43721072,29.44269115,29.45915614,29.48667640,29.52536854,29.57539329,29.63695293,29.71028812,29.79567417,29.89341679,30.00384782,30.12732108,30.26420956,30.41490495,30.57982173,30.75940791,30.95416437,31.16467305,31.39163130,31.63588600,31.89845843
932,29.44091279,29.44639856,29.46287947,29.49042602,29.52915446,29.57922499,29.64083925,29.71423714,29.79969311,29.89751197,30.00802470,30.13158449,30.26856410,30.41935587,30.58437612,30.76407634,30.95896257,31.16962315,31.39676197,31.64123101,31.90405358
933,29.44461847,29.45010955,29.46660634,29.49417910,29.53294372,29.58305988,29.64472859,29.71818898,29.80371466,29.90160956,30.01220382,30.13585004,30.27292084,30.42380928,30.58893361,30.76874882,30.96376602,31.17457976,31.40190019,31.64658410,31.90965665
934,29.44832773,29.45382411,29.47033673,29.49793562,29.53673630,29.58689795,29.64862093,29.72214364,29.80773881,29.90570955,30.01638518,30.14011775,30.27727983,30.42826524,30.59349426,30.77342538,30.96857472,31.17954283,31.40704588,31.65194519,31.91526752
935,29.45204057,29.45754224,29.47407063,29.50169556,29.54053219,29.59073919,29.65251628,29.72610109,29.81176557,29.90981195,30.02056880,30.14438766,30.28164111,30.43272383,30.59805815,30.77810607,30.97338867,31.18451234,31.41219897,31.65731416,31.92088610
936,29.45575698,29.46126391,29.47780803,29.50545892,29.54433138,29.59458358,29.65641460,29.73006135,29.81579493,29.91391676,30.02475469,30.14865979,30.28600473,30.43718509,30.60262532,30.78279095,30.97820789,31.18948823,31.41735938,31.66269091,31.92651229
937,29.45947695,29.46498913,29.48154892,29.50922569,29.54813387,29.59843113,29.66031592,29.73402440,29.81982689,29.91802399,30.02894287,30.15293417,30.29037070,30.44164905,30.60719583,30.78748007,30.98303246,31.19447056,31.42252705,31.66807528,31.93214587
938,29.46320045,29.46871787,29.48529328,29.51299586,29.55193964,29.60228181,29.66422020,29.73799023,29.82386144,29.92213365,30.03313334,30.15721082,30.29473909,30.44611579,30.61176974,30.79217347,30.98786234,31.19945924,31.42770189,31.67346720,31.93778680
939,29.46692750,29.47245013,29.48904112,29.51676941,29.55574869,29.60613563,29.66812745,29.74195885,29.82789859,29.92624573,30.03732613,30.16148978,30.29910993,30.45058536,30.61634710,30.79687118,30.99269754,31.20445425,31.43288384,31.67886659,31.94343499
940,29.47065806,29.47618589,29.49279241,29.52054633,29.55956099,29.60999256,29.67203765,29.74593025,29.83193834,29.93036025,30.04152125,30.16577107,30.30348328,30.45505780,30.62092795,30.80157322,30.99753806,31.20945555,31.43807284,31.68427337,31.94909037
941,29.47439213,29.47992515,29.49654714,29.52432662,29.56337654,29.61385261,29.67595080,29.74990441,29.83598068,29.93447721,30.04571872,30.17005472,30.30785917,30.45953317,30.62551235,30.80627964,31.00238390,31.21446310,31.44326881,31.68968744,31.95475281
942,29.47812971,29.48366789,29.50030531,29.52811026,29.56719534,29.61771576,29.67986690,29.75388135,29.84002561,29.93859662,30.04991855,30.17434076,30.31223762,30.46401151,30.63010034,30.81099048,31.00723512,31.21947692,31.44847170,31.69510867,31.96042218
943,29.48187077,29.48741410,29.50406690,29.53189724,29.57101737,29.62158201,29.68378593,29.75786105,29.84407315,29.94271848,30.05412076,30.17862922,30.31661869,30.46849285,30.63469197,30.81570577,31.01209169,31.22449695,31.45368144,31.70053700,31.96609844
944,29.48561531,29.49116377,29.50783190,29.53568755,29.57484262,29.62545134,29.68770788,29.76184350,29.84812328,29.94684282,30.05832538,30.18292013,30.32100241,30.47297726,30.63928726,30.82042551,31.01695360,31.22952316,31.45889797,31.70597237,31.97178149
945,29.48936331,29.49491690,29.51160031,29.53948119,29.57867108,29.62932375,29.69163276,29.76582872,29.85217601,29.95096963,30.06253243,30.18721353,30.32538883,30.47746476,30.64388625,30.82514973,31.02182084,31.23455551,31.46412124,31.71141470,31.97747127
946,29.49311477,29.49867346,29.51537210,29.54327813,29.58250275,29.63319922,29.69556056,29.76981669,29.85623134,29.95509893,30.06674191,30.19150942,30.32977798,30.48195541,30.64848900,30.82987847,31.02669344,31.23959399,31.46935118,31.71686389,31.98316767
947,29.49686968,29.50243345,29.51914728,29.54707838,29.58633761,29.63707776,29.69949126,29.77380741,29.86028928,29.95923072,30.07095385,30.19580785,30.33416988,30.48644923,30.65309553,30.83461175,31.03157140,31.24463856,31.47458773,31.72231987,31.98887062
948,29.50062802,29.50619686,29.52292583,29.55088192,29.59017565,29.64095935,29.70342487,29.77780089,29.86434983,29.96336502,30.07516826,30.20010884,30.33856459,30.49094627,30.65770587,30.83934958,31.03645470,31.24968920,31.47983085,31.72778257,31.99458005
949,29.50438978,29.50996367,29.52670773,29.55468874,29.59401687,29.64484398,29.70736138,29.78179711,29.86841300,29.96750184,30.07938518,30.20441242,30.34296213,30.49544656,30.66232006,30.84409198,31.04134334,31.25474587,31.48508048,31.73325194,32.00029589
950,29.50815495,29.51373388,29.53049298,29.55849883,29.59786125,29.64873165,29.71130078,29.78579608,29.87247878,29.97164119,30.08360462,30.20871862,30.34736255,30.49995014,30.66693812,30.84883896,31.04623731,31.25980854,31.49033657,31.73872789,32.00601807
951,29.51192353,29.51750748,29.53428157,29.56231218,29.60170879,29.65262236,29.71524308,29.78979780,29.87654718,29.97578309,30.08782659,30.21302747,30.35176586,30.50445704,30.67156008,30.85359055,31.05113662,31.26487718,31.49559906,31.74421036,32.01174653
952,29.51569549,29.52128445,29.53807349,29.56612879,29.60555948,29.65651608,29.71918826,29.79380227,29.88061822,29.97992753,30.09205112,30.21733899,30.35617211,30.50896730,30.67618599,30.85834675,31.05604125,31.26995177,31.50086791,31.74969929,32.01748119
953,29.51947084,29.52506478,29.54186873,29.56994863,29.60941331,29.66041283,29.72313632,29.79780948,29.88469188,29.98407454,30.09627823,30.22165322,30.36058132,30.51348095,30.68081585,30.86310759,31.06095120,31.27503227,31.50614305,31.75519462,32.02322199
954,29.52324955,29.52884847,29.54566727,29.57377171,29.61327027,29.66431258,29.72708726,29.80181944,29.88876819,29.98822414,30.10050793,30.22597017,30.36499353,30.51799802,30.68544969,30.86787305,31.06586645,31.28011865,31.51142446,31.76069629,32.02896889
955,29.52703162,29.53263550,29.54946912,29.57759801,29.61713036,29.66821534,29.73104107,29.80583215,29.89284715,29.99237633,30.10474026,30.23028987,30.36940877,30.52251854,30.69008753,30.87264317,31.07078699,31.28521088,31.51671208,31.76620425,32.03472182
956,29.53081704,29.53642587,29.55327424,29.58142753,29.62099356,29.67212109,29.73499775,29.80984761,29.89692875,29.99653112,30.10897522,30.23461236,30.37382707,30.52704254,30.69472940,30.87741794,31.07571283,31.29030894,31.52200585,31.77171843,32.04048071
957,29.53460580,29.54021956,29.55708265,29.58526025,29.62485986,29.67602984,29.73895731,29.81386583,29.90101302,30.00068853,30.11321284,30.23893766,30.37824846,30.53157004,30.69937532,30.88219738,31.08064395,31.29541279,31.52730575,31.77723878,32.04624553
958,29.53839789,29.54401656,29.56089433,29.58909616,29.62872927,29.67994158,29.74291973,29.81788679,29.90509995,30.00484857,30.11745314,30.24326578,30.38267296,30.53610108,30.70402531,30.88698149,31.08558033,31.30052241,31.53261172,31.78276525,32.05201621
959,29.54219329,29.54781686,29.56470926,29.59293527,29.63260177,29.68385630,29.74688502,29.82191051,29.90918956,30.00901126,30.12169614,30.24759676,30.38710060,30.54063568,30.70867939,30.89177028,31.09052197,31.30563776,31.53792373,31.78829779,32.05779270
960,29.54599200,29.55162045,29.56852744,29.59677755,29.63647736,29.68777399,29.75085317,29.82593699,29.91328185,30.01317661,30.12594185,30.25193063,30.39153142,30.54517386,30.71333757,30.89656374,31.09546885,31.31075883,31.54324172,31.79383634,32.06357363
961,29.54979401,29.55542733,29.57234887,29.60062300,29.64035602,29.69169466,29.75482418,29.82996623,29.91737683,30.01734463,30.13019030,30.25626740,30.39596543,30.54971566,30.71799988,30.90136190,31.10042097,31.31588558,31.54856564,31.79937884,32.06925800
962,29.55359931,29.55923748,29.57617352,29.60447161,29.64423776,29.69561830,29.75879805,29.83399824,29.92147451,30.02151534,30.13444151,30.26060710,30.40040266,30.55426108,30.72266632,30.90616474,31.10537831,31.32101797,31.55389494,31.80491164,32.07485367
963,29.55740788,29.56305090,29.58000139,29.60832338,29.64812257,29.69954490,29.76277478,29.83803301,29.92557489,30.02568875,30.13869550,30.26494976,30.40484314,30.55881016,30.72733691,30.91097228,31.11034086,31.32615587,31.55922718,31.81042140,32.08040232
964,29.56121972,29.56686757,29.58383248,29.61217830,29.65201043,29.70347446,29.76675436,29.84207055,29.92967799,30.02986488,30.14295228,30.26929539,30.40928690,30.56336292,30.73201166,30.91578451,31.11530857,31.33129876,31.56455844,31.81590900,32.08591117
965,29.56503482,29.57068748,29.58766677,29.61603635,29.65590135,29.70740697,29.77073681,29.84611087,29.93378381,30.03404373,30.14721188,30.27364403,30.41373394,30.56791936,30.73669059,30.92060142,31.12028135,31.33644569,31.56988586,31.82137498,32.09138701
966,29.56885318,29.57451063,29.59150426,29.61989754,29.65979531,29.71134244,29.77472211,29.85015396,29.93789237,30.03822533,30.15147431,30.27799568,30.41818431,30.57247953,30.74137371,30.92542300,31.12525891,31.34159547,31.57520784,31.82681995,32.09683399
967,29.57267477,29.57833701,29.59534493,29.62376184,29.66369231,29.71528086,29.77871028,29.85419984,29.94200367,30.04240969,30.15573959,30.28235038,30.42263801,30.57704342,30.74606102,30.93024918,31.13024094,31.34674696,31.58052294,31.83224483,32.10225572
968,29.57649959,29.58216660,29.59918878,29.62762927,29.66759236,29.71922223,29.78270130,29.85824850,29.94611772,30.04659682,30.16000775,30.28670814,30.42709508,30.58161107,30.75075252,30.93507989,31.13522700,31.35189912,31.58583023,31.83765108,32.10765467
969,29.58032763,29.58599941,29.60303581,29.63149980,29.67149543,29.72316653,29.78669518,29.86229996,29.95023453,30.05078674,30.16427879,30.29106900,30.43155552,30.58618247,30.75544819,30.93991497,31.14021657,31.35705105,31.59112925,31.84303979,32.11303255
970,29.58415889,29.58983541,29.60688599,29.63537344,29.67540153,29.72711378,29.79069192,29.86635421,29.95435411,30.05497946,30.16855275,30.29543295,30.43601937,30.59075765,30.76014801,30.94475426,31.14520916,31.36220193,31.59641960,31.84841191,32.11839108
971,29.58799335,29.59367460,29.61073933,29.63925017,29.67931065,29.73106397,29.79469152,29.87041126,29.95847647,30.05917500,30.17282963,30.29980004,30.44048663,30.59533661,30.76485192,30.94959752,31.15020424,31.36735113,31.60170124,31.85376825,32.12373145
972,29.59183101,29.59751698,29.61459581,29.64312999,29.68322278,29.73501710,29.79869398,29.87447112,29.96260163,30.06337336,30.17710945,30.30417027,30.44495733,30.59991934,30.76955984,30.95444451,31.15520135,31.37249819,31.60697418,31.85910948,32.12905473
973,29.59567185,29.60136253,29.61845544,29.64701289,29.68713793,29.73897316,29.80269930,29.87853380,29.96672958,30.06757457,30.18139224,30.30854366,30.44943147,30.60450583,30.77427170,30.95929501,31.16019999,31.37764247,31.61223825,31.86443644,32.13436221
974,29.59951588,29.60521125,29.62231819,29.65089887,29.69105609,29.74293215,29.80670749,29.88259929,29.97086034,30.07177864,30.18567800,30.31292023,30.45390907,30.60909605,30.77898738,30.96414873,31.16519980,31.38278378,31.61749363,31.86974963,32.13965453
975,29.60336307,29.60906313,29.62618408,29.65478792,29.69497725,29.74689408,29.81071855,29.88666760,29.97499392,30.07598557,30.18996676,30.31730000,30.45839013,30.61369000,30.78370680,30.96900542,31.17020031,31.38792162,31.62274026,31.87504979,32.14493279
976,29.60721343,29.61291817,29.63005308,29.65868004,29.69890141,29.75085894,29.81473248,29.89073875,29.97913033,30.08019540,30.19425853,30.32168298,30.46287465,30.61828760,30.78842978,30.97386480,31.17520125,31.39305592,31.62797835,31.88033729,32.15019736
977,29.61106694,29.61677634,29.63392519,29.66257522,29.70282857,29.75482672,29.81874928,29.89481273,29.98326958,30.08440812,30.19855333,30.32606919,30.46736264,30.62288885,30.79315621,30.97872661,31.18020220,31.39818632,31.63320793,31.88561278,32.15544917
978,29.61492360,29.62063765,29.63780040,29.66647345,29.70675872,29.75879744,29.82276895,29.89888956,29.98741168,30.08862375,30.20285117,30.33045863,30.47185407,30.62749365,30.79788594,30.98359061,31.18520295,31.40331276,31.63842920,31.89087660,32.16068856
979,29.61878340,29.62450209,29.64167871,29.67037473,29.71069186,29.76277109,29.82679150,29.90296923,29.99155664,30.09284231,30.20715206,30.33485131,30.47634894,30.63210195,30.80261880,30.98845656,31.19020323,31.40843511,31.64364231,31.89612918,32.16591608
980,29.62264634,29.62836965,29.64556012,29.67427906,29.71462799,29.76674766,29.83081693,29.90705176,29.99570446,30.09706380,30.21145601,30.33924723,30.48084722,30.63671368,30.80735468,30.99332423,31.19520275,31.41355316,31.64884732,31.90137098,32.17113232
981,29.62651240,29.63224033,29.64944461,29.67818642,29.71856710,29.77072716,29.83484525,29.91113715,29.99985517,30.10128825,30.21576305,30.34364640,30.48534889,30.64132877,30.81209340,30.99819339,31.20020134,31.41866689,31.65404443,31.90660232,32.17633764
982,29.63038158,29.63611412,29.65333218,29.68209682,29.72250920,29.77470959,29.83887645,29.91522540,30.00400877,30.10551566,30.22007317,30.34804881,30.48985393,30.64594711,30.81683478,31.00306383,31.20519882,31.42377628,31.65923384,31.91182351,32.18153234
983,29.63425387,29.63999101,29.65722282,29.68601026,29.72645427,29.77869495,29.84291053,29.91931654,30.00816526,30.10974603,30.22438638,30.35245447,30.49436229,30.65056864,30.82157872,31.00793537,31.21019498,31.42888120,31.66441560,31.91703491,32.18671694
984,29.63812926,29.64387099,29.66111653,29.68992672,29.73040233,29.78268324,29.84694752,29.92341055,30.01232467,30.11397939,30.22870270,30.35686335,30.49887394,30.65519327,30.82632504,31.01280783,31.21518968,31.43398165,31.66958990,31.92223681,32.19189173
985,29.64200775,29.64775407,29.66501331,29.69384620,29.73435336,29.78667446,29.85098739,29.92750745,30.01648699,30.11821574,30.23302212,30.36127546,30.50338883,30.65982088,30.83107359,31.01768101,31.22018283,31.43907765,31.67475690,31.92742944,32.19705696
986,29.64588934,29.65164022,29.66891314,29.69776870,29.73830736,29.79066861,29.85503017,29.93160725,30.02065223,30.12245510,30.23734465,30.36569077,30.50790692,30.66445140,30.83582424,31.02255478,31.22517425,31.44416913,31.67991670,31.93261312,32.20221301
987,29.64977402,29.65552946,29.67281603,29.70169422,29.74226433,29.79466569,29.85907585,29.93570994,30.02482041,30.12669745,30.24167029,30.37010927,30.51242815,30.66908473,30.84057687,31.02742898,31.23016385,31.44925609,31.68506943,31.93778810,32.20736017
988,29.65366177,29.65942177,29.67672196,29.70562275,29.74622428,29.79866570,29.86312444,29.93981555,30.02899154,30.13094283,30.24599903,30.37453094,30.51695247,30.67372078,30.84533132,31.03230347,31.23515155,31.45433856,31.69021524,31.94295457,32.21249866
989,29.65755260,29.66331715,29.68063094,29.70955429,29.75018720,29.80266865,29.86717594,29.94392406,30.03316561,30.13519122,30.25033087,30.37895575,30.52147984,30.67835944,30.85008748,31.03717812,31.24013723,31.45941651,31.69535425,31.94811280,32.21762878
990,29.66144650,29.66721558,29.68454296,29.71348884,29.75415308,29.80667453,29.87123035,29.94803550,30.03734264,30.13944263,30.25466581,30.38338369,30.52601018,30.68300064,30.85484523,31.04205280,31.24512081,31.46448995,31.70048657,31.95326300,32.22275076
991,29.66534346,29.67111708,29.68845801,29.71742639,29.75812193,29.81068335,29.87528768,29.95214987,30.04152263,30.14369707,30.25900384,30.38781471,30.53054345,30.68764427,30.85960446,31.04692740,31.25010224,31.46955891,31.70561232,31.95840536,32.22786482
992,29.66924349,29.67502162,29.69237610,29.72136694,29.76209375,29.81469511,29.87934794,29.95626716,30.04570559,30.14795453,30.26334495,30.39224879,30.53507958,30.69229025,30.86436503,31.05180182,31.25508145,31.47462340,31.71073164,31.96354009,32.23297117
993,29.67314657,29.67892922,29.69629721,29.72531049,29.76606854,29.81870980,29.88341112,29.96038739,30.04989152,30.15221502,30.26768913,30.39668590,30.53961853,30.69693849,30.86912686,31.05667593,31.26005835,31.47968344,31.71584463,31.96866738,32.23807003
994,29.67705269,29.68283986,29.70022135,29.72925704,29.77004629,29.82272744,29.88747724,29.96451056,30.05408042,30.15647854,30.27203635,30.40112601,30.54416021,30.70158890,30.87388983,31.06154966,31.26503293,31.48473906,31.72095140,31.97378738,32.24316158
995,29.68096187,29.68675353,29.70414851,29.73320658,29.77402701,29.82674802,29.89154629,29.96863668,30.05827231,30.16074508,30.27638662,30.40556908,30.54870459,30.70624140,30.87865385,31.06642290,31.27000511,31.48979029,31.72605208,31.97890030,32.24824601
996,29.68487408,29.69067024,29.70807868,29.73715912,29.77801070,29.83077154,29.89561827,29.97276575,30.06246718,30.16501464,30.28073992,30.41001508,30.55325160,30.71089590,30.88341880,31.07129556,31.27497486,31.49483714,31.73114676,31.98400629,32.25332352
997,29.68878933,29.69458999,29.71201187,29.74111464,29.78199735,29.83479801,29.89969319,29.97689777,30.06666503,30.16928721,30.28509621,30.41446398,30.55780117,30.71555232,30.88818461,31.07616758,31.27994214,31.49987966,31.73623554,31.98910549,32.25839424
998,29.69270762,29.69851275,29.71594807,29.74507315,29.78598696,29.83882743,29.90377106,29.98103275,30.07086586,30.17356278,30.28945550,30.41891572,30.56235324,30.72021057,30.89295119,31.08103889,31.28490695,31.50491789,31.74131855,31.99419805,32.26345831
999,29.69662893,29.70243855,29.71988728,29.74903465,29.78997955,29.84285980,29.90785188,29.98517068,30.07506968,30.17784136,30.29381774,30.42337026,30.56690775,30.72487058,30.89771845,31.08590943,31.28986926,31.50995189,31.74639586,31.99928408,32.26851586
1000,29.70055327,29.70636736,29.72382950,29.75299914,29.79397509,29.84689512,29.91193565,29.98931159,30.07927648,30.18212293,30.29818293,30.42782757,30.57146463,30.72953226,30.90248630,31.09077912,31.29482904,31.51498167,31.75146759,32.00436375,32.27356708
1001,29.70448063,29.71029919,29.72777472,29.75696661,29.79797361,29.85093340,29.91602237,29.99345545,30.08348627,30.18640748,30.30255105,30.43228763,30.57602385,30.73419556,30.90725467,31.09564789,31.29978624,31.52000723,31.75653380,32.00943723,32.27861214
1002,29.70841100,29.71423403,29.73172294,29.76093707,29.80197509,29.85497463,29.92011204,29.99760228,30.08769903,30.19069500,30.30692206,30.43675037,30.58058533,30.73886038,30.91202350,31.10051570,31.30474088,31.52502866,31.76159461,32.01450459,32.28365113
1003,29.71234440,29.71817189,29.73567416,29.76491051,29.80597954,29.85901882,29.92420467,30.00175208,30.09191477,30.19498548,30.31129594,30.44121575,30.58514901,30.74352666,30.91679270,31.10538251,31.30969296,31.53004600,31.76665009,32.01956594,32.28868415
1004,29.71628081,29.72211275,29.73962837,29.76888693,29.80998695,29.86306597,29.92830027,30.00590484,30.09613348,30.19927891,30.31567266,30.44568373,30.58971481,30.74819432,30.92156222,31.11024828,31.31464248,31.53505930,31.77170034,32.02462140,32.29371132
1005,29.72022022,29.72605662,29.74358559,29.77286634,29.81399734,29.86711607,29.93239882,30.01006057,30.10035515,30.20357526,30.32005219,30.45015426,30.59428270,30.75286330,30.92633198,31.11511296,31.31958942,31.54006858,31.77674543,32.02967108,32.29873275
1006,29.72416265,29.73000350,29.74754579,29.77684872,29.81801069,29.87116914,29.93650033,30.01421927,30.10457979,30.20787454,30.32443453,30.45462733,30.59885263,30.75753354,30.93110193,31.11997648,31.32453373,31.54507385,31.78178544,32.03471515,32.30374866
1007,29.72810808,29.73395337,29.75150899,29.78083408,29.82202701,29.87522517,29.94060480,30.01838093,30.10880737,30.21217671,30.32881963,30.45910287,30.60342452,30.76220498,30.93587200,31.12483882,31.32947544,31.55007518,31.78682046,32.03975367,32.30875907
1008,29.73205651,29.73790625,29.75547518,29.78482243,29.82604630,29.87928417,29.94471224,30.02254555,30.11303791,30.21648177,30.33320745,30.46358084,30.60799833,30.76687756,30.94064216,31.12969995,31.33441456,31.55507260,31.79185056,32.04478673,32.31376409
1009,29.73600794,29.74186212,29.75944436,29.78881375,29.83006856,29.88334612,29.94882264,30.02671313,30.11727138,30.22078970,30.33759798,30.46806119,30.61257400,30.77155120,30.94541234,31.13455987,31.33935110,31.56006616,31.79687580,32.04981443,32.31876382
1010,29.73996237,29.74582099,29.76341653,29.79280805,29.83409379,29.88741105,29.95293600,30.03088366,30.12150777,30.22510047,30.34199119,30.47254388,30.61715147,30.77622586,30.95018250,31.13941851,31.34428505,31.56505590,31.80189627,32.05483686,32.32375835
1011,29.74391980,29.74978285,29.76739169,29.79680533,29.83812200,29.89147894,29.95705232,30.03505715,30.12574709,30.22941408,30.34638704,30.47702890,30.62173071,30.78090149,30.95495257,31.14427583,31.34921638,31.57004183,31.80691205,32.05985416,32.32874784
1012,29.74788022,29.75374770,29.77136983,29.80080559,29.84215317,29.89554979,29.96117161,30.03923358,30.12998931,30.23373050,30.35078551,30.48151617,30.62631165,30.78557803,30.95972253,31.14913183,31.35414511,31.57502400,31.81192319,32.06486638,32.33373233
1013,29.75184364,29.75771555,29.77535096,29.80480883,29.84618731,29.89962361,29.96529385,30.04341296,30.13423444,30.23804971,30.35518656,30.48600566,30.63089424,30.79025542,30.96449232,31.15398648,31.35907126,31.58000246,31.81692976,32.06987362,32.33871193
1014,29.75581005,29.76168639,29.77933507,29.80881504,29.85022442,29.90370039,29.96941905,30.04759527,30.13848244,30.24237169,30.35959015,30.49049733,30.63547845,30.79493363,30.96926192,31.15883977,31.36399483,31.58497723,31.82193183,32.07487595,32.34368670
1015,29.75977945,29.76566021,29.78332217,29.81282423,29.85426451,29.90778014,29.97354720,30.05178051,30.14273332,30.24669642,30.36399627,30.49499114,30.64006421,30.79961260,30.97403128,31.16369167,31.36891583,31.58994836,31.82692946,32.07987345,32.34865673
1016,29.76375183,29.76963703,29.78731225,29.81683640,29.85830756,29.91186285,29.97767830,30.05596868,30.14698706,30.25102388,30.36840489,30.49948705,30.64465149,30.80429229,30.97880035,31.16854214,31.37383425,31.59491588,31.83192272,32.08486623,32.35362214
1017,29.76772721,29.77361682,29.79130531,29.82085155,29.86235359,29.91594852,29.98181235,30.06015976,30.15124364,30.25535405,30.37281596,30.50398502,30.64924023,30.80897264,30.98356910,31.17339119,31.37875011,31.59987983,31.83691168,32.08985435,32.35858297
1018,29.77170557,29.77759961,29.79530135,29.82486967,29.86640258,29.92003715,29.98594935,30.06435375,30.15550306,30.25968690,30.37722946,30.50848501,30.65383040,30.81365362,30.98833750,31.17823878,31.38366341,31.60484024,31.84189638,32.09483787,32.36353931
1019,29.77568692,29.78158538,29.79930037,29.82889076,29.87045454,29.92412875,29.99008928,30.06855064,30.15976529,30.26402242,30.38164536,30.51298697,30.65842195,30.81833520,30.99310553,31.18308493,31.38857417,31.60979716,31.84687689,32.09981688,32.36849122
1020,29.77967126,29.78557413,29.80330238,29.83291483,29.87450947,29.92822330,29.99423215,30.07275042,30.16403032,30.26836057,30.38606362,30.51749088,30.66301484,30.82301732,30.99787315,31.18792960,31.39348241,31.61475061,31.85185326,32.10479148,32.37344377
1021,29.78365858,29.78956587,29.80730736,29.83694188,29.87856737,29.93232080,29.99837796,30.07695308,30.16829815,30.27270134,30.39048421,30.52199669,30.66760903,30.82769994,31.00264032,31.19277279,31.39838812,31.61970064,31.85682561,32.10976502,32.37854121
1022,29.78764888,29.79356059,29.81131533,29.84097190,29.88262823,29.93642126,30.00252668,30.08115862,30.17256874,30.27704470,30.39490711,30.52650437,30.67220447,30.83238304,31.00740702,31.19761447,31.40329131,31.62464729,31.86179474,32.11475783,32.38377057
1023,29.79164217,29.79755829,29.81532627,29.84500489,29.88669206,29.94052466,30.00667833,30.08536702,30.17684210,30.28139064,30.39933228,30.53101387,30.67680113,30.83706656,31.01217322,31.20245466,31.40819202,31.62959078,31.86676439,32.11978820,32.38907610
1024,29.79563844,29.80155897,29.81934019,29.84904085,29.89075885,29.94463101,30.01083289,30.08957827,30.18111819,30.28573912,30.40375970,30.53552517,30.68139896,30.84175048,31.01693890,31.20729332,31.41309029,31.63453186,31.87174017,32.12485539,32.39444493
1025,29.79963769,29.80556264,29.82335708,29.85307979,29.89482860,29.94874031,30.01499036,30.09379236,30.18539700,30.29009013,30.40818932,30.54003823,30.68599794,30.84643476,31.02170403,31.21213048,31.41798628,31.63947197,31.87672614,32.12995974,32.39986687
1026,29.80363992,29.80956928,29.82737695,29.85712169,29.89890131,29.95285254,30.01915073,30.09800929,30.18967853,30.29444364,30.41262113,30.54455300,30.69059801,30.85111936,31.02646860,31.21696616,31.42288038,31.64441281,31.88172492,32.13509975,32.40533546
1027,29.80764513,29.81357890,29.83139980,29.86116656,29.90297697,29.95696771,30.02331400,30.10222903,30.19396274,30.29879962,30.41705509,30.54906946,30.69519915,30.85580427,31.03123259,31.22180044,31.42777307,31.64935605,31.88673861,32.14027355,32.41084567
1028,29.81165331,29.81759150,29.83542562,29.86521440,29.90705559,29.96108580,30.02748015,30.10645159,30.19824962,30.30315806,30.42149116,30.55358757,30.69980133,30.86048944,31.03599599,31.22663344,31.43266500,31.65430324,31.89176857,32.14547930,32.41639386
1029,29.81566448,29.82160707,29.83945441,29.86926521,29.91113716,29.96520683,30.03164918,30.11067693,30.20253916,30.30751892,30.42592933,30.55810730,30.70440449,30.86517486,31.04075884,31.23146537,31.43755690,31.65925576,31.89681551,32.15071548,32.42197727
1030,29.81967862,29.82562562,29.84348618,29.87331898,29.91522168,29.96933077,30.03582108,30.11490506,30.20683133,30.31188219,30.43036956,30.56262862,30.70900863,30.86986050,31.04552116,31.23629649,31.44244955,31.66421473,31.90187980,32.15598071,32.42759363
1031,29.82369574,29.82964715,29.84752092,29.87737571,29.91930915,29.97345763,30.03999585,30.11913596,30.21112612,30.31624784,30.43481182,30.56715148,30.71361370,30.87454636,31.05028305,31.24112714,31.44734365,31.66918104,31.90696161,32.16127381,32.43324106
1032,29.82771584,29.83367165,29.85155862,29.88143540,29.92339956,29.97758741,30.04417347,30.12336962,30.21542351,30.32061584,30.43925608,30.57167587,30.71821968,30.87923244,31.05504458,31.24595763,31.45223996,31.67415564,31.91206114,32.16659353,32.43891761
1033,29.83173891,29.83769912,29.85559929,29.88549804,29.92749291,29.98172008,30.04835393,30.12760602,30.21972347,30.32498617,30.44370231,30.57620174,30.72282655,30.88391875,31.05980591,31.25078836,31.45713911,31.67913906,31.91717831,32.17193894,32.44462197
1034,29.83576495,29.84172956,29.85964293,29.88956365,29.93158919,29.98585566,30.05253723,30.13184515,30.22402600,30.32935881,30.44815049,30.58072908,30.72743428,30.88860531,31.06456714,31.25561968,31.46204177,31.68413203,31.92231321,32.17730894,32.45035249
1035,29.83979397,29.84576298,29.86368954,29.89363220,29.93568840,29.98999413,30.05672336,30.13608700,30.22833108,30.33373374,30.45260059,30.58525786,30.73204288,30.89329219,31.06932848,31.26045200,31.46694844,31.68913479,31.92746556,32.18270283,32.45610838
1036,29.84382595,29.84979936,29.86773911,29.89770371,29.93979055,29.99413549,30.06091230,30.14033155,30.23263867,30.33811092,30.45705258,30.58978804,30.73665232,30.89797939,31.07409010,31.26528571,31.47185974,31.69414792,31.93263534,32.18811964,32.46188825
1037,29.84786091,29.85383871,29.87179164,29.90177817,29.94389561,29.99827972,30.06510405,30.14457879,30.23694877,30.34249034,30.46150643,30.59431961,30.74126263,30.90266703,31.07885220,31.27012117,31.47677605,31.69917156,31.93782227,32.19355877,32.46769141
1038,29.85189884,29.85788103,29.87584712,29.90585557,29.94800359,30.00242683,30.06929860,30.14882870,30.24126136,30.34687197,30.46596213,30.59885256,30.74587379,30.90735517,31.08361502,31.27495878,31.48169784,31.70420599,31.94302615,32.19901951,32.47351700
1039,29.85593973,29.86192632,29.87990557,29.90993591,29.95211449,30.00657680,30.07349593,30.15308126,30.24557641,30.35125579,30.47041964,30.60338686,30.75048584,30.91204390,31.08837873,31.27979885,31.48662549,31.70925148,31.94824684,32.20450120,32.47936411
1040,29.85998359,29.86597456,29.88396697,29.91401919,29.95622830,30.01072963,30.07769603,30.15733648,30.24989391,30.35564178,30.47487895,30.60792252,30.75509879,30.91673332,31.09314359,31.28464174,31.49155935,31.71430811,31.95348405,32.21000329,32.48523217
1041,29.86403041,29.87002577,29.88803132,29.91810541,29.96034501,30.01488532,30.08189890,30.16159432,30.25421384,30.36002992,30.47934003,30.61245951,30.75971269,30.92142356,31.09790982,31.28948779,31.49649970,31.71937599,31.95873756,32.21552526,32.49112056
1042,29.86808019,29.87407994,29.89209863,29.92219455,29.96446461,30.01904384,30.08610452,30.16585477,30.25853617,30.36442018,30.48380287,30.61699784,30.76432757,30.92611472,31.10267763,31.29433725,31.50144686,31.72445528,31.96400720,32.22106655,32.49702856
1043,29.87213294,29.87813706,29.89616888,29.92628662,29.96858711,30.02320520,30.09031288,30.17011782,30.26286090,30.36881255,30.48826745,30.62153752,30.76894348,30.93080694,31.10744724,31.29919045,31.50640103,31.72954596,31.96929270,32.22662675,32.50295575
1044,29.87618864,29.88219714,29.90024207,29.93038162,29.97271250,30.02736938,30.09452397,30.17438346,30.26718800,30.37320700,30.49273377,30.62607855,30.77356047,30.93550035,31.11221889,31.30404763,31.51136246,31.73464811,31.97459387,32.23220539,32.50890156
1045,29.88024730,29.88626017,29.90431820,29.93447954,29.97684077,30.03153638,30.09873778,30.17865166,30.27151745,30.37760352,30.49720180,30.63062095,30.77817861,30.94019506,31.11699274,31.30890904,31.51633134,31.73976180,31.97991051,32.23780202,32.51486547
1046,29.88430891,29.89032615,29.90839728,29.93858037,29.98097191,30.03570619,30.10295429,30.18292242,30.27584924,30.38200209,30.50167155,30.63516474,30.78279797,30.94489123,31.12176904,31.31377491,31.52130784,31.74488700,31.98524242,32.24341630,32.52084708
1047,29.88837347,29.89439508,29.91247929,29.94268411,29.98510591,30.03987879,30.10717350,30.18719571,30.28018335,30.38640269,30.50614300,30.63970993,30.78741861,30.94958898,31.12654796,31.31864547,31.52629214,31.75002375,31.99058938,32.24904780,32.52684591
1048,29.89244098,29.89846696,29.91656422,29.94679075,29.98924278,30.04405419,30.11139539,30.19147153,30.28451977,30.39080533,30.51061617,30.64425655,30.79204060,30.95428844,31.13132969,31.32352092,31.53128437,31.75517205,31.99595121,32.25469618,32.53286158
1049,29.89651144,29.90254177,29.92065209,29.95090030,29.99338250,30.04823237,30.11561995,30.19574985,30.28885847,30.39520997,30.51509104,30.64880464,30.79666403,30.95898976,31.13611442,31.32840144,31.53628466,31.76033187,32.00132772,32.26036111,32.53889371
1050,29.90058484,29.90661952,29.92474288,29.95501273,29.99752507,30.05241332,30.11984716,30.20003067,30.29319944,30.39961661,30.51956763,30.65335423,30.80128896,30.96369305,31.14090232,31.33328723,31.54129315,31.76550322,32.00671871,32.26604224,32.54494193
1051,29.90466118,29.91070021,29.92883658,29.95912806,30.00167048,30.05659703,30.12407702,30.20431397,30.29754268,30.40402525,30.52404595,30.65790536,30.80591549,30.96839846,31.14569356,31.33817844,31.54630992,31.77068605,32.01212399,32.27173928,32.55100591
1052,29.90874045,29.91478383,29.93293321,29.96324627,30.00581872,30.06078349,30.12830951,30.20859973,30.30188816,30.40843588,30.52852599,30.66245806,30.81054369,30.97310612,31.15048831,31.34307524,31.55133506,31.77588034,32.01754339,32.27745193,32.55708533
1053,29.91282266,29.91887037,29.93703274,29.96736736,30.00996978,30.06497269,30.13254462,30.21288794,30.30623587,30.41284850,30.53300779,30.66701237,30.81517364,30.97781614,31.15528673,31.34797779,31.55636869,31.78108606,32.02297673,32.28317990,32.56317985
1054,29.91690780,29.92295984,29.94113518,29.97149132,30.01412366,30.06916462,30.13678234,30.21717860,30.31058582,30.41726309,30.53749134,30.67156835,30.81980543,30.98252865,31.16008896,31.35288622,31.56141085,31.78630315,32.02842384,32.28892294,32.56928923
1055,29.92099586,29.92705223,29.94524051,29.97561815,30.01828035,30.07335928,30.14102266,30.22147168,30.31493797,30.42167967,30.54197667,30.67612603,30.82443915,30.98724379,31.16489516,31.35780064,31.56646159,31.79153154,32.03388454,32.29468081,32.57541321
1056,29.92508684,29.93114753,29.94934875,29.97974784,30.02243984,30.07755665,30.14526556,30.22576717,30.31929233,30.42609823,30.54646380,30.68068549,30.82907491,30.99196169,31.16970545,31.36272117,31.57152094,31.79677118,32.03935866,32.30045329,32.58155156
1057,29.92918074,29.93524574,29.95345987,29.98388038,30.02660212,30.08175672,30.14951104,30.23006507,30.32364890,30.43051877,30.55095276,30.68524675,30.83371275,30.99668244,31.17451998,31.36764795,31.57658902,31.80202206,32.04484607,32.30624008,32.58770394
1058,29.93327756,29.93934686,29.95757388,29.98801576,30.03076719,30.08595948,30.15375908,30.23436537,30.32800765,30.43494130,30.55544356,30.68980987,30.83835277,31.00140617,31.17933887,31.37258107,31.58166583,31.80728411,32.05034660,32.31204098,32.59387013
1059,29.93737728,29.94345088,29.96169077,29.99215399,30.03493503,30.09016492,30.15800967,30.23866805,30.33236860,30.43936583,30.55993623,30.69437491,30.84299508,31.00613300,31.18416225,31.37752061,31.58675138,31.81255724,32.05586011,32.31785581,32.60004997
1060,29.94147990,29.94755780,29.96581054,29.99629504,30.03910564,30.09437304,30.16226280,30.24297310,30.33673172,30.44379237,30.56443080,30.69894194,30.84763976,31.01086305,31.18899021,31.38246664,31.59184568,31.81784138,32.06138644,32.32368438,32.60624325
1061,29.94558543,29.95166761,29.96993317,30.00043893,30.04327901,30.09858381,30.16651846,30.24728052,30.34109703,30.44822092,30.56892731,30.70351100,30.85228690,31.01559641,31.19382289,31.38741927,31.59694877,31.82313649,32.06692546,32.32952648,32.61244975
1062,29.94969384,29.95578031,29.97405866,30.00458563,30.04745513,30.10279724,30.17077664,30.25159029,30.34546453,30.45265149,30.57342577,30.70808213,30.85693655,31.02033317,31.19866038,31.39237860,31.60206072,31.82844255,32.07247702,32.33538186,32.61866918
1063,29.95380515,29.95989588,29.97818701,30.00873514,30.05163399,30.10701331,30.17503733,30.25590242,30.34983420,30.45708411,30.57792623,30.71265542,30.86158883,31.02507346,31.20350277,31.39734467,31.60718149,31.83375946,32.07804100,32.34125038,32.62490142
1064,29.95791934,29.96401433,29.98231821,30.01288746,30.05581558,30.11123202,30.17930053,30.26021690,30.35420606,30.46151878,30.58242873,30.71723092,30.86624381,31.02981737,31.20835017,31.40231753,31.61231109,31.83908715,32.08361728,32.34713188,32.63114629
1065,29.96203641,29.96813565,29.98645225,30.01704257,30.05999990,30.11545335,30.18356622,30.26453371,30.35858010,30.46595553,30.58693329,30.72180869,30.87090158,31.03456499,31.21320265,31.40729723,31.61744951,31.84442556,32.08920571,32.35302621,32.63740364
1066,29.96615635,29.97225984,29.99058913,30.02120047,30.06418693,30.11967729,30.18783439,30.26885287,30.36295633,30.47039436,30.59143995,30.72638878,30.87556220,31.03931641,31.21806032,31.41228389,31.62259682,31.84977466,32.09480618,32.35893312,32.64367321
1067,29.97027915,29.97638688,29.99472884,30.02536116,30.06837667,30.12390384,30.19210505,30.27317435,30.36733476,30.47483529,30.59594874,30.73097124,30.88022576,31.04407172,31.22292325,31.41727752,31.62775298,31.85513438,32.10041856,32.36485250,32.64995487
1068,29.97440482,29.98051677,29.99887137,30.02952461,30.07256912,30.12813299,30.19637818,30.27749817,30.37171539,30.47927836,30.60045972,30.73555616,30.88489234,31.04883101,31.22779151,31.42227817,31.63291799,31.86050465,32.10604274,32.37078419,32.65624847
1069,29.97853334,29.98464951,30.00301672,30.03369083,30.07676425,30.13236473,30.20065377,30.28182432,30.37609823,30.48372357,30.60497291,30.74014357,30.88956201,31.05359435,31.23266517,31.42728587,31.63809184,31.86588541,32.11167861,32.37672806,32.66255386
1070,29.98266470,29.98878508,30.00716488,30.03785981,30.08096206,30.13659905,30.20493182,30.28615280,30.38048328,30.48817096,30.60948836,30.74473355,30.89423486,31.05836183,31.23754431,31.43230068,31.64327454,31.87127659,32.11732605,32.38268394,32.66887089
1071,29.98679891,29.99292349,30.01131584,30.04203155,30.08516255,30.14083595,30.20921233,30.29048361,30.38487056,30.49262053,30.61400610,30.74932613,30.89891093,31.06313353,31.24242900,31.43732265,31.64846608,31.87667816,32.12298494,32.38865168,32.67519938
1072,29.99093596,29.99706473,30.01546959,30.04620602,30.08936571,30.14507542,30.21349529,30.29481675,30.38926008,30.49707232,30.61852617,30.75392140,30.90359032,31.06790951,31.24731930,31.44235179,31.65366646,31.88209003,32.12865519,32.39463116,32.68153922
1073,29.99507583,30.00120878,30.01962613,30.05038323,30.09357153,30.14931745,30.21778070,30.29915222,30.39365184,30.50152635,30.62304863,30.75851939,30.90827308,31.07268985,31.25221526,31.44738815,31.65887564,31.88751214,32.13433669,32.40062225,32.68789027
1074,29.99921852,30.00535564,30.02378546,30.05456317,30.09778000,30.15356203,30.22206855,30.30349002,30.39804587,30.50598265,30.62757351,30.76312018,30.91295929,31.07747462,31.25711694,31.45243173,31.66409363,31.89294445,32.14002934,32.40662483,32.69425241
1075,30.00336403,30.00950531,30.02794755,30.05874583,30.10199111,30.15780916,30.22635884,30.30783017,30.40244217,30.51044124,30.63210084,30.76772381,30.91764901,31.08226389,31.26202441,31.45748259,31.66932042,31.89838689,32.14573303,32.41263874,32.70062549
1076,30.00751235,30.01365777,30.03211242,30.06293120,30.10620486,30.16205883,30.23065157,30.31217266,30.40684075,30.51490215,30.63663067,30.77233034,30.92234231,31.08705773,31.26693771,31.46254074,31.67455598,31.90383939,32.15144766,32.41866389,32.70700940
1077,30.01166347,30.01781303,30.03628004,30.06711927,30.11042125,30.16631105,30.23494674,30.31651749,30.41124164,30.51936540,30.64116304,30.77693983,30.92703925,31.09185618,31.27185689,31.46760620,31.67980029,31.90930191,32.15717316,32.42470016,32.71340402
1078,30.01581738,30.02197106,30.04045041,30.07131005,30.11464026,30.17056579,30.23924435,30.32086468,30.41564484,30.52383103,30.64569800,30.78155232,30.93173990,31.09665932,31.27678199,31.47267898,31.68505334,31.91477437,32.16290941,32.43074744,32.71980924
1079,30.01997408,30.02613188,30.04462353,30.07550352,30.11886188,30.17482307,30.24354439,30.32521423,30.42005038,30.52829907,30.65023559,30.78616789,30.93644431,31.10146720,31.28171305,31.47775910,31.69031510,31.92025672,32.16865634,32.43680563,32.72622496
1080,30.02413355,30.03029546,30.04879938,30.07969967,30.12308612,30.17908287,30.24784687,30.32956615,30.42445827,30.53276953,30.65477585,30.79078657,30.94115254,31.10627988,31.28665012,31.48284659,31.69558556,31.92574891,32.17441384,32.44287441,32.73263994
1081,30.02829580,30.03446181,30.05297797,30.08389849,30.12731296,30.18334520,30.25215179,30.33392044,30.42886853,30.53724246,30.65931882,30.79540841,30.94586465,31.11109742,31.29159324,31.48794145,31.70086470,31.93125087,32.18018175,32.44895036,32.73896295
1082,30.03246082,30.03863091,30.05715928,30.08809999,30.13154241,30.18761004,30.25645915,30.33827712,30.43328117,30.54171787,30.66386453,30.80003348,30.95058069,31.11591985,31.29654245,31.49304369,31.70615249,31.93676253,32.18595930,32.45501976,32.74517276
1083,30.03662859,30.04280275,30.06134330,30.09230416,30.13577445,30.19187740,30.26076894,30.34263618,30.43769621,30.54619581,30.66841304,30.80466181,30.95530073,31.12074725,31.30149778,31.49815333,31.71144891,31.94228369,32.19174375,32.46106562,32.75133170
1084,30.04079911,30.04697734,30.06553003,30.09651098,30.14000908,30.19614728,30.26508119,30.34699765,30.44211367,30.55067629,30.67296438,30.80929347,30.96002481,31.12557964,31.30645927,31.50327037,31.71675390,31.94781373,32.19753044,32.46708801,32.75744746
1085,30.04497238,30.05115466,30.06971947,30.10072045,30.14424630,30.20041967,30.26939588,30.35136154,30.44653358,30.55515935,30.67751859,30.81392850,30.96475299,31.13041709,31.31142694,31.50839481,31.72206732,31.95335148,32.20331593,32.47308851,32.76352688
1086,30.04914839,30.05533471,30.07391160,30.10493257,30.14848610,30.20469457,30.27371302,30.35572784,30.45095595,30.55964503,30.68207572,30.81856694,30.96948531,31.13525962,31.31640082,31.51352663,31.72738887,31.95889553,32.20909805,32.47906725,32.76957542
1087,30.05332712,30.05951748,30.07810642,30.10914733,30.15272848,30.20897199,30.27803262,30.36009658,30.45538080,30.56413334,30.68663580,30.82320885,30.97422182,31.14010730,31.32138093,31.51866577,31.73271813,31.96444450,32.21487528,32.48502555,32.77559706
1088,30.05750858,30.06370296,30.08230392,30.11336473,30.15697344,30.21325191,30.28235468,30.36446777,30.45980816,30.56862432,30.69119888,30.82785428,30.97896258,31.14496014,31.32636728,31.52381210,31.73805452,31.96999718,32.22064664,32.49096499,32.78159444
1089,30.06169275,30.06789114,30.08650410,30.11758476,30.16122096,30.21753435,30.28667920,30.36884142,30.46423804,30.57311801,30.69576499,30.83250325,30.98370763,31.14981820,31.33135987,31.52896548,31.74339749,31.97555243,32.22641123,32.49688693,32.78757011
1090,30.06587963,30.07208203,30.09070695,30.12180741,30.16547106,30.22181930,30.29100620,30.37321753,30.46867046,30.57761443,30.70033418,30.83715583,30.98845700,31.15468149,31.33635867,31.53412568,31.74874641,31.98110931,32.23216878,32.50279230,32.79352578
1091,30.07006922,30.07627561,30.09491247,30.12603268,30.16972372,30.22610676,30.29533567,30.37759614,30.47310546,30.58211362,30.70490648,30.84181206,30.99321075,31.15955005,31.34136363,31.53929247,31.75410069,31.98666698,32.23791896,32.50868213,32.79946316
1092,30.07426150,30.08047187,30.09912064,30.13026057,30.17397895,30.23039674,30.29966763,30.38197724,30.47754304,30.58661560,30.70948193,30.84647197,30.99796891,31.16442388,31.34637468,31.54446556,31.75945971,31.99222474,32.24366173,32.51455726,32.80538356
1093,30.07845647,30.08467082,30.10333147,30.13449107,30.17823674,30.23468924,30.30400208,30.38636085,30.48198324,30.59112040,30.71406057,30.85113562,31.00273152,31.16930299,31.35139172,31.54964465,31.76482294,31.99778211,32.24939711,32.52041846,32.81128800
1094,30.08265413,30.08887244,30.10754495,30.13872418,30.18249709,30.23898425,30.30833903,30.39074700,30.48642607,30.59562806,30.71864243,30.85580303,31.00749859,31.17418736,31.35641463,31.55482941,31.77018989,32.00333866,32.25512514,32.52626643,32.81717748
1095,30.08685446,30.09307673,30.11176106,30.14295989,30.18676000,30.24328178,30.31267849,30.39513568,30.49087155,30.60013861,30.72322756,30.86047424,31.01227017,31.17907697,31.36144327,31.56001954,31.77556008,32.00889399,32.26084587,32.53210183,32.82305288
1096,30.09105746,30.09728368,30.11597982,30.14719820,30.19102547,30.24758185,30.31702046,30.39952693,30.49531972,30.60465208,30.72781599,30.86514930,31.01704627,31.18397181,31.36647754,31.56521473,31.78093300,32.01444764,32.26655931,32.53792538,32.82891523
1097,30.09526313,30.10149329,30.12020121,30.15143912,30.19529350,30.25188444,30.32136496,30.40392074,30.49977059,30.60916849,30.73240775,30.86982822,31.02182689,31.18887179,31.37151722,31.57041468,31.78630839,32.01999955,32.27226568,32.54373747,32.83476494
1098,30.09947146,30.10570555,30.12442523,30.15568262,30.19956408,30.25618956,30.32571200,30.40831715,30.50422419,30.61368788,30.73700288,30.87451106,31.02661206,31.19377691,31.37656221,31.57561907,31.79168574,32.02554926,32.27796499,32.54953880,32.84060301
1099,30.10368245,30.10992045,30.12865187,30.15992872,30.20383723,30.26049722,30.33006158,30.41271616,30.50868054,30.61821028,30.74160141,30.87919781,31.03140176,31.19868707,31.38161229,31.58082764,31.79706486,32.03109678,32.28365746,32.55532968,32.84642976
1100,30.10789608,30.11413800,30.13288114,30.16417741,30.20811294,30.26480742,30.33441371,30.41711780,30.51313966,30.62273571,30.74620336,30.88388852,31.03619599,31.20360221,31.38666732,31.58604009,31.80244538,32.03664186,32.28934320,32.56111062,32.85224584
1101,30.11211236,30.11835819,30.13711302,30.16842869,30.21239121,30.26912016,30.33876841,30.42152207,30.51760158,30.62726421,30.75080878,30.88858320,31.04099474,31.20852226,31.39172711,31.59125616,31.80782701,32.04218436,32.29502235,32.56688208,32.85805180
1102,30.11633127,30.12258101,30.14134751,30.17268256,30.21667204,30.27343546,30.34312568,30.42592900,30.52206632,30.63179579,30.75541768,30.89328186,31.04579798,31.21344711,31.39679148,31.59647562,31.81320960,32.04772427,32.30069509,32.57264431,32.86384794
1103,30.12055282,30.12680645,30.14558462,30.17693901,30.22095543,30.27775332,30.34748554,30.43033860,30.52653390,30.63633050,30.76003010,30.89798452,31.05060569,31.21837668,31.40186024,31.60169822,31.81859290,32.05326151,32.30636157,32.57839770,32.86963468
1104,30.12477700,30.13103452,30.14982433,30.18119805,30.22524139,30.28207374,30.35184800,30.43475089,30.53100434,30.64086835,30.76464604,30.90269117,31.05541783,31.22331089,31.40693327,31.60692376,31.82397668,32.05879591,32.31202189,32.58414264,32.87541256
1105,30.12900381,30.13526521,30.15406664,30.18545967,30.22952992,30.28639673,30.35621306,30.43916589,30.53547767,30.64540937,30.76926554,30.90740182,31.06023438,31.22824963,31.41201037,31.61215200,31.82936079,32.06432751,32.31767622,32.58987938,32.88118182
1106,30.13323324,30.13949852,30.15831156,30.18972388,30.23382102,30.29072230,30.36058075,30.44358361,30.53995391,30.64995359,30.77388862,30.91211648,31.06505528,31.23319278,31.41709136,31.61738276,31.83474510,32.06985630,32.32332473,32.59560820,32.88694275
1107,30.13746529,30.14373444,30.16255908,30.19399067,30.23811470,30.29505046,30.36495107,30.44800408,30.54443309,30.65450102,30.77851528,30.91683514,31.06988050,31.23814025,31.42217609,31.62261586,31.84012944,32.07538221,32.32896753,32.60132940,32.89269572
1108,30.14169995,30.14797298,30.16680920,30.19826005,30.24241095,30.29938121,30.36932404,30.45242730,30.54891521,30.65905168,30.78314554,30.92155777,31.07470998,31.24309196,31.42726443,31.62785113,31.84551367,32.08090521,32.33460474,32.60704324,32.89844106
1109,30.14593723,30.15221412,30.17106192,30.20253201,30.24670978,30.30371455,30.37369966,30.45685330,30.55340031,30.66360560,30.78777941,30.92628438,31.07954367,31.24804777,31.43235621,31.63308840,31.85089771,32.08642534,32.34023651,32.61274992,32.90417894
1110,30.15017712,30.15645786,30.17531723,30.20680655,30.25101120,30.30805051,30.37807796,30.46128209,30.55788840,30.66816280,30.79241690,30.93101495,31.08438150,31.25300758,31.43745128,31.63832753,31.85628147,32.09194262,32.34586298,32.61844966,32.90990963
1111,30.15441961,30.16070421,30.17957514,30.21108369,30.25531521,30.31238908,30.38245894,30.46571369,30.56237949,30.67272328,30.79705801,30.93574945,31.08922344,31.25797131,31.44254953,31.64356837,31.86166479,32.09745697,32.35148423,32.62414275,32.91563347
1112,30.15866471,30.16495317,30.18383564,30.21536341,30.25962182,30.31673027,30.38684261,30.47014812,30.56687362,30.67728707,30.80170274,30.94048786,31.09406941,31.26293886,31.44765080,31.64881080,31.86704763,32.10296845,32.35710041,32.62982935,32.92135061
1113,30.16291241,30.16920472,30.18809874,30.21964573,30.26393102,30.32107410,30.39122900,30.47458539,30.57137080,30.68185418,30.80635110,30.94523016,31.09891935,31.26791010,31.45275499,31.65405470,31.87242993,32.10847707,32.36271163,32.63550965,32.92706127
1114,30.16716271,30.17345887,30.19236443,30.22393063,30.26824283,30.32542057,30.39561810,30.47902552,30.57587104,30.68642462,30.81100308,30.94997632,31.10377321,31.27288496,31.45786195,31.65929994,31.87781159,32.11398282,32.36831800,32.64118385,32.93276569
1115,30.17141561,30.17771562,30.19663271,30.22821814,30.27255725,30.32976969,30.40000994,30.48346853,30.58037436,30.69099839,30.81565868,30.95472631,31.10863093,31.27786333,31.46297159,31.66454641,31.88319253,32.11948572,32.37391962,32.64685214,32.93846406
1116,30.17567111,30.18197496,30.20090360,30.23250824,30.27687428,30.33412148,30.40440453,30.48791442,30.58488077,30.69557552,30.82031789,30.95948011,31.11349243,31.28284513,31.46808378,31.66979401,31.88857273,32.12498581,32.37951661,32.65251468,32.94415655
1117,30.17992921,30.18623691,30.20517707,30.23680094,30.28119394,30.33847593,30.40880188,30.49236322,30.58939028,30.70015599,30.82498070,30.96423766,31.11835766,31.28783026,31.47319843,31.67504266,31.89395212,32.13048309,32.38510906,32.65817163,32.94984335
1118,30.18418991,30.19050145,30.20945315,30.24109625,30.28551622,30.34283306,30.41320200,30.49681493,30.59390292,30.70473983,30.82964710,30.96899896,31.12322656,31.29281864,31.47831542,31.68029224,31.89933065,32.13597759,32.39069709,32.66382316,32.95552464
1119,30.18845320,30.19476858,30.21373182,30.24539416,30.28984114,30.34719288,30.41760490,30.50126958,30.59841868,30.70932702,30.83431708,30.97376395,31.12809905,31.29781016,31.48343466,31.68554268,31.90470828,32.14146934,32.39628078,32.66946940,32.96120055
1120,30.19271909,30.19903832,30.21801309,30.24969469,30.29416869,30.35155540,30.42201060,30.50572717,30.60293759,30.71391758,30.83899063,30.97853261,31.13297509,31.30280476,31.48855605,31.69079390,31.91008498,32.14695837,32.40186023,32.67511050,32.96687125
1121,30.19698757,30.20331065,30.22229697,30.25399783,30.29849890,30.35592062,30.42641911,30.51018771,30.60745964,30.71851151,30.84366773,30.98330490,31.13785461,31.30780234,31.49367950,31.69604581,31.91546070,32.15244469,32.40743555,32.68074663,32.97253691
1122,30.20125866,30.20758558,30.22658345,30.25830359,30.30283176,30.36028856,30.43083043,30.51465123,30.61198485,30.72310880,30.84834837,30.98808078,31.14273755,31.31280283,31.49880491,31.70129834,31.92083541,32.15792835,32.41300680,32.68637789,32.97819766
1123,30.20553234,30.21186311,30.23087253,30.26261198,30.30716728,30.36465923,30.43524459,30.51911772,30.61651323,30.72770945,30.85303252,30.99286020,31.14762384,31.31780613,31.50393222,31.70655145,31.92620910,32.16340937,32.41857409,32.69200440,32.98385361
1124,30.20980862,30.21614324,30.23516423,30.26692299,30.31150546,30.36903263,30.43966158,30.52358720,30.62104477,30.73231345,30.85772017,30.99764314,31.15251341,31.32281219,31.50906134,31.71180506,31.93158177,32.16888780,32.42413750,32.69762627,32.98950487
1125,30.21408750,30.22042598,30.23945854,30.27123664,30.31584632,30.37340878,30.44408144,30.52805968,30.62557949,30.73692081,30.86241129,31.00242953,31.15740622,31.32782091,31.51419220,31.71705914,31.93695339,32.17436369,32.42969711,32.70324361,32.99515156
1126,30.21836899,30.22471132,30.24375547,30.27555293,30.32018987,30.37778769,30.44850415,30.53253517,30.63011739,30.74153151,30.86710586,31.00721936,31.16230219,31.33283222,31.51932471,31.72231361,31.94232393,32.17983704,32.43525299,32.70885655,33.00079381
1127,30.22265308,30.22899927,30.24805501,30.27987186,30.32453610,30.38216935,30.45292973,30.53701367,30.63465847,30.74614555,30.87180388,31.01201258,31.16720128,31.33784607,31.52445881,31.72756840,31.94769336,32.18530786,32.44080523,32.71446522,33.00643179
1128,30.22693978,30.23328984,30.25235718,30.28419345,30.32888503,30.38655379,30.45735820,30.54149520,30.63920273,30.75076293,30.87650531,31.01680914,31.17210343,31.34286237,31.52959444,31.73282349,31.95306169,32.19077622,32.44635391,32.72006970,33.01206555
1129,30.23122909,30.23758301,30.25666198,30.28851768,30.33323667,30.39094101,30.46178956,30.54597975,30.64375018,30.75538363,30.88121011,31.02160901,31.17700857,31.34788106,31.53473153,31.73807885,31.95842892,32.19624215,32.45189908,32.72567008,33.01769518
1130,30.23552101,30.24187880,30.26096941,30.29284458,30.33759101,30.39533102,30.46622381,30.55046735,30.64830082,30.76000763,30.88591828,31.02641213,31.18191663,31.35290207,31.53987003,31.74333444,31.96379506,32.20170570,32.45744083,32.73126642,33.02332077
1131,30.23981554,30.24617722,30.26527947,30.29717415,30.34194808,30.39972383,30.47066098,30.55495799,30.65285463,30.76463493,30.89062977,31.03121846,31.18682757,31.35792534,31.54500989,31.74859023,31.96916012,32.20716690,32.46297921,32.73685883,33.02894240
1132,30.24411270,30.25047825,30.26959218,30.30150639,30.34630787,30.40411944,30.47510106,30.55945167,30.65741164,30.76926552,30.89534458,31.03602799,31.19174136,31.36295082,31.55015102,31.75384612,31.97452399,32.21262574,32.46851431,32.74244746,33.03456027
1133,30.24841247,30.25478191,30.27390753,30.30584131,30.35067040,30.40851787,30.47954406,30.56394840,30.66197182,30.77389939,30.90006268,31.04084066,31.19665792,31.36797844,31.55529339,31.75910213,31.97988675,32.21808227,32.47404618,32.74803236,33.04017441
1134,30.25271488,30.25908821,30.27822553,30.31017891,30.35503566,30.41291913,30.48399000,30.56844819,30.66653517,30.77853652,30.90478403,31.04565642,31.20157720,31.37300815,31.56043695,31.76435821,31.98524838,32.22353654,32.47957489,32.75361361,33.04578489
1135,30.25701991,30.26339714,30.28254618,30.31451920,30.35940368,30.41732321,30.48843886,30.57295103,30.67110170,30.78317690,30.90950861,31.05047523,31.20649915,31.37803990,31.56558166,31.76961436,31.99060889,32.22898857,32.48510050,32.75919127,33.05139178
1136,30.26132757,30.26770871,30.28686950,30.31886220,30.36377445,30.42173013,30.49289067,30.57745693,30.67567140,30.78782050,30.91423637,31.05529705,31.21142371,31.38307362,31.57072748,31.77487055,31.99596828,32.23443840,32.49062305,32.76476541,33.05699517
1137,30.26563788,30.27202293,30.29119548,30.32320789,30.36814799,30.42613990,30.49734543,30.58196590,30.68024425,30.79246731,30.91896731,31.06012185,31.21635085,31.38810928,31.57587435,31.78012674,32.00132656,32.23988607,32.49614262,32.77033613,33.06259514
1138,30.26995083,30.27633979,30.29552413,30.32755630,30.37252429,30.43055251,30.50180314,30.58647792,30.68482026,30.79711732,30.92370140,31.06494958,31.22128051,31.39314682,31.58102224,31.78538291,32.00668371,32.24533158,32.50165926,32.77590351,33.06819179
1139,30.27426642,30.28065931,30.29985546,30.33190742,30.37690337,30.43496799,30.50626381,30.59099300,30.68939941,30.80177051,30.92843860,31.06978021,31.22621265,31.39818619,31.58617109,31.79063902,32.01203973,32.25077498,32.50717303,32.78146762,33.07378518
1140,30.27858467,30.28498149,30.30418947,30.33626127,30.38128523,30.43938632,30.51072743,30.59551114,30.69398171,30.80642687,30.93317888,31.07461370,31.23114723,31.40322736,31.59132088,31.79589506,32.01739462,32.25621628,32.51268398,32.78702861,33.07937852
1141,30.28290557,30.28930634,30.30852617,30.34061784,30.38566988,30.44380753,30.51519402,30.60003234,30.69856713,30.81108638,30.93792224,31.07945002,31.23608420,31.40827026,31.59647156,31.80115100,32.02274838,32.26165553,32.51819222,32.79258769,33.08500132
1142,30.28722914,30.29363385,30.31286556,30.34497715,30.39005733,30.44823161,30.51966357,30.60455660,30.70315568,30.81574902,30.94266862,31.08428912,31.24102351,31.41331487,31.60162310,31.80640682,32.02810102,32.26709276,32.52369802,32.79814863,33.09065650
1143,30.29155537,30.29796404,30.31720765,30.34933919,30.39444758,30.45265856,30.52413609,30.60908390,30.70774735,30.82041477,30.94741801,31.08913097,31.24596513,31.41836113,31.60677547,31.81166252,32.03345256,32.27252806,32.52920215,32.80371633,33.09633053
1144,30.29588427,30.30229691,30.32155245,30.35370399,30.39884063,30.45708840,30.52861158,30.61361427,30.71234211,30.82508361,30.95217038,31.09397553,31.25090901,31.42340901,31.61192863,31.81691807,32.03880301,32.27796162,32.53470594,32.80929270,33.10201710
1145,30.30021586,30.30663246,30.32589995,30.35807154,30.40323650,30.46152113,30.53309004,30.61814767,30.71693998,30.82975552,30.95692569,31.09882276,31.25585511,31.42845846,31.61708256,31.82217347,32.04415242,32.28339377,32.54021069,32.81487665,33.10771414
1146,30.30455012,30.31097071,30.33025018,30.36244184,30.40763518,30.46595675,30.53757147,30.62268413,30.72154092,30.83443049,30.96168392,31.10367263,31.26080339,31.43350946,31.62223722,31.82742872,32.04950086,32.28882497,32.54571729,32.82046692,33.11342100
1147,30.30888708,30.31531165,30.33460312,30.36681491,30.41203669,30.47039527,30.54205588,30.62722362,30.72614493,30.83910850,30.96644504,31.10852510,31.26575382,31.43856195,31.62739260,31.83268381,32.05484848,32.29425570,32.55122612,32.82606334,33.11913646
1148,30.31322673,30.31965530,30.33895879,30.37119075,30.41644103,30.47483668,30.54654326,30.63176615,30.73075201,30.84378952,30.97120903,31.11338014,31.27070634,31.44361592,31.63254866,31.83793877,32.06019543,32.29968638,32.55673737,32.83166593,33.12485961
1149,30.31756908,30.32400165,30.34331720,30.37556937,30.42084819,30.47928100,30.55103361,30.63631171,30.73536213,30.84847353,30.97597585,31.11823771,31.27566094,31.44867131,31.63770540,31.84319364,32.06554191,32.30511735,32.56225123,32.83727443,33.13058979
1150,30.32191413,30.32835072,30.34767834,30.37995076,30.42525820,30.48372822,30.55552693,30.64086029,30.73997529,30.85316052,30.98074548,31.12309779,31.28061756,31.45372812,31.64286281,31.84844850,32.07088810,32.31054881,32.56776782,32.84288845,33.13632658
1151,30.32626190,30.33270251,30.35204223,30.38433494,30.42967105,30.48817835,30.56002323,30.64541189,30.74459147,30.85785047,30.98551788,31.12796033,31.28557619,31.45878630,31.64802089,31.85370340,32.07623421,32.31598109,32.57328731,32.84850776,33.14206936
1152,30.33061238,30.33705702,30.35640887,30.38872192,30.43408674,30.49263139,30.56452250,30.64996651,30.74921067,30.86254335,30.99029304,31.13282530,31.29053677,31.46384584,31.65317963,31.85895839,32.08158040,32.32141445,32.57880982,32.85413212,33.14781761
1153,30.33496559,30.34141426,30.36077827,30.39311169,30.43850529,30.49708734,30.56902473,30.65452413,30.75383285,30.86723914,30.99507093,31.13769268,31.29549930,31.46890671,31.65833906,31.86421360,32.08692684,32.32684895,32.58433530,32.85976125,33.15357129
1154,30.33932152,30.34577424,30.36515042,30.39750426,30.44292669,30.50154620,30.57352994,30.65908474,30.75845803,30.87193783,30.99985151,31.14256243,31.30046372,31.47396890,31.66349919,31.86946908,32.09227370,32.33228489,32.58986390,32.86539489,33.15932977
1155,30.34368019,30.35013697,30.36952535,30.40189964,30.44735094,30.50600798,30.57803810,30.66364835,30.76308617,30.87663939,31.00463477,31.14743452,31.30543002,31.47903238,31.66866005,31.87472493,32.09762112,32.33772234,32.59539555,32.87103290,33.16509296
1156,30.34804160,30.35450244,30.37390304,30.40629782,30.45177806,30.51047267,30.58254923,30.66821494,30.76771727,30.88134380,31.00942067,31.15230892,31.31039817,31.48409717,31.67382167,31.87998126,32.10296923,32.34316139,32.60093019,32.87667513,33.17086071
1157,30.35240575,30.35887066,30.37828351,30.41069883,30.45620804,30.51494027,30.58706331,30.67278450,30.77235131,30.88605104,31.01420919,31.15718561,31.31536815,31.48916324,31.67898407,31.88523813,32.10831819,32.34860223,32.60646788,32.88232135,33.17663264
1158,30.35677265,30.36324164,30.38266677,30.41510265,30.46064088,30.51941079,30.59158035,30.67735703,30.77698827,30.89076110,31.01900030,31.16206456,31.32033994,31.49423061,31.68414731,31.89049565,32.11366805,32.35404479,32.61200849,32.88797155,33.18240881
1159,30.36114231,30.36761539,30.38705281,30.41950929,30.46507660,30.52388423,30.59610034,30.68193252,30.78162815,30.89547395,31.02379399,31.16694574,31.32531351,31.49929926,31.68931143,31.89575389,32.11901896,32.35948923,32.61755203,32.89362553,33.18818893
1160,30.36551473,30.37199190,30.39144164,30.42391877,30.46951518,30.52836058,30.60062328,30.68651095,30.78627093,30.90018957,31.02859022,31.17182913,31.33028886,31.50436923,31.69447646,31.90101293,32.12437100,32.36493557,32.62309847,32.89928321,33.19397289
1161,30.36988991,30.37637119,30.39583327,30.42833107,30.47395663,30.53283984,30.60514915,30.69109232,30.79091659,30.90490794,31.03338898,31.17671471,31.33526599,31.50944051,31.69964246,31.90627284,32.12972419,32.37038379,32.62864778,32.90494454,33.19976064
1162,30.37426787,30.38075325,30.40022769,30.43274620,30.47840096,30.53732201,30.60967796,30.69567662,30.79556512,30.90962904,31.03819023,31.18160246,31.34024486,31.51451312,31.70480947,31.91153370,32.13507868,32.37583403,32.63419993,32.91060935,33.20555194
1163,30.37864860,30.38513810,30.40462493,30.43716417,30.48284817,30.54180710,30.61420971,30.70026384,30.80021650,30.91435286,31.04299396,31.18649234,31.34522546,31.51958704,31.70997751,31.91679559,32.14043458,32.38128633,32.63975489,32.91627751,33.21134665
1164,30.38303212,30.38952574,30.40902497,30.44158499,30.48729825,30.54629509,30.61874437,30.70485397,30.80487072,30.91907937,31.04780015,31.19138436,31.35020780,31.52466232,31.71514664,31.92205856,32.14579186,32.38674066,32.64531264,32.92194902,33.21714476
1165,30.38741842,30.39391617,30.41342782,30.44600864,30.49175121,30.55078599,30.62328196,30.70944700,30.80952776,30.92380855,31.05260878,31.19627850,31.35519189,31.52973898,31.72031689,31.92732265,32.15115059,32.39219704,32.65087315,32.92762379,33.22294618
1166,30.39180751,30.39830940,30.41783349,30.45043514,30.49620704,30.55527980,30.62782247,30.71404292,30.81418761,30.92854039,31.05741983,31.20117473,31.36017769,31.53481701,31.72548832,31.93258795,32.15651087,32.39765554,32.65643640,32.93330170,33.22875075
1167,30.39619940,30.40270543,30.42224199,30.45486449,30.50066576,30.55977651,30.63236588,30.71864172,30.81885026,30.93327487,31.06223326,31.20607303,31.36516521,31.53989644,31.73066096,31.93785453,32.16187277,32.40311619,32.66200234,32.93898265,33.23455834
1168,30.40059408,30.40710427,30.42665330,30.45929669,30.50512735,30.56427612,30.63691220,30.72324338,30.82351569,30.93801196,31.06704909,31.21097342,31.37015447,31.54497729,31.73583484,31.94312238,32.16723623,32.40857892,32.66757096,32.94466669,33.24036903
1169,30.40499157,30.41150592,30.43106745,30.46373174,30.50959183,30.56877863,30.64146141,30.72784790,30.82818388,30.94275166,31.07186728,31.21587586,31.37514546,31.55005958,31.74101001,31.94839157,32.17260133,32.41404379,32.67314223,32.95035371,33.24618269
1170,30.40939187,30.41591038,30.43548442,30.46816964,30.51405918,30.57328403,30.64601351,30.73245527,30.83285482,30.94749395,31.07668781,31.22078035,31.38013817,31.55514334,31.74618651,31.95366217,32.17796814,32.41951082,32.67871612,32.95604362,33.25199921
1171,30.41379498,30.42031766,30.43990423,30.47261041,30.51852941,30.57779233,30.65056849,30.73706547,30.83752850,30.95223880,31.08151067,31.22568688,31.38513261,31.56022856,31.75136436,31.95893422,32.18333670,32.42498003,32.68429260,32.96173635,33.25781851
1172,30.41820091,30.42472776,30.44432687,30.47705402,30.52300251,30.58230351,30.65512635,30.74167850,30.84220490,30.95698621,31.08633586,31.23059544,31.39012880,31.56531529,31.75654360,31.96420771,32.18870698,32.43045137,32.68987165,32.96743193,33.26364064
1173,30.42260965,30.42914068,30.44875235,30.48150050,30.52747849,30.58681757,30.65968707,30.74629435,30.84688400,30.96173615,31.09116335,31.23550604,31.39512674,31.57040355,31.76172426,31.96948271,32.19407902,32.43592487,32.69545324,32.97313028,33.26946550
1174,30.42702122,30.43355643,30.45318067,30.48594983,30.53195735,30.59133451,30.66425066,30.75091299,30.85156581,30.96648863,31.09599314,31.24041866,31.40012642,31.57549334,31.76690638,31.97475924,32.19945285,32.44140053,32.70103735,32.97883136,33.27529304
1175,30.43143561,30.43797501,30.45761184,30.49040202,30.53643908,30.59585433,30.66881709,30.75553443,30.85625029,30.97124361,31.10082521,31.24533330,31.40512787,31.58058469,31.77208998,31.98003735,32.20482850,32.44687835,32.70662396,32.98453513,33.28112322
1176,30.43585284,30.44239643,30.46204584,30.49485708,30.54092368,30.60037702,30.67338638,30.76015866,30.86093744,30.97600109,31.10565955,31.25024994,31.41013107,31.58567762,31.77727508,31.98531706,32.21020601,32.45235836,32.71221304,32.99024151,33.28695594
1177,30.44027289,30.44682068,30.46648270,30.49931499,30.54541115,30.60490258,30.67795850,30.76478565,30.86562725,30.98076105,31.11049616,31.25516860,31.41513605,31.59077213,31.78246172,31.99059840,32.21558538,32.45784053,32.71780457,32.99595049,33.29279120
1178,30.44469578,30.45124777,30.47092240,30.50377576,30.54990149,30.60943100,30.68253346,30.76941541,30.87031970,30.98552349,31.11533501,31.26008927,31.42014281,31.59586827,31.78764993,31.99588139,32.22096662,32.46332487,32.72339854,33.00166205,33.29862898
1179,30.44912151,30.45567770,30.47536496,30.50823939,30.55439469,30.61396227,30.68711123,30.77404791,30.87501479,30.99028839,31.12017612,31.26501196,31.42515136,31.60096604,31.79283972,32.00116604,32.22634973,32.46881136,32.72899491,33.00737615,33.30446924
1180,30.45355007,30.46011047,30.47981036,30.51270588,30.55889076,30.61849640,30.69169182,30.77868316,30.87971249,30.99505573,31.12501946,31.26993665,31.43016171,31.60606547,31.79803112,32.00645239,32.23173472,32.47429999,32.73459367,33.01309277,33.31031197
1181,30.45798148,30.46454609,30.48425862,30.51717523,30.56338969,30.62303337,30.69627521,30.78332113,30.88441280,30.99982552,31.12986504,31.27486335,31.43517387,31.61116656,31.80322416,32.01174046,32.23712164,32.47979079,32.74019480,33.01881186,33.31615708
1182,30.46241573,30.46898455,30.48870972,30.52164744,30.56789147,30.62757318,30.70086141,30.78796183,30.88911570,31.00459773,31.13471283,31.27979206,31.44018783,31.61626933,31.80841885,32.01703027,32.24251049,32.48528375,32.74579829,33.02453337,33.32200453
1183,30.46685282,30.47342586,30.49316368,30.52612251,30.57239611,30.63211583,30.70545039,30.79260523,30.89382120,31.00937236,31.13956285,31.28472277,31.44520362,31.62137380,31.81361520,32.02232184,32.24790127,32.49077887,32.75140412,33.03025731,33.32785433
1184,30.47129276,30.47787001,30.49762049,30.53060043,30.57690360,30.63666131,30.71004216,30.79725134,30.89852927,31.01414941,31.14441508,31.28965550,31.45022124,31.62647999,31.81881325,32.02761518,32.25329398,32.49627612,32.75701227,33.03598365,33.33370646
1185,30.47573555,30.48231702,30.50208016,30.53508121,30.58141394,30.64120962,30.71463671,30.80190013,30.90323990,31.01892885,31.14926953,31.29459025,31.45524071,31.63158791,31.82401301,32.03291029,32.25868863,32.50177550,32.76262272,33.04171237,33.33956089
1186,30.48018119,30.48676688,30.50654268,30.53956484,30.58592712,30.64576074,30.71923401,30.80655161,30.90795309,31.02371069,31.15412618,31.29952701,31.46026204,31.63669758,31.82921448,32.03820719,32.26408521,32.50727701,32.76823546,33.04744345,33.34541760
1187,30.48462968,30.49121959,30.51100805,30.54405132,30.59044314,30.65031468,30.72383408,30.81120575,30.91266882,31.02849491,31.15898503,31.30446578,31.46528521,31.64180900,31.83441771,32.04350593,32.26948379,32.51278067,32.77385048,33.05317682,33.35127651
1188,30.48908102,30.49567515,30.51547627,30.54854065,30.59496201,30.65487142,30.72843691,30.81586257,30.91738710,31.03328152,31.16384608,31.30940657,31.47031025,31.64692219,31.83962269,32.04880650,32.27488433,32.51828647,32.77946775,33.05891249,33.35713763
1189,30.49353521,30.50013356,30.51994735,30.55303283,30.59948370,30.65943097,30.73304247,30.82052203,30.92210790,31.03807049,31.16870933,31.31434938,31.47533716,31.65203717,31.84482944,32.05410891,32.28028684,32.52379439,32.78508727,33.06465043,33.36300095
1190,30.49799225,30.50459482,30.52442127,30.55752785,30.60400822,30.66399331,30.73765077,30.82518414,30.92683123,31.04286183,31.17357477,31.31929422,31.48036596,31.65715394,31.85003798,32.05941316,32.28569133,32.52930442,32.79070902,33.07039064,33.36886643
1191,30.50245214,30.50905893,30.52889805,30.56202571,30.60853557,30.66855844,30.74226180,30.82984889,30.93155706,31.04765554,31.17844240,31.32424109,31.48539665,31.66227252,31.85524831,32.06471928,32.29109779,32.53481657,32.79633299,33.07613310,33.37473407
1192,30.50691488,30.51352589,30.53337767,30.56652642,30.61306574,30.67312635,30.74687556,30.83451627,30.93628540,31.05245159,31.18331223,31.32918998,31.49042923,31.66739292,31.86046045,32.07002726,32.29650623,32.54033084,32.80195917,33.08187777,33.38060383
1193,30.51138048,30.51799571,30.53786014,30.57102996,30.61759873,30.67769704,30.75149202,30.83918627,30.94101624,31.05725000,31.18818423,31.33414090,31.49546372,31.67251515,31.86567442,32.07533714,32.30191668,32.54584721,32.80758754,33.08762463,33.38647569
1194,30.51584892,30.52246837,30.54234545,30.57553634,30.62213453,30.68227051,30.75611120,30.84385888,30.94574957,31.06205075,31.19305842,31.33909385,31.50050012,31.67763923,31.87089023,32.08064891,32.30732912,32.55136569,32.81321808,33.09337367,33.39234964
1195,30.52032021,30.52694388,30.54683361,30.58004555,30.62667313,30.68684674,30.76073307,30.84853410,30.95048539,31.06685383,31.19793480,31.34404884,31.50553844,31.68276515,31.87610788,32.08596258,32.31274355,32.55688628,32.81885080,33.09912488,33.39822565
1196,30.52479435,30.53142224,30.55132461,30.58455759,30.63121455,30.69142573,30.76535764,30.85321192,30.95522368,31.07165926,31.20281336,31.34900588,31.51057868,31.68789293,31.88132739,32.09127815,32.31815999,32.56240895,32.82448567,33.10487823,33.40410372
1197,30.52927134,30.53590344,30.55581845,30.58907246,30.63575875,30.69600747,30.76998489,30.85789233,30.95996444,31.07646701,31.20769410,31.35396495,31.51562086,31.69302258,31.88654875,32.09659564,32.32357842,32.56793372,32.83012269,33.11063372,33.40998382
1198,30.53375118,30.54038749,30.56031513,30.59359014,30.64030576,30.70059197,30.77461483,30.86257532,30.96470767,31.08127710,31.21257703,31.35892607,31.52066497,31.69815411,31.89177200,32.10191505,32.32899885,32.57346057,32.83576184,33.11639133,33.41586594
1199,30.53823386,30.54487438,30.56481464,30.59811065,30.64485555,30.70517920,30.77924743,30.86726089,30.96945336,31.08608950,31.21746214,31.36388924,31.52571103,31.70328753,31.89699713,32.10723639,32.33442129,32.57898950,32.84140312,33.12215104,33.42175007
1200,30.54271939,30.54936412,30.56931699,30.60263397,30.64940813,30.70976918,30.78388270,30.87194904,30.97420150,31.09090422,31.22234942,31.36885446,31.53075905,31.70842285,31.90222415,32.11255967,32.33984574,32.58452051,32.84704650,33.12791282,33.42763482
1201,30.54720775,30.55385669,30.57382216,30.60716011,30.65396349,30.71436188,30.78852064,30.87663974,30.97895209,31.09572126,31.22723888,31.37382173,31.53580902,31.71356007,31.90745307,32.11788489,32.34527220,32.59005359,32.85269196,33.13367500,33.43345111
1202,30.55169896,30.55835210,30.57833016,30.61168905,30.65852163,30.71895731,30.79316122,30.88133301,30.98370512,31.10054061,31.23213052,31.37879106,31.54086095,31.71869921,31.91268391,32.12321205,32.35070066,32.59558872,32.85833911,33.13942899,33.43920424
1203,30.55619300,30.56285034,30.58284099,30.61622080,30.66308254,30.72355546,30.79780446,30.88602883,30.98846059,31.10536227,31.23702434,31.38376245,31.54591486,31.72384027,31.91791666,32.12854117,32.35613113,32.60112583,32.86398637,33.14516472,33.44492203
1204,30.56068989,30.56735142,30.58735464,30.62075534,30.66764621,30.72815633,30.80245033,30.89072720,30.99321850,31.11018624,31.24192033,31.38873591,31.55097074,31.72898325,31.92315134,32.13387224,32.36156358,32.60666457,32.86963101,33.15088273,33.45061097
1205,30.56518960,30.57185533,30.59187111,30.62529269,30.67221265,30.73275990,30.80709884,30.89542811,30.99797883,31.11501250,31.24681851,31.39371143,31.55602861,31.73412818,31.92838794,32.13920527,32.36699795,32.61220429,32.87527099,33.15658419,33.45627472
1206,30.56969215,30.57636206,30.59639040,30.62983283,30.67678184,30.73736618,30.81174998,30.90013155,31.00274158,31.11984107,31.25171886,31.39868902,31.56108846,31.73927504,31.93362648,32.14454024,32.37243407,32.61774418,32.88090513,33.16226899,33.46191658
1207,30.57419752,30.58087162,30.60091249,30.63437576,30.68135378,30.74197515,30.81640375,30.90483752,31.00750675,31.12467194,31.25662140,31.40366868,31.56615031,31.74442385,31.93886695,32.14987711,32.37787172,32.62328345,32.88653263,33.16793787,33.46753903
1208,30.57870572,30.58538401,30.60543740,30.63892147,30.68592848,30.74658682,30.82106013,30.90954602,31.01227434,31.12950511,31.26152611,31.40865042,31.57121415,31.74957462,31.94410936,32.15521581,32.38331056,32.62882146,32.89215301,33.17359183,33.47314344
1209,30.58321675,30.58989921,30.60996511,30.64346996,30.69050591,30.75120117,30.82571912,30.91425704,31.01704434,31.13434057,31.26643300,31.41363424,31.57628000,31.75472734,31.94935368,32.16055627,32.38875029,32.63435750,32.89776565,33.17923174,33.47873163
1210,30.58773060,30.59441723,30.61449563,30.64802124,30.69508608,30.75581820,30.83038073,30.91897057,31.02181675,31.13917832,31.27134207,31.41862014,31.58134785,31.75988202,31.95459989,32.16589835,32.39419056,32.63989113,32.90337050,33.18485816,33.48430441
1211,30.59224726,30.59893806,30.61902894,30.65257528,30.69966899,30.76043791,30.83504493,30.92368661,31.02659156,31.14401836,31.27625333,31.42360813,31.58641771,31.76503865,31.95984797,32.17124192,32.39963104,32.64542180,32.90896729,33.19047181,33.48986304
1212,30.59676674,30.60346170,30.62356505,30.65713209,30.70425462,30.76506030,30.83971173,30.92840515,31.03136877,31.14886070,31.28116676,31.42859820,31.59148959,31.77019722,31.96509786,32.17658682,32.40507137,32.65094920,32.91455615,33.19607315,33.49540812
1213,30.60128903,30.60798814,30.62810395,30.66169167,30.70884298,30.76968534,30.84438112,30.93312620,31.03614837,31.15370532,31.28608238,31.43359036,31.59656348,31.77535773,31.97034949,32.18193287,32.41051127,32.65647300,32.92013704,33.20166270,33.50094042
1214,30.60581412,30.61251740,30.63264564,30.66625401,30.71343405,30.77431305,30.84905309,30.93784974,31.04093038,31.15855223,31.29100018,31.43858461,31.60163938,31.78052016,31.97560280,32.18727988,32.41595041,32.66199294,32.92571006,33.20724093,33.50646052
1215,30.61034203,30.61704945,30.63719011,30.67081910,30.71802784,30.77894341,30.85372765,30.94257577,31.04571477,31.16340142,31.29592016,31.44358095,31.60671727,31.78568446,31.98085768,32.19262768,32.42138862,32.66750898,32.93127532,33.21280814,33.51196882
1216,30.61487273,30.62158429,30.64173736,30.67538694,30.72262433,30.78357643,30.85840478,30.94730429,31.05050155,31.16825289,31.30084233,31.44857938,31.61179717,31.79085061,31.98611406,32.19797608,32.42682559,32.67302082,32.93683284,33.21836483,33.51746599
1217,30.61940623,30.62612193,30.64628738,30.67995753,30.72722353,30.78821209,30.86308449,30.95203530,31.05529071,31.17310665,31.30576667,31.45357990,31.61687906,31.79601859,31.99137186,32.20332492,32.43226106,32.67852824,32.94238271,33.22391140,33.52295260
1218,30.62394252,30.63066236,30.65084018,30.68453087,30.73182543,30.79285039,30.86776676,30.95676878,31.06008226,31.17796269,31.31069320,31.45858250,31.62196292,31.80118833,31.99663094,32.20867403,32.43769496,32.68403135,32.94792507,33.22944804,33.52842877
1219,30.62848161,30.63520557,30.65539575,30.68910694,30.73643002,30.79749132,30.87245159,30.96150474,31.06487618,31.18282101,31.31562191,31.46358719,31.62704873,31.80635979,32.00189123,32.21402323,32.44312701,32.68952989,32.95345998,33.23497519,33.53389515
1220,30.63302348,30.63975156,30.65995408,30.69368574,30.74103731,30.80213489,30.87713898,30.96624317,31.06967249,31.18768160,31.32055280,31.46859395,31.63213649,31.81153294,32.00715262,32.21937238,32.44855704,32.69502379,32.95898755,33.24049314,33.53935206
1221,30.63756814,30.64430033,30.66451517,30.69826728,30.74564728,30.80678108,30.88182892,30.97098406,31.07447116,31.19254448,31.32548586,31.47360278,31.63722615,31.81670768,32.01241499,32.22472133,32.45398501,32.70051314,32.96450794,33.24600203,33.54479964
1222,30.64211557,30.64885187,30.66907901,30.70285154,30.75025992,30.81142989,30.88652142,30.97572742,31.07927221,31.19740962,31.33042110,31.47861367,31.64231771,31.82188399,32.01767823,32.23006992,32.45941070,32.70599777,32.97002123,33.25150225,33.55023836
1223,30.64666578,30.65340619,30.67364561,30.70743852,30.75487525,30.81608132,30.89121645,30.98047324,31.08407562,31.20227704,31.33535851,31.48362661,31.64741112,31.82706179,32.02294225,32.23541803,32.46483402,32.71147770,32.97552753,33.25699399,33.55566846
1224,30.65121876,30.65796326,30.67821495,30.71202821,30.75949324,30.82073537,30.89591403,30.98522152,31.08888140,31.20714672,31.34029808,31.48864157,31.65250635,31.83224100,32.02820694,32.24076554,32.47025492,32.71695295,32.98102698,33.26247743,33.56109010
1225,30.65577451,30.66252310,30.68278704,30.71662062,30.76411391,30.82539202,30.90061415,30.98997226,31.09368955,31.21201867,31.34523981,31.49365856,31.65760336,31.83742156,32.03347220,32.24611234,32.47567328,32.72242352,32.98651969,33.26795278,33.56650354
1226,30.66033301,30.66708570,30.68736186,30.72121573,30.76873723,30.83005128,30.90531679,30.99472544,31.09850005,31.21689288,31.35018368,31.49867754,31.66270212,31.84260342,32.03873793,32.25145831,32.48108899,32.72788933,32.99200573,33.27342030,33.57190909
1227,30.66489428,30.67165104,30.69193942,30.72581355,30.77336321,30.83471313,30.91002197,30.99948107,31.10331291,31.22176935,31.35512970,31.50369850,31.66780260,31.84778651,32.04400405,32.25680335,32.48650201,32.73335044,32.99748524,33.27888014,33.57730691
1228,30.66945831,30.67621914,30.69651971,30.73041406,30.77799185,30.83937758,30.91472967,31.00423914,31.10812812,31.22664807,31.36007785,31.50872142,31.67290474,31.85297074,32.04927044,32.26214736,32.49191228,32.73880686,33.00295832,33.28433247,33.58269717
1229,30.67402508,30.68078998,30.70110272,30.73501727,30.78262313,30.84404462,30.91943989,31.00899965,31.11294568,31.23152903,31.36502812,31.51374627,31.67800849,31.85815604,32.05453702,32.26749027,32.49731977,32.74425866,33.00842508,33.28977744,33.58808001
1230,30.67859460,30.68536356,30.70568845,30.73962317,30.78725706,30.84871425,30.92415262,31.01376260,31.11776558,31.23641224,31.36998049,31.51877304,31.68311383,31.86334236,32.05980372,32.27283197,32.50272438,32.74970576,33.01388560,33.29521525,33.59345571
1231,30.68316686,30.68993988,30.71027691,30.74423175,30.79189363,30.85338646,30.92886787,31.01852797,31.12258782,31.24129768,31.37493496,31.52380168,31.68822070,31.86852963,32.06507045,32.27817241,32.50812609,32.75514822,33.01933998,33.30064605,33.59882441
1232,30.68774186,30.69451893,30.71486807,30.74884302,30.79653283,30.85806124,30.93358563,31.02329578,31.12741241,31.24618535,31.37989151,31.52883218,31.69332905,31.87371778,32.07033713,32.28351151,32.51352489,32.76058609,33.02478832,33.30606995,33.60418623
1233,30.69231960,30.69910070,30.71946194,30.75345696,30.80117467,30.86273860,30.93830589,31.02806601,31.13223932,31.25107523,31.38485012,31.53386450,31.69843884,31.87890673,32.07560368,32.28884921,32.51892076,32.76601942,33.03023071,33.31148708,33.60954128
1234,30.69690006,30.70368520,30.72405852,30.75807357,30.80581913,30.86741854,30.94302865,31.03283866,31.13706856,31.25596732,31.38981078,31.53889862,31.70355001,31.88409644,32.08087004,32.29418543,32.52431361,32.77144817,33.03566723,33.31689762,33.61488980
1235,30.70148325,30.70827242,30.72865779,30.76269285,30.81046622,30.87210103,30.94775391,31.03761373,31.14190011,31.26086161,31.39477346,31.54393451,31.70866254,31.88928684,32.08613613,32.29952013,32.52970345,32.77687239,33.04109798,33.32230170,33.62023190
1236,30.70606916,30.71286235,30.73325977,30.76731479,30.81511592,30.87678609,30.95248166,31.04239121,31.14673398,31.26575809,31.39973815,31.54897212,31.71377636,31.89447786,32.09140190,32.30485326,32.53509027,32.78229212,33.04652302,33.32769941,33.62556770
1237,30.71065778,30.71745499,30.73786443,30.77193939,30.81976824,30.88147371,30.95721190,31.04717109,31.15157015,31.27065674,31.40470483,31.55401143,31.71889142,31.89966945,32.09666727,32.31018477,32.54047406,32.78770740,33.05194246,33.33309086,33.63089731
1238,30.71524912,30.72205034,30.74247178,30.77656665,30.82442317,30.88616387,30.96194462,31.05195337,31.15640863,31.27555755,31.40967347,31.55905241,31.72400768,31.90486156,32.10193220,32.31551461,32.54585478,32.79311824,33.05735635,33.33847621,33.63622088
1239,30.71984316,30.72664838,30.74708181,30.78119655,30.82908071,30.89085659,30.96667983,31.05673805,31.16124939,31.28046051,31.41464406,31.56409502,31.72912510,31.91005411,32.10719662,32.32084272,32.55123242,32.79852468,33.06276480,33.34385554,33.64153853
1240,30.72443991,30.73124913,30.75169452,30.78582911,30.83374084,30.89555185,30.97141750,31.06152512,31.16609243,31.28536561,31.41961657,31.56913922,31.73424363,31.91524707,32.11246048,32.32616909,32.55660698,32.80392675,33.06816786,33.34922897,33.64685036
1241,30.72903936,30.73585257,30.75630990,30.79046430,30.83840358,30.90024966,30.97615765,31.06631457,31.17093775,31.29027282,31.42459098,31.57418499,31.73936322,31.92044038,32.11772373,32.33149367,32.56197845,32.80932448,33.07356561,33.35459659,33.65215647
1242,30.73364150,30.74045870,30.76092795,30.79510213,30.84306890,30.90495000,30.98090026,31.07110640,31.17578533,31.29518214,31.42956726,31.57923229,31.74448384,31.92563399,32.12298632,32.33681642,32.56734683,32.81471792,33.07895814,33.35995852,33.65745698
1243,30.73824633,30.74506751,30.76554867,30.79974260,30.84773682,30.90965286,30.98564533,31.07590059,31.18063516,31.30009355,31.43454539,31.58428109,31.74960543,31.93082784,32.12824820,32.34213731,32.57271210,32.82010709,33.08434550,33.36531483,33.66275198
1244,30.74285385,30.74967900,30.77017204,30.80438569,30.85240732,30.91435826,30.99039286,31.08069715,31.18548723,31.30500704,31.43952535,31.58933134,31.75472794,31.93602188,32.13350932,32.34745632,32.57807428,32.82549203,33.08972777,33.37066563,33.66804157
1245,30.74746406,30.75429316,30.77479808,30.80903141,30.85708040,30.91906618,30.99514283,31.08549607,31.19034153,31.30992257,31.44450710,31.59438302,31.75985135,31.94121608,32.13876965,32.35277342,32.58343336,32.83087277,33.09510502,33.37601099,33.67332583
1246,30.75207693,30.75891000,30.77942676,30.81367975,30.86175605,30.92377662,30.99989525,31.09029733,31.19519805,31.31484015,31.44949064,31.59943610,31.76497560,31.94641038,32.14402913,32.35808856,32.58878934,32.83624935,33.10047731,33.38135102,33.67860488
1247,30.75669249,30.76352951,30.78405810,30.81833071,30.86643428,30.92848956,31.00465010,31.09510093,31.20005678,31.31975975,31.45447593,31.60449054,31.77010066,31.95160474,32.14928773,32.36340173,32.59414221,32.84162180,33.10584471,33.38668581,33.68387879
1248,30.76131071,30.76815167,30.78869208,30.82298427,30.87111507,30.93320502,31.00940739,31.09990686,31.20491770,31.32468135,31.45946294,31.60954630,31.77522649,31.95679911,32.15454542,32.36871293,32.59949200,32.84699016,33.11120728,33.39201541,33.68914765
1249,30.76593159,30.77277650,30.79332869,30.82764045,30.87579843,30.93792297,31.01416710,31.10471511,31.20978080,31.32960493,31.46445165,31.61460335,31.78035303,31.96199345,32.15980215,32.37402212,32.60483870,32.85235447,33.11656508,33.39733991,33.69441151
1250,30.77055514,30.77740398,30.79796794,30.83229922,30.88048434,30.94264343,31.01892922,31.10952568,31.21464608,31.33453048,31.46944203,31.61966165,31.78548025,31.96718773,32.16505790,32.37932930,32.61018234,32.85771477,33.12191817,33.40265937,33.69967045
1251,30.77518134,30.78203411,30.80260983,30.83696060,30.88517280,30.94736637,31.02369376,31.11433854,31.21951350,31.33945796,31.47443405,31.62472116,31.79060812,31.97238190,32.17031265,32.38463445,32.61552293,32.86307109,33.12726661,33.40797387,33.70492453
1252,30.77981020,30.78666689,30.80725434,30.84162457,30.88986382,30.95209180,31.02846070,31.11915370,31.22438306,31.34438737,31.47942768,31.62978186,31.79573658,31.97757593,32.17556635,32.38993757,32.62086047,32.86842347,33.13261045,33.41328346,33.71017384
1253,30.78444170,30.79130230,30.81190147,30.84629113,30.89455737,30.95681971,31.03323004,31.12397115,31.22925476,31.34931869,31.48442291,31.63484373,31.80086562,31.98276978,32.18081896,32.39523860,32.62619493,32.87377191,33.13794976,33.41858829,33.71541851
1254,30.78907584,30.79594035,30.81655121,30.85096027,30.89925346,30.96155010,31.03800176,31.12879086,31.23412856,31.35425189,31.48941970,31.63990671,31.80599519,31.98796340,32.18607047,32.40053755,32.63152635,32.87911648,33.14328459,33.42388836,33.72065856
1255,30.79371263,30.80058104,30.82120357,30.85563199,30.90395209,30.96628295,31.04277587,31.13361284,31.23900445,31.35918696,31.49441803,31.64497078,31.81112525,31.99315678,32.19132085,32.40583443,32.63685475,32.88445720,33.14861499,33.42918374,33.72589404
1256,30.79835205,30.80522435,30.82585854,30.86030629,30.90865324,30.97101826,31.04755234,31.13843706,31.24388243,31.36412386,31.49941787,31.65003590,31.81625577,31.99834988,32.19657008,32.41112922,32.64218015,32.88979411,33.15394100,33.43447450,33.73112501
1257,30.80299410,30.80987029,30.83051611,30.86498316,30.91335691,30.97575603,31.05233118,31.14326353,31.24876247,31.36906258,31.50441918,31.65510204,31.82138671,32.00354266,32.20181815,32.41642193,32.64750256,32.89512726,33.15926269,33.43976067,33.73635153
1258,30.80763877,30.81451885,30.83517629,30.86966259,30.91806311,30.98049624,31.05711238,31.14809221,31.25364455,31.37400310,31.50942194,31.66016917,31.82651804,32.00873509,32.20706504,32.42171256,32.65282201,32.90045666,33.16458009,33.44504232,33.74157364
1259,30.81228606,30.81917002,30.83983905,30.87434459,30.92277181,30.98523890,31.06189592,31.15292312,31.25852867,31.37894538,31.51442612,31.66523725,31.83164972,32.01392716,32.21231072,32.42700109,32.65813849,32.90578236,33.16989325,33.45031951,33.74679142
1260,30.81693598,30.82382380,30.84450441,30.87902914,30.92748302,30.98998400,31.06668180,31.15775622,31.26341479,31.38388942,31.51943170,31.67030625,31.83678174,32.01911882,32.21755516,32.43228751,32.66345201,32.91110437,33.17520223,33.45559234,33.75200787
1261,30.82158850,30.82848018,30.84917236,30.88371625,30.93219672,30.99473151,31.07147000,31.16259151,31.26830292,31.38883520,31.52443866,31.67537616,31.84191405,32.02431006,32.22279835,32.43757180,32.66876256,32.91642272,33.18050710,33.46086338,33.75734836
1262,30.82624364,30.83313917,30.85384288,30.88840589,30.93691292,30.99948145,31.07626052,31.16742898,31.27319302,31.39378269,31.52944696,31.68044695,31.84704663,32.02950084,32.22804027,32.44285396,32.67407018,32.92173746,33.18580854,33.46615034,33.76279965
1263,30.83090137,30.83780076,30.85851598,30.89309808,30.94163161,31.00423380,31.08105335,31.17226861,31.27808509,31.39873187,31.53445659,31.68551857,31.85217944,32.03469113,32.23328090,32.44813399,32.67937488,32.92704876,33.19110972,33.47146849,33.76831491
1264,30.83556171,30.84246493,30.86319165,30.89779280,30.94635277,31.00898855,31.08584847,31.17711039,31.28297910,31.40368271,31.53946751,31.69059100,31.85731247,32.03988092,32.23852022,32.45341190,32.68467670,32.93235727,33.19641541,33.47681749,33.77388285
1265,30.84022464,30.84713170,30.86786989,30.90249005,30.95107641,31.01374570,31.09064588,31.18195430,31.28787504,31.40863520,31.54447970,31.69566421,31.86244567,32.04507018,32.24375823,32.45868769,32.68997581,32.93766422,33.20172898,33.48219701,33.77949529
1266,30.84489015,30.85180104,30.87255068,30.90718983,30.95580252,31.01850523,31.09544556,31.18680034,31.29277290,31.41358931,31.54949314,31.70073818,31.86757903,32.05025889,32.24899491,32.46396139,32.69527250,32.94297102,33.20705285,33.48760621,33.78514646
1267,30.84955826,30.85647297,30.87723404,30.91189212,30.96053108,31.02326714,31.10024751,31.19164848,31.29767264,31.41854503,31.55450779,31.70581288,31.87271251,32.05544703,32.25423026,32.46923307,32.70056719,32.94827911,33.21238868,33.49304339,33.79083224
1268,30.85422894,30.86114746,30.88191994,30.91659692,30.96526210,31.02803142,31.10505171,31.19649872,31.30257425,31.42350232,31.55952363,31.71088828,31.87784610,32.06063457,32.25946428,32.47450285,32.70586045,32.95358980,33.21773751,33.49850704,33.79654974
1269,30.85890220,30.86582453,30.88660839,30.92130423,30.96999556,31.03279806,31.10985816,31.20135103,31.30747773,31.42846117,31.56454064,31.71596435,31.88297976,32.06582150,32.26469699,32.47977088,32.71115288,32.95890426,33.22310010,33.50399577,33.80229639
1270,30.86357803,30.87050415,30.89129937,30.92601403,30.97473146,31.03756705,31.11466683,31.20620540,31.31238303,31.43342156,31.56955880,31.72104107,31.88811347,32.07100782,32.26992843,32.48503742,32.71644515,32.96422344,33.22847667,33.50950845,33.80807043
1271,30.86825642,30.87518634,30.89599289,30.93072633,30.97946980,31.04233839,31.11947772,31.21106183,31.31729016,31.43838346,31.57457807,31.72611841,31.89324722,32.07619351,32.27515867,32.49030274,32.72173789,32.96954812,33.23386738,33.51504408,33.81387018
1272,30.87293737,30.87987107,30.90068894,30.93544112,30.98421055,31.04711205,31.12429082,31.21592029,31.32219909,31.44334685,31.57959843,31.73119635,31.89838097,32.08137858,32.28038780,32.49556710,32.72703170,32.97487908,33.23927243,33.52060161,33.81969399
1273,30.87762088,30.88455835,30.90538751,30.94015838,30.98895372,31.05188804,31.12910612,31.22078077,31.32710980,31.44831171,31.58461987,31.73627486,31.90351472,32.08656305,32.28561592,32.50083086,32.73232716,32.98021683,33.24469177,33.52618022,33.82554065
1274,30.88230693,30.88924817,30.91008860,30.94487812,30.99369930,31.05666635,31.13392359,31.22564325,31.33202228,31.45327802,31.58964234,31.74135393,31.90864846,32.09174694,32.29084316,32.50609431,32.73762480,32.98556186,33.25012538,33.53177907,33.83140900
1275,30.88699553,30.89394053,30.91479220,30.94960033,30.99844728,31.06144695,31.13874324,31.23050772,31.33693650,31.45824575,31.59466585,31.74643352,31.91378217,32.09693029,32.29606967,32.51135782,32.74292510,32.99091455,33.25557313,33.53739743,33.83729806
1276,30.89168667,30.89863542,30.91949830,30.95432499,31.00319764,31.06622985,31.14356504,31.23537416,31.34185244,31.46321490,31.59969035,31.75151363,31.91891586,32.10211315,32.30129562,32.51662169,32.74822852,32.99627521,33.26103491,33.54303463,33.84320696
1277,30.89638034,30.90333283,30.92420690,30.95905211,31.00795039,31.07101503,31.14838899,31.24024256,31.34677010,31.46818542,31.60471583,31.75659424,31.92404952,32.10729558,32.30652119,32.52188629,32.75353542,33.00164403,33.26651051,33.54869009,33.84913502
1278,30.90107653,30.90803276,30.92891799,30.96378167,31.01270552,31.07580249,31.15321507,31.24511290,31.35168944,31.47315731,31.60974227,31.76167533,31.92918319,32.11247766,32.31174654,32.52715187,32.75884621,33.00702133,33.27199985,33.55436317,33.85508135
1279,30.90577525,30.91273520,30.93363157,30.96851366,31.01746301,31.08059220,31.15804326,31.24998517,31.35661045,31.47813055,31.61476965,31.76675689,31.93431686,32.11765946,32.31697188,32.53241878,32.76416119,33.01240721,33.27750269,33.56005338,33.86104539
1280,30.91047648,30.91744015,30.93834762,30.97324809,31.02222285,31.08538417,31.16287357,31.25485935,31.36153312,31.48310510,31.61979795,31.77183892,31.93945056,32.12284108,32.32219742,32.53768731,32.76948066,33.01780177,33.28301880,33.56576025,33.86702665
1281,30.91518022,30.92214760,30.94306615,30.97798494,31.02698504,31.09017837,31.16770596,31.25973542,31.36645742,31.48808097,31.62482716,31.77692142,31.94458433,32.12802262,32.32742330,32.54295770,32.77480490,33.02320521,33.28854810,33.57148326,33.87302440
1282,30.91988647,30.92685754,30.94778714,30.98272421,31.03174957,31.09497481,31.17254044,31.26461337,31.37138334,31.49305811,31.62985726,31.78200437,31.94971821,32.13320418,32.33264975,32.54823023,32.78013411,33.02861752,33.29409032,33.57722205,33.87903826
1283,30.92459521,30.93156997,30.95251059,30.98746588,31.03651643,31.09977346,31.17737698,31.26949318,31.37631085,31.49803653,31.63488824,31.78708780,31.95485223,32.13838587,32.33787697,32.55350514,32.78546851,33.03403875,33.29964529,33.58297620,33.88506778
1284,30.92930644,30.93628488,30.95723649,30.99220995,31.04128561,31.10457432,31.18221557,31.27437484,31.38123995,31.50301620,31.63992008,31.79217170,31.95998645,32.14356780,32.34310511,32.55878265,32.79080831,33.03946902,33.30521288,33.58874531,33.89111241
1285,30.93402015,30.94100226,30.96196483,30.99695641,31.04605709,31.10937737,31.18705619,31.27925832,31.38617061,31.50799710,31.64495279,31.79725610,31.96512092,32.14875009,32.34833437,32.56406298,32.79615367,33.04490830,33.31079288,33.59452905,33.89717182
1286,30.93873634,30.94572211,30.96669561,31.00170525,31.05083088,31.11418260,31.19189885,31.28414363,31.39110282,31.51297923,31.64998635,31.80234100,31.97025570,32.15393286,32.35356492,32.56934632,32.80150473,33.05035662,33.31638512,33.60032708,33.90324560
1287,30.94345501,30.95044442,30.97142882,31.00645646,31.05560695,31.11899001,31.19674351,31.28903073,31.39603656,31.51796256,31.65502077,31.80742644,31.97539084,32.15911621,32.35879692,32.57463286,32.80686166,33.05581403,33.32198945,33.60613905,33.90933337
1288,30.94817613,30.95516918,30.97616445,31.01121004,31.06038530,31.12379957,31.20159017,31.29391961,31.40097181,31.52294709,31.66005603,31.81251242,31.98052643,32.16430028,32.36403055,32.57992277,32.81222455,33.06128049,33.32760569,33.61196468,33.91543480
1289,30.95289971,30.95989639,30.98090249,31.01596597,31.06516592,31.12861129,31.20643881,31.29881027,31.40590857,31.52793281,31.66509215,31.81759899,31.98566252,32.16948516,32.36926595,32.58521624,32.81759354,33.06675601,33.33323368,33.61780368,33.92154956
1290,30.95762574,30.96462603,30.98564294,31.02072425,31.06994881,31.13342513,31.21128943,31.30370268,31.41084681,31.53291970,31.67012913,31.82268617,31.99079918,32.17467099,32.37450328,32.59051340,32.82296872,33.07224057,33.33887326,33.62365578,33.92767736
1291,30.96235421,30.96935811,30.99038578,31.02548487,31.07473393,31.13824111,31.21614199,31.30859682,31.41578652,31.53790776,31.67516698,31.82777400,31.99593648,32.17985786,32.37974268,32.59581440,32.82835018,33.07773415,33.34452428,33.62952071,33.93381792
1292,30.96708511,30.97409261,30.99513101,31.03024781,31.07952130,31.14305919,31.22099651,31.31349270,31.42072770,31.54289699,31.68020570,31.83286249,32.00107448,32.18504589,32.38498431,32.60111940,32.83373804,33.08323675,33.35018658,33.63539820,33.93997091
1293,30.97181845,30.97882952,30.99987862,31.03501307,31.08431089,31.14787937,31.22585294,31.31839028,31.42567033,31.54788737,31.68524531,31.83795171,32.00621327,32.19023519,32.39022829,32.60642852,32.83913233,33.08874831,33.35586001,33.64128804,33.94613612
1294,30.97655420,30.98356884,31.00462860,31.03978065,31.08910270,31.15270164,31.23071130,31.32328957,31.43061439,31.55287892,31.69028581,31.84304168,32.01135293,32.19542588,32.39547476,32.61174186,32.84453310,33.09426879,33.36154442,33.64719002,33.95231333
1295,30.98129236,30.98831057,31.00938095,31.04455052,31.09389672,31.15752598,31.23557156,31.32819053,31.43555989,31.55787162,31.69532724,31.84813245,32.01649352,32.20061807,32.40072384,32.61705954,32.84994040,33.09979813,33.36723968,33.65310394,33.95850234
1296,30.98603292,30.99305468,31.01413565,31.04932268,31.09869293,31.16235238,31.24043370,31.33309318,31.44050681,31.56286547,31.70036960,31.85322407,32.02163513,32.20581186,32.40597565,32.62238166,32.85535430,33.10533631,33.37294563,33.65902958,33.96470290
1297,30.99077588,30.99780117,31.01889270,31.05409713,31.10349132,31.16718084,31.24529772,31.33799748,31.44545514,31.56786049,31.70541290,31.85831656,32.02677782,32.21100734,32.41123031,32.62770833,32.86077486,33.11088332,33.37866218,33.66496669,33.97091472
1298,30.99552123,31.00255004,31.02365208,31.05887384,31.10829189,31.17201133,31.25016361,31.34290343,31.45040488,31.57285667,31.71045719,31.86340999,32.03192167,32.21620462,32.41648793,32.63303963,32.86620208,33.11643907,33.38438916,33.67091515,33.97713769
1299,31.00026895,31.00730128,31.02841379,31.06365282,31.11309462,31.17684385,31.25503135,31.34781103,31.45535601,31.57785402,31.71550247,31.86850440,32.03706676,32.22140382,32.42174861,32.63837563,32.87163597,33.12200350,33.39012647,33.67687479,33.98337164
1300,31.00501905,31.01205487,31.03317782,31.06843404,31.11789950,31.18167839,31.25990092,31.35272025,31.46030855,31.58285254,31.72054878,31.87359985,32.04221319,32.22660502,32.42701245,32.64371640,32.87707654,33.12757655,33.39587397,33.68284545,33.98961641
1301,31.00977150,31.01681081,31.03794415,31.07321751,31.12270651,31.18651492,31.26477233,31.35763109,31.46526248,31.58785224,31.72559613,31.87869637,32.04736099,32.23180831,32.43227956,32.64906205,32.88252389,33.13315823,33.40163155,33.68882688,33.99587170
1302,31.01452631,31.02156909,31.04271279,31.07800320,31.12751566,31.19135345,31.26964556,31.36254355,31.47021780,31.59285314,31.73064455,31.88379401,32.05251025,32.23701377,32.43755001,32.65441263,32.88797800,33.13874848,33.40739909,33.69481896,34.00213740
1303,31.01928346,31.02632970,31.04748371,31.08279112,31.13232692,31.19619396,31.27452059,31.36745761,31.47517451,31.59785524,31.73569408,31.88889284,32.05766104,32.24222151,32.44282389,32.65976818,32.89343886,33.14434721,33.41317650,33.70082155,34.00841337
1304,31.02404295,31.03109263,31.05225692,31.08758124,31.13714029,31.20103644,31.27939741,31.37237326,31.48013262,31.60285856,31.74074474,31.89399290,32.06281345,32.24743161,32.44810128,32.66512877,32.89890648,33.14995439,33.41896365,33.70683452,34.01469946
1305,31.02880476,31.03585787,31.05703240,31.09237357,31.14195576,31.20588087,31.28427603,31.37729051,31.48509211,31.60786310,31.74579657,31.89909424,32.06796755,32.25264415,32.45338226,32.67049443,32.90438088,33.15556996,33.42476045,33.71285771,34.02099552
1306,31.03356889,31.04062542,31.06181013,31.09716808,31.14677331,31.21072725,31.28915642,31.38220935,31.49005300,31.61286889,31.75084959,31.90419691,32.07312338,32.25785920,32.45866692,32.67586527,32.90986209,33.16119390,33.43056677,33.71889094,34.02730134
1307,31.03833533,31.04539526,31.06659012,31.10196477,31.15159293,31.21557557,31.29403858,31.38712976,31.49501529,31.61787594,31.75590384,31.90930096,32.07828102,32.26307684,32.46395532,32.68124130,32.91535010,33.16682615,33.43638253,33.72493411,34.03361682
1308,31.04310406,31.05016738,31.07137235,31.10676363,31.15641462,31.22042581,31.29892250,31.39205175,31.49997898,31.62288426,31.76095934,31.91440645,32.08344055,32.26829715,32.46924752,32.68662255,32.92084489,33.17246665,33.44220763,33.73098708,34.03994183
1309,31.04787508,31.05494178,31.07615681,31.11156464,31.16123836,31.22527797,31.30380817,31.39697532,31.50494408,31.62789388,31.76601615,31.91951343,32.08860203,32.27352019,32.47454357,32.69200906,32.92634647,33.17811535,33.44804198,33.73704975,34.04627625
1310,31.05264838,31.05971844,31.08094349,31.11636781,31.16606414,31.23013204,31.30869559,31.40190046,31.50991059,31.63290481,31.77107428,31.92462194,32.09376552,32.27874605,32.47984357,32.69740089,32.93185484,33.18377221,33.45388547,33.74312197,34.05261993
1311,31.05742395,31.06449736,31.08573238,31.12117311,31.17089195,31.23498800,31.31358474,31.40682717,31.51487852,31.63791706,31.77613376,31.92973203,32.09893108,32.28397478,32.48514755,32.70279807,32.93737001,33.18943717,33.45973802,33.74920362,34.05897275
1312,31.06220178,31.06927852,31.09052347,31.12598053,31.17572178,31.23984585,31.31847563,31.41175545,31.51984788,31.64293067,31.78119465,31.93484376,32.10409877,32.28920645,32.49045558,32.70820062,32.94289196,33.19511019,33.46559953,33.75529459,34.06533459
1313,31.06698186,31.07406191,31.09531675,31.13079008,31.18055363,31.24470558,31.32336824,31.41668530,31.52481867,31.64794565,31.78625697,31.93995718,32.10926867,32.29444112,32.49576770,32.71360857,32.94842068,33.20079122,33.47146992,33.76139478,34.07170536
1314,31.07176417,31.07884753,31.10011222,31.13560173,31.18538748,31.24956718,31.32826258,31.42161672,31.52979092,31.65296202,31.79132075,31.94507233,32.11444081,32.29967885,32.50108396,32.71902194,32.95395617,33.20648019,33.47734908,33.76750401,34.07808466
1315,31.07654872,31.08363537,31.10490985,31.14041547,31.19022332,31.25443065,31.33315864,31.42654971,31.53476461,31.65797980,31.79638603,31.95018926,32.11961527,32.30491971,32.50640445,32.72444080,32.95949841,33.21217706,33.48323687,33.77362187,34.08447124
1316,31.08133549,31.08842541,31.10970965,31.14523131,31.19506115,31.25929597,31.33805640,31.43148427,31.53973977,31.66299901,31.80145284,31.95530801,32.12479210,32.31016376,32.51172917,32.72986512,32.96504740,33.21788176,33.48913322,33.77974842,34.09086553
1317,31.08612446,31.09321764,31.11451159,31.15004922,31.19990095,31.26416314,31.34295588,31.43642041,31.54471640,31.66801968,31.80652123,31.96042865,32.12997136,32.31541103,32.51705817,32.73529494,32.97060312,33.22359426,33.49503806,33.78588350,34.09726724
1318,31.09091564,31.09801206,31.11931568,31.15486919,31.20474271,31.26903215,31.34785706,31.44135813,31.54969453,31.67304183,31.81159123,31.96555121,32.13515309,32.32066159,32.52239150,32.74073027,32.97616554,33.22931450,33.50095129,33.79202698,34.10367607
1319,31.09570901,31.10280866,31.12412189,31.15969123,31.20958644,31.27390300,31.35275995,31.44629743,31.55467416,31.67806550,31.81666288,31.97067575,32.14033735,32.32591549,32.52772918,32.74617112,32.98173464,33.23504242,33.50687282,33.79817870,34.11009169
1320,31.10050455,31.10760742,31.12893023,31.16451530,31.21443211,31.27877567,31.35766454,31.45123832,31.55965531,31.68309070,31.82173621,31.97580231,32.14552420,32.33117276,32.53307124,32.75161748,32.98731041,33.24077798,33.51280258,33.80433853,34.11651377
1321,31.10530226,31.11240833,31.13374067,31.16934142,31.21927971,31.28365017,31.36257083,31.45618080,31.56463799,31.68811746,31.82681127,31.98093094,32.15071368,32.33643346,32.53841773,32.75706939,32.99289283,33.24652110,33.51874040,33.81050497,34.12287021
1322,31.11010214,31.11721139,31.13855322,31.17416957,31.22412926,31.28852649,31.36747882,31.46112488,31.56962222,31.69314579,31.83188807,31.98606168,32.15590584,32.34169764,32.54376869,32.76252687,32.99848189,33.25227173,33.52468579,33.81666776,34.12914038
1323,31.11490416,31.12201658,31.14336786,31.17899973,31.22898072,31.29340462,31.37238851,31.46607057,31.57460800,31.69817574,31.83696666,31.99119456,32.16110073,32.34696535,32.54912415,32.76798992,33.00407755,33.25802970,33.53063682,33.82281294,34.13536963
1324,31.11970832,31.12682390,31.14818458,31.18383191,31.23383411,31.29828456,31.37729990,31.47101786,31.57959536,31.70320731,31.84204708,31.99632964,32.16629839,32.35223662,32.55448414,32.77345855,33.00967978,33.26379459,33.53658998,33.82894105,34.14156546
1325,31.12451462,31.13163333,31.15300337,31.18866609,31.23868941,31.30316631,31.38221299,31.47596678,31.58458431,31.70824053,31.84712935,32.00146696,32.17149887,32.35751150,32.55984868,32.77893275,33.01528846,33.26956553,33.54254256,33.83505259,34.14773367
1326,31.12932303,31.13644487,31.15782423,31.19350227,31.24354661,31.30804986,31.38712778,31.48091732,31.58957487,31.71327544,31.85221351,32.00660655,32.17670221,32.36279001,32.56521780,32.78441252,33.02090339,33.27534146,33.54849292,33.84114761,34.15387863
1327,31.13413355,31.14125851,31.16264714,31.19834044,31.24840572,31.31293521,31.39204428,31.48586950,31.59456705,31.71831205,31.85729960,32.01174847,32.18190847,32.36807221,32.57059151,32.78989779,33.02652422,33.28112135,33.55443991,33.84722740,34.16000310
1328,31.13894618,31.14607423,31.16747210,31.20318058,31.25326671,31.31782236,31.39696248,31.49082332,31.59956087,31.72335040,31.86238765,32.01689274,32.18711766,32.37335813,32.57596983,32.79538850,33.03215057,33.28690421,33.56038253,33.85329314,34.16610952
1329,31.14376089,31.15089203,31.17229909,31.20802269,31.25812959,31.32271130,31.40188240,31.49577879,31.60455634,31.72839050,31.86747770,32.02203941,32.19232985,32.37864779,32.58135275,32.80088452,33.03778198,33.29268922,33.56632033,33.85934568,34.17219947
1330,31.14857769,31.15571190,31.17712811,31.21286677,31.26299436,31.32760203,31.40680402,31.50073592,31.60955349,31.73343239,31.87256977,32.02718852,32.19754506,32.38394122,32.58674027,32.80638570,33.04341801,33.29847562,33.57225288,33.86538587,34.17827455
1331,31.15339656,31.16053383,31.18195915,31.21771281,31.26786100,31.33249456,31.41172736,31.50569473,31.61455233,31.73847609,31.87766391,32.03234011,32.20276333,32.38923845,32.59213234,32.81189187,33.04905817,33.30426275,33.57818005,33.87141444,34.18433590
1332,31.15821750,31.16535781,31.18679220,31.22256079,31.27272952,31.33738888,31.41665242,31.51065522,31.61955289,31.74352163,31.88276014,32.03749420,32.20798470,32.39453948,32.59752892,32.81740279,33.05470201,33.31005016,33.58410184,33.87743200,34.19038439
1333,31.16304049,31.17018383,31.19162726,31.22741072,31.27759990,31.34228498,31.42157920,31.51561740,31.62455517,31.74856902,31.88785850,32.04265085,32.21320919,32.39984433,32.60292992,32.82291823,33.06034914,33.31583746,33.59001822,33.88343914,34.19642088
1334,31.16786552,31.17501188,31.19646431,31.23226259,31.28247215,31.34718288,31.42650771,31.52058129,31.62955920,31.75361831,31.89295901,32.04781007,32.21843683,32.40515298,32.60833527,32.82843796,33.06599915,33.32162426,33.59592920,33.88943641,34.20244616
1335,31.17269260,31.17984196,31.20130335,31.23711639,31.28734626,31.35208256,31.43143795,31.52554689,31.63456499,31.75866951,31.89806172,32.05297191,32.22366765,32.41046544,32.61374489,32.83396177,33.07165164,33.32741014,33.60183473,33.89542441,34.20846111
1336,31.17752170,31.18467406,31.20614437,31.24197211,31.29222223,31.35698404,31.43636993,31.53051422,31.63957257,31.76372265,31.90316665,32.05813640,32.22890166,32.41578167,32.61915865,32.83948939,33.07730636,33.33319506,33.60773499,33.90140344,34.21446605
1337,31.18235282,31.18950816,31.21098736,31.24682975,31.29710005,31.36188730,31.44130366,31.53548329,31.64458195,31.76877775,31.90827383,32.06330356,32.23413889,32.42110167,32.62457646,32.84502060,33.08296290,33.33897858,33.61362993,33.90737411,34.22046187
1338,31.18718595,31.19434426,31.21583232,31.25168931,31.30197972,31.36679236,31.44623913,31.54045411,31.64959315,31.77383485,31.91338329,32.06847342,32.23937933,32.42642536,32.62999816,32.85055519,33.08862109,33.34476069,33.61951973,33.91333665,34.22644880
1339,31.19202109,31.19918236,31.22067924,31.25655077,31.30686124,31.37169921,31.45117637,31.54542669,31.65460619,31.77889395,31.91849506,32.07364600,32.24462299,32.43175273,32.63542366,32.85609291,33.09428062,33.35054119,33.62540447,33.91929148,34.23242739
1340,31.19685823,31.20402244,31.22552811,31.26141414,31.31174462,31.37660785,31.45611536,31.55040105,31.65962110,31.78395510,31.92360916,32.07882133,32.24986988,32.43708373,32.64085282,32.86163356,33.09994124,33.35631991,33.63128423,33.92523897,34.23839811
1341,31.20169735,31.20886450,31.23037893,31.26627942,31.31662983,31.38151829,31.46105613,31.55537720,31.66463788,31.78901831,31.92872562,32.08399942,32.25511998,32.44241828,32.64628549,32.86717696,33.10560283,33.36209687,33.63715916,33.93117932,34.24436116
1342,31.20653846,31.21370853,31.23523170,31.27114658,31.32151690,31.38643053,31.46599868,31.56035516,31.66965656,31.79408361,31.93384447,32.08918029,32.26037328,32.44775632,32.65172154,32.87272290,33.11126518,33.36787197,33.64302938,33.93711284,34.25031691
1343,31.21138154,31.21855453,31.24008639,31.27601564,31.32640580,31.39134458,31.47094301,31.56533493,31.67467715,31.79915102,31.93896572,32.09436395,32.26562977,32.45309780,32.65716088,32.87827122,33.11692808,33.37364506,33.64889493,33.94303987,34.25626580
1344,31.21622659,31.22340248,31.24494302,31.28088659,31.33129655,31.39626043,31.47588914,31.57031653,31.67969968,31.80422056,31.94408940,32.09955040,32.27088942,32.45844264,32.66260334,32.88382173,33.12259141,33.37941615,33.65475597,33.94896059,34.26220804
1345,31.22107360,31.22825239,31.24980157,31.28575943,31.33618914,31.40117809,31.48083707,31.57529997,31.68472417,31.80929225,31.94921552,32.10473966,32.27615221,32.46379077,32.66804879,32.88937429,33.12825507,33.38518524,33.66061262,33.95487522,34.26814383
1346,31.22592257,31.23310424,31.25466204,31.29063414,31.34108358,31.40609756,31.48578681,31.58028527,31.68975063,31.81436612,31.95434411,32.10993173,32.28141812,32.46914211,32.67349713,32.89492874,33.13391890,33.39095227,33.66646497,33.96078398,34.27407346
1347,31.23077348,31.23795803,31.25952443,31.29551074,31.34597986,31.41101885,31.49073837,31.58527244,31.69477907,31.81944217,31.95947517,32.11512659,32.28668711,32.47449659,32.67894824,32.90048496,33.13958279,33.39671719,33.67231310,33.96668712,34.27999723
1348,31.23562634,31.24281376,31.26438873,31.30038922,31.35087798,31.41594196,31.49569176,31.59026150,31.69980953,31.82452044,31.96460872,32.12032426,32.29195914,32.47985414,32.68440199,32.90604280,33.14524666,33.40248003,33.67815712,33.97258477,34.28591527
1349,31.24048113,31.24767141,31.26925493,31.30526957,31.35577795,31.42086690,31.50064699,31.59525245,31.70484201,31.82960094,31.96974478,32.12552472,32.29723417,32.48521465,32.68985826,32.91160215,33.15091046,33.40824081,33.68399715,33.97847711,34.29182775
1350,31.24533786,31.25253099,31.27412304,31.31015179,31.36067976,31.42579367,31.50560406,31.60024531,31.70987653,31.83468368,31.97488334,32.13072797,32.30251218,32.49057809,32.69531697,32.91716288,33.15657402,33.41399944,33.68983325,33.98436437,34.29773500
1351,31.25019651,31.25739249,31.27899305,31.31503589,31.36558342,31.43072227,31.51056299,31.60524010,31.71491310,31.83976868,31.98002441,32.13593399,32.30779311,32.49594436,32.70077801,32.92272491,33.16223733,33.41975597,33.69566551,33.99024667,34.30363712
1352,31.25505708,31.26225591,31.28386496,31.31992186,31.37048893,31.43565272,31.51552379,31.61023683,31.71995175,31.84485595,31.98516800,32.14114276,32.31307693,32.50131338,32.70624127,32.92828813,33.16790033,33.42551041,33.70149403,33.99612417,34.30953428
1353,31.25991958,31.26712123,31.28873875,31.32480970,31.37539628,31.44058501,31.52048646,31.61523550,31.72499249,31.84994551,31.99031412,32.14635428,32.31836359,32.50668509,32.71170667,32.93385245,33.17356293,33.43126275,33.70731889,34.00199701,34.31542665
1354,31.26478398,31.27198846,31.29361444,31.32969941,31.38030550,31.44551916,31.52545101,31.62023614,31.73003533,31.85503736,31.99546276,32.15156852,32.32365305,32.51205942,32.71717411,32.93941776,33.17922508,33.43701299,33.71314018,34.00786536,34.32131442
1355,31.26965030,31.27685760,31.29849202,31.33459099,31.38521656,31.45045517,31.53041746,31.62523876,31.73508028,31.86013152,32.00061392,32.15678546,32.32894526,32.51743629,32.72264350,32.94498400,33.18488673,33.44276114,33.71895797,34.01372933,34.32719770
1356,31.27451852,31.28172864,31.30337148,31.33948443,31.39012949,31.45539304,31.53538582,31.63024337,31.74012735,31.86522799,32.00576760,32.16200509,32.33424018,32.52281564,32.72811477,32.95055109,33.19054785,33.44850723,33.72477234,34.01958905,34.33307664
1357,31.27938864,31.28660157,31.30825283,31.34437975,31.39504427,31.46033278,31.54035608,31.63524997,31.74517657,31.87032677,32.01092379,32.16722738,32.33953777,32.52819740,32.73358783,32.95611893,33.19620838,33.45425126,33.73058337,34.02544465,34.33895139
1358,31.28426066,31.29147640,31.31313606,31.34927694,31.39996092,31.46527440,31.54532827,31.64025859,31.75022793,31.87542789,32.01608249,32.17245230,32.34483798,32.53358150,32.73906260,32.96168748,33.20186829,33.45999325,33.73639114,34.03129625,34.34482205
1359,31.28913457,31.29635311,31.31802118,31.35417599,31.40487944,31.47021790,31.55030239,31.64526922,31.75528145,31.88053133,32.02124370,32.17767984,32.35014075,32.53896788,32.74453901,32.96725667,33.20752755,33.46573322,33.74219571,34.03714394,34.35068875
1360,31.29401038,31.30123172,31.32290817,31.35907692,31.40979983,31.47516329,31.55527845,31.65028189,31.76033714,31.88563711,32.02640740,32.18290998,32.35544606,32.54435647,32.75001698,32.97282643,33.21318612,33.47147118,33.74799716,34.04298785,34.35655160
1361,31.29888808,31.30611222,31.32779704,31.36397972,31.41472209,31.48011058,31.56025646,31.65529660,31.76539501,31.89074523,32.03157360,32.18814268,32.36075386,32.54974722,32.75549645,32.97839668,33.21884397,33.47720716,33.75379556,34.04882808,34.36241075
1362,31.30376767,31.31099460,31.33268779,31.36888440,31.41964623,31.48505977,31.56523643,31.66031337,31.77045506,31.89585568,32.03674227,32.19337792,32.36606410,32.55514006,32.76097735,32.98396740,33.22450109,33.48294117,33.75959097,34.05466473,34.36826626
1363,31.30864914,31.31587887,31.33758042,31.37379095,31.42457226,31.49001087,31.57021836,31.66533219,31.77551730,31.90096847,32.04191340,32.19861567,32.37137674,32.56053493,32.76645962,32.98953854,33.23015747,33.48867325,33.76538346,34.06049786,34.37411822
1364,31.31353250,31.32076501,31.34247493,31.37869938,31.42950017,31.49496389,31.57520227,31.67035309,31.78058173,31.90608360,32.04708699,32.20385590,32.37669171,32.56593177,32.77194320,32.99511005,33.23581309,33.49440344,33.77117308,34.06632757,34.37996671
1365,31.31841775,31.32565305,31.34737132,31.38360969,31.43442997,31.49991883,31.58018817,31.67537606,31.78564837,31.91120106,32.05226300,32.20909858,32.38200898,32.57133053,32.77742804,33.00068189,33.24146795,33.50013175,33.77695991,34.07215393,34.38581181
1366,31.32330487,31.33054296,31.35226959,31.38852188,31.43936166,31.50487570,31.58517605,31.68040112,31.79071722,31.91632086,32.05744145,32.21434369,32.38732853,32.57673115,32.78291407,33.00625400,33.24712200,33.50585818,33.78274400,34.07797706,34.39165367
1367,31.32819388,31.33543475,31.35716974,31.39343595,31.44429526,31.50983450,31.59016593,31.68542827,31.79578827,31.92144298,32.06262231,32.21959120,32.39265029,32.58213359,32.78840125,33.01182634,33.25277523,33.51158275,33.78852540,34.08379704,34.39749238
1368,31.33308477,31.34032843,31.36207177,31.39835191,31.44923076,31.51479524,31.59515782,31.69045752,31.80086154,31.92656743,32.06780557,32.22484107,32.39797423,32.58753779,32.79388952,33.01739890,33.25842765,33.51730551,33.79430417,34.08961393,34.40332797
1369,31.33797754,31.34522398,31.36697568,31.40326975,31.45416816,31.51975793,31.60015173,31.69548887,31.80593702,31.93169420,32.07299121,32.23009328,32.40330030,32.59294370,32.79937885,33.02297164,33.26407927,33.52302649,33.80008036,34.09542778,34.40916050
1370,31.34287219,31.35012142,31.37188147,31.40818949,31.45910749,31.52472258,31.60514765,31.70052234,31.81101471,31.93682328,32.07817919,32.23534780,32.40862846,32.59835127,32.80486918,33.02854454,33.26973008,33.52874571,33.80585402,34.10123866,34.41499005
1371,31.34776872,31.35502074,31.37678915,31.41311113,31.46404873,31.52968919,31.61014560,31.70555793,31.81609463,31.94195466,32.08336952,32.24060457,32.41395865,32.60376046,32.81036049,33.03411758,33.27538009,33.53446321,33.81162521,34.10704662,34.42081666
1372,31.35266714,31.35992194,31.38169872,31.41803466,31.46899189,31.53465777,31.61514558,31.71059563,31.82117676,31.94708835,32.08856218,32.24586362,32.41929087,32.60917122,32.81585270,33.03969067,33.28102922,33.54017895,33.81739397,34.11285181,34.42664052
1373,31.35756743,31.36482502,31.38661017,31.42296010,31.47393698,31.53962831,31.62014760,31.71563545,31.82626111,31.95222432,32.09375716,32.25112488,32.42462507,32.61458351,32.82134579,33.04526382,33.28667751,33.54589300,33.82316036,34.11865425,34.43246162
1374,31.36246961,31.36972999,31.39152352,31.42788744,31.47888399,31.54460083,31.62515167,31.72067740,31.83134767,31.95736258,32.09895442,32.25638833,32.42996120,32.61999729,32.82683973,33.05083703,33.29232496,33.55160538,33.82892441,34.12445399,34.43828002
1375,31.36737368,31.37463684,31.39643875,31.43281668,31.48383295,31.54957534,31.63015778,31.72572149,31.83643644,31.96250311,32.10415394,32.26165394,32.43529922,32.62541252,32.83233449,33.05641026,33.29797159,33.55731610,33.83468617,34.13025109,34.44409579
1376,31.37227962,31.37954559,31.40135589,31.43774784,31.48878385,31.55455183,31.63516595,31.73076770,31.84152743,31.96764590,32.10935572,32.26692167,32.44063910,32.63082916,32.83783003,33.06198350,33.30361739,33.56302520,33.84044568,34.13604559,34.44990896
1377,31.37718746,31.38445622,31.40627492,31.44268092,31.49373670,31.55953032,31.64017617,31.73581605,31.84662061,31.97279093,32.11455972,32.27219150,32.44598079,32.63624716,32.84332632,33.06755674,33.30926237,33.56873270,33.84620297,34.14183751,34.45571932
1378,31.38209719,31.38936874,31.41119585,31.44761591,31.49869149,31.56451081,31.64518846,31.74086654,31.85171601,31.97793821,32.11976594,32.27746341,32.45132429,32.64166651,32.84882331,33.07312992,33.31490649,33.57443860,33.85195806,34.14762669,34.46152569
1379,31.38700880,31.39428316,31.41611868,31.45255282,31.50364824,31.56949330,31.65020281,31.74591916,31.85681360,31.98308772,32.12497434,32.28273737,32.45666954,32.64708715,32.85432098,33.07870305,33.32054977,33.58014293,33.85771098,34.15341320,34.46732832
1380,31.39192231,31.39919947,31.42104343,31.45749166,31.50860695,31.57447779,31.65521923,31.75097391,31.86191339,31.98823945,32.13018492,32.28801335,32.46201651,32.65250906,32.85981932,33.08427611,33.32619221,33.58584570,33.86346176,34.15919702,34.47312682
1381,31.39683771,31.40411768,31.42597007,31.46243244,31.51356762,31.57946430,31.66023773,31.75603080,31.86701537,31.99339338,32.13539766,32.29329131,32.46736518,32.65793221,32.86531828,33.08984909,33.33183380,33.59154693,33.86921042,34.16497812,34.47892078
1382,31.40175501,31.40903779,31.43089864,31.46737514,31.51853026,31.58445282,31.66525829,31.76108983,31.87211953,31.99854951,32.14061252,32.29857124,32.47271550,32.66335656,32.87081784,33.09542195,33.33747455,33.59724659,33.87495679,34.17075581,34.48470859
1383,31.40667421,31.41395980,31.43582911,31.47231978,31.52349487,31.58944336,31.67028093,31.76615099,31.87722587,32.00370782,32.14582950,32.30385311,32.47806745,32.66878207,32.87631798,33.10099470,33.34311445,33.60294471,33.88070088,34.17653001,34.49048968
1384,31.41159531,31.41888372,31.44076151,31.47726636,31.52846146,31.59443592,31.67530565,31.77121429,31.88233438,32.00886829,32.15104857,32.30913690,32.48342101,32.67420873,32.88181866,33.10656731,33.34875351,33.60864128,33.88644267,34.18230054,34.49626323
1385,31.41651831,31.42380955,31.44569582,31.48221489,31.53343002,31.59943051,31.68033245,31.77627971,31.88744505,32.01403093,32.15626972,32.31442257,32.48877613,32.67963650,32.88731987,33.11213977,33.35439171,33.61433630,33.89218210,34.18806707,34.50202823
1386,31.42144322,31.42873729,31.45063206,31.48716536,31.53840057,31.60442712,31.68536132,31.78134727,31.89255788,32.01919570,32.16149292,32.31971010,32.49413279,32.68506536,32.89282158,33.11771207,33.36002905,33.62002975,33.89791905,34.19382924,34.50778518
1387,31.42637004,31.43366694,31.45557023,31.49211779,31.54337310,31.60942577,31.69039228,31.78641695,31.89767287,32.02436261,32.16671816,32.32499947,32.49949097,32.69049527,32.89832378,33.12328420,33.36566553,33.62572158,33.90365327,34.19958654,34.51353964
1388,31.43129878,31.43859851,31.46051033,31.49707217,31.54834762,31.61442645,31.69542532,31.79148876,31.90279000,32.02953163,32.17194541,32.33029065,32.50485063,32.69592621,32.90382644,33.12885614,33.37130111,33.63141170,33.90938453,34.20533924,34.51929032
1389,31.43622943,31.44353200,31.46545236,31.50202851,31.55332414,31.61942916,31.70046044,31.79656268,31.90790926,32.03470276,32.17717465,32.33558361,32.51021175,32.70135815,32.90932953,33.13442788,33.37693579,33.63710003,33.91511275,34.21108792,34.52503732
1390,31.44116200,31.44846742,31.47039633,31.50698681,31.55830265,31.62443391,31.70549765,31.80163873,31.91303065,32.03987597,32.18240587,32.34087834,32.51557429,32.70679107,32.91483305,33.13999939,33.38256951,33.64278650,33.92083794,34.21683301,34.53078040
1391,31.44609649,31.45340476,31.47534224,31.51194707,31.56328316,31.62944070,31.71053693,31.80671689,31.91815416,32.04505126,32.18763904,32.34617480,32.52093824,32.71222495,32.92033696,33.14557066,33.38820224,33.64847106,33.92656021,34.22257464,34.53651960
1392,31.45103291,31.45834403,31.48029009,31.51690930,31.56826567,31.63444954,31.71557830,31.81179715,31.92327978,32.05022861,32.19287415,32.35147297,32.52630357,32.71765975,32.92584125,33.15114166,33.39383395,33.65415369,33.93227964,34.22831273,34.54225515
1393,31.45597125,31.46328523,31.48523990,31.52187351,31.57325018,31.63946041,31.72062175,31.81687953,31.92840750,32.05540800,32.19811117,32.35677284,32.53167025,32.72309545,32.93134589,33.15671236,33.39946460,33.65983438,33.93799625,34.23404731,34.54798721
1394,31.46091153,31.46822837,31.49019165,31.52683968,31.57823670,31.64447333,31.72566727,31.82196400,31.93353731,32.06058942,32.20335009,32.36207437,32.53703826,32.72853204,32.93685086,33.16228274,33.40509415,33.66551310,33.94371013,34.23977843,34.55371587
1395,31.46585374,31.47317345,31.49514536,31.53180784,31.58322523,31.64948829,31.73071487,31.82705057,31.93866921,32.06577286,32.20859089,32.36737754,32.54240757,32.73396949,32.94235614,33.16785277,33.41072259,33.67118988,33.94942124,34.24550628,34.55944118
1396,31.47079789,31.47812048,31.50010102,31.53677798,31.58821577,31.65450530,31.73576455,31.83213923,31.94380318,32.07095831,32.21383355,32.37268234,32.54777817,32.73940776,32.94786169,33.17342243,33.41634989,33.67686470,33.95512964,34.25123090,34.56516327
1397,31.47574398,31.48306944,31.50505864,31.54175009,31.59320832,31.65952435,31.74081630,31.83722997,31.94893921,32.07614574,32.21907805,32.37798874,32.55315002,32.74484685,32.95336750,33.17899168,33.42197604,33.68253756,33.96083535,34.25695239,34.57088220
1398,31.48069201,31.48802036,31.51001823,31.54672420,31.59820289,31.66454545,31.74587013,31.84232279,31.95407729,32.08133515,32.22432436,32.38329671,32.55852311,32.75028672,32.95887355,33.18456050,33.42760101,33.68820848,33.96653841,34.26267085,34.57659806
1399,31.48564199,31.49297323,31.51497978,31.55170029,31.60319948,31.66956860,31.75092602,31.84741769,31.95921741,32.08652651,32.22957248,32.38860624,32.56389740,32.75572735,32.96437980,33.19012888,33.43322480,33.69387746,33.97223886,34.26838633,34.58231094
1400,31.49059393,31.49792806,31.51994331,31.55667838,31.60819808,31.67459379,31.75598398,31.85251465,31.96435957,32.09171982,32.23482239,32.39391731,32.56927289,32.76116872,32.96988623,33.19569678,33.43884740,33.69954451,33.97793674,34.27409889,34.58802090
1401,31.49554781,31.50288484,31.52490880,31.56165845,31.61319870,31.67962103,31.76104400,31.85761368,31.96950375,32.09691506,32.24007406,32.39922989,32.57464954,32.76661080,32.97539282,33.20126420,33.44446879,33.70520963,33.98363210,34.27980860,34.59372802
1402,31.50050366,31.50784358,31.52987627,31.56664052,31.61820134,31.68465031,31.76610608,31.86271475,31.97464995,32.10211221,32.24532747,32.40454396,32.58002733,32.77205357,32.98089955,33.20683112,33.45008899,33.71087287,33.98932498,34.28551545,34.59943227
1403,31.50546146,31.51280429,31.53484571,31.57162459,31.62320600,31.68968163,31.77117021,31.86781788,31.97979814,32.10731127,32.25058262,32.40985951,32.58540624,32.77749701,32.98640640,33.21239752,33.45570798,33.71653422,33.99501542,34.29121955,34.60513380
1404,31.51042122,31.51776697,31.53981714,31.57661065,31.62821268,31.69471499,31.77623640,31.87292304,31.98494832,32.11251221,32.25583948,32.41517651,32.59078625,32.78294109,32.99191333,33.21796337,33.46132574,33.72219368,34.00070345,34.29692096,34.61083267
1405,31.51538296,31.52273161,31.54479054,31.58159872,31.63322138,31.69975040,31.78130464,31.87803024,31.99010048,32.11771502,32.26109803,32.42049493,32.59616733,32.78838579,32.99742033,33.22352866,33.46694226,33.72785126,34.00638911,34.30261976,34.61652895
1406,31.52034666,31.52769823,31.54976593,31.58658879,31.63823211,31.70478785,31.78637492,31.88313946,31.99525462,32.12291969,32.26635826,32.42581477,32.60154946,32.79383108,33.00292738,33.22909336,33.47255753,33.73350698,34.01207245,34.30831599,34.62222272
1407,31.52531233,31.53266682,31.55474331,31.59158086,31.64324486,31.70982733,31.79144724,31.88825070,32.00041071,32.12812621,32.27162014,32.43113600,32.60693262,32.79927695,33.00843447,33.23465750,33.47817161,33.73916088,34.01775348,34.31400963,34.62791390
1408,31.53027997,31.53763740,31.55972268,31.59657494,31.64825964,31.71486885,31.79652160,31.89336395,32.00556874,32.13333455,32.27688366,32.43645859,32.61231680,32.80472338,33.01394157,33.24022105,33.48378446,33.74481298,34.02343224,34.31970076,34.63360260
1409,31.53524959,31.54260995,31.56470403,31.60157102,31.65327643,31.71991240,31.80159799,31.89847921,32.01072871,32.13854470,32.28214881,32.44178254,32.61770196,32.81017034,33.01944867,33.24578398,33.48939608,33.75046328,34.02910877,34.32538944,34.63928889
1410,31.54022119,31.54758448,31.56968739,31.60656912,31.65829525,31.72495799,31.80667641,31.90359646,32.01589061,32.14375665,32.28741556,32.44710781,32.62308808,32.81561781,33.02495573,33.25134629,33.49500646,33.75611179,34.03478312,34.33107573,34.64497283
1411,31.54519478,31.55256100,31.57467273,31.61156922,31.66331609,31.73000561,31.81175685,31.90871571,32.02105442,32.14897039,32.29268389,32.45243439,32.62847514,32.82106577,33.03046275,33.25690795,33.50061559,33.76175853,34.04045531,34.33675968,34.65065448
1412,31.55017035,31.55753951,31.57966008,31.61657133,31.66833896,31.73505526,31.81683931,31.91383693,32.02622014,32.15418590,32.29795379,32.45776226,32.63386313,32.82651419,33.03596970,33.26246897,33.50622351,33.76740352,34.04612536,34.34244131,34.65633384
1413,31.55514790,31.56252000,31.58464941,31.62157545,31.67336384,31.74010693,31.82192378,31.91896012,32.03138774,32.15940316,32.30322525,32.46309141,32.63925203,32.83196308,33.04147660,33.26802938,33.51183023,33.77304681,34.05179329,34.34812059,34.66201089
1414,31.56012744,31.56750249,31.58964075,31.62658158,31.67839075,31.74516061,31.82701025,31.92408527,32.03655722,32.16462216,32.30849824,32.46842180,32.64464181,32.83741240,33.04698341,33.27358913,33.51743575,33.77868838,34.05745915,34.35379763,34.66768574
1415,31.56510897,31.57248697,31.59463409,31.63158972,31.68341967,31.75021632,31.83209873,31.92921238,32.04172857,32.16984289,32.31377275,32.47375342,32.65003245,32.84286213,33.05249012,33.27914822,33.52304004,33.78432826,34.06312297,34.35947247,34.67335843
1416,31.57009249,31.57747345,31.59962944,31.63659988,31.68845061,31.75527405,31.83718920,31.93434144,32.04690177,32.17506533,32.31904876,32.47908626,32.65542393,32.84831226,33.05799670,33.28470663,33.52864313,33.78996647,34.06878478,34.36514515,34.67902901
1417,31.57507801,31.58246192,31.60462679,31.64161205,31.69348358,31.76033380,31.84228167,31.93947244,32.05207683,32.18028946,32.32432624,32.48442028,32.66081623,32.85376275,33.06350313,33.29026436,33.53424501,33.79560302,34.07444462,34.37081570,34.68469751
1418,31.58006553,31.58745239,31.60962614,31.64662622,31.69851855,31.76539554,31.84737612,31.94460536,32.05725371,32.18551528,32.32960520,32.48975549,32.66620935,32.85921362,33.06900945,33.29582144,33.53984571,33.80123794,34.08010248,34.37648411,34.69036391
1419,31.58505504,31.59244486,31.61462749,31.65164241,31.70355554,31.77045930,31.85247254,31.94974021,32.06243241,32.19074276,32.33488560,32.49509185,32.67160325,32.86466483,33.07451562,33.30137785,33.54544524,33.80687124,34.08575841,34.38215044,34.69602827
1420,31.59004655,31.59743933,31.61963085,31.65666061,31.70859454,31.77552505,31.85757094,31.95487696,32.06761292,32.19597190,32.34016744,32.50042935,32.67699793,32.87011638,33.08002162,33.30693358,33.55104359,33.81250293,34.09141242,34.38781472,34.70169063
1421,31.59504006,31.60243581,31.62463622,31.66168082,31.71363555,31.78059280,31.86267130,31.96001562,32.07279523,32.20120268,32.34545069,32.50576798,32.68239335,32.87556824,33.08552746,33.31248863,33.55664078,33.81813305,34.09706456,34.39347697,34.70735101
1422,31.60003557,31.60743428,31.62964359,31.66670303,31.71867856,31.78566254,31.86777361,31.96515617,32.07797933,32.20643508,32.35073535,32.51110770,32.68778951,32.88102040,33.09103311,33.31804300,33.56223682,33.82376160,34.10271483,34.39913724,34.71300945
1423,31.60503308,31.61243476,31.63465297,31.67172726,31.72372358,31.79073428,31.87287788,31.97029860,32.08316520,32.21166909,32.35602138,32.51644851,32.69318639,32.88647285,33.09653857,33.32359668,33.56783169,33.82938860,34.10836328,34.40479556,34.71866599
1424,31.61003259,31.61743724,31.63966435,31.67675349,31.72877060,31.79580799,31.87798410,31.97544291,32.08835283,32.21690470,32.36130879,32.52179040,32.69858397,32.89192557,33.10204382,33.32914967,33.57342540,33.83501405,34.11400993,34.41045196,34.72432066
1425,31.61503411,31.62244172,31.64467774,31.68178173,31.73381962,31.80088369,31.88309226,31.98058909,32.09354221,32.22214189,32.36659754,32.52713333,32.70398224,32.89737855,33.10754887,33.33470196,33.57901798,33.84063799,34.11965479,34.41610646,34.72997348
1426,31.62003764,31.62744822,31.64969314,31.68681197,31.73887064,31.80596136,31.88820234,31.98573712,32.09873333,32.22738064,32.37188763,32.53247730,32.70938117,32.90283177,33.11305370,33.34025358,33.58460943,33.84626042,34.12529789,34.42175910,34.73562448
1427,31.62504316,31.63245671,31.65471055,31.69184422,31.74392366,31.81104101,31.89331435,31.99088700,32.10392617,32.23262095,32.37717904,32.53782229,32.71478076,32.90828523,33.11855831,33.34580450,33.59019975,33.85188137,34.13093926,34.42740988,34.74127367
1428,31.63005070,31.63746721,31.65972995,31.69687847,31.74897866,31.81612262,31.89842828,31.99603871,32.10912073,32.23786280,32.38247175,32.54316828,32.72018099,32.91373892,33.12406270,33.35135475,33.59578897,33.85750086,34.13657890,34.43305883,34.74692108
1429,31.63506024,31.64247972,31.66475137,31.70191472,31.75403565,31.82120618,31.90354412,32.00119225,32.11431699,32.24310617,32.38776574,32.54851526,32.72558185,32.91919281,33.12956685,33.35690431,33.60137710,33.86311889,34.14221685,34.43870598,34.75256673
1430,31.64007178,31.64749424,31.66977479,31.70695297,31.75909463,31.82629171,31.90866185,32.00634760,32.11951494,32.24835105,32.39306101,32.55386320,32.73098331,32.92464691,33.13507076,33.36245320,33.60696413,33.86873549,34.14785313,34.44435135,34.75821064
1431,31.64508533,31.65251075,31.67480021,31.71199322,31.76415558,31.83137918,31.91378149,32.01150477,32.12471457,32.25359743,32.39835754,32.55921211,32.73638537,32.93010119,33.14057442,33.36800140,33.61255007,33.87435066,34.15348776,34.44999498,34.76385287
1432,31.65010089,31.65752928,31.67982763,31.71703546,31.76921852,31.83646860,31.91890301,32.01666373,32.12991586,32.25884529,32.40365531,32.56456196,32.74178802,32.93555565,33.14607782,33.37354890,33.61813491,33.87996442,34.15912076,34.45563691,34.76949344
1433,31.65511844,31.66254980,31.68485705,31.72207969,31.77428343,31.84155995,31.92402642,32.02182449,32.13511881,32.26409462,32.40895431,32.56991273,32.74719123,32.94101028,33.15158097,33.37909571,33.62371868,33.88557679,34.16475216,34.46127713,34.77513236
1434,31.66013801,31.66757233,31.68988847,31.72712591,31.77935031,31.84665324,31.92915169,32.02698702,32.14032340,32.26934541,32.41425452,32.57526442,32.75259500,32.94646506,33.15708385,33.38464185,33.62930139,33.89118778,34.17038196,34.46691568,34.78076965
1435,31.66515957,31.67259686,31.69492189,31.73217412,31.78441915,31.85174846,31.93427883,32.03215131,32.14552962,32.27459764,32.41955593,32.58061701,32.75799932,32.95192000,33.16258647,33.39018731,33.63488304,33.89679740,34.17601019,34.47255257,34.78640532
1436,31.67018314,31.67762340,31.69995731,31.73722431,31.78948995,31.85684560,31.93940783,32.03731737,32.15073746,32.27985130,32.42485853,32.58597047,32.76340417,32.95737508,33.16808882,33.39573210,33.64046365,33.90240568,34.18163687,34.47818782,34.79203940
1437,31.67520871,31.68265193,31.70499472,31.74227649,31.79456271,31.86194465,31.94453867,32.04248518,32.15594691,32.28510637,32.43016229,32.59132481,32.76880954,32.96283030,33.17359090,33.40127622,33.64604323,33.90801263,34.18726202,34.48382145,34.79767191
1438,31.68023629,31.68768246,31.71003412,31.74733064,31.79963743,31.86704561,31.94967135,32.04765472,32.16115794,32.29036285,32.43546721,32.59668001,32.77421542,32.96828564,33.17909271,33.40681967,33.65162178,33.91361825,34.19288564,34.48945348,34.80330286
1439,31.68526586,31.69271499,31.71507551,31.75238676,31.80471409,31.87214848,31.95480587,32.05282598,32.16637056,32.29562071,32.44077327,32.60203604,32.77962180,32.97374111,33.18459424,33.41236246,33.65719931,33.91922257,34.19850776,34.49508392,34.80893228
1440,31.69029743,31.69774951,31.72011889,31.75744486,31.80979269,31.87725324,31.95994220,32.05799897,32.17158475,32.30087995,32.44608046,32.60739291,32.78502867,32.97919668,33.19009549,33.41790458,33.66277582,33.92482559,34.20412841,34.50071262,34.81455179
1441,31.69533099,31.70278603,31.72516426,31.76250493,31.81487324,31.88235989,31.96508036,32.06317367,32.17680050,32.30614055,32.45138877,32.61275060,32.79043601,32.98465236,33.19559644,33.42344602,33.66835132,33.93042733,34.20974751,34.50633754,34.82011955
1442,31.70036655,31.70782454,31.73021161,31.76756696,31.81995572,31.88746842,31.97022032,32.06835006,32.18201780,32.31140250,32.45669818,32.61810910,32.79584382,32.99010812,33.20109711,33.42898680,33.67392582,33.93602778,34.21536469,34.51195221,34.82561651
1443,31.70540410,31.71286504,31.73526094,31.77263096,31.82504012,31.89257884,31.97536209,32.07352814,32.18723664,32.31666579,32.46200868,32.62346839,32.80125209,32.99556398,33.20659748,33.43452691,33.67949932,33.94162687,34.22097866,34.51754773,34.83107662
1444,31.71044364,31.71790752,31.74031224,31.77769691,31.83012645,31.89769112,31.98050564,32.07870791,32.19245700,32.32193041,32.46732025,32.62882846,32.80666080,33.00101991,33.21209755,33.44006636,33.68507181,33.94722433,34.22658707,34.52312177,34.83650858
1445,31.71548517,31.72295200,31.74536552,31.78276481,31.83521471,31.90280527,31.98565098,32.08388933,32.19767887,32.32719633,32.47263290,32.63418931,32.81206995,33.00647592,33.21759732,33.44560515,33.69064324,33.95281960,34.23218771,34.52867729,34.84191409
1446,31.72052869,31.72799845,31.75042077,31.78783467,31.84030487,31.90792128,31.99079809,32.08907242,32.20290225,32.33246356,32.47794659,32.63955091,32.81747952,33.01193200,33.22309679,33.45114326,33.69621346,33.95841190,34.23777963,34.53421457,34.84729598
1447,31.72557419,31.73304689,31.75547799,31.79290647,31.84539694,31.91303913,31.99594697,32.09425716,32.20812711,32.33773208,32.48326133,32.64491326,32.82288951,33.01738813,33.22859596,33.45668067,33.70178227,33.96400053,34.24336212,34.53973395,34.85265640
1448,31.73062167,31.73809730,31.76053718,31.79798022,31.85049092,31.91815884,32.00109761,32.09944353,32.21335346,32.34300188,32.48857709,32.65027634,32.82829991,33.02284432,33.23409480,33.46221731,33.70734940,33.96958484,34.24893471,34.54523600,34.85799714
1449,31.73567113,31.74314969,31.76559833,31.80305590,31.85558679,31.92328037,32.00624999,32.10463153,32.21858127,32.34827294,32.49389387,32.65564015,32.83371071,33.02830055,33.23959331,33.46775310,33.71291454,33.97516428,34.25449702,34.55072161,34.86331958
1450,31.74072257,31.74820404,31.77066143,31.80813351,31.86068456,31.92840374,32.01140412,32.10982115,32.22381054,32.35354525,32.49921166,32.66100468,32.83912189,33.03375682,33.24509144,33.47328791,33.71847737,33.98073844,34.26004889,34.55619151,34.86862469
1451,31.74577598,31.75326037,31.77572649,31.81321305,31.86578421,31.93352893,32.01655998,32.11501238,32.22904126,32.35881880,32.50453044,32.66636991,32.84453346,33.03921310,33.25058917,33.47882162,33.72403760,33.98630692,34.26559025,34.56164629,34.87391335
1452,31.75083136,31.75831867,31.78079350,31.81829452,31.87088574,31.93865594,32.02171756,32.12020521,32.23427341,32.36409359,32.50985020,32.67173583,32.84994539,33.04466940,33.25608645,33.48435409,33.72959493,33.99186931,34.27112096,34.56708662,34.87918656
1453,31.75588871,31.76337892,31.78586246,31.82337791,31.87598915,31.94378475,32.02687686,32.12539963,32.23950698,32.36936959,32.51517093,32.67710243,32.85535768,33.05012567,33.26158319,33.48988514,33.73514908,33.99742543,34.27664123,34.57251280,34.88444479
1454,31.76094802,31.76844114,31.79093336,31.82846321,31.88109443,31.94891537,32.03203786,32.13059562,32.24474197,32.37464679,32.52049262,32.68246971,32.86077031,33.05558190,33.26707937,33.49541465,33.74069979,34.00297491,34.28215096,34.57792544,34.88968891
1455,31.76600929,31.77350531,31.79600620,31.83355041,31.88620156,31.95404778,32.03720056,32.13579318,32.24997836,32.37992520,32.52581525,32.68783764,32.86618327,33.06103805,33.27257485,33.50094241,33.74624684,34.00851774,34.28765039,34.58332479,34.89491918
1456,31.77107252,31.77857143,31.80108098,31.83863953,31.89131056,31.95918197,32.04236495,32.14099230,32.25521614,32.38520478,32.53113882,32.69320623,32.87159655,33.06649410,33.27806959,33.50646828,33.75178998,34.01405363,34.29313954,34.58871136,34.90013633
1457,31.77613770,31.78363950,31.80615769,31.84373054,31.89642140,31.96431794,32.04753102,32.14619297,32.26045530,32.39048555,32.53646332,32.69857544,32.87701011,33.07194998,33.28356347,33.51199208,33.75732906,34.01958263,34.29861858,34.59408540,34.90534057
1458,31.78120483,31.78870951,31.81123632,31.84882345,31.90153409,31.96945569,32.05269876,32.15139518,32.26569583,32.39576747,32.54178873,32.70394528,32.88242394,33.07740566,33.28905641,33.51751366,33.76286385,34.02510455,34.30408760,34.59944732,34.91053246
1459,31.78627391,31.79378146,31.81631687,31.85391824,31.90664862,31.97459520,32.05786816,32.15659892,32.27093773,32.40105054,32.54711504,32.70931572,32.88783800,33.08286105,33.29454827,33.52303291,33.76839434,34.03061949,34.30954673,34.60479727,34.91571213
1460,31.79134493,31.79885535,31.82139934,31.85901492,31.91176497,31.97973646,32.06303922,32.16180418,32.27618097,32.40633475,32.55244224,32.71468674,32.89325227,33.08831613,33.30003899,33.52854965,33.77392028,34.03612728,34.31499609,34.61013566,34.92088010
1461,31.79641789,31.80393117,31.82648373,31.86411348,31.91688315,31.98487948,32.06821192,32.16701095,32.28142555,32.41162009,32.55777031,32.72005834,32.89866673,33.09377085,33.30552846,33.53406372,33.77944150,34.04162783,34.32043578,34.61546283,34.92603678
1462,31.80149278,31.80900892,31.83157002,31.86921390,31.92200315,31.99002423,32.07338626,32.17221921,32.28667145,32.41690655,32.56309925,32.72543049,32.90408133,33.09922512,33.31101658,33.53957505,33.78495797,34.04712121,34.32586593,34.62077892,34.93118232
1463,31.80656960,31.81408859,31.83665821,31.87431620,31.92712496,31.99517072,32.07856223,32.17742897,32.29191868,32.42219411,32.56842903,32.73080316,32.90949603,33.10467888,33.31650325,33.54508350,33.79046962,34.05260743,34.33128667,34.62608417,34.93631698
1464,31.81164834,31.81917018,31.84174830,31.87942035,31.93224858,32.00031893,32.08373981,32.18264021,32.29716721,32.42748276,32.57375964,32.73617635,32.91491081,33.11013208,33.32198837,33.55058894,33.79597627,34.05808639,34.33669812,34.63137891,34.94144117
1465,31.81672901,31.82425368,31.84684028,31.88452636,31.93737399,32.00546886,32.08891901,32.18785292,32.30241703,32.43277250,32.57909108,32.74155002,32.92032563,33.11558465,33.32747185,33.55609125,33.80147785,34.06355811,34.34210040,34.63666333,34.94655510
1466,31.82181159,31.82933909,31.85193415,31.88963422,31.94250119,32.01062050,32.09409981,32.19306709,32.30766814,32.43806330,32.58442330,32.74692413,32.92574041,33.12103650,33.33295361,33.56159040,33.80697442,34.06902271,34.34749361,34.64193751,34.95165882
1467,31.82689608,31.83442641,31.85702990,31.89474392,31.94763018,32.01577385,32.09928219,32.19828271,32.31292052,32.44335516,32.58975632,32.75229868,32.93115514,33.12648758,33.33843353,33.56708624,33.81246582,34.07448012,34.35287790,34.64720175,34.95675271
1468,31.83198248,31.83951562,31.86212753,31.89985546,31.95276095,32.02092888,32.10446617,32.20349977,32.31817417,32.44864805,32.59509009,32.75767364,32.93656978,33.13193783,33.34391153,33.57257867,33.81795197,34.07993034,34.35825336,34.65245629,34.96183701
1469,31.83707077,31.84460673,31.86722703,31.90496883,31.95789348,32.02608561,32.10965171,32.20871826,32.32342907,32.45394198,32.60042461,32.76304896,32.94198425,33.13738716,33.34938755,33.57806768,33.82343292,34.08537347,34.36362010,34.65770117,34.96691176
1470,31.84216097,31.84969972,31.87232839,31.91008402,31.96302778,32.03124401,32.11483882,32.21393817,32.32868520,32.45923691,32.60575985,32.76842461,32.94739852,33.14283552,33.35486150,33.58355316,33.82890860,34.09080952,34.36897824,34.66293661,34.97197719
1471,31.84725305,31.85479460,31.87743161,31.91520103,31.96816383,32.03640408,32.12002749,32.21915949,32.33394256,32.46453284,32.61109579,32.77380057,32.95281253,33.14828282,33.36033329,33.58903505,33.83437900,34.09623854,34.37432787,34.66816275,34.97703346
1472,31.85234703,31.85989136,31.88253669,31.92031986,31.97330164,32.04156581,32.12521771,32.22438222,32.33920114,32.46982976,32.61643241,32.77917680,32.95822625,33.15372902,33.36580286,33.59451328,33.83984404,34.10166052,34.37966911,34.67337978,34.98208080
1473,31.85744288,31.86498999,31.88764361,31.92544048,31.97844118,32.04672920,32.13040946,32.22960633,32.34446092,32.47512763,32.62176968,32.78455326,32.96363963,33.15917406,33.37127015,33.59998778,33.84530372,34.10707550,34.38500205,34.67858786,34.98711934
1474,31.86254061,31.87009048,31.89275238,31.93056291,31.98358246,32.05189423,32.13560274,32.23483182,32.34972189,32.48042645,32.62710759,32.78992993,32.96905260,33.16461786,33.37673507,33.60545851,33.85075804,34.11248354,34.39032679,34.68378709,34.99214922
1475,31.86764020,31.87519284,31.89786298,31.93568713,31.98872547,32.05706090,32.14079755,32.24005868,32.35498403,32.48572621,32.63244610,32.79530676,32.97446512,33.17006035,33.38219756,33.61092544,33.85620700,34.11788470,34.39564343,34.68897761,34.99717055
1476,31.87274166,31.88029705,31.90297542,31.94081313,31.99387020,32.06222920,32.14599386,32.24528690,32.36024734,32.49102687,32.63778518,32.80068371,32.97987712,33.17550147,33.38765757,33.61638851,33.86165060,34.12327904,34.40095207,34.69415951,35.00218345
1477,31.87784498,31.88540312,31.90808967,31.94594092,31.99901664,32.06739912,32.15119167,32.25051646,32.36551179,32.49632843,32.64312482,32.80606075,32.98528859,33.18094119,33.39311504,33.62184767,33.86708876,34.12866652,34.40625278,34.69933301,35.00718815
1478,31.88295015,31.89051103,31.91320575,31.95107047,32.00416478,32.07257066,32.15639098,32.25574736,32.37077738,32.50163085,32.64846498,32.81143785,32.99069946,33.18637943,33.39856991,33.62730288,33.87252153,34.13404722,34.41154567,34.70449818,35.01218473
1479,31.88805717,31.89562077,31.91832364,31.95620179,32.00931462,32.07774379,32.16159176,32.26097958,32.37604408,32.50693413,32.65380564,32.81681495,32.99610968,33.19181615,33.40402214,33.63275412,33.87794891,34.13942120,34.41683081,34.70965513,35.01717328
1480,31.89316603,31.90073235,31.92344333,31.96133487,32.01446615,32.08291853,32.16679402,32.26621311,32.38131189,32.51223824,32.65914677,32.82219202,33.00151920,33.19725127,33.40947166,33.63820138,33.88337092,34.14478851,34.42210829,34.71480395,35.02215392
1481,31.89827673,31.90584575,31.92856482,31.96646970,32.01961936,32.08809485,32.17199774,32.27144794,32.38658079,32.51754316,32.66448833,32.82756903,33.00692796,33.20268476,33.41491845,33.64364461,33.88878756,34.15014919,34.42737819,34.71994475,35.02712674
1482,31.90338925,31.91096097,31.93368810,31.97160628,32.02477425,32.09327274,32.17720290,32.27668406,32.39185076,32.52284887,32.66983030,32.83294593,33.01233594,33.20811657,33.42036244,33.64908376,33.89419878,34.15550325,34.43264060,34.72507771,35.03209194
1483,31.90850360,31.91607801,31.93881317,31.97674459,32.02993080,32.09845221,32.18240951,32.28192144,32.39712178,32.52815534,32.67517264,32.83832269,33.01774308,33.21354664,33.42580360,33.65451883,33.89960461,34.16085075,34.43789559,34.73020287,35.03704958
1484,31.91361976,31.92119686,31.94394001,31.98188463,32.03508901,32.10363324,32.18761755,32.28716009,32.40239383,32.53346255,32.68051534,32.84369927,33.02314934,33.21897494,33.43124189,33.65994980,33.90500509,34.16619174,34.44314323,34.73532034,35.04199974
1485,31.91873773,31.92631750,31.94906863,31.98702640,32.04024887,32.10881581,32.19282701,32.29239998,32.40766691,32.53877048,32.68585835,32.84907562,33.02855467,33.22440141,33.43667729,33.66537666,33.91040020,34.17152626,34.44838361,34.74043020,35.04694253
1486,31.92385751,31.93143994,31.95419901,31.99216988,32.04541037,32.11399993,32.19803787,32.29764111,32.41294099,32.54407910,32.69120164,32.85445171,33.03395902,33.22982601,33.44210973,33.67079938,33.91578998,34.17685436,34.45361679,34.74553256,35.05187805
1487,31.92897908,31.93656417,31.95933116,31.99731506,32.05057351,32.11918558,32.20325013,32.30288345,32.41821605,32.54938840,32.69654519,32.85982750,33.03936236,33.23524869,33.44753920,33.67621793,33.92117439,34.18217606,34.45884286,34.75062753,35.05680641
1488,31.93410245,31.94169017,31.96446505,32.00246195,32.05573827,32.12437275,32.20846377,32.30812699,32.42349207,32.55469834,32.70188896,32.86520297,33.04476465,33.24066943,33.45296565,33.68163231,33.92655347,34.18749142,34.46406188,34.75571518,35.06172770
1489,31.93922760,31.94681796,31.96960069,32.00761053,32.06090465,32.12956143,32.21367879,32.31337173,32.42876904,32.56000891,32.70723292,32.87057806,33.05016585,33.24608818,33.45838906,33.68704250,33.93192723,34.19280048,34.46927391,34.76079560,35.06664198
1490,31.94435452,31.95194751,31.97473806,32.01276080,32.06607263,32.13475161,32.21889517,32.31861763,32.43404693,32.56532006,32.71257705,32.87595273,33.05556590,33.25150489,33.46380941,33.69244851,33.93729569,34.19810328,34.47447903,34.76586886,35.07154935
1491,31.94948322,31.95707882,31.97987717,32.01791274,32.07124222,32.13994329,32.22411289,32.32386470,32.43932573,32.57063179,32.71792130,32.88132697,33.06096478,33.25691954,33.46922666,33.69785030,33.94265886,34.20339986,34.47967730,34.77093505,35.07644989
1492,31.95461368,31.96221188,31.98501800,32.02306635,32.07641339,32.14513645,32.22933195,32.32911290,32.44460541,32.57594407,32.72326565,32.88670072,33.06636245,33.26233209,33.47464079,33.70324788,33.94801675,34.20869027,34.48486879,34.77599426,35.08134370
1493,31.95974590,31.96734669,31.99016054,32.02822163,32.08158615,32.15033108,32.23455234,32.33436223,32.44988596,32.58125687,32.72861007,32.89207396,33.07175886,33.26774249,33.48005176,33.70864124,33.95336939,34.21397454,34.49005356,34.78104655,35.08623083
1494,31.96487987,31.97248325,31.99530479,32.03337855,32.08676048,32.15552717,32.23977403,32.33961267,32.45516735,32.58657016,32.73395453,32.89744664,33.07715399,33.27315073,33.48545956,33.71403036,33.95871678,34.21925272,34.49523168,34.78609201,35.09111137
1495,31.97001558,31.97762153,32.00045074,32.03853713,32.09193637,32.16072470,32.24499702,32.34486421,32.46044957,32.59188391,32.73929899,32.90281874,33.08254779,33.27855677,33.49086418,33.71941526,33.96405895,34.22452486,34.50040320,34.79113069,35.09598538
1496,31.97515303,31.98276154,32.00559839,32.04369734,32.09711382,32.16592368,32.25022129,32.35011682,32.46573259,32.59719811,32.74464342,32.90819021,33.08794023,33.28396057,33.49626558,33.72479593,33.96939591,34.22979098,34.50556819,34.79616267,35.10085293
1497,31.98029221,31.98790327,32.01074772,32.04885917,32.10229280,32.17112408,32.25544683,32.35537048,32.47101638,32.60251273,32.74998780,32.91356103,33.09333128,33.28936211,33.50166374,33.73017235,33.97472769,34.23505113,34.51072669,34.80118803,35.10571411
1498,31.98543311,31.99304671,32.01589873,32.05402263,32.10747333,32.17632590,32.26067362,32.36062519,32.47630094,32.60782773,32.75533210,32.91893116,33.09872090,33.29476135,33.50705866,33.73554454,33.98005430,34.24030536,34.51587878,34.80620683,35.11056897
1499,31.99057572,31.99819185,32.02105141,32.05918770,32.11265538,32.18152913,32.26590166,32.36588092,32.48158624,32.61314311,32.76067627,32.92430056,33.10410906,33.30015828,33.51245030,33.74091248,33.98537577,34.24555370,34.52102451,34.81121914,35.11541759
1500,31.99572004,32.00333869,32.02620574,32.06435437,32.11783894,32.18673374,32.27113092,32.37113766,32.48687225,32.61845882,32.76602030,32.92966922,33.10949573,33.30555285,33.51783866,33.74627618,33.99069210,34.25079619,34.52616393,34.81622522,35.12026991
1501,32.00086606,32.00848721,32.03136174,32.06952263,32.12302400,32.19193973,32.27636140,32.37639539,32.49215896,32.62377484,32.77136416,32.93503708,33.11488088,33.31094506,33.52322372,33.75163565,33.99600333,34.25603287,34.53129720,34.82122812,35.12520735
1502,32.00601377,32.01363742,32.03651937,32.07469248,32.12821056,32.19714709,32.28159307,32.38165409,32.49744634,32.62909115,32.77670780,32.94040413,33.12026447,33.31633486,33.52860547,33.75699087,34.00130946,34.26126380,34.53642495,34.82623968,35.13025430
1503,32.01116317,32.01878929,32.04167865,32.07986390,32.13339860,32.20235581,32.28682592,32.38691374,32.50273437,32.63440772,32.78205121,32.94577032,33.12564647,33.32172225,33.53398389,33.76234186,34.00661054,34.26648914,34.54154958,34.83127634,35.13535035
1504,32.01631424,32.02394284,32.04683955,32.08503688,32.13858812,32.20756586,32.29205994,32.39217432,32.50802302,32.63972452,32.78739436,32.95113564,33.13102687,33.32710719,33.53935898,33.76768862,34.01190660,34.27170944,34.54667536,34.83633832,35.14048836
1505,32.02146698,32.02909803,32.05200207,32.09021142,32.14377909,32.21277725,32.29729511,32.39743582,32.51331229,32.64504153,32.79273721,32.95650004,33.13640563,33.33248966,33.54473072,33.77303117,34.01719778,34.27692574,34.55180557,34.84142309,35.14566262
1506,32.02662138,32.03425488,32.05716620,32.09538751,32.14897151,32.21798995,32.30253141,32.40269821,32.51860213,32.65035872,32.79807974,32.96186351,33.14178272,33.33786965,33.55009910,33.77836952,34.02248433,34.28213934,34.55694206,34.84653082,35.15086818
1507,32.03177743,32.03941336,32.06233193,32.10056514,32.15416538,32.22320396,32.30776883,32.40796148,32.52389254,32.65567607,32.80342192,32.96722601,33.14715811,33.34324714,33.55546412,33.78370374,34.02776666,34.28735150,34.56208614,34.85166050,35.15610132
1508,32.03693512,32.04457348,32.06749926,32.10574429,32.15936067,32.22841925,32.31300736,32.41322561,32.52918349,32.66099354,32.80876371,32.97258751,33.15253179,33.34862210,33.56082579,33.78903395,34.03304528,34.29256329,34.56723874,34.85681057,35.16135955
1509,32.04209445,32.04973521,32.07266816,32.11092495,32.16455737,32.23363582,32.31824698,32.41849057,32.53447495,32.66631113,32.81410510,32.97794798,33.15790372,33.35399453,33.56618413,33.79436030,34.03832069,34.29777574,34.57240064,34.86197970,35.16664055
1510,32.04725540,32.05489856,32.07783865,32.11610713,32.16975548,32.23885365,32.32348766,32.42375636,32.53976690,32.67162879,32.81944606,32.98330740,33.16327389,33.35936441,33.57153918,33.79968300,34.04359348,34.30298967,34.57757203,34.86716706,35.17194282
1511,32.05241797,32.06006352,32.08301069,32.12129079,32.17495499,32.24407273,32.32872940,32.42902294,32.54505932,32.67694650,32.82478655,32.98866575,33.16864227,33.36473174,33.57689098,33.80500226,34.04886417,34.30820588,34.58275331,34.87237163,35.17726461
1512,32.05758215,32.06523007,32.08818429,32.12647595,32.18015587,32.24929305,32.33397218,32.43429031,32.55035220,32.68226424,32.83012656,32.99402299,33.17400884,33.37009651,33.58223963,33.81031836,34.05413332,34.31342496,34.58794438,34.87759267,35.18260484
1513,32.06274793,32.07039821,32.09335944,32.13166257,32.18535812,32.25451458,32.33921598,32.43955843,32.55564549,32.68758198,32.83546605,32.99937910,33.17937359,33.37545876,33.58758521,33.81563157,34.05940141,34.31864736,34.59314525,34.88282946,35.18796250
1514,32.06791530,32.07556792,32.09853612,32.13685066,32.19056173,32.25973732,32.34446078,32.44482730,32.56093919,32.69289971,32.84080500,33.00473405,33.18473650,33.38081849,33.59292785,33.82094220,34.06466892,34.32387351,34.59835588,34.88808129,35.19333662
1515,32.07308425,32.08073920,32.10371433,32.14204020,32.19576667,32.26496125,32.34970657,32.45009688,32.56623327,32.69821738,32.84614338,33.01008784,33.19009758,33.38617576,33.59826770,33.82625053,34.06993622,34.32910363,34.60357615,34.89334763,35.19872652
1516,32.07825478,32.08591204,32.10889406,32.14723118,32.20097295,32.27018636,32.35495333,32.45536717,32.57152770,32.70353499,32.85148118,33.01544043,33.19545680,33.39153058,33.60360485,33.83155684,34.07520381,34.33433822,34.60880606,34.89862773,35.20413114
1517,32.08342686,32.09108643,32.11407529,32.15242360,32.20618055,32.27541263,32.36020105,32.46063814,32.57682247,32.70885250,32.85681836,33.02079181,33.20081419,33.39688304,33.60893950,33.83686142,34.08047194,34.33957734,34.61404542,34.90392122,35.20955006
1518,32.08860050,32.09626236,32.11925801,32.15761743,32.21138945,32.28064004,32.36544970,32.46590977,32.58211756,32.71416989,32.86215490,33.02614196,33.20616973,33.40223317,33.61427179,33.84216455,34.08574099,34.34482127,34.61929414,34.90922753,35.21498252
1519,32.09377569,32.10143981,32.12444222,32.16281266,32.21659964,32.28586859,32.37069926,32.47118203,32.58741293,32.71948713,32.86749078,33.03149087,33.21152345,33.40758104,33.61960187,33.84746650,34.09101130,34.35007024,34.62455210,34.91454614,35.22042787
1520,32.09895241,32.10661879,32.12962790,32.16800929,32.22181111,32.29109825,32.37594973,32.47645492,32.59270857,32.72480421,32.87282599,33.03683854,33.21687537,33.41292675,33.62492993,33.85276749,34.09628301,34.35532420,34.62981909,34.91987682,35.22588586
1521,32.10413065,32.11179927,32.13481504,32.17320731,32.22702384,32.29632901,32.38120107,32.48172841,32.59800445,32.73012111,32.87816050,33.04218494,33.22222550,33.41827037,33.63025612,33.85806782,34.10155648,34.36058341,34.63509502,34.92521900,35.23135577
1522,32.10931040,32.11698125,32.14000364,32.17840669,32.23223782,32.30156085,32.38645329,32.48700249,32.60330057,32.73543779,32.88349429,33.04753009,33.22757389,33.42361198,33.63558062,33.86336768,34.10683187,34.36584787,34.64037971,34.93057241,35.23683730
1523,32.11449166,32.12216472,32.14519367,32.18360744,32.23745304,32.30679377,32.39170635,32.49227712,32.60859688,32.74075424,32.88882736,33.05287398,33.23292056,33.42895169,33.64090360,33.86866728,34.11210935,34.37111763,34.64567300,34.93593674,35.24233009
1524,32.11967441,32.12734967,32.15038514,32.18880952,32.24266949,32.31202774,32.39696024,32.49755229,32.61389338,32.74607045,32.89415968,33.05821662,33.23826556,33.43428960,33.64622522,33.87396685,34.11738910,34.37639274,34.65097475,34.94131165,35.24783377
1525,32.12485864,32.13253608,32.15557802,32.19401295,32.24788714,32.31726274,32.40221494,32.50282799,32.61919003,32.75138638,32.89949124,33.06355801,33.24360892,33.43962579,33.65154562,33.87926656,34.12267133,34.38167330,34.65628484,34.94669679,35.25334787
1526,32.13004434,32.13772395,32.16077231,32.19921769,32.25310599,32.32249877,32.40747043,32.50810418,32.62448683,32.75670203,32.90482204,33.06889817,33.24895071,33.44496038,33.65686497,33.88456660,34.12795613,34.38695928,34.66160311,34.95209193,35.25887219
1527,32.13523151,32.14291326,32.16596799,32.20442374,32.25832601,32.32773580,32.41272669,32.51338086,32.62978375,32.76201737,32.91015207,33.07423711,33.25429096,33.45029347,33.66218344,33.88986715,34.13324362,34.39225064,34.66692940,34.95749683,35.26440646
1528,32.14042012,32.14810400,32.17116505,32.20963109,32.26354721,32.33297383,32.41798372,32.51865800,32.63508077,32.76733240,32.91548133,33.07957484,33.25962974,33.45562515,33.66750115,33.89516835,34.13853393,34.39754745,34.67226359,34.96291121,35.26995033
1529,32.14561017,32.15329617,32.17636349,32.21483971,32.26876955,32.33821282,32.42324148,32.52393558,32.64037788,32.77264709,32.92080980,33.08491139,33.26496709,33.46095553,33.67281825,33.90047035,34.14382718,34.40284972,34.67760556,34.96833482,35.27550353
1530,32.15080165,32.15848974,32.18156328,32.22004961,32.27399303,32.34345277,32.42849997,32.52921359,32.64567505,32.77796143,32.92613750,33.09024678,33.27030310,33.46628472,33.67813487,33.90577329,34.14912342,34.40815739,34.68295517,34.97376748,35.28106587
1531,32.15599454,32.16368472,32.18676442,32.22526076,32.27921764,32.34869366,32.43375916,32.53449201,32.65097227,32.78327542,32.93146442,33.09558104,33.27563781,33.47161283,33.68345117,33.91107729,34.15442270,34.41347042,34.68831229,34.97920900,35.28663715
1532,32.16118884,32.16888108,32.19196689,32.23047316,32.28444335,32.35393548,32.43901903,32.53977081,32.65626952,32.78858904,32.93679056,33.10091419,33.28097128,33.47693993,33.68876723,33.91638249,34.15972519,34.41878889,34.69367682,34.98465909,35.29221703
1533,32.16638453,32.17407881,32.19717069,32.23568678,32.28967015,32.35917820,32.44427957,32.54504999,32.66156679,32.79390228,32.94211594,33.10624627,33.28630358,33.48226613,33.69408320,33.92168898,34.16503089,34.42411274,34.69904863,34.99011762,35.29780535
1534,32.17158160,32.17927791,32.20237579,32.24090161,32.29489803,32.36442182,32.44954077,32.55032951,32.66686406,32.79921513,32.94744056,33.11157732,33.29163478,33.48759154,33.69939918,33.92699688,34.17033987,34.42944193,34.70442762,34.99558439,35.30340193
1535,32.17678004,32.18447836,32.20758218,32.24611765,32.30012698,32.36966631,32.45480259,32.55560938,32.67216132,32.80452760,32.95276443,33.11690735,33.29696494,33.49291624,33.70471528,33.93230628,34.17565217,34.43477645,34.70981366,35.00105925,35.30900658
1536,32.18197983,32.18968014,32.21278986,32.25133487,32.30535697,32.37491165,32.46006504,32.56088956,32.67745855,32.80983968,32.95808757,33.12223641,33.30229411,33.49824031,33.71003162,33.93761729,34.18096788,34.44011628,34.71520665,35.00654197,35.31461907
1537,32.18718097,32.19488326,32.21799881,32.25655327,32.31058799,32.38015784,32.46532808,32.56617005,32.68275575,32.81515136,32.96340998,33.12756454,33.30762237,33.50356386,33.71534828,33.94292998,34.18628701,34.44546140,34.72060649,35.01203244,35.32023925
1538,32.19238343,32.20008768,32.22320901,32.26177283,32.31582003,32.38540486,32.47059171,32.57145082,32.68805290,32.82046265,32.96873169,33.13289178,33.31294979,33.50888697,33.72066537,33.94824444,34.19160960,34.45081177,34.72601307,35.01753049,35.32586697
1539,32.19758722,32.20529340,32.22842046,32.26699352,32.32105307,32.39065269,32.47585590,32.57673187,32.69335000,32.82577354,32.97405271,33.13821816,33.31827642,33.51420973,33.72598298,33.95356074,34.19693570,34.45616735,34.73142630,35.02303597,35.33150205
1540,32.20279231,32.21050041,32.23363313,32.27221535,32.32628709,32.39590131,32.48112065,32.58201319,32.69864703,32.83108403,32.97937305,33.14354371,33.32360233,33.51953221,33.73130120,33.95887897,34.20226533,34.46152813,34.73684608,35.02854874,35.33714434
1541,32.20799870,32.21570869,32.23884702,32.27743830,32.33152209,32.40115070,32.48638593,32.58729474,32.70394399,32.83639414,32.98469274,33.14886850,33.32892758,33.52485450,33.73662011,33.96419918,34.20759852,34.46689405,34.74227230,35.03406866,35.34279370
1542,32.21320636,32.22091824,32.24406211,32.28266234,32.33675804,32.40640086,32.49165173,32.59257654,32.70924087,32.84170386,32.99001180,33.15419254,33.33425224,33.53017668,33.74193980,33.96952144,34.21293529,34.47226510,34.74770489,35.03959561,35.34845001
1543,32.21841530,32.22612903,32.24927839,32.28788747,32.34199494,32.41165177,32.49691803,32.59785855,32.71453767,32.84701319,32.99533023,33.15951588,33.33957635,33.53549883,33.74726035,33.97484584,34.21827567,34.47764124,34.75314375,35.04512943,35.35411308
1544,32.22362548,32.23134105,32.25449585,32.29311368,32.34723276,32.41690341,32.50218483,32.60314078,32.71983437,32.85232214,33.00064807,33.16483857,33.34489999,33.54082101,33.75258184,33.98017240,34.22361968,34.48302243,34.75858879,35.05067002,35.35978282
1545,32.22883691,32.23655430,32.25971446,32.29834094,32.35247149,32.42215577,32.50745211,32.60842321,32.72513099,32.85763073,33.00596535,33.17016064,33.35022322,33.54614331,33.75790432,33.98550118,34.22896730,34.48840862,34.76403993,35.05621728,35.36545912
1546,32.23404956,32.24176875,32.26493422,32.30356925,32.35771111,32.42740883,32.51271985,32.61370584,32.73042750,32.86293896,33.01128209,33.17548215,33.35554610,33.55146579,33.76322788,33.99083221,34.23431856,34.49379978,34.76949709,35.06177111,35.37114188
1547,32.23926343,32.24698440,32.27015512,32.30879858,32.36295161,32.43266257,32.51798804,32.61898864,32.73572392,32.86824684,33.01659831,33.18080313,33.36086870,33.55678852,33.76855256,33.99616554,34.23967344,34.49919586,34.77496019,35.06733140,35.37683100
1548,32.24447850,32.25220122,32.27537713,32.31402893,32.36819298,32.43791698,32.52325666,32.62427161,32.74102024,32.87355438,33.02191404,33.18612364,33.36619106,33.56211158,33.77387843,34.00150122,34.24503197,34.50459684,34.78042915,35.07289803,35.38252633
1549,32.24969475,32.25741922,32.28060024,32.31926027,32.37343521,32.44317206,32.52852572,32.62955475,32.74631646,32.87886158,33.02722929,33.19144368,33.37151323,33.56743501,33.77920558,34.00683932,34.25039419,34.51000269,34.78590389,35.07847087,35.38822773
1550,32.25491218,32.26263836,32.28582445,32.32449261,32.37867826,32.44842778,32.53379519,32.63483805,32.75161258,32.88416847,33.03254410,33.19676333,33.37683527,33.57275889,33.78453404,34.01217984,34.25576006,34.51541337,34.79138434,35.08404985,35.39393515
1551,32.26013076,32.26785864,32.29104973,32.32972591,32.38392214,32.45368413,32.53906506,32.64012150,32.75690861,32.88947506,33.03785850,33.20208263,33.38215726,33.57808328,33.78986386,34.01752281,34.26112959,34.52082883,34.79687044,35.08963490,35.39964850
1552,32.26535049,32.27308004,32.29627607,32.33496017,32.38916683,32.45894109,32.54433532,32.64540510,32.76220454,32.89478135,33.04317253,33.20740162,33.38747923,33.58340823,33.79519509,34.02286825,34.26650275,34.52624903,34.80236212,35.09522593,35.40536771
1553,32.27057135,32.27830256,32.30150345,32.34019536,32.39441230,32.46419866,32.54960596,32.65068884,32.76750038,32.90008738,33.04848620,33.21272034,33.39280126,33.58873380,33.80052777,34.02821619,34.27187954,34.53167392,34.80785930,35.10082287,35.41109270
1554,32.27579332,32.28352617,32.30673187,32.34543149,32.39965856,32.46945682,32.55487698,32.65597271,32.77279613,32.90539314,33.05379953,33.21803883,33.39812337,33.59406004,33.80586197,34.03356668,34.27725999,34.53710350,34.81336193,35.10642558,35.41682331
1555,32.28101640,32.28875086,32.31196131,32.35066853,32.40490558,32.47471556,32.56014836,32.66125672,32.77809179,32.91069865,33.05911256,33.22335712,33.40344562,33.59938701,33.81119774,34.03891976,34.28264412,34.54253773,34.81886992,35.11203398,35.42255946
1556,32.28624057,32.29397662,32.31719175,32.35590646,32.41015336,32.47997487,32.56542009,32.66654086,32.78338738,32.91600393,33.06442532,33.22867526,33.40876806,33.60471476,33.81653510,34.04427543,34.28803189,34.54797657,34.82438322,35.11764801,35.42830110
1557,32.29146580,32.29920343,32.32242318,32.36114528,32.41540187,32.48523474,32.57069217,32.67182512,32.78868289,32.92130900,33.06973783,33.23399330,33.41409074,33.61004333,33.82187409,34.04963371,34.29342329,34.55341997,34.82990179,35.12326761,35.43404816
1558,32.29669210,32.30443127,32.32765559,32.36638497,32.42065111,32.49049515,32.57596459,32.67710951,32.79397834,32.92661388,33.07505014,33.23931127,33.41941371,33.61537277,33.82721475,34.05499460,34.29881831,34.55886791,34.83542555,35.12889270,35.43980056
1559,32.30191945,32.30966015,32.33288896,32.37162552,32.42590106,32.49575609,32.58123734,32.68239402,32.79927374,32.93191858,33.08036226,33.24462922,33.42473701,33.62070312,33.83255711,34.06035812,34.30421694,34.56432034,34.84095446,35.13452322,35.44555824
1560,32.30714782,32.31489003,32.33812327,32.37686691,32.43115170,32.50101755,32.58651041,32.68767866,32.80456908,32.93722313,33.08567424,33.24994718,33.43006069,33.62603443,33.83790120,34.06572430,34.30961918,34.56977725,34.84648845,35.14015903,35.45131781
1561,32.31237721,32.32012091,32.34335851,32.38210912,32.43640304,32.50627953,32.59178381,32.69296343,32.80986438,32.94252753,33.09098608,33.25526518,33.43538478,33.63136675,33.84324709,34.07109318,34.31502506,34.57523860,34.85202741,35.14579769,35.45698985
1562,32.31760760,32.32535277,32.34859468,32.38735216,32.44165505,32.51154201,32.59705751,32.69824831,32.81515964,32.94783180,33.09629781,33.26058327,33.44070934,33.63670011,33.84859478,34.07646476,34.32043455,34.58070434,34.85757077,35.15142775,35.46257469
1563,32.32283898,32.33058559,32.35383175,32.39259599,32.44690772,32.51680498,32.60233153,32.70353333,32.82045488,32.95313597,33.10160948,33.26590147,33.44603439,33.64203455,33.85394432,34.08183906,34.32584762,34.58617432,34.86311637,35.15703571,35.46811216
1564,32.32807134,32.33581937,32.35906971,32.39784062,32.45216105,32.52206844,32.60760585,32.70881846,32.82575011,32.95844005,33.10692110,33.27121983,33.45135999,33.64737012,33.85929573,34.08721608,34.33126426,34.59164808,34.86866053,35.16262033,35.47361402
1565,32.33330466,32.34105409,32.36430855,32.40308602,32.45741501,32.52733238,32.61288047,32.71410373,32.83104532,32.96374406,33.11223271,33.27653838,33.45668617,33.65270684,33.86464904,34.09259582,34.33668434,34.59712470,34.87420017,35.16818453,35.47908432
1566,32.33853892,32.34628974,32.36954825,32.40833219,32.46266961,32.53259679,32.61815538,32.71938913,32.83634054,32.96904803,33.11754433,33.28185716,33.46201297,33.65804476,33.87000427,34.09797829,34.34210765,34.60260304,34.87973373,35.17372873,35.48452665
1567,32.34377411,32.35152630,32.37478881,32.41357911,32.46792483,32.53786166,32.62343059,32.72467466,32.84163578,32.97435197,33.12285599,33.28717620,33.46734043,33.66338391,33.87536144,34.10336342,34.34753384,34.60808198,34.88526008,35.17925343,35.48994427
1568,32.34901023,32.35676375,32.38003020,32.41882677,32.47318065,32.54312698,32.62870608,32.72996033,32.84693104,32.97965589,33.12816773,33.29249554,33.47266858,33.66872432,33.88072056,34.10875115,34.35296250,34.61356053,34.89077845,35.18475979,35.49533948
1569,32.35424725,32.36200209,32.38527242,32.42407515,32.47843707,32.54839275,32.63398187,32.73524614,32.85222634,32.98495983,33.13347955,33.29781520,33.47799746,33.67406602,33.88608164,34.11414134,34.35839317,34.61903781,34.89628819,35.19024876,35.50071430
1570,32.35948515,32.36724130,32.39051545,32.42932426,32.48369408,32.55365896,32.63925793,32.74053210,32.85752168,32.99026379,33.13879151,33.30313524,33.48332710,33.67940904,33.89144465,34.11953385,34.36382534,34.62451308,34.90178896,35.19572139,35.50607023
1571,32.36472394,32.37248137,32.39575928,32.43457406,32.48895168,32.55892561,32.64453429,32.74581820,32.86281709,32.99556781,33.14410361,33.30845566,33.48865754,33.68475339,33.89680956,34.12492847,34.36925854,34.62998571,34.90728063,35.20117845,35.51140846
1572,32.36996359,32.37772229,32.40100389,32.43982456,32.49420984,32.56419268,32.64981092,32.75110446,32.86811257,33.00087189,33.14941589,33.31377651,33.49398881,33.69009907,33.90217630,34.13032494,34.37469232,34.63545533,34.91276327,35.20662050,35.51672983
1573,32.37520410,32.38296403,32.40624928,32.44507574,32.49946856,32.56946017,32.65508783,32.75639088,32.87340813,33.00617606,33.15472838,33.31909782,33.49932092,33.69544611,33.90754481,34.13572308,34.38012622,34.64092128,34.91823668,35.21204839,35.52203566
1574,32.38044544,32.38820660,32.41149543,32.45032760,32.50472784,32.57472808,32.66036503,32.76167746,32.87870379,33.01148035,33.16004109,33.32441961,33.50465391,33.70079448,33.91291500,34.14112262,34.38555988,34.64638332,34.92370098,35.21746259,35.52732659
1575,32.38568760,32.39344997,32.41674233,32.45558011,32.50998766,32.57999641,32.66564251,32.76696422,32.88399956,33.01678476,33.16535407,33.32974192,33.50998779,33.70614418,33.91828678,34.14652333,34.39099289,34.65184107,34.92915620,35.22286369,35.53260344
1576,32.39093058,32.39869413,32.42198997,32.46083327,32.51524801,32.58526514,32.67092027,32.77225115,32.88929546,33.02208932,33.17066732,33.33506477,33.51532258,33.71149519,33.92366003,34.15192497,34.39642491,34.65729428,34.93460242,35.22825220,35.53786691
1577,32.39617436,32.40393907,32.42723834,32.46608708,32.52050890,32.59053428,32.67619830,32.77753826,32.89459149,33.02739404,33.17598088,33.34038817,33.52065829,33.71684746,33.92903462,34.15732727,34.40185567,34.66274282,34.94003978,35.23362850,35.54311743
1578,32.40141892,32.40918479,32.43248742,32.47134151,32.52577031,32.59580382,32.68147663,32.78282557,32.89988767,33.03269896,33.18129477,33.34571217,33.52599492,33.72220096,33.93441043,34.16273002,34.40728484,34.66818644,34.94546835,35.23899310,35.54835570
1579,32.40666426,32.41443126,32.43773721,32.47659657,32.53103223,32.60107375,32.68675523,32.78811307,32.90518401,33.03800408,33.18660901,33.35103676,33.53133247,33.72755563,33.93978732,34.16813299,34.41271223,34.67362511,34.95088831,35.24434629,35.55358201
1580,32.41191036,32.41967847,32.44298768,32.48185224,32.53629466,32.60634408,32.69203412,32.79340078,32.91048053,33.04330943,33.19192362,33.35636197,33.53667094,33.73291142,33.94516515,34.17353596,34.41813756,34.67905865,34.95629974,35.24968851,35.55879693
1581,32.41715721,32.42492642,32.44823885,32.48710851,32.54155759,32.61161480,32.69731331,32.79868870,32.91577724,33.04861502,33.19723862,33.36168780,33.54201028,33.73826823,33.95054379,34.17893877,34.42356077,34.68448710,34.96170281,35.25501993,35.56400064
1582,32.42240480,32.43017509,32.45349068,32.49236537,32.54682102,32.61688591,32.70259278,32.80397684,32.92107415,33.05392087,33.20255403,33.36701427,33.54735052,33.74362604,33.95592310,34.18434119,34.42898154,34.68991027,34.96709761,35.26034101,35.56919371
1583,32.42765312,32.43542447,32.45874317,32.49762282,32.55208494,32.62215740,32.70787254,32.80926521,32.92637127,33.05922700,33.20786988,33.37234140,33.55269164,33.74898479,33.96130295,34.18974299,34.43439964,34.69532805,34.97248427,35.26565213,35.57437660
1584,32.43290216,32.44067455,32.46399632,32.50288085,32.55734934,32.62742928,32.71315259,32.81455381,32.93166863,33.06453342,33.21318616,33.37766916,33.55803357,33.75434436,33.96668322,34.19514411,34.43981511,34.70074055,34.97786293,35.27095334,35.57954935
1585,32.43815190,32.44592533,32.46925011,32.50813945,32.56261422,32.63270154,32.71843295,32.81984266,32.93696622,33.06984015,33.21850289,33.38299758,33.56337631,33.75970469,33.97206376,34.20054433,34.44522771,34.70614765,34.98323371,35.27624504,35.58471240
1586,32.44340233,32.45117677,32.47450454,32.51339861,32.56787958,32.63797419,32.72371361,32.82513176,32.94226408,33.07514721,33.22382009,33.38832665,33.56871984,33.76506573,33.97744444,34.20594345,34.45063726,34.71154928,34.98859673,35.28152753,35.58986616
1587,32.44865345,32.45642889,32.47975958,32.51865832,32.57314540,32.64324721,32.72899457,32.83042111,32.94756219,33.08045461,33.22913777,33.39365636,33.57406411,33.77042737,33.98282516,34.21134140,34.45604373,34.71694550,34.99395211,35.28680093,35.59501074
1588,32.45390524,32.46168167,32.48501525,32.52391859,32.57841170,32.64852062,32.73427584,32.83571074,32.95286059,33.08576236,33.23445593,33.39898669,33.57940907,33.77578953,33.98820580,34.21673805,34.46144706,34.72233633,34.99929997,35.29206546,35.60014634
1589,32.45915770,32.46693509,32.49027151,32.52917939,32.58367845,32.65379440,32.73955742,32.84100064,32.95815927,33.09107047,33.23977458,33.40431765,33.58475470,33.78115215,33.99358621,34.22213321,34.46684707,34.72772170,35.00464042,35.29732139,35.60527332
1590,32.46441080,32.47218915,32.49552838,32.53444072,32.58894566,32.65906857,32.74483931,32.84629083,32.96345826,33.09637896,33.24509373,33.40964923,33.59010096,33.78651513,33.99896630,34.22752678,34.47224369,34.73310163,35.00997359,35.30256893,35.61039190
1591,32.46966456,32.47744384,32.50078583,32.53970259,32.59421332,32.66434311,32.75012153,32.85158131,32.96875756,33.10168783,33.25041337,33.41498138,33.59544778,33.79187840,34.00434598,34.23291872,34.47763694,34.73847618,35.01529957,35.30780817,35.61550215
1592,32.47491894,32.48269916,32.50604387,32.54496498,32.59948143,32.66961803,32.75540407,32.85687209,32.97405718,33.10699710,33.25573350,33.42031411,33.60079511,33.79724188,34.00972512,34.23830888,34.48302673,34.74384537,35.02061847,35.31303931,35.62060432
1593,32.48017395,32.48795508,32.51130248,32.55022788,32.60475000,32.67489334,32.76068694,32.86216317,32.97935713,33.11230676,33.26105412,33.42564738,33.60614292,33.80260547,34.01510364,34.24369718,34.48841299,34.74920919,35.02593040,35.31826252,35.62569858
1594,32.48542958,32.49321161,32.51656165,32.55549129,32.61001900,32.68016902,32.76597014,32.86745457,32.98465742,33.11761683,33.26637522,33.43098119,33.61149117,33.80796914,34.02048144,34.24908350,34.49379563,34.75456763,35.03123545,35.32347803,35.63078519
1595,32.49068582,32.49846873,32.52182139,32.56075521,32.61528845,32.68544509,32.77125367,32.87274630,32.98995805,33.12292730,33.27169681,33.43631551,33.61683980,33.81333278,34.02585843,34.25446778,34.49917465,34.75992075,35.03653373,35.32868593,35.63586425
1596,32.49594265,32.50372645,32.52708168,32.56601964,32.62055834,32.69072154,32.77653755,32.87803835,32.99525904,33.12823819,33.27701888,33.44165030,33.62218875,33.81869633,34.03123452,34.25984995,34.50455003,34.76526859,35.04182534,35.33388637,35.64093591
1597,32.50120007,32.50898474,32.53234251,32.57128455,32.62582867,32.69599837,32.78182178,32.88333074,33.00056040,33.13354949,33.28234141,33.44698553,33.62753797,33.82405969,34.03660962,34.26522995,34.50992174,34.77061119,35.04711036,35.33907946,35.64600028
1598,32.50645808,32.51424360,32.53760389,32.57654996,32.63109943,32.70127558,32.78710635,32.88862347,33.00586211,33.13886121,33.28766439,33.45232119,33.63288742,33.82942281,34.04198366,34.27060770,34.51528973,34.77594856,35.05238888,35.34426537,35.65105755
1599,32.51171667,32.51950302,32.54286580,32.58181586,32.63637063,32.70655319,32.79239128,32.89391654,33.01116420,33.14417334,33.29298782,33.45765725,33.63823705,33.83478564,34.04735657,34.27598312,34.52065396,34.78128069,35.05766099,35.34944424,35.65610789
1600,32.51697582,32.52476301,32.54812823,32.58708224,32.64164226,32.71183118,32.79767656,32.89920997,33.01646667,33.14948588,33.29831167,33.46299367,33.64358680,33.84014809,34.05272828,34.28135618,34.52601443,34.78660765,35.06292678,35.35461617,35.66115138
1601,32.52223553,32.53002354,32.55339119,32.59234910,32.64691432,32.71710955,32.80296220,32.90450376,33.02176951,33.15479884,33.30363594,33.46833041,33.64893663,33.84551010,34.05809872,34.28672683,34.53137114,34.79192949,35.06818632,35.35978125,35.66618814
1602,32.52749580,32.53528462,32.55865466,32.59761643,32.65218682,32.72238832,32.80824822,32.90979791,33.02707273,33.16011219,33.30896060,33.47366744,33.65428646,33.85087159,34.06346782,34.29209504,34.53672410,34.79724625,35.07343970,35.36493960,35.67121826
1603,32.53275661,32.54054624,32.56391865,32.60288424,32.65745974,32.72766748,32.81353459,32.91509242,33.03237634,33.16542595,33.31428564,33.47900475,33.65963629,33.85623253,34.06883552,34.29746071,34.54207322,34.80255790,35.07868700,35.37009138,35.67624193
1604,32.53801797,32.54580839,32.56918314,32.60815252,32.66273310,32.73294704,32.81882134,32.92038731,33.03768033,33.17074010,33.31961105,33.48434230,33.66498605,33.86159285,34.07420176,34.30282382,34.54741853,34.80786452,35.08392829,35.37523666,35.68125924
1605,32.54327986,32.55107107,32.57444814,32.61342127,32.66800688,32.73822698,32.82410847,32.92568256,33.04298470,33.17605464,33.32493681,33.48968004,33.67033568,33.86695250,34.07956649,34.30818434,34.55276001,34.81316612,35.08916365,35.38037555,35.68627028
1606,32.54854228,32.55633427,32.57971364,32.61869048,32.67328109,32.74350733,32.82939597,32.93097819,33.04828945,33.18136955,33.33026289,33.49501794,33.67568514,33.87231140,34.08492966,34.31354224,34.55809769,34.81846276,35.09439313,35.38550812,35.69127514
1607,32.55380523,32.56159798,32.58497962,32.62396015,32.67855573,32.74878807,32.83468385,32.93627420,33.05359458,33.18668484,33.33558927,33.50035597,33.68103439,33.87766952,34.09029122,34.31889749,34.56343154,34.82375446,35.09961682,35.39063449,35.69627393
1608,32.55906869,32.56686221,32.59024610,32.62923028,32.68383079,32.75406921,32.83997211,32.94157058,33.05890009,33.19200048,33.34091594,33.50569411,33.68638339,33.88302680,34.09565111,34.32425002,34.56876154,34.82904124,35.10483479,35.39575476,35.70126677
1609,32.56433267,32.57212694,32.59551307,32.63450087,32.68910628,32.75935075,32.84526075,32.94686735,33.06420597,33.19731648,33.34624287,33.51103232,33.69173209,33.88838320,34.10100929,34.32959982,34.57408770,34.83432315,35.11004711,35.40086901,35.70625374
1610,32.56959716,32.57739217,32.60078051,32.63977192,32.69438219,32.76463269,32.85054979,32.95216449,33.06951223,33.20263281,33.35157005,33.51637056,33.69708044,33.89373865,34.10636571,34.33494687,34.57941003,34.83960021,35.11525382,35.40597733,35.71123492
1611,32.57486215,32.58265791,32.60604844,32.64504342,32.69965853,32.76991503,32.85583920,32.95746200,33.07481885,33.20794946,33.35689745,33.52170880,33.70242841,33.89909313,34.11172035,34.34029114,34.58472853,34.84487247,35.12045501,35.41107978,35.71621040
1612,32.58012764,32.58792413,32.61131684,32.65031537,32.70493530,32.77519778,32.86112901,32.96275990,33.08012582,33.21326643,33.36222504,33.52704701,33.70777594,33.90444658,34.11707315,34.34563261,34.59004319,34.85013995,35.12565073,35.41617646,35.72118025
1613,32.58539363,32.59319085,32.61658572,32.65558777,32.71021249,32.78048092,32.86641920,32.96805817,33.08543316,33.21858370,33.36755282,33.53238515,33.71312301,33.90979895,34.12242407,34.35097125,34.59535402,34.85540269,35.13084105,35.42126746,35.72614458
1614,32.59066011,32.59845805,32.62185507,32.66086061,32.71549010,32.78576447,32.87170978,32.97335681,33.09074084,33.22390126,33.37288074,33.53772320,33.71846956,33.91515021,34.12777308,34.35630704,34.60066103,34.86066073,35.13602602,35.42635283,35.73110345
1615,32.59592707,32.60372573,32.62712488,32.66613391,32.72076814,32.79104842,32.87700074,32.97865582,33.09604886,33.22921909,33.37820880,33.54306112,33.72381557,33.92050031,34.13312014,34.36163997,34.60596421,34.86591409,35.14120570,35.43143266,35.73605693
1616,32.60119452,32.60899390,32.63239516,32.67140765,32.72604660,32.79633278,32.88229209,32.98395520,33.10135721,33.23453718,33.38353696,33.54839887,33.72916099,33.92584922,34.13846524,34.36697003,34.61126359,34.87116281,35.14638014,35.43650700,35.74100509
1617,32.60646245,32.61426253,32.63766590,32.67668183,32.73132548,32.80161754,32.88758383,32.98925495,33.10666589,33.23985551,33.38886521,33.55373644,33.73450578,33.93119689,34.14380832,34.37229718,34.61655917,34.87640692,35.15154941,35.44157594,35.74594801
1618,32.61173086,32.61953165,32.64293710,32.68195646,32.73660479,32.80690271,32.89287596,32.99455505,33.11197489,33.24517407,33.39419352,33.55907377,33.73984991,33.93654329,34.14914937,34.37762143,34.62185095,34.88164646,35.15671355,35.44663954,35.75088576
1619,32.61699975,32.62480123,32.64820876,32.68723152,32.74188452,32.81218827,32.89816846,32.99985552,33.11728420,33.25049284,33.39952186,33.56441086,33.74519334,33.94188839,34.15448835,34.38294275,34.62713895,34.88688145,35.16187263,35.45169785,35.75581839
1620,32.62226910,32.63007128,32.65348088,32.69250703,32.74716466,32.81747424,32.90346135,33.00515633,33.12259380,33.25581180,33.40485022,33.56974765,33.75053604,33.94723214,34.15982524,34.38826115,34.63242317,34.89211194,35.16702668,35.45675113,35.76075396
1621,32.62753893,32.63534179,32.65875345,32.69778297,32.75244523,32.82276061,32.90875462,33.01045749,33.12790369,33.26113095,33.41017857,33.57508413,33.75587797,33.95257452,34.16516002,34.39357660,34.63770362,34.89733795,35.17217584,35.46180144,35.76573803
1622,32.63280922,32.64061277,32.66402647,32.70305935,32.75772622,32.82804738,32.91404826,33.01575900,33.13321386,33.26645026,33.41550688,33.58042026,33.76121909,33.95791549,34.17049265,34.39888910,34.64298032,34.90255953,35.17732054,35.46685593,35.77079132
1623,32.63807997,32.64588421,32.66929994,32.70833616,32.76300762,32.83333455,32.91934228,33.02106084,33.13852430,33.27176972,33.42083514,33.58575601,33.76655938,33.96325503,34.17582312,34.40419863,34.64825328,34.90777680,35.18246226,35.47192440,35.77587541
1624,32.64335118,32.65115610,32.67457386,32.71361341,32.76828944,32.83862211,32.92463667,33.02636301,33.14383500,33.27708931,33.42616331,33.59109135,33.77189881,33.96859309,34.18115140,34.40950521,34.65352253,34.91299009,35.18760360,35.47700851,35.78098327
1625,32.64862286,32.65642845,32.67984823,32.71889109,32.77357168,32.84391007,32.92993142,33.03166550,33.14914594,33.28240901,33.43149138,33.59642626,33.77723733,33.97392967,34.18647749,34.41480882,34.65878816,34.91820006,35.19274678,35.48210561,35.78611281
1626,32.65389499,32.66170126,32.68512304,32.72416920,32.77885433,32.84919842,32.93522654,33.03696831,33.15445711,33.28772881,33.43681932,33.60176071,33.78257493,33.97926472,34.19180135,34.42010947,34.66405031,34.92340753,35.19789297,35.48721556,35.79126103
1627,32.65916757,32.66697451,32.69039829,32.72944775,32.78413739,32.85448716,32.94052202,33.04227142,33.15976851,33.29304868,33.44214710,33.60709466,33.78791157,33.98459822,34.19712297,34.42540720,34.66930925,34.92861330,35.20304293,35.49233822,35.79642564
1628,32.66444061,32.67224822,32.69567399,32.73472671,32.78942087,32.85977629,32.94581785,33.04757484,33.16508012,33.29836861,33.44747471,33.61242810,33.79324722,33.98993016,34.20244236,34.43070206,34.67456527,34.93381810,35.20819726,35.49747279,35.80160486
1629,32.66971410,32.67752237,32.70095012,32.74000611,32.79470475,32.86506581,32.95111403,33.05287855,33.17039192,33.30368858,33.45280213,33.61776098,33.79858187,33.99526049,34.20775950,34.43599416,34.67981873,34.93902250,35.21335639,35.50261838,35.80679742
1630,32.67498804,32.68279697,32.70622669,32.74528593,32.79998904,32.87035571,32.95641056,33.05818254,33.17570391,33.30900858,33.45812932,33.62309330,33.80391547,34.00058922,34.21307442,34.44128363,34.68506996,34.94422701,35.21852049,35.50777441,35.81200238
1631,32.68026242,32.68807201,32.71150370,32.75056618,32.80527373,32.87564598,32.96170743,33.06348681,33.18101607,33.31432858,33.46345626,33.62842502,33.80924800,34.00591632,34.21838714,34.44657057,34.69031932,34.94943218,35.22368992,35.51294014,35.81721856
1632,32.68553725,32.69334750,32.71678114,32.75584684,32.81055883,32.88093664,32.96700463,33.06879134,33.18632839,33.31964857,33.46878294,33.63375611,33.81457945,34.01124178,34.22369770,34.45185517,34.69556711,34.95463832,35.22886453,35.51811527,35.82244545
1633,32.69081252,32.69862342,32.72205902,32.76112793,32.81584433,32.88622766,32.97230216,33.07409614,33.19164085,33.32496853,33.47410932,33.63908655,33.81990979,34.01656560,34.22900614,34.45713756,34.70081368,34.95984588,35.23404451,35.52329919,35.82768211
1634,32.69608823,32.70389978,32.72733732,32.76640943,32.82113023,32.89151905,32.97760001,33.07940118,33.19695344,33.33028843,33.47943540,33.64441633,33.82523900,34.02188779,34.23431253,34.46241797,34.70605930,34.96505499,35.23922968,35.52849164,35.83292824
1635,32.70136438,32.70917658,32.73261606,32.77169135,32.82641652,32.89681081,32.98289817,33.08470646,33.20226615,33.33560828,33.48476114,33.64974540,33.83056707,34.02720834,34.23961695,34.46769653,34.71130427,34.97026599,35.24442009,35.53369215,35.83818312
1636,32.70664097,32.71445382,32.73789522,32.77697368,32.83170320,32.90210293,32.98819665,33.09001197,33.20757896,33.34092803,33.49008653,33.65507377,33.83589398,34.03252729,34.24491947,34.47297345,34.71654879,34.97547895,35.24961561,35.53890044,35.84344649
1637,32.71191800,32.71973149,32.74317480,32.78225642,32.83699027,32.90739540,32.99349543,33.09531770,33.21289187,33.34624769,33.49541154,33.66040139,33.84121973,34.03784465,34.25022019,34.47824890,34.72179313,34.98069407,35.25481621,35.54411617,35.84871785
1638,32.71719546,32.72500959,32.74845482,32.78753958,32.84227773,32.91268822,32.99879450,33.10062364,33.21820485,33.35156722,33.50073616,33.66572828,33.84654432,34.04316048,34.25551922,34.48352302,34.72703739,34.98591137,35.26002180,35.54933914,35.85399700
1639,32.72247335,32.73028812,32.75373525,32.79282313,32.84756557,32.91798139,33.00409386,33.10592977,33.22351789,33.35688661,33.50606037,33.67105439,33.85186774,34.04847478,34.26081662,34.48879600,34.73228186,34.99113106,35.26523232,35.55456897,35.85928342
1640,32.72775168,32.73556708,32.75901610,32.79810710,32.85285380,32.92327490,33.00939351,33.11123609,33.22883097,33.36220585,33.51138413,33.67637971,33.85718998,34.05378758,34.26611249,34.49406802,34.73752675,34.99635330,35.27044771,35.55980536,35.86457672
1641,32.73303043,32.74084646,32.76429737,32.80339146,32.85814239,32.92856875,33.01469342,33.11654259,33.23414409,33.36752492,33.51670746,33.68170425,33.86251108,34.05909898,34.27140696,34.49933915,34.74277203,35.00157796,35.27566785,35.56504826,35.86987691
1642,32.73830961,32.74612627,32.76957905,32.80867622,32.86343136,32.93386292,33.01999360,33.12184926,33.23945723,33.37284379,33.52203031,33.68702799,33.86783102,34.06440897,34.27670010,34.50460959,34.74801799,35.00680524,35.28089268,35.57029731,35.87518349
1643,32.74358921,32.75140650,32.77486114,32.81396138,32.86872070,32.93915742,33.02529404,33.12715608,33.24477038,33.37816246,33.52735268,33.69235090,33.87314981,34.06971760,34.28199200,34.50987951,34.75326478,35.01203525,35.28612214,35.57555225,35.88049616
1644,32.74886924,32.75668715,32.78014365,32.81924693,32.87401040,32.94445224,33.03059472,33.13246304,33.25008351,33.38348092,33.53267457,33.69767302,33.87846750,34.07502496,34.28728278,34.51514893,34.75851235,35.01726783,35.29135610,35.58081310,35.88581496
1645,32.75414968,32.76196822,32.78542656,32.82453287,32.87930045,32.94974737,33.03589565,33.13777013,33.25539662,33.38879913,33.53799594,33.70299431,33.88378409,34.08033109,34.29257252,34.52041803,34.76376091,35.02250313,35.29659451,35.58607954,35.89113954
1646,32.75943055,32.76724970,32.79070988,32.82981919,32.88459087,32.95504281,33.04119681,33.14307735,33.26070970,33.39411709,33.54331678,33.70831478,33.88909958,34.08563603,34.29786132,34.52568695,34.76901058,35.02774120,35.30183727,35.59135138,35.89646962
1647,32.76471183,32.77253159,32.79599360,32.83510590,32.88988163,32.96033854,33.04649819,33.14838468,33.26602272,33.39943479,33.54863710,33.71363443,33.89441403,34.09093985,34.30314927,34.53095575,34.77426137,35.03298198,35.30708431,35.59662854,35.90180516
1648,32.76999353,32.77781390,32.80127772,32.84039299,32.89517274,32.96563457,33.05179979,33.15369211,33.27133569,33.40475221,33.55395688,33.71895327,33.89972745,34.09624262,34.30843646,34.53622453,34.77951336,35.03822549,35.31233556,35.60191087,35.90714598
1649,32.77527563,32.78309661,32.80656224,32.84568045,32.90046419,32.97093089,33.05710159,33.15899962,33.27664857,33.41006934,33.55927612,33.72427131,33.90503988,34.10154438,34.31372296,34.54149338,34.78476660,35.04347172,35.31759092,35.60719824,35.91249194
1650,32.78055815,32.78837973,32.81184715,32.85096828,32.90575598,32.97622748,33.06240358,33.16430721,33.28196137,33.41538618,33.56459481,33.72958855,33.91035133,34.10684520,34.31900886,34.54676240,34.79002120,35.04872071,35.32285034,35.61249047,35.91784282
1651,32.78584107,32.79366326,32.81713245,32.85625648,32.91104809,32.98152435,33.06770577,33.16961487,33.28727407,33.42070270,33.56991294,33.73490500,33.91566184,34.11214511,34.32429423,34.55203167,34.79527721,35.05397246,35.32811374,35.61778744,35.92319850
1652,32.79112440,32.79894718,32.82241814,32.86154505,32.91634053,32.98682148,33.07300813,33.17492258,33.29258666,33.42601889,33.57523052,33.74022067,33.92097145,34.11744420,34.32957916,34.55730126,34.80053465,35.05922694,35.33338106,35.62308906,35.92855887
1653,32.79640813,32.80423150,32.82770421,32.86683397,32.92163329,32.99211888,33.07831066,33.18023033,33.29789912,33.43133476,33.58054753,33.74553557,33.92628019,34.12274252,34.33486372,34.56257124,34.80579355,35.06448411,35.33865221,35.62839523,35.93392384
1654,32.80169226,32.80951621,32.83299066,32.87212325,32.92692636,32.99741652,33.08361336,33.18553812,33.30321145,33.43665029,33.58586399,33.75084973,33.93158810,34.12804012,34.34014797,34.56784165,34.81105395,35.06974397,35.34392713,35.63370585,35.93929331
1655,32.80697678,32.81480132,32.83827749,32.87741287,32.93221974,33.00271441,33.08891620,33.19084593,33.30852363,33.44196547,33.59117989,33.75616315,33.93689519,34.13333705,34.34543198,34.57311260,34.81631593,35.07500658,35.34920579,35.63902075,35.94466705
1656,32.81226169,32.82008681,32.84356469,32.88270285,32.93751343,33.00801253,33.09421919,33.19615376,33.31383566,33.44728031,33.59649524,33.76147586,33.94220152,34.13863336,34.35071580,34.57838412,34.82157949,35.08027188,35.35448809,35.64433989,35.95004504
1657,32.81754700,32.82537268,32.84885226,32.88799316,32.94280740,33.01331088,33.09952230,33.20146158,33.31914753,33.45259479,33.60181003,33.76678786,33.94750713,34.14392911,34.35599952,34.58365625,34.82684464,35.08553983,35.35977399,35.64966319,35.95542719
1658,32.82283269,32.83065894,32.85414019,32.89328381,32.94810167,33.01860945,33.10482555,33.20676940,33.32445923,33.45790890,33.60712428,33.77209919,33.95281204,34.14922436,34.36128317,34.58892905,34.83211140,35.09081041,35.36506343,35.65499056,35.96081342
1659,32.82811876,32.83594558,32.85942849,32.89857479,32.95339622,33.02390824,33.11012890,33.21207721,33.32977075,33.46322266,33.61243799,33.77740986,33.95811630,34.15451915,34.36656681,34.59420256,34.83737980,35.09608364,35.37035635,35.66032189,35.96620360
1660,32.83340521,32.84123258,32.86471714,32.90386610,32.95869105,33.02920723,33.11543237,33.21738499,33.33508208,33.46853605,33.61775117,33.78271988,33.96341992,34.15981352,34.37185050,34.59947685,34.84264991,35.10135952,35.37565270,35.66565709,35.97159763
1661,32.83869204,32.84651996,32.87000614,32.90915773,32.96398615,33.03450642,33.12073593,33.22269273,33.34039322,33.47384907,33.62306382,33.78802928,33.96872295,34.16510752,34.37713429,34.60475194,34.84792169,35.10663800,35.38095243,35.67099610,35.97699544
1662,32.84397924,32.85180770,32.87529550,32.91444967,32.96928151,33.03980580,33.12603958,33.22800043,33.34570415,33.47916173,33.62837595,33.79333808,33.97402543,34.17040120,34.38241822,34.61002787,34.85319517,35.11191906,35.38625549,35.67633886,35.98239697
1663,32.84926681,32.85709581,32.88058519,32.91974192,32.97457713,33.04510536,33.13134331,33.23330809,33.35101489,33.48447402,33.63368759,33.79864632,33.97932739,34.17569461,34.38770233,34.61530465,34.85847034,35.11720269,35.39156183,35.68168529,35.98780215
1664,32.85455473,32.86238427,32.88587523,32.92503448,32.97987301,33.05040510,33.13664711,33.23861568,33.35632542,33.48978594,33.63899872,33.80395398,33.98462886,34.18098777,34.39298668,34.62058237,34.86374727,35.12248889,35.39687140,35.68703530,35.99321085
1665,32.85984302,32.86767309,32.89116559,32.93032733,32.98516913,33.05570501,33.14195098,33.24392321,33.36163573,33.49509750,33.64430936,33.80926111,33.98992987,34.18628074,34.39827131,34.62586103,34.86902594,35.12777763,35.40218414,35.69238883,35.99862304
1666,32.86513167,32.87296225,32.89645629,32.93562048,32.99046548,33.06100508,33.14725490,33.24923068,33.36694583,33.50040870,33.64961953,33.81456773,33.99523046,34.19157355,34.40355625,34.63114066,34.87430636,35.13306889,35.40750003,35.69774582,36.00403865
1667,32.87042066,32.87825176,32.90174731,32.94091392,32.99576207,33.06630529,33.15255888,33.25453806,33.37225570,33.50571954,33.65492924,33.81987386,34.00053066,34.19686624,34.40884153,34.63642129,34.87958853,35.13836265,35.41281901,35.70310622,36.00945761
1668,32.87571001,32.88354161,32.90703865,32.94620763,33.00105888,33.07160566,33.15786290,33.25984536,33.37756536,33.51103003,33.66023850,33.82517953,34.00583050,34.20215886,34.41412721,34.64170294,34.88487246,35.14365890,35.41814104,35.70846995,36.01487986
1669,32.88099969,32.88883179,32.91233030,32.95150162,33.00635591,33.07690616,33.16316695,33.26515257,33.38287479,33.51634016,33.66554731,33.83048474,34.01113001,34.20745143,34.41941332,34.64698566,34.89015817,35.14895761,35.42346607,35.71383697,36.02030533
1670,32.88628971,32.89412231,32.91762226,32.95679589,33.01165315,33.08220680,33.16847103,33.27045969,33.38818400,33.52164995,33.67085570,33.83578953,34.01642922,34.21274399,34.42469988,34.65226945,34.89544565,35.15425876,35.42879406,35.71920721,36.02573398
1671,32.89158006,32.89941315,32.92291452,32.96209041,33.01695060,33.08750756,33.17377514,33.27576671,33.39349298,33.52695940,33.67616368,33.84109391,34.02172817,34.21803658,34.42998693,34.65755433,34.90073491,35.15956234,35.43412498,35.72458062,36.03116574
1672,32.89687074,32.90470431,32.92820708,32.96738519,33.02224824,33.09280844,33.17907926,33.28107363,33.39880173,33.53226851,33.68147125,33.84639792,34.02702688,34.22332923,34.43527450,34.66284033,34.90602594,35.16486833,35.43945879,35.72995717,36.03660056
1673,32.90216175,32.90999578,32.93349994,32.97268023,33.02754608,33.09810943,33.18438339,33.28638044,33.40411026,33.53757728,33.68677844,33.85170156,34.03232538,34.22862198,34.44056264,34.66812748,34.91131877,35.17017671,35.44479544,35.73533676,36.04203838
1674,32.90745307,32.91528756,32.93879308,32.97797551,33.03284410,33.10341052,33.18968752,33.29168714,33.40941856,33.54288573,33.69208524,33.85700486,34.03762369,34.23391485,34.44585136,34.67341579,34.91661339,35.17548746,35.45013491,35.74071937,36.04747914
1675,32.91274470,32.92057965,32.94408650,32.98327103,33.03814230,33.10871172,33.19499166,33.29699373,33.41472663,33.54819387,33.69739169,33.86230784,34.04292186,34.23920788,34.45114068,34.67870527,34.92190979,35.18080056,35.45547714,35.74610496,36.05292282
1676,32.91803664,32.92587204,32.94938019,32.98856678,33.04344068,33.11401301,33.20029579,33.30230020,33.42003448,33.55350169,33.70269780,33.86761053,34.04821990,34.24450109,34.45643064,34.68399593,34.92720796,35.18611599,35.46082212,35.75149349,36.05836936
1677,32.92332888,32.93116472,32.95467416,32.99386276,33.04873922,33.11931438,33.20559991,33.30760656,33.42534211,33.55880921,33.70800357,33.87291296,34.05351784,34.24979452,34.46172124,34.68928778,34.93250791,35.19143372,35.46616980,35.75688491,36.06381874
1678,32.92862142,32.93645769,32.95996838,32.99915896,33.05403792,33.12461583,33.21090401,33.31291279,33.43064951,33.56411644,33.71330904,33.87821513,34.05881572,34.25508818,34.46701252,34.69458084,34.93780963,35.19675374,35.47152016,35.76227919,36.06927091
1679,32.93391425,32.94175094,32.96526287,33.00445538,33.05933677,33.12991735,33.21620809,33.31821891,33.43595671,33.56942339,33.71861421,33.88351708,34.06411355,34.26038211,34.47230449,34.69987511,34.94311310,35.20207603,35.47687316,35.76767630,36.07472584
1680,32.93920736,32.94704447,32.97055760,33.00975200,33.06463577,33.13521895,33.22151215,33.32352490,33.44126369,33.57473007,33.72391910,33.88881883,34.06941136,34.26567632,34.47759717,34.70517059,34.94841833,35.20740056,35.48222878,35.77307633,36.08018985
1681,32.94450075,32.95233827,32.97585259,33.01504883,33.06993491,33.14052060,33.22681618,33.32883077,33.44657046,33.58003647,33.72922372,33.89412039,34.07470918,34.27097085,34.48289060,34.71046732,34.95372533,35.21272733,35.48758703,35.77848085,36.08569898
1682,32.94979442,32.95763233,32.98114781,33.02034585,33.07523419,33.14582232,33.23212018,33.33413651,33.45187702,33.58534262,33.73452808,33.89942178,34.08000702,34.27626572,34.48818478,34.71576530,34.95903409,35.21805634,35.49294823,35.78389529,36.09126717
1683,32.95508835,32.96292666,32.98644326,33.02564306,33.08053360,33.15112409,33.23742414,33.33944213,33.45718338,33.59064851,33.73983220,33.90472302,34.08530492,34.28156096,34.49347974,34.72106455,34.96434462,35.22338765,35.49831342,35.78932682,36.09686828
1684,32.96038255,32.96822124,32.99173895,33.03094046,33.08583313,33.15642591,33.24272807,33.34474762,33.46248954,33.59595416,33.74513610,33.91002414,34.09060289,34.28685657,34.49877550,34.72636506,34.96965692,35.22872146,35.50368444,35.79477779,36.10249435
1685,32.96567701,32.97351606,32.99703485,33.03623804,33.09113278,33.16172777,33.24803196,33.35005299,33.46779550,33.60125958,33.75043978,33.91532515,34.09590095,34.29215260,34.50407206,34.73166685,34.97497105,35.23405822,35.50906312,35.80024615,36.10814299
1686,32.97097171,32.97881113,33.00233097,33.04153579,33.09643255,33.16702967,33.25333580,33.35535823,33.47310127,33.60656478,33.75574327,33.92062607,34.10119913,34.29744904,34.50936945,34.73696995,34.98028711,35.23939855,35.51445055,35.80573063,36.11381218
1687,32.97626666,32.98410644,33.00762731,33.04683371,33.10173242,33.17233161,33.25863961,33.36066335,33.47840685,33.61186976,33.76104658,33.92592692,34.10649745,34.30274594,34.51466768,34.74227438,34.98560527,35.24474307,35.51984718,35.81123090,36.11950030
1688,32.98156185,32.98940197,33.01292385,33.05213179,33.10703240,33.17763359,33.26394336,33.36596835,33.48371226,33.61717455,33.76634972,33.93122772,34.11179593,34.30804330,34.51996678,34.74758019,34.99092578,35.25009232,35.52525325,35.81674668,36.12520605
1689,32.98685727,32.99469773,33.01822058,33.05743003,33.11233248,33.18293559,33.26924707,33.37127323,33.48901749,33.62247913,33.77165271,33.93652849,34.11709459,34.31334115,34.52526679,34.75288750,34.99624889,35.25544664,35.53066893,35.82227726,36.13092849
1690,32.99215292,32.99999371,33.02351751,33.06272842,33.11763265,33.18823761,33.27455072,33.37657798,33.49432254,33.62778354,33.77695556,33.94182924,34.12239345,34.31863951,34.53056771,34.75819637,35.00157485,35.26080657,35.53609447,35.82782234,36.13666633
1691,32.99744879,33.00528991,33.02881463,33.06802696,33.12293291,33.19353966,33.27985433,33.38188262,33.49962744,33.63308777,33.78225829,33.94713000,34.12769253,34.32393840,34.53586962,34.76350693,35.00690392,35.26617229,35.54152990,35.83338124,36.14241907
1692,33.00274488,33.01058631,33.03411193,33.07332564,33.12823326,33.19884173,33.28515788,33.38718715,33.50493217,33.63839184,33.78756091,33.95243078,34.13299184,34.32923785,34.54117254,34.76881930,35.01223634,35.27154416,35.54697534,35.83895344,36.14818577
1693,33.00804118,33.01588291,33.03940941,33.07862445,33.13353368,33.20414381,33.29046139,33.39249156,33.51023676,33.64369576,33.79286344,33.95773160,34.13829142,34.33453789,34.54647655,34.77413362,35.01757233,35.27692235,35.55243072,35.84453853,36.15396594
1694,33.01333768,33.02117971,33.04470706,33.08392339,33.13883419,33.20944590,33.29576483,33.39779586,33.51554119,33.64899954,33.79816589,33.96303247,34.14359128,34.33983855,34.55178172,34.77945003,35.02291213,35.28230705,35.55789596,35.85013609,36.15975914
1695,33.01863439,33.02647670,33.05000487,33.08922246,33.14413476,33.21474800,33.30106823,33.40310005,33.52084549,33.65430319,33.80346827,33.96833342,34.14889144,34.34513987,34.55708812,34.78476868,35.02825592,35.28769842,35.56337100,35.85574575,36.16556481
1696,33.02393128,33.03177387,33.05530285,33.09452165,33.14943540,33.22005012,33.30637157,33.40840413,33.52614965,33.65960671,33.80877060,33.97363446,34.15419194,34.35044190,34.56239583,34.79008971,35.03360387,35.29309651,35.56885567,35.86136725,36.17138268
1697,33.02922836,33.03707123,33.06060098,33.09982095,33.15473611,33.22535223,33.31167486,33.41370811,33.53145369,33.66491012,33.81407290,33.97893562,34.15949280,34.35574467,34.56770494,34.79541326,35.03895616,35.29850144,35.57434988,35.86700025,36.17721230
1698,33.03452563,33.04236876,33.06589926,33.10512037,33.16003688,33.23065435,33.31697809,33.41901200,33.53675761,33.67021344,33.81937517,33.98423690,34.16479405,34.36104826,34.57301556,34.80073945,35.04431284,35.30391318,35.57985351,35.87264459,36.18305346
1699,33.03982307,33.04766645,33.07119769,33.11041989,33.16533770,33.23595648,33.32228127,33.42431579,33.54206141,33.67551666,33.82467743,33.98953834,34.17009571,34.36635270,34.57832775,34.80606842,35.04967414,35.30933189,35.58536647,35.87829987,36.18890567
1700,33.04512069,33.05296431,33.07649625,33.11571952,33.17063858,33.24125860,33.32758440,33.42961948,33.54736511,33.68081981,33.82997970,33.99483995,34.17539782,34.37165803,34.58364160,34.81140031,35.05504021,35.31475765,35.59088865,35.88396581,36.19476856
1701,33.05041847,33.05826233,33.08179495,33.12101924,33.17593952,33.24656072,33.33288747,33.43492309,33.55266870,33.68612289,33.83528200,34.00014176,34.18070043,34.37696435,34.58895723,34.81673519,35.06041100,35.32019030,35.59641994,35.88964234,36.20064214
1702,33.05571641,33.06356050,33.08709378,33.12631906,33.18124049,33.25186284,33.33819050,33.44022661,33.55797221,33.69142591,33.84058434,34.00544379,34.18600356,34.38227170,34.59427470,34.82207319,35.06578671,35.32562998,35.60196024,35.89532911,36.20652593
1703,33.06101450,33.06885882,33.09239274,33.13161897,33.18654152,33.25716495,33.34349348,33.44553006,33.56327563,33.69672888,33.84588673,34.01074606,34.19130724,34.38758012,34.59959411,34.82741446,35.07116746,35.33107674,35.60750944,35.90102586,36.21241963
1704,33.06631275,33.07415728,33.09769181,33.13691896,33.19184258,33.26246706,33.34879641,33.45083342,33.56857898,33.70203183,33.85118919,34.01604860,34.19661153,34.39288970,34.60491555,34.83275901,35.07655319,35.33653044,35.61306743,35.90673254,36.21832324
1705,33.07161114,33.07945588,33.10299101,33.14221904,33.19714369,33.26776916,33.35409929,33.45613672,33.57388226,33.70733475,33.85649175,34.02135144,34.20191647,34.39820050,34.61023909,34.83810697,35.08194402,35.34199113,35.61863410,35.91244890,36.22423644
1706,33.07690967,33.08475461,33.10829031,33.14751919,33.20244483,33.27307126,33.35940212,33.46143994,33.57918547,33.71263767,33.86179441,34.02665460,34.20722210,34.40351258,34.61556484,34.84345846,35.08734005,35.34745883,35.62420934,35.91817471,36.23015898
1707,33.08220834,33.09005347,33.11358972,33.15281942,33.20774601,33.27837334,33.36470492,33.46674310,33.58448864,33.71794058,33.86709720,34.03195812,34.21252846,34.40882601,34.62089286,34.84881352,35.09274129,35.35293348,35.62979306,35.92390984,36.23609072
1708,33.08750713,33.09535246,33.11888923,33.15811972,33.21304722,33.28367543,33.37000767,33.47204621,33.58979176,33.72324352,33.87240015,34.03726202,34.21783560,34.41414084,34.62622322,34.85417221,35.09814774,35.35841505,35.63538516,35.92965416,36.24203153
1709,33.09280605,33.10065156,33.12418885,33.16342009,33.21834847,33.28897750,33.37531038,33.47734926,33.59509484,33.72854649,33.87770326,34.04256634,34.22314357,34.41945715,34.63155602,34.85953461,35.10355945,35.36390351,35.64098553,35.93540752,36.24798124
1710,33.09810510,33.10595078,33.12948856,33.16872053,33.22364974,33.29427957,33.38061306,33.48265227,33.60039790,33.73384950,33.88300656,34.04787111,34.22845242,34.42477500,34.63689130,34.86490078,35.10897646,35.36939885,35.64659408,35.94116973,36.25393965
1711,33.10340426,33.11125010,33.13478836,33.17402103,33.22895104,33.29958163,33.38591570,33.48795523,33.60570094,33.73915257,33.88831008,34.05317636,34.23376218,34.43009443,34.64222915,34.87027080,35.11439884,35.37490106,35.65221071,35.94694065,36.25990658
1712,33.10870353,33.11654954,33.14008825,33.17932159,33.23425236,33.30488368,33.39121831,33.49325816,33.61100398,33.74445571,33.89361383,34.05848212,34.23907291,34.43541551,34.64756962,34.87564471,35.11982655,35.38041008,35.65783534,35.95272016,36.26588194
1713,33.11400291,33.12184907,33.14538822,33.18462220,33.23955371,33.31018572,33.39652089,33.49856106,33.61630702,33.74975895,33.89891784,34.06378844,34.24438465,34.44073832,34.65291279,34.88102254,35.12525961,35.38592586,35.66346786,35.95850814,36.27186559
1714,33.11930240,33.12714871,33.15068827,33.18992287,33.24485509,33.31548776,33.40182345,33.50386393,33.62161007,33.75506229,33.90422213,34.06909534,34.24969747,34.44606291,34.65825871,34.88640435,35.13069802,35.39144835,35.66910818,35.96430450,36.27785744
1715,33.12460198,33.13244843,33.15598840,33.19522360,33.25015648,33.32078980,33.40712599,33.50916679,33.62691314,33.76036576,33.90952673,34.07440287,34.25501140,34.45138933,34.66360743,34.89179019,35.13614183,35.39697756,35.67475624,35.97010906,36.28385729
1716,33.12990166,33.13774825,33.16128861,33.20052437,33.25545790,33.32609183,33.41242850,33.51446963,33.63221625,33.76566936,33.91483167,34.07971105,34.26032648,34.45671762,34.66895902,34.89718009,35.14159105,35.40251345,35.68041194,35.97592170,36.28986502
1717,33.13520143,33.14304815,33.16658888,33.20582519,33.26075934,33.33139386,33.41773101,33.51977248,33.63751941,33.77097313,33.92013697,34.08501992,34.26564277,34.46204785,34.67431351,34.90257409,35.14704565,35.40805595,35.68607521,35.98174236,36.29588055
1718,33.14050129,33.14834814,33.17188922,33.21112605,33.26606080,33.33669588,33.42303350,33.52507532,33.64282263,33.77627707,33.92544266,34.09032953,34.27096032,34.46738008,34.67967096,34.90797220,35.15250563,35.41360502,35.69174596,35.98757092,36.30190378
1719,33.14580124,33.15364821,33.17718963,33.21642696,33.27136228,33.34199791,33.42833598,33.53037818,33.64812592,33.78158120,33.93074876,34.09563991,34.27627917,34.47271436,34.68503142,34.91337446,35.15797097,35.41916061,35.69742412,35.99340731,36.30793463
1720,33.15110127,33.15894835,33.18249010,33.22172791,33.27666378,33.34729994,33.43363846,33.53568106,33.65342929,33.78688555,33.93605530,34.10095110,34.28159936,34.47805072,34.69039493,34.91878092,35.16344173,35.42472274,35.70310961,35.99925135,36.31397290
1721,33.15640137,33.16424857,33.18779063,33.22702890,33.28196530,33.35260197,33.43894095,33.54098396,33.65873276,33.79219014,33.94136231,34.10626312,34.28692093,34.48338921,34.69576153,34.92419159,35.16891788,35.43029133,35.70880236,36.00510298,36.32001853
1722,33.16170155,33.16954885,33.19309122,33.23232993,33.28726684,33.35790401,33.44424344,33.54628690,33.66403634,33.79749498,33.94666982,34.11157602,34.29224394,34.48872989,34.70113126,34.92960648,35.17439941,35.43586634,35.71450229,36.01096211,36.32607144
1723,33.16700180,33.17484921,33.19839187,33.23763100,33.29256840,33.36320606,33.44954594,33.55158989,33.66934004,33.80280009,33.95197786,34.11688984,34.29756842,34.49407280,34.70650416,34.93502562,35.17988631,35.44144774,35.72020935,36.01682867,36.33213154
1724,33.17230212,33.18014963,33.20369256,33.24293211,33.29786998,33.36850812,33.45484846,33.55689293,33.67464388,33.80810550,33.95728646,34.12220461,34.30289442,34.49941797,34.71188025,34.94044902,35.18537856,35.44703548,35.72592347,36.02270255,36.33819875
1725,33.17760251,33.18545011,33.20899331,33.24823325,33.30317158,33.37381019,33.46015101,33.56219603,33.67994788,33.81341123,33.96259564,34.12752037,34.30822198,34.50476546,34.71725960,34.94587673,35.19087619,35.45262954,35.73164455,36.02858366,36.34427292
1726,33.18290296,33.19075065,33.21429411,33.25353443,33.30847320,33.37911228,33.46545358,33.56749921,33.68525204,33.81871729,33.96790543,34.13283715,34.31355113,34.51011529,34.72264221,34.95130874,35.19637917,35.45822988,35.73737255,36.03447191,36.35035401
1727,33.18820347,33.19605125,33.21959496,33.25883564,33.31377485,33.38441438,33.47075619,33.57280247,33.69055639,33.82402372,33.97321586,34.13815498,34.31888191,34.51546751,34.72802812,34.95674506,35.20188749,35.46383644,35.74310741,36.04036724,36.35644193
1728,33.19350404,33.20135190,33.22489585,33.26413689,33.31907651,33.38971651,33.47605884,33.57810583,33.69586094,33.82933053,33.97852696,34.14347391,34.32421438,34.52082216,34.73341735,34.96218571,35.20740113,35.46944921,35.74884906,36.04626956,36.36253660
1729,33.19880467,33.20665261,33.23019678,33.26943816,33.32437821,33.39501867,33.48136154,33.58340929,33.70116571,33.83463775,33.98383877,34.14879397,34.32954855,34.52617927,34.73880995,34.96763070,35.21292009,35.47506813,35.75459743,36.05217880,36.36863794
1730,33.20410535,33.21195337,33.23549776,33.27473948,33.32967993,33.40032086,33.48666429,33.58871287,33.70647071,33.83994539,33.98915130,34.15411519,34.33488448,34.53153888,34.74420593,34.97308005,35.21844436,35.48069317,35.76035247,36.05809488,36.37474587
1731,33.20940608,33.21725418,33.24079879,33.28004082,33.33498168,33.40562308,33.49196711,33.59401657,33.71177596,33.84525348,33.99446458,34.15943761,34.34022219,34.53690102,34.74960532,34.97853376,35.22397392,35.48632429,35.76611411,36.06401772,36.38086033
1732,33.21470687,33.22255503,33.24609985,33.28534220,33.34028346,33.41092534,33.49727000,33.59932042,33.71708147,33.85056204,33.99977865,34.16476125,34.34556172,34.54226572,34.75500814,34.98399184,35.22950875,35.49196145,35.77188230,36.06994727,36.38698124
1733,33.22000770,33.22785594,33.25140095,33.29064362,33.34558527,33.41622764,33.50257296,33.60462441,33.72238727,33.85587110,34.00509354,34.17008616,34.35090311,34.54763302,34.76041441,34.98945428,35.23504885,35.49760462,35.77765699,36.07588346,36.39310853
1734,33.22530858,33.23315688,33.25670210,33.29594507,33.35088712,33.42153000,33.50787602,33.60992857,33.72769336,33.86118068,34.01040927,34.17541236,34.35624638,34.55300294,34.76582416,34.99492110,35.24059419,35.50325375,35.78343811,36.08182620,36.39924215
1735,33.23060950,33.23845788,33.26200328,33.30124655,33.35618900,33.42683240,33.51317916,33.61523291,33.73299978,33.86649080,34.01572586,34.18073988,34.36159158,34.55837552,34.77123741,35.00039231,35.24614476,35.50890882,35.78922561,36.08777545,36.40538201
1736,33.23591047,33.24375891,33.26730450,33.30654807,33.36149092,33.43213486,33.51848241,33.62053744,33.73830653,33.87180148,34.02104336,34.18606877,34.36693874,34.56375079,34.77665417,35.00586791,35.25170055,35.51456978,35.79501944,36.09373114,36.41152806
1737,33.24121149,33.24905999,33.27260577,33.31184963,33.36679289,33.43743739,33.52378577,33.62584216,33.74361363,33.87711275,34.02636178,34.19139904,34.37228788,34.56912877,34.78207446,35.01134789,35.25726153,35.52023660,35.80081955,36.09969320,36.41768024
1738,33.24651254,33.25436111,33.27790707,33.31715123,33.37209490,33.44273999,33.52908925,33.63114711,33.74892111,33.88242463,34.03168116,34.19673073,34.37763904,34.57450948,34.78749830,35.01683226,35.26282769,35.52590924,35.80662588,36.10566159,36.42383849
1739,33.25181364,33.25966227,33.28320841,33.32245287,33.37739697,33.44804266,33.53439287,33.63645228,33.75422897,33.88773714,34.03700152,34.20206388,34.38299224,34.57989295,34.79292570,35.02232102,35.26839900,35.53158766,35.81243838,36.11163623,36.43000265
1740,33.25711478,33.26496347,33.28850979,33.32775455,33.38269908,33.45334542,33.53969662,33.64175770,33.75953725,33.89305031,34.04232288,34.20739850,34.38834753,34.58527922,34.79835668,35.02781416,35.27397547,35.53727184,35.81825701,36.11761680,36.43616561
1741,33.26241596,33.27026471,33.29381121,33.33305627,33.38800126,33.45864826,33.54500052,33.64706337,33.76484595,33.89836416,34.04764528,34.21273464,34.39370492,34.59066829,34.80379125,35.03331170,35.27955706,35.54296173,35.82408162,36.12360147,36.44228328
1742,33.26771718,33.27556599,33.29911267,33.33835804,33.39330349,33.46395120,33.55030458,33.65236931,33.77015509,33.90367872,34.05296875,34.21807231,34.39906444,34.59606020,34.80922943,35.03881362,35.28514375,35.54865728,35.82991182,36.12958363,36.44833436
1743,33.27301845,33.28086731,33.30441418,33.34365986,33.39860579,33.46925424,33.55560881,33.65767554,33.77546470,33.90899399,34.05829330,34.22341155,34.40442612,34.60145496,34.81467121,35.04431993,35.29073554,35.55435838,35.83574623,36.13555348,36.45435732
1744,33.27831975,33.28616867,33.30971572,33.34896172,33.40390815,33.47455738,33.56091323,33.66298206,33.78077478,33.91431002,34.06361897,34.22875238,34.40978999,34.60685259,34.82011663,35.04983062,35.29633237,35.56006471,35.84158234,36.14150916,36.46035860
1745,33.28362109,33.29147008,33.31501731,33.35426364,33.40921060,33.47986065,33.56621783,33.66828890,33.78608537,33.91962682,34.06894578,34.23409483,34.41515607,34.61225312,34.82556568,35.05534569,35.30193416,35.56577564,35.84741794,36.14745363,36.46634025
1746,33.28892248,33.29677153,33.32031895,33.35956562,33.41451312,33.48516404,33.57152263,33.67359606,33.79139648,33.92494441,34.07427375,34.23943893,34.42052438,34.61765656,34.83101837,35.06086510,35.30754076,35.57149037,35.85325191,36.15338706,36.47230505
1747,33.29422390,33.30207302,33.32562064,33.36486766,33.41981572,33.49046755,33.57682765,33.67890357,33.79670813,33.93026282,34.07960292,34.24478471,34.42589495,34.62306294,34.83647471,35.06638883,35.31315193,35.57720811,35.85908356,36.15930947,36.47825519
1748,33.29952537,33.30737455,33.33092237,33.37016976,33.42511842,33.49577121,33.58213289,33.68421144,33.80202033,33.93558206,34.08493331,34.25013219,34.43126781,34.62847226,34.84193470,35.07191682,35.31876735,35.58292817,35.86491232,36.16522159,36.48419240
1749,33.30482689,33.31267613,33.33622416,33.37547192,33.43042121,33.50107502,33.58743837,33.68951968,33.80733312,33.94090217,34.09026494,34.25548139,34.43664298,34.63388455,34.84739832,35.07744895,35.32438669,35.58864999,35.87073777,36.17112431,36.49011792
1750,33.31012844,33.31797775,33.34152600,33.38077416,33.43572410,33.50637898,33.59274409,33.69482831,33.81264649,33.94622317,34.09559784,34.26083234,34.44202047,34.63929980,34.85286556,35.08298510,35.33000961,35.59437308,35.87655972,36.17701821,36.49603264
1751,33.31543005,33.32327943,33.34682789,33.38607647,33.44102710,33.51168310,33.59805007,33.70013734,33.81796048,33.95154507,34.10093202,34.26618507,34.44740030,34.64471804,34.85833639,35.08852515,35.33563578,35.60009692,35.88237785,36.18290399,36.50193771
1752,33.32073170,33.32858115,33.35212985,33.39137885,33.44633021,33.51698740,33.60335632,33.70544679,33.82327511,33.95686790,34.10626753,34.27153959,34.45278251,34.65013926,34.86381074,35.09406891,35.34126488,35.60582120,35.88819227,36.18878195,36.50783362
1753,33.32603340,33.33388293,33.35743186,33.39668132,33.45163343,33.52229188,33.60866285,33.71075667,33.82859039,33.96219167,34.11160437,34.27689593,34.45816709,34.65556347,34.86928860,35.09961626,35.34689659,35.61154548,35.89400281,36.19465266,36.51372125
1754,33.33133515,33.33918476,33.36273395,33.40198387,33.45693679,33.52759656,33.61396968,33.71606700,33.83390633,33.96751643,34.11694257,34.28225412,34.46355407,34.66099064,34.87476986,35.10516697,35.35253063,35.61726963,35.89980966,36.20051638,36.51960092
1755,33.33663696,33.34448665,33.36803609,33.40728652,33.46224027,33.53290143,33.61927682,33.72137780,33.83922297,33.97284217,34.12228216,34.28761417,34.46894347,34.66642077,34.88025447,35.11072090,35.35816672,35.62299332,35.90561275,36.20637356,36.52547330
1756,33.34193882,33.34978860,33.37333832,33.41258926,33.46754390,33.53820651,33.62458428,33.72668909,33.84454032,33.97816893,34.12762315,34.29297609,34.47433527,34.67185384,34.88574233,35.11627785,35.36380464,35.62871648,35.91141221,36.21222446,36.53133865
1757,33.34724074,33.35509061,33.37864061,33.41789210,33.47284767,33.54351181,33.62989206,33.73200086,33.84985839,33.98349672,34.13296557,34.29833992,34.47972950,34.67728982,34.89123335,35.12183766,35.36944416,35.63443892,35.91720808,36.21806941,36.53719743
1758,33.35254272,33.36039268,33.38394299,33.42319505,33.47815159,33.54881734,33.63520020,33.73731316,33.85517722,33.98882557,34.13830944,34.30370566,34.48512613,34.68272864,34.89672742,35.12740016,35.37508515,35.64016062,35.92300044,36.22390860,36.54304984
1759,33.35784477,33.36569482,33.38924544,33.42849811,33.48345568,33.55412311,33.64050869,33.74262598,33.86049680,33.99415550,34.14365477,34.30907332,34.49052519,34.68817031,34.90222447,35.13296519,35.38072734,35.64588136,35.92878932,36.22974241,36.54889640
1760,33.36314688,33.37099704,33.39454799,33.43380129,33.48875993,33.55942913,33.64581755,33.74793934,33.86581717,33.99948652,34.14900160,34.31444294,34.49592668,34.69361479,34.90772440,35.13853256,35.38637051,35.65160099,35.93457481,36.23557111,36.55473747
1761,33.36844906,33.37629932,33.39985062,33.43910459,33.49406436,33.56473541,33.65112679,33.75325327,33.87113834,34.00481866,34.15434992,34.31981449,34.50133054,34.69906198,34.91322709,35.14410219,35.39201470,35.65731964,35.94035700,36.24139474,36.56057303
1762,33.37375131,33.38160169,33.40515336,33.44440801,33.49936897,33.57004195,33.65643643,33.75856777,33.87646034,34.01015194,34.15969977,34.32518800,34.50673681,34.70451188,34.91873245,35.14967389,35.39765963,35.66303711,35.94613595,36.24721366,36.56640356
1763,33.37905364,33.38690414,33.41045619,33.44971158,33.50467378,33.57534878,33.66174648,33.76388287,33.88178317,34.01548637,34.16505116,34.33056349,34.51214546,34.70996444,34.92424039,35.15524751,35.40330513,35.66875329,35.95191173,36.25302811,36.57222936
1764,33.38435606,33.39220668,33.41575913,33.45501528,33.50997878,33.58065590,33.66705696,33.76919857,33.88710685,34.02082197,34.17040409,34.33594094,34.51755646,34.71541957,34.92975080,35.16082298,35.40895124,35.67446830,35.95768444,36.25883811,36.57805041
1765,33.38965855,33.39750931,33.42106218,33.46031914,33.51528400,33.58596332,33.67236787,33.77451490,33.89243141,34.02615875,34.17575859,34.34132036,34.52296979,34.72087723,34.93526359,35.16640016,35.41459778,35.68018204,35.96345414,36.26464389,36.58386701
1766,33.39496114,33.40281203,33.42636534,33.46562314,33.52058943,33.59127105,33.67767923,33.77983186,33.89775686,34.03149675,34.18111467,34.34670176,34.52838544,34.72633736,34.94077866,35.17197890,35.42024463,35.68589445,35.96922092,36.27044569,36.58967942
1767,33.40026382,33.40811485,33.43166863,33.47092731,33.52589509,33.59657911,33.68299106,33.78514948,33.90308322,34.03683597,34.18647234,34.35208512,34.53380337,34.73179992,34.94629593,35.17755913,35.42589174,35.69160555,35.97498485,36.27624358,36.59548774
1768,33.40556659,33.41341778,33.43697204,33.47623165,33.53120098,33.60188750,33.68830336,33.79046778,33.90841050,34.04217642,34.19183160,34.35747044,34.53922355,34.73726482,34.95181530,35.18314076,35.43153908,35.69731536,35.98074599,36.28203767,36.60129207
1769,33.41086947,33.41872082,33.44227559,33.48153616,33.53650712,33.60719624,33.69361615,33.79578676,33.91373872,34.04751812,34.19719246,34.36285771,34.54464596,34.74273200,34.95733669,35.18872370,35.43718655,35.70302386,35.98650444,36.28782812,36.60709259
1770,33.41617246,33.42402397,33.44757927,33.48684086,33.54181351,33.61250534,33.69892944,33.80110643,33.91906789,34.05286109,34.20255493,34.36824693,34.55007056,34.74820143,34.96286002,35.19430784,35.44283407,35.70873103,35.99226023,36.29361507,36.61288947
1771,33.42147556,33.42932724,33.45288311,33.49214575,33.54712017,33.61781480,33.70424326,33.80642683,33.92439804,34.05820533,34.20791901,34.37363809,34.55549733,34.75367304,34.96838521,35.19989310,35.44848158,35.71443684,35.99801345,36.29939865,36.61868287
1772,33.42677878,33.43463064,33.45818709,33.49745084,33.55242709,33.62312464,33.70955760,33.81174796,33.92972917,34.06355086,34.21328471,34.37903117,34.56092622,34.75914677,34.97391218,35.20547941,35.45412906,35.72014133,36.00376415,36.30517895,36.62447286
1773,33.43208212,33.43993418,33.46349123,33.50275613,33.55773430,33.62843488,33.71487249,33.81706983,33.93506130,34.06889769,34.21865204,34.38442616,34.56635721,34.76462255,34.97944085,35.21106671,35.45977646,35.72584452,36.00951241,36.31095606,36.63025954
1774,33.43738559,33.44523785,33.46879554,33.50806164,33.56304180,33.63374552,33.72018793,33.82239246,33.94039444,34.07424583,34.22402098,34.38982304,34.57179023,34.77010031,34.98497115,35.21665493,35.46542378,35.73154644,36.01525829,36.31673006,36.63604300
1775,33.44268920,33.45054166,33.47410002,33.51336737,33.56834961,33.63905658,33.72550395,33.82771587,33.94572861,34.07959529,34.22939153,34.39522180,34.57722530,34.77558004,34.99050303,35.22224399,35.47107089,35.73724701,36.02100183,36.32250111,36.64182344
1776,33.44799294,33.45584563,33.47940468,33.51867334,33.57365772,33.64436806,33.73082055,33.83304006,33.95106382,34.08494606,34.23476371,34.40062243,34.58266234,34.78106167,34.99603642,35.22783384,35.47671781,35.74294629,36.02674309,36.32826928,36.64760091
1777,33.45329684,33.46114975,33.48470953,33.52397954,33.57896615,33.64967998,33.73613774,33.83836506,33.95640007,34.09029817,34.24013749,34.40602490,34.58810134,34.78654512,35.00157125,35.23342443,35.48236452,35.74864429,36.03248214,36.33403463,36.65337549
1778,33.45860089,33.46645404,33.49001457,33.52928599,33.58427492,33.65499234,33.74145555,33.84369087,33.96173739,34.09565161,34.24551289,34.41142919,34.59354223,34.79203036,35.00710746,35.23901572,35.48801100,35.75434104,36.03821901,36.33979723,36.65914725
1779,33.46390510,33.47175849,33.49531981,33.53459270,33.58958403,33.66030518,33.74677397,33.84901750,33.96707578,34.10100640,34.25088988,34.41683528,34.59898499,34.79751733,35.01264500,35.24460766,35.49365723,35.76003655,36.04395377,36.34555717,36.66491627
1780,33.46920948,33.47706313,33.50062526,33.53989967,33.59489349,33.66561848,33.75209304,33.85434498,33.97241525,34.10636253,34.25626847,34.42224316,34.60442961,34.80300599,35.01818382,35.25020017,35.49930313,35.76573079,36.04968646,36.35131457,36.67068272
1781,33.47451403,33.48236795,33.50593093,33.54520692,33.60020331,33.67093227,33.75741274,33.85967330,33.97775581,34.11172000,34.26164866,34.42765281,34.60987602,34.80849630,35.02372386,35.25579324,35.50494872,35.77142379,36.05541713,36.35706948,36.67644661
1782,33.47981876,33.48767296,33.51123683,33.55051446,33.60551351,33.67624655,33.76273311,33.86500249,33.98309746,34.11707883,34.26703042,34.43306419,34.61532420,34.81398819,35.02926507,35.26138682,35.51059399,35.77711558,36.06114582,36.36282194,36.68220802
1783,33.48512369,33.49297817,33.51654296,33.55582228,33.61082409,33.68156135,33.76805415,33.87033255,33.98844023,34.12243900,34.27241375,34.43847729,34.62077411,34.81948163,35.03480742,35.26698089,35.51623892,35.78280618,36.06687258,36.36857203,36.68796702
1784,33.49042880,33.49828359,33.52184933,33.56113041,33.61613506,33.68687666,33.77337588,33.87566349,33.99378410,34.12780052,34.27779865,34.44389209,34.62622572,34.82497658,35.04035085,35.27257538,35.52188348,35.78849557,36.07259745,36.37431983,36.69372369
1785,33.49573413,33.50358922,33.52715595,33.56643886,33.62144644,33.69219250,33.77869829,33.88099533,33.99912910,34.13316340,34.28318510,34.44930857,34.63167900,34.83047299,35.04589531,35.27817027,35.52752765,35.79418379,36.07832048,36.38006541,36.69947811
1786,33.50103966,33.50889508,33.53246283,33.57174762,33.62675823,33.69750889,33.78402141,33.88632807,34.00447522,34.13852763,34.28857309,34.45472671,34.63713390,34.83597082,35.05144076,35.28376553,35.53317144,35.79987084,36.08404171,36.38580881,36.70523032
1787,33.50634542,33.51420117,33.53776997,33.57705671,33.63207044,33.70282583,33.78934525,33.89166172,34.00982246,34.14389320,34.29396261,34.46014647,34.64259041,34.84147004,35.05698718,35.28936114,35.53881482,35.80555674,36.08976117,36.39155009,36.71098039
1788,33.51165140,33.51950750,33.54307740,33.58236615,33.63738310,33.70814333,33.79466982,33.89699629,34.01517085,34.14926012,34.29935364,34.46556784,34.64804847,34.84697059,35.06253452,35.29495706,35.54445780,35.81124150,36.09547890,36.39728929,36.71672837
1789,33.51695761,33.52481407,33.54838511,33.58767593,33.64269619,33.71346140,33.79999512,33.90233179,34.02052037,34.15462838,34.30474619,34.47099080,34.65350808,34.85247245,35.06808273,35.30055325,35.55010036,35.81692515,36.10119495,36.40302650,36.72247434
1790,33.52226407,33.53012091,33.55369311,33.59298608,33.64800974,33.71878006,33.80532116,33.90766823,34.02587103,34.15999798,34.31014024,34.47641533,34.65896919,34.85797558,35.07363179,35.30614971,35.55574248,35.82260769,36.10690936,36.40876175,36.72821833
1791,33.52757079,33.53542800,33.55900142,33.59829659,33.65332376,33.72409932,33.81064797,33.91300561,34.03122284,34.16536892,34.31553577,34.48184140,34.66443176,34.86347994,35.07918166,35.31174639,35.56138417,35.82828915,36.11262215,36.41449509,36.73396039
1792,33.53287776,33.54073537,33.56431004,33.60360749,33.65863826,33.72941918,33.81597554,33.91834395,34.03657580,34.17074118,34.32093276,34.48726899,34.66989578,34.86898550,35.08473231,35.31734329,35.56702543,35.83396954,36.11833336,36.42022656,36.73970058
1793,33.53818500,33.54604303,33.56961898,33.60891877,33.66395324,33.73473966,33.82130389,33.92368324,34.04192991,34.17611478,34.32633121,34.49269808,34.67536121,34.87449222,35.09028370,35.32294038,35.57266624,35.83964887,36.12404303,36.42595622,36.74543894
1794,33.54349252,33.55135097,33.57492825,33.61423045,33.66926872,33.74006076,33.82663301,33.92902349,34.04728517,34.18148971,34.33173112,34.49812865,34.68082803,34.88000006,35.09583580,35.32853762,35.57830659,35.84532715,36.12975119,36.43168412,36.75117555
1795,33.54880033,33.55665921,33.58023785,33.61954253,33.67458470,33.74538250,33.83196294,33.93436472,34.05264158,34.18686595,34.33713246,34.50356068,34.68629619,34.88550900,35.10138859,35.33413501,35.58394649,35.85100440,36.13545788,36.43741029,36.75691041
1796,33.55410843,33.56196776,33.58554781,33.62485504,33.67990120,33.75070488,33.83729366,33.93970692,34.05799915,34.19224350,34.34253521,34.50899414,34.69176569,34.89101902,35.10694203,35.33973254,35.58958594,35.85668065,36.14116311,36.44313476,36.76264359
1797,33.55941683,33.56727663,33.59085813,33.63016797,33.68521823,33.75602791,33.84262519,33.94505010,34.06335786,34.19762235,34.34793936,34.51442902,34.69723647,34.89653006,35.11249612,35.34533018,35.59522493,35.86235590,36.14686693,36.44885759,36.76837510
1798,33.56472555,33.57258583,33.59616882,33.63548135,33.69053579,33.76135161,33.84795753,33.95039426,34.06871773,34.20300251,34.35334490,34.51986528,34.70270853,34.90204212,35.11805082,35.35092794,35.60086349,35.86803018,36.15256935,36.45457878,36.77410498
1799,33.57003460,33.57789536,33.60147988,33.64079517,33.69585390,33.76667599,33.85329070,33.95573941,34.07407875,34.20838394,34.35875181,34.52530290,34.70818183,34.90755517,35.12360611,35.35652579,35.60650159,35.87370351,36.15827042,36.46029839,36.77983327
1800,33.57534397,33.58320524,33.60679133,33.64610944,33.70117257,33.77200104,33.85862470,33.96108555,34.07944092,34.21376666,34.36416008,34.53074187,34.71365635,34.91306917,35.12916197,35.36212374,35.61213926,35.87937589,36.16397014,36.46601644,36.78555999
