time_s,r_0.0_cm,r_0.1_cm,r_0.2_cm,r_0.3_cm,r_0.4_cm,r_0.5_cm,r_0.6_cm,r_0.7_cm,r_0.8_cm,r_0.9_cm,r_1.0_cm,r_1.1_cm,r_1.2_cm,r_1.3_cm,r_1.4_cm,r_1.5_cm,r_1.6_cm,r_1.7_cm,r_1.8_cm,r_1.9_cm,surface
60,2.55000000,2.55000000,2.55000000,2.55000000,2.55000000,2.55000000,2.55000000,2.55000000,2.55000000,2.55000000,2.55000000,2.55000000,2.55000000,2.55000000,2.55000000,2.55000000,2.55000000,2.55000000,2.55000000,2.54863588,2.07944204
120,2.55000000,2.55000000,2.55000000,2.55000000,2.55000000,2.55000000,2.55000000,2.55000000,2.55000000,2.55000000,2.55000000,2.55000000,2.55000000,2.55000000,2.55000000,2.55000000,2.55000000,2.55000000,2.54997123,2.52686381,1.92301069
180,2.55000000,2.55000000,2.55000000,2.55000000,2.55000000,2.55000000,2.55000000,2.55000000,2.55000000,2.55000000,2.55000000,2.55000000,2.55000000,2.55000000,2.55000000,2.55000000,2.55000000,2.54999934,2.54930161,2.47919960,1.81584104
240,2.55000000,2.55000000,2.55000000,2.55000000,2.55000000,2.55000000,2.55000000,2.55000000,2.55000000,2.55000000,2.55000000,2.55000000,2.55000000,2.55000000,2.55000000,2.55000000,2.54999998,2.54998094,2.54619587,2.41623596,1.73319250
300,2.55000000,2.55000000,2.55000000,2.55000000,2.55000000,2.55000000,2.55000000,2.55000000,2.55000000,2.55000000,2.55000000,2.55000000,2.55000000,2.55000000,2.55000000,2.55000000,2.54999950,2.54984544,2.53888439,2.34551436,1.66611598
360,2.55000000,2.55000000,2.55000000,2.55000000,2.55000000,2.55000000,2.55000000,2.55000000,2.55000000,2.55000000,2.55000000,2.55000000,2.55000000,2.55000000,2.55000000,2.54999999,2.54999461,2.54934941,2.52646222,2.27120138,1.60982435
420,2.55000000,2.55000000,2.55000000,2.55000000,2.55000000,2.55000000,2.55000000,2.55000000,2.55000000,2.55000000,2.55000000,2.55000000,2.55000000,2.55000000,2.55000000,2.54999983,2.54996952,2.54813082,2.50879676,2.19579437,1.56134385
480,2.55000000,2.55000000,2.55000000,2.55000000,2.55000000,2.55000000,2.55000000,2.55000000,2.55000000,2.55000000,2.55000000,2.55000000,2.55000000,2.55000000,2.54999999,2.54999877,2.54988551,2.54579025,2.48621544,2.12071148,1.51878055
540,2.55000000,2.55000000,2.55000000,2.55000000,2.55000000,2.55000000,2.55000000,2.55000000,2.55000000,2.55000000,2.55000000,2.55000000,2.55000000,2.55000000,2.54999996,2.54999417,2.54967394,2.54196468,2.45926945,2.04675724,1.48109438
600,2.55000000,2.55000000,2.55000000,2.55000000,2.55000000,2.55000000,2.55000000,2.55000000,2.55000000,2.55000000,2.55000000,2.55000000,2.55000000,2.55000000,2.54999974,2.54997947,2.54923658,2.53636541,2.42855156,1.97435876,1.44749211
660,2.55000000,2.55000000,2.55000000,2.55000000,2.55000000,2.55000000,2.55000000,2.55000000,2.55000000,2.55000000,2.55000000,2.55000000,2.55000000,2.54999999,2.54999890,2.54994180,2.54845231,2.52878969,2.39464528,1.90382533,1.41735324
720,2.55000000,2.55000000,2.55000000,2.55000000,2.55000000,2.55000000,2.55000000,2.55000000,2.55000000,2.55000000,2.55000000,2.55000000,2.55000000,2.54999995,2.54999627,2.54985990,2.54718630,2.51911578,2.35807984,1.83533839,1.39004380
780,2.55000000,2.55000000,2.55000000,2.55000000,2.55000000,2.55000000,2.55000000,2.55000000,2.55000000,2.55000000,2.55000000,2.55000000,2.55000000,2.54999979,2.54998943,2.54970286,2.54530071,2.50729769,2.31936233,1.76902368,1.36512008
840,2.55000000,2.55000000,2.55000000,2.55000000,2.55000000,2.55000000,2.55000000,2.55000000,2.55000000,2.55000000,2.55000000,2.55000000,2.54999999,2.54999931,2.54997401,2.54943014,2.54266263,2.49334699,2.27893556,1.70489703,1.34223788
900,2.55000000,2.55000000,2.55000000,2.55000000,2.55000000,2.55000000,2.55000000,2.55000000,2.55000000,2.55000000,2.55000000,2.55000000,2.54999996,2.54999806,2.54994292,2.54899234,2.53915259,2.47732612,2.23720615,1.64293696,1.32105410
960,2.55000000,2.55000000,2.55000000,2.55000000,2.55000000,2.55000000,2.55000000,2.55000000,2.55000000,2.55000000,2.55000000,2.55000000,2.54999987,2.54999513,2.54988577,2.54833281,2.53466719,2.45932994,2.19450468,1.58305722,1.30154337
1020,2.55000000,2.55000000,2.55000000,2.55000000,2.55000000,2.55000000,2.55000000,2.55000000,2.55000000,2.55000000,2.55000000,2.54999999,2.54999964,2.54998901,2.54978833,2.54738995,2.52912087,2.43946867,2.15109965,1.52527174,1.28341823
1080,2.55000000,2.55000000,2.55000000,2.55000000,2.55000000,2.55000000,2.55000000,2.55000000,2.55000000,2.55000000,2.55000000,2.54999998,2.54999908,2.54997722,2.54963228,2.54609931,2.52244912,2.41787580,2.10723831,1.46948767,1.26672844
1140,2.55000000,2.55000000,2.55000000,2.55000000,2.55000000,2.55000000,2.55000000,2.55000000,2.55000000,2.55000000,2.55000000,2.54999993,2.54999788,2.54995609,2.54939516,2.54439515,2.51460177,2.39467410,2.06309506,1.41579838,1.25127390
1200,2.55000000,2.55000000,2.55000000,2.55000000,2.55000000,2.55000000,2.55000000,2.55000000,2.55000000,2.55000000,2.55000000,2.54999983,2.54999546,2.54992046,2.54905055,2.54221328,2.50554834,2.37000620,2.01887885,1.36404445,1.23683737
1260,2.55000000,2.55000000,2.55000000,2.55000000,2.55000000,2.55000000,2.55000000,2.55000000,2.55000000,2.55000000,2.54999999,2.54999959,2.54999096,2.54986341,2.54856846,2.53949208,2.49527672,2.34401597,1.97475568,1.31412688,1.22321607
1320,2.55000000,2.55000000,2.55000000,2.55000000,2.55000000,2.55000000,2.55000000,2.55000000,2.55000000,2.55000000,2.54999997,2.54999910,2.54998301,2.54977608,2.54791599,2.53617546,2.48379116,2.31685120,1.93086661,1.26597175,1.21052843
1380,2.55000000,2.55000000,2.55000000,2.55000000,2.55000000,2.55000000,2.55000000,2.55000000,2.55000000,2.55000000,2.54999992,2.54999814,2.54996969,2.54964754,2.54705787,2.53221160,2.47110137,2.28863257,1.88728580,1.21970322,1.19874774
1440,2.55000000,2.55000000,2.55000000,2.55000000,2.55000000,2.55000000,2.55000000,2.55000000,2.55000000,2.54999999,2.54999982,2.54999639,2.54994836,2.54946466,2.54595709,2.52755474,2.45723289,2.25949626,1.84413813,,1.18755456
1500,2.55000000,2.55000000,2.55000000,2.55000000,2.55000000,2.55000000,2.55000000,2.55000000,2.55000000,2.54999998,2.54999962,2.54999335,2.54991549,2.54921221,2.54457582,2.52216710,2.44222502,2.22958070,1.80153474,,1.17681635
1560,2.55000000,2.55000000,2.55000000,2.55000000,2.55000000,2.55000000,2.55000000,2.55000000,2.55000000,2.54999996,2.54999924,2.54998827,2.54986660,2.54887293,2.54287666,2.51602008,2.42612934,2.19902184,1.75953439,,1.16665019
1620,2.55000000,2.55000000,2.55000000,2.55000000,2.55000000,2.55000000,2.55000000,2.55000000,2.55000000,2.54999992,2.54999855,2.54998012,2.54979611,2.54842778,2.54082311,2.50909082,2.40899535,2.16792150,1.71814550,,1.15700384
1680,2.55000000,2.55000000,2.55000000,2.55000000,2.55000000,2.55000000,2.55000000,2.55000000,2.54999999,2.54999984,2.54999736,2.54996749,2.54969726,2.54785609,2.53837996,2.50136499,2.39088217,2.13639140,1.67742514,,1.14782432
1740,2.55000000,2.55000000,2.55000000,2.55000000,2.55000000,2.55000000,2.55000000,2.55000000,2.54999998,2.54999968,2.54999538,2.54994856,2.54956208,2.54713591,2.53551379,2.49283250,2.37184559,2.10450954,1.63735802,,1.13930958
1800,2.55000000,2.55000000,2.55000000,2.55000000,2.55000000,2.55000000,2.55000000,2.55000000,2.54999997,2.54999941,2.54999220,2.54992094,2.54938136,2.54624410,2.53219292,2.48348833,2.35193552,2.07234120,1.59798218,,1.13134199
1860,2.55000000,2.55000000,2.55000000,2.55000000,2.55000000,2.55000000,2.55000000,2.55000000,2.54999993,2.54999895,2.54998751,2.54988405,2.54916090,2.54524356,2.52874507,2.47446773,2.33403714,2.04553674,1.56821288,,1.12370053
1920,2.55000000,2.55000000,2.55000000,2.55000000,2.55000000,2.55000000,2.55000000,2.54999999,2.54999987,2.54999822,2.54998057,2.54983388,2.54888278,2.54406202,2.52489799,2.46486957,2.31570891,2.01888638,1.53925773,,1.11622717
1980,2.55000000,2.55000000,2.55000000,2.55000000,2.55000000,2.55000000,2.55000000,2.54999999,2.54999977,2.54999706,2.54997055,2.54976698,2.54853739,2.54268302,2.52064188,2.45471699,2.29701319,1.99245508,1.51107691,,1.10894490
2040,2.55000000,2.55000000,2.55000000,2.55000000,2.55000000,2.55000000,2.55000000,2.54999997,2.54999959,2.54999528,2.54995642,2.54967946,2.54811461,2.54109138,2.51597085,2.44403420,2.27799745,1.96626205,1.48358872,,1.10200634
2100,2.55000000,2.55000000,2.55000000,2.55000000,2.55000000,2.55000000,2.55000000,2.54999995,2.54999931,2.54999262,2.54993691,2.54956686,2.54760401,2.53927220,2.51088001,2.43284324,2.25870296,1.94032495,1.45678948,,1.09530196
2160,2.55000000,2.55000000,2.55000000,2.55000000,2.55000000,2.55000000,2.54999999,2.54999991,2.54999886,2.54998874,2.54991049,2.54942425,2.54699475,2.53721209,2.50536685,2.42117050,2.23917734,1.91466989,1.43066146,,1.08881328
2220,2.55000000,2.55000000,2.55000000,2.55000000,2.55000000,2.55000000,2.54999999,2.54999984,2.54999816,2.54998321,2.54987535,2.54924624,2.54627585,2.53489834,2.49943253,2.40904263,2.21945857,1.88930487,1.40515746,,1.08269070
2280,2.55000000,2.55000000,2.55000000,2.55000000,2.55000000,2.55000000,2.54999998,2.54999972,2.54999712,2.54997548,2.54982938,2.54902694,2.54543635,2.53231995,2.49307848,2.39648221,2.19957409,1.86422960,1.38029694,,1.07680162
2340,2.55000000,2.55000000,2.55000000,2.55000000,2.55000000,2.55000000,2.54999996,2.54999954,2.54999558,2.54996486,2.54977016,2.54876007,2.54446514,2.52946607,2.48630837,2.38351584,2.17956081,1.83946200,1.35604816,,1.07115141
2400,2.55000000,2.55000000,2.55000000,2.55000000,2.55000000,2.54999999,2.54999993,2.54999926,2.54999336,2.54995053,2.54969493,2.54843894,2.54335131,2.52632819,2.47912647,2.37016661,2.15944082,1.81500135,1.33240546,,1.06573878
2460,2.55000000,2.55000000,2.55000000,2.55000000,2.55000000,2.54999999,2.54999988,2.54999884,2.54999022,2.54993151,2.54960061,2.54805650,2.54208426,2.52289812,2.47154007,2.35646101,2.13924736,1.79086869,1.30934815,,1.06056284
2520,2.55000000,2.55000000,2.55000000,2.55000000,2.55000000,2.54999998,2.54999981,2.54999821,2.54998586,2.54990664,2.54948378,2.54760545,2.54065349,2.51916960,2.46355723,2.34242218,2.11900115,1.76705782,1.28687691,,1.05559411
2580,2.55000000,2.55000000,2.55000000,2.55000000,2.55000000,2.54999997,2.54999969,2.54999729,2.54997991,2.54987454,2.54934068,2.54707826,2.53904916,2.51513752,2.45518754,2.32807693,2.09873595,1.74360080,1.26496458,,1.05065539
2640,2.55000000,2.55000000,2.55000000,2.55000000,2.55000000,2.54999995,2.54999952,2.54999599,2.54997190,2.54983366,2.54916727,2.54646727,2.53726209,2.51079864,2.44644439,2.31345635,2.07848434,1.72050413,1.24352615,,1.04592456
2700,2.55000000,2.55000000,2.55000000,2.55000000,2.54999999,2.54999992,2.54999925,2.54999415,2.54996127,2.54978223,2.54895919,2.54576478,2.53528358,2.50615155,2.43733880,2.29857926,2.05825229,1.69773825,1.22261433,,1.04141417
2760,2.55000000,2.55000000,2.55000000,2.55000000,2.54999999,2.54999987,2.54999886,2.54999162,2.54994738,2.54971824,2.54871183,2.54496300,2.53310569,2.50119397,2.42788247,2.28346850,2.03806428,1.67532731,1.20219649,,1.03692130
2820,2.55000000,2.55000000,2.55000000,2.55000000,2.54999998,2.54999979,2.54999830,2.54998817,2.54992945,2.54963947,2.54842028,2.54405417,2.53072094,2.49592727,2.41809210,2.26815547,2.01795479,1.65328847,1.18218266,,1.03246000
2880,2.55000000,2.55000000,2.55000000,2.55000000,2.54999996,2.54999967,2.54999750,2.54998354,2.54990656,2.54954349,2.54807950,2.54303089,2.52812354,2.49035450,2.40798449,2.25266471,1.99793691,1.63159877,1.16257507,,1.02819714
2940,2.55000000,2.55000000,2.55000000,2.54999999,2.54999994,2.54999950,2.54999639,2.54997742,2.54987769,2.54942763,2.54768425,2.54188590,2.52530794,2.48447739,2.39757236,2.23701164,1.97801475,1.61024129,1.14342319,,1.02402168
3000,2.55000000,2.55000000,2.55000000,2.54999999,2.54999990,2.54999925,2.54999487,2.54996941,2.54984165,2.54928900,2.54722915,2.54061210,2.52226921,2.47830062,2.38687215,2.22122396,1.95821714,1.58924209,1.12459341,,1.01982646
3060,2.55000000,2.55000000,2.55000000,2.54999998,2.54999985,2.54999889,2.54999280,2.54995907,2.54979713,2.54912453,2.54670874,2.53920271,2.51900423,2.47182993,2.37590185,2.20532262,1.93855118,1.56857775,1.10612633,,1.01575990
3120,2.55000000,2.55000000,2.55000000,2.54999997,2.54999977,2.54999839,2.54999004,2.54994586,2.54974264,2.54893098,2.54611754,2.53765157,2.51550980,2.46507100,2.36467702,2.18932470,1.91902190,1.54822508,1.08805758,,1.01191900
3180,2.55000000,2.55000000,2.54999999,2.54999995,2.54999966,2.54999770,2.54998639,2.54992917,2.54967657,2.54870489,2.54545003,2.53595269,2.51178387,2.45802888,2.35320703,2.17323337,1.89961275,1.52815659,1.07049387,,1.00830601
3240,2.55000000,2.55000000,2.54999999,2.54999993,2.54999949,2.54999675,2.54998162,2.54990829,2.54959711,2.54844264,2.54470059,2.53410008,2.50782320,2.45070774,2.34150410,2.15706566,1.88034188,1.50841213,1.05327768,,1.00472470
3300,2.55000000,2.55000000,2.54999998,2.54999989,2.54999925,2.54999546,2.54997546,2.54988243,2.54950232,2.54814045,2.54386365,2.53208813,2.50362723,2.44311475,2.32958434,2.14083973,1.86122084,1.48899112,1.03639703,,1.00122372
3360,2.55000000,2.55000000,2.54999998,2.54999983,2.54999892,2.54999375,2.54996759,2.54985066,2.54939011,2.54779441,2.54293374,2.52991212,2.49919521,2.43525824,2.31746261,2.12457100,1.84226090,1.46989309,1.01976904,,0.99770253
3420,2.55000000,2.54999999,2.54999996,2.54999975,2.54999847,2.54999149,2.54995764,2.54981199,2.54925821,2.54740053,2.54190554,2.52756780,2.49452842,2.42714751,2.30515660,2.10827985,1.82347871,1.45111529,1.00337810,,0.99420799
3480,2.55000000,2.54999999,2.54999994,2.54999963,2.54999785,2.54998855,2.54994516,2.54976528,2.54910423,2.54695475,2.54077397,2.52505156,2.48962834,2.41879195,2.29268146,2.09197978,1.80487674,1.43263626,,,0.99069610
3540,2.54999999,2.54999998,2.54999991,2.54999947,2.54999702,2.54998475,2.54992967,2.54970931,2.54892566,2.54645297,2.53953421,2.52236027,2.48449796,2.41020287,2.28005492,2.07569061,1.78647063,1.41445501,,,0.98717886
3600,2.54999999,2.54999998,2.54999987,2.54999924,2.54999591,2.54997989,2.54991060,2.54964273,2.54871984,2.54589113,2.53818173,2.51949194,2.47914054,2.40139130,2.26729171,2.05942092,1.76824779,1.39652389,,,0.98384019
3660,2.54999998,2.54999996,2.54999980,2.54999892,2.54999444,2.54997370,2.54988710,2.54956319,2.54848079,2.54525466,2.53668279,2.51637164,2.47339954,2.39205270,2.25385669,2.04232191,1.74899486,1.37728977,,,0.98065055
3720,2.54999998,2.54999994,2.54999971,2.54999849,2.54999253,2.54996591,2.54985856,2.54946965,2.54820780,2.54454711,2.53505633,2.51305818,2.46741744,2.38247976,2.24027271,2.02522619,1.72990676,1.35833746,,,0.97749261
3780,2.54999996,2.54999991,2.54999958,2.54999792,2.54999006,2.54995621,2.54982417,2.54936035,2.54789775,2.54376402,2.53329773,2.50954922,2.46119781,2.37268269,2.22655437,2.00814410,1.71098290,1.33964920,,,0.97445824
3840,2.54999994,2.54999987,2.54999941,2.54999715,2.54998690,2.54994423,2.54978302,2.54923341,2.54754741,2.54290099,2.53140283,2.50584362,2.45474423,2.36267021,2.21271065,1.99108199,1.69222473,1.32122985,,,0.97144071
3900,2.54999991,2.54999981,2.54999917,2.54999615,2.54998290,2.54992953,2.54973411,2.54908684,2.54715345,2.54195364,2.52936772,2.50194033,2.44806084,2.35245236,2.19875640,1.97405278,1.67364583,1.30308243,,,0.96840580
3960,2.54999987,2.54999972,2.54999885,2.54999484,2.54997786,2.54991164,2.54967636,2.54891853,2.54671253,2.54091781,2.52718880,2.49783885,2.44115312,2.34204031,2.18470515,1.95706895,1.65525048,1.28518351,,,0.96541298
4020,2.54999981,2.54999960,2.54999842,2.54999316,2.54997158,2.54989003,2.54960859,2.54872629,2.54622124,2.53978947,2.52486321,2.49353981,2.43402692,2.33144467,2.17056909,1.94013933,1.63704008,1.26752751,,,0.96238232
4080,2.54999972,2.54999944,2.54999784,2.54999100,2.54996381,2.54986410,2.54952954,2.54850782,2.54567618,2.53856476,2.52238807,2.48904430,2.42668872,2.32067751,2.15636294,1.92327738,1.61902397,1.25010247,,,0.95928281
4140,2.54999960,2.54999922,2.54999709,2.54998827,2.54995428,2.54983318,2.54943785,2.54826079,2.54507402,2.53724002,2.51976161,2.48435407,2.41914599,2.30975136,2.14209995,1.90649175,1.60119498,1.23286627,,,0.95630500
4200,2.54999944,2.54999892,2.54999612,2.54998484,2.54994265,2.54979657,2.54933210,2.54798278,2.54441141,2.53581187,2.51698182,2.47947095,2.41140501,2.29867419,2.12778463,1.88977599,1.58353096,1.21583394,,,0.95338892
4260,2.54999922,2.54999852,2.54999487,2.54998056,2.54992858,2.54975346,2.54921076,2.54767128,2.54368505,2.53427710,2.51404740,2.47439681,2.40347126,2.28745366,2.11342549,1.87313859,1.56603997,1.19901371,,,0.95049130
4320,2.54999891,2.54999799,2.54999327,2.54997527,2.54991166,2.54970300,2.54907225,2.54732379,2.54289170,2.53263264,2.51095670,2.46913391,2.39535103,2.27609887,2.09902932,1.85657549,1.54870642,1.18238392,,,0.94776568
4380,2.54999851,2.54999730,2.54999124,2.54996876,2.54989145,2.54964428,2.54891489,2.54693774,2.54202812,2.53087547,2.50770894,2.46368397,2.38704887,2.26461483,2.08459730,1.84008488,1.53153151,1.16599531,,,0.94498515
4440,2.54999798,2.54999641,2.54998869,2.54996083,2.54986746,2.54957630,2.54873695,2.54651052,2.54109113,2.52900278,2.50430276,2.45804919,2.37857162,2.25301331,2.07014777,1.82369182,1.51455091,1.14980055,,,0.94206661
4500,2.54999728,2.54999526,2.54998552,2.54995121,2.54983914,2.54949800,2.54853659,2.54603948,2.54007769,2.52701232,2.50073868,2.45223441,2.36992915,2.24130751,2.05569297,1.80740041,1.49774934,1.13374088,,,0.93921875
4560,2.54999637,2.54999380,2.54998159,2.54993963,2.54980590,2.54940826,2.54831200,2.54552203,2.53898497,2.52490217,2.49701700,2.44624379,2.36112850,2.22950472,2.04123410,1.79120252,1.48110310,1.11785128,,,0.93646037
4620,2.54999520,2.54999195,2.54997676,2.54992577,2.54976709,2.54930590,2.54806123,2.54495562,2.53781024,2.52267034,2.49313828,2.44008058,2.35217507,2.21761052,2.02677450,1.77509649,1.46460651,1.10214015,,,0.93377998
4680,2.54999371,2.54998963,2.54997086,2.54990929,2.54972204,2.54918969,2.54778237,2.54433768,2.53655082,2.52031526,2.48910278,2.43374776,2.34307384,2.20562840,2.01231404,1.75907690,1.44825398,1.08663208,,,0.93117749
4740,2.54999183,2.54998674,2.54996371,2.54988979,2.54966999,2.54905831,2.54747340,2.54366563,2.53520412,2.51783528,2.48491089,2.42724820,2.33383012,2.19356565,1.99786046,1.74315095,1.43205852,1.07130939,,,0.92859900
4800,2.54998946,2.54998316,2.54995509,2.54986686,2.54961014,2.54891040,2.54713232,2.54293689,2.53376765,2.51522886,2.48056360,2.42058587,2.32445008,2.18142891,1.98341680,1.72731803,1.41601751,1.05616069,,,0.92600665
4860,2.54998650,2.54997876,2.54994475,2.54984003,2.54954164,2.54874456,2.54675705,2.54214899,2.53223906,2.51249494,2.47606169,2.41376466,2.31494006,2.16922506,1.96899212,1.71158874,1.40014420,1.04114003,,,0.92333563
4920,2.54998284,2.54997338,2.54993243,2.54980878,2.54946358,2.54855932,2.54634552,2.54129948,2.53061623,2.50963284,2.47140735,2.40678969,2.30530836,2.15696513,1.95459593,1.69596869,1.38442839,1.02623120,,,0.92074112
4980,2.54997833,2.54996686,2.54991784,2.54977259,2.54937502,2.54835316,2.54589567,2.54038602,2.52889725,2.50664198,2.46660234,2.39966569,2.29556098,2.14465296,1.94022654,1.68045054,1.36885631,1.01148937,,,0.91810419
5040,2.54997282,2.54995899,2.54990063,2.54973085,2.54927495,2.54812456,2.54540542,2.53940634,2.52708037,2.50352219,2.46164891,2.39239747,2.28570550,2.13229905,1.92590040,1.66505574,1.35345538,0.99677329,,,0.91532695
5100,2.54996614,2.54994956,2.54988045,2.54968293,2.54916231,2.54787193,2.54487276,2.53835831,2.52516413,2.50027392,2.45655046,2.38499185,2.27575188,2.11991461,1.91162385,1.64977967,1.33819377,0.98212935,,,0.91258815
5160,2.54995807,2.54993830,2.54985689,2.54962816,2.54903603,2.54759368,2.54429565,2.53723993,2.52314737,2.49689760,2.45130986,2.37745426,2.26570566,2.10750151,1.89739197,1.63460638,1.32303770,0.96765514,,,0.91001398
5220,2.54994838,2.54992496,2.54982953,2.54956583,2.54889497,2.54728823,2.54367221,2.53604936,2.52102901,2.49339391,2.44592966,2.36978772,2.25556828,2.09505713,1.88319500,1.61951837,1.30798528,0.95338703,,,0.90749798
5280,2.54993683,2.54990920,2.54979789,2.54949517,2.54873797,2.54695395,2.54300043,2.53478472,2.51880784,2.48976282,2.44041119,2.36199491,2.24534351,2.08258654,1.86904286,1.60453392,1.29308154,0.93913801,,,0.90485059
5340,2.54992312,2.54989071,2.54976148,2.54941540,2.54856382,2.54658918,2.54227841,2.53344418,2.51648284,2.48600475,2.43475723,2.35408160,2.23503995,2.07010037,1.85494432,1.58965820,1.27830945,0.92499023,,,0.90226857
5400,2.54990694,2.54986911,2.54971975,2.54932566,2.54837129,2.54619229,2.54150429,2.53202611,2.51405338,2.48212113,2.42897146,2.34605294,2.22466272,2.05760044,1.84089498,1.57488011,1.26364970,0.91092752,,,0.89966032
5460,2.54988794,2.54984402,2.54967227,2.54922563,2.54816077,2.54576614,2.54068726,2.53055397,2.51157066,2.47821197,2.42323253,2.33820375,2.21466307,2.04573435,1.82776897,1.56131410,1.25046032,0.89861577,,,0.89712124
5520,2.54986576,2.54981501,2.54961834,2.54911405,2.54792979,2.54530563,2.53981669,2.52900525,2.50898907,2.47418920,2.41738113,2.33026390,2.20461612,2.03387598,1.81470323,1.54784243,1.23737223,,,,0.89462125
5580,2.54983998,2.54978159,2.54955733,2.54899000,2.54767710,2.54480927,2.53889105,2.52737897,2.50630846,2.47005399,2.41141941,2.32223685,2.19452492,2.02202913,1.80170437,1.53447868,1.22441531,,,,0.89201259
5640,2.54981016,2.54974326,2.54948854,2.54885252,2.54740143,2.54427553,2.53790880,2.52567400,2.50352887,2.46580798,2.40535079,2.31412739,2.18439563,2.01019996,1.78877690,1.52122361,1.21156825,,,,0.88940896
5700,2.54977582,2.54969951,2.54941129,2.54870066,2.54710154,2.54370298,2.53686866,2.52388961,2.50065055,2.46145310,2.39917912,2.30594048,2.17423271,1.99839144,1.77592051,1.50807143,1.19881330,,,,0.88684929
5760,2.54973645,2.54964974,2.54932483,2.54853342,2.54677615,2.54309020,2.53576926,2.52202516,2.49767405,2.45699128,2.39290739,2.29767950,2.16403834,1.98660198,1.76312920,1.49501156,1.18615284,,,,0.88432052
5820,2.54969150,2.54959335,2.54922838,2.54834976,2.54642399,2.54243578,2.53460942,2.52007987,2.49459978,2.45242416,2.38653822,2.28934765,2.15381639,1.97483673,1.75041083,1.48205793,1.17360960,,,,0.88166107
5880,2.54964037,2.54952970,2.54912113,2.54814866,2.54604379,2.54173836,2.53338798,2.51805339,2.49142839,2.44775401,2.38007597,2.28095114,2.14357392,1.96310307,1.73777146,1.46921179,1.16115408,,,,0.87902402
5940,2.54958245,2.54945810,2.54900224,2.54792905,2.54563427,2.54099661,2.53210387,2.51594546,2.48816094,2.44298350,2.37352457,2.27249405,2.13331445,1.95140041,1.72520271,1.45645139,1.14875441,,,,0.87654530
6000,2.54951708,2.54937785,2.54887086,2.54768987,2.54519422,2.54020930,2.53075628,2.51375579,2.48479834,2.43811453,2.36688604,2.26397730,2.12303335,1.93971714,1.71268455,1.44375162,1.13643561,,,,0.87421894
6060,2.54944356,2.54928821,2.54872610,2.54743002,2.54472238,2.53937522,2.52934413,2.51148414,2.48134085,2.43314776,2.36016106,2.25540014,2.11273012,1.92805458,1.70022491,1.43113597,1.12425344,,,,0.87180131
6120,2.54936118,2.54918838,2.54856703,2.54714842,2.54421752,2.53849310,2.52786650,2.50912999,2.47778885,2.42808453,2.35335201,2.24676700,2.10241149,1.91642223,1.68783636,1.41862425,1.11218559,,,,0.86923790
6180,2.54926918,2.54907758,2.54839271,2.54684394,2.54367837,2.53756175,2.52632250,2.50669315,2.47414337,2.42292763,2.34646365,2.23808459,2.09208525,1.90482789,1.67552426,1.40621345,1.10017390,,,,0.86677347
6240,2.54916674,2.54895494,2.54820217,2.54651544,2.54310373,2.53658004,2.52471144,2.50417397,2.47040591,2.41767988,2.33949963,2.22935504,2.08175027,1.89326296,1.66327054,1.39387330,1.08823471,,,,0.86438890
6300,2.54905305,2.54881959,2.54799441,2.54616180,2.54249242,2.53554691,2.52303279,2.50157250,2.46657743,2.41234276,2.33246096,2.22057943,2.07140659,1.88172922,1.65108317,1.38162038,1.07639995,,,,0.86195005
6360,2.54892725,2.54867064,2.54776843,2.54578192,2.54184326,2.53446137,2.52128580,2.49888873,2.46265892,2.40691831,2.32535116,2.21176181,2.06105919,1.87023210,1.63896680,1.36946030,1.06464454,,,,0.85941494
6420,2.54878846,2.54850717,2.54752321,2.54537466,2.54115512,2.53332245,2.51947013,2.49612311,2.45865179,2.40140918,2.31817367,2.20290648,2.05071330,1.85877747,1.62692739,1.35739700,1.05294211,,,,0.85683614
6480,2.54863574,2.54832820,2.54725771,2.54493887,2.54042688,2.53212928,2.51758529,2.49327623,2.45455785,2.39581836,2.31093303,2.19401890,2.04037380,1.84736901,1.61496640,1.34542326,1.04128362,,,,0.85420130
6540,2.54846818,2.54813280,2.54697089,2.54447349,2.53965752,2.53088109,2.51563128,2.49034866,2.45037902,2.39014903,2.30363307,2.18510280,2.03004331,1.83600628,1.60307668,1.33351917,1.02964711,,,,0.85175323
6600,2.54828483,2.54791998,2.54666172,2.54397746,2.53884606,2.52957720,2.51360792,2.48734141,2.44611702,2.38440346,2.29627525,2.17615703,2.01971618,1.82467665,1.59123856,1.32166237,1.01811346,,,,0.84932487
6660,2.54808470,2.54768873,2.54632914,2.54344971,2.53799155,2.52821699,2.51151513,2.48425490,2.44177271,2.37858257,2.28886046,2.16718231,2.00939428,1.81338729,1.57946843,1.30989063,1.00665496,,,,0.84678558
6720,2.54786682,2.54743807,2.54597214,2.54288918,2.53709304,2.52679978,2.50935266,2.48108952,2.43734754,2.37268893,2.28139216,2.15818438,1.99908494,1.80214524,1.56777024,1.29820130,0.99522834,,,,0.84424877
6780,2.54763017,2.54716696,2.54558963,2.54229485,2.53614961,2.52532500,2.50712062,2.47784628,2.43284352,2.36672542,2.27387450,2.14916586,1.98878887,1.79094666,1.55613451,1.28657343,0.98384650,,,,0.84179220
6840,2.54737375,2.54687439,2.54518060,2.54166572,2.53516044,2.52379215,2.50481912,2.47452615,2.42826228,2.36069406,2.26630844,2.14012708,1.97850358,1.77978683,1.54455567,1.27500601,0.97254329,,,,0.83930654
6900,2.54709654,2.54655932,2.54474400,2.54100079,2.53412473,2.52220083,2.50244827,2.47112987,2.42360514,2.35459666,2.25869636,2.13107030,1.96823226,1.76867067,1.53304036,1.26350642,0.96127646,,,,0.83691015
6960,2.54679749,2.54622071,2.54427882,2.54029910,2.53304170,2.52055063,2.50000821,2.46765812,2.41887366,2.34843524,2.25103970,2.12199565,1.95797137,1.75758806,1.52156985,1.25205110,0.95012058,,,,0.83459970
7020,2.54647557,2.54585753,2.54378400,2.53955972,2.53191060,2.51884117,2.49749904,2.46411165,2.41406874,2.34221044,2.24333874,2.11290204,1.94771991,1.74654039,1.51015348,1.24066563,0.93903279,,,,0.83223042
7080,2.54612975,2.54546874,2.54325857,2.53878171,2.53073066,2.51707195,2.49492077,2.46049101,2.40919142,2.33592373,2.23559540,2.10379274,1.93748194,1.73553298,1.49879704,1.22935772,0.92798051,,,,0.82980605
7140,2.54575895,2.54505327,2.54270144,2.53796410,2.52950117,2.51524264,2.49227357,2.45679705,2.40424337,2.32957778,2.22781322,2.09467174,1.92726205,1.72457082,1.48750638,1.21812325,0.91694948,,,,0.82740173
7200,2.54536212,2.54461008,2.54211166,2.53710600,2.52822144,2.51335302,2.48955783,2.45303078,2.39922656,2.32317526,2.21999478,2.08554102,1.91706019,1.71365028,1.47627257,1.20694457,0.90596739,,,,0.82498821
7260,2.54493857,2.54413994,2.54149523,2.53622544,2.52693327,2.51148841,2.48693327,2.44947069,2.39459694,2.31742173,2.21317672,2.07784992,1.90881309,1.70525310,1.46816212,1.19950588,0.89938288,,,,0.82252460
7320,2.54448774,2.54364113,2.54084613,2.53530621,2.52559977,2.50957280,2.48425518,2.44586018,2.38992690,2.31164503,2.20635832,2.07018336,1.90061294,1.69691971,1.46012249,1.19213175,0.89278423,,,,0.81993259
7380,2.54400875,2.54311278,2.54016360,2.53434782,2.52422069,2.50760639,2.48152447,2.44220056,2.38521821,2.30584729,2.19954219,2.06254502,1.89246530,1.68865718,1.45216215,1.18482066,0.88614751,,,,0.81734478
7440,2.54350074,2.54255407,2.53944695,2.53334981,2.52279601,2.50558969,2.47874215,2.43849352,2.38047316,2.30003115,2.19273083,2.05493610,1.88436844,1.68045877,1.44426622,1.17754705,0.87954619,,,,0.81472811
7500,2.54296287,2.54196421,2.53869549,2.53231171,2.52132561,2.50352301,2.47590912,2.43474045,2.37569345,2.29419817,2.18592500,2.04735653,1.87632218,1.67232541,1.43643645,1.17031726,0.87294445,,,,0.81215793
7560,2.54239435,2.54134246,2.53790864,2.53123324,2.51980962,2.50140701,2.47302650,2.43094289,2.37088074,2.28834985,2.17912559,2.03980564,1.86832283,1.66424822,1.42865722,1.16311455,0.86641835,,,,0.80962145
7620,2.54179442,2.54068810,2.53708584,2.53011406,2.51824797,2.49924207,2.47009518,2.42710194,2.36603604,2.28248660,2.17233210,2.03228223,1.86036928,1.65622861,1.42093606,1.15596341,0.85987248,,,,0.80699969
7680,2.54116235,2.54000044,2.53622654,2.52895382,2.51664078,2.49702860,2.46711588,2.42321873,2.36116067,2.27660992,2.16554636,2.02478843,1.85246482,1.64827003,1.41327542,1.14886057,0.85332743,,,,0.80438224
7740,2.54049741,2.53927882,2.53533017,2.52775229,2.51498802,2.49476718,2.46408955,2.41929465,2.35625638,2.27072174,2.15877013,2.01732553,1.84460886,1.64036844,1.40566748,1.14178716,0.84684547,,,,0.80185619
7800,2.53979892,2.53852258,2.53439628,2.52650922,2.51328991,2.49245821,2.46101728,2.41533099,2.35132447,2.26482281,2.15200270,2.00989064,1.83679491,1.63251455,1.39810167,1.13474492,0.84040595,,,,0.79929488
7860,2.53906622,2.53773113,2.53342441,2.52522438,2.51154651,2.49010234,2.45789981,2.41132850,2.34636558,2.25891327,2.14524383,2.00248357,1.82902491,1.62471305,1.39058611,1.12774560,0.83399995,,,,0.79682022
7920,2.53829869,2.53690388,2.53241412,2.52389762,2.50975795,2.48769988,2.45473773,2.40728823,2.34138067,2.25299386,2.13849347,1.99510212,1.82129237,1.61695202,1.38310427,1.12077183,0.82770180,,,,0.79439155
7980,2.53749570,2.53604025,2.53136496,2.52252867,2.50792429,2.48525126,2.45153178,2.40321074,2.33636998,2.24706412,2.13175054,1.98774562,1.81359932,1.60923973,1.37567560,1.11386399,0.82134224,,,,0.79184694
8040,2.53665664,2.53513968,2.53027650,2.52111734,2.50604558,2.48275682,2.44828255,2.39909690,2.33133469,2.24112586,2.12501787,1.98041825,1.80595082,1.60158081,1.36830227,1.10700295,0.81499491,,,,0.78932686
8100,2.53578092,2.53420163,2.52914835,2.51966346,2.50412195,2.48021698,2.44499087,2.39494806,2.32627652,2.23518090,2.11829683,1.97311979,1.79834466,1.59397102,1.36097892,1.10018151,0.80867069,,,,0.78678904
8160,2.53486798,2.53322558,2.52798015,2.51816688,2.50215362,2.47763247,2.44165774,2.39076542,2.32119682,2.22923058,2.11158864,1.96585244,1.79078424,1.58641519,1.35370978,1.09339778,0.80239055,,,,0.78432165
8220,2.53391731,2.53221109,2.52677158,2.51662757,2.50014087,2.47500382,2.43828427,2.38655026,2.31609702,2.22327594,2.10489313,1.95861265,1.78326002,1.57889672,1.34646965,1.08663030,0.79620303,,,,0.78190202
8280,2.53292845,2.53115774,2.52552238,2.51504555,2.49808395,2.47233166,2.43487111,2.38230321,2.31097708,2.21731595,2.09820833,1.95139833,1.77577369,1.57142354,1.33927755,1.07991758,0.79001850,,,,0.77947724
8340,2.53190097,2.53006514,2.52423231,2.51342067,2.49598311,2.46961639,2.43141873,2.37802497,2.30583782,2.21135163,2.09153560,1.94421129,1.76832584,1.56399510,1.33213111,1.07325161,0.78378182,,,,0.77696353
8400,2.53083443,2.52893292,2.52290112,2.51175297,2.49383846,2.46685844,2.42792803,2.37371653,2.30068040,2.20538436,2.08487694,1.93705498,1.76092290,1.55662122,1.32504407,1.06663565,0.77754366,,,,0.77445157
8460,2.52972843,2.52776070,2.52152860,2.51004246,2.49165044,2.46405861,2.42440009,2.36937940,2.29550679,2.19941646,2.07823415,1.92992960,1.75356122,1.54929178,1.31799653,1.06003461,,,,,0.77201106
8520,2.52858262,2.52654818,2.52011456,2.50828918,2.48941935,2.46121752,2.42083586,2.36501467,2.29031778,2.19344785,2.07160591,1.92283207,1.74623653,1.54200278,1.31098502,1.05346020,,,,,0.76963600
8580,2.52739671,2.52529513,2.51865895,2.50649333,2.48714568,2.45833585,2.41723604,2.36062283,2.28511353,2.18747793,2.06499056,1.91575954,1.73894455,1.53474864,1.30400465,1.04692083,,,,,0.76725300
8640,2.52617043,2.52400133,2.51716167,2.50465494,2.48482956,2.45541403,2.41360115,2.35620427,2.27989402,2.18150639,2.05838793,1.90871286,1.73168925,1.52753891,1.29707288,1.04043781,,,,,0.76483148
8700,2.52490349,2.52266654,2.51562259,2.50277403,2.48247139,2.45245238,2.40993182,2.35175986,2.27466045,2.17553501,2.05180056,1.90169545,1.72447454,1.52037580,1.29019046,1.03399601,,,,,0.76235741
8760,2.52359563,2.52129052,2.51404156,2.50085078,2.48007136,2.44945172,2.40622886,2.34729087,2.26941438,2.16956552,2.04523006,1.89470909,1.71730120,1.51326049,1.28335631,1.02758524,,,,,0.75989220
8820,2.52224663,2.51987311,2.51241859,2.49888530,2.47763012,2.44641269,2.40249353,2.34279864,2.26415723,2.16359922,2.03867736,1.88775320,1.71016746,1.50618780,1.27656090,1.02119237,,,,,0.75744930
8880,2.52085634,2.51841422,2.51075375,2.49687788,2.47514802,2.44333617,2.39872678,2.33828414,2.25888971,2.15763611,2.03214137,1.88082532,1.70306906,1.49915314,1.26979891,1.01482309,,,,,0.75506845
8940,2.51942468,2.51691379,2.50904709,2.49482884,2.47262570,2.44022280,2.39492926,2.33374786,2.25361205,2.15167598,2.02562158,1.87392528,1.69600723,1.49215996,1.26307830,1.00849857,,,,,0.75260161
9000,2.51795156,2.51537176,2.50729866,2.49273830,2.47006341,2.43707304,2.39110161,2.32919063,2.24832519,2.14572011,2.01911981,1.86705578,1.68898547,1.48521105,1.25639816,1.00219390,,,,,0.75025639
9060,2.51643687,2.51378798,2.50550806,2.49060540,2.46745940,2.43388355,2.38723796,2.32460290,2.24301447,2.13974678,2.01260492,1.86017321,1.68194410,1.47822771,1.24966016,0.99581254,,,,,0.74808043
9120,2.51488057,2.51216255,2.50367585,2.48843152,2.46481617,2.43065868,2.38334523,2.31999471,2.23769379,2.13377472,2.00610193,1.85331119,1.67492909,1.47127430,1.24295614,0.98950401,,,,,0.74575512
9180,2.51328262,2.51049544,2.50180209,2.48621670,2.46213406,2.42739862,2.37942340,2.31536599,2.23236323,2.12780490,1.99961388,1.84647620,1.66795228,1.46436743,1.23630610,0.98324503,,,,,0.74336417
9240,2.51164290,2.50878658,2.49988672,2.48396119,2.45941320,2.42410397,2.37547329,2.31071807,2.22702476,2.12183989,1.99314331,1.83966964,1.66101074,1.45749803,1.22969377,0.97700082,,,,,0.74100007
9300,2.50996135,2.50703594,2.49792989,2.48166518,2.45665426,2.42077531,2.37149593,2.30605199,2.22167929,2.11588023,1.98669026,1.83289157,1.65410585,1.45067016,1.22312323,0.97078115,,,,,0.73870570
9360,2.50823800,2.50524360,2.49593177,2.47932903,2.45385762,2.41741351,2.36749222,2.30136869,2.21632767,2.10992642,1.98025443,1.82613941,1.64723176,1.44387366,1.21657864,0.96458564,,,,,0.73639910
9420,2.50647292,2.50340964,2.49389258,2.47695314,2.45102393,2.41401918,2.36346268,2.29666846,2.21096980,2.10397778,1.97383486,1.81941310,1.64039079,1.43711481,1.21007177,0.95842466,,,,,0.73411394
9480,2.50466621,2.50153419,2.49181246,2.47453773,2.44815347,2.41059269,2.35940780,2.29195190,2.20560624,2.09803479,1.96743158,1.81271159,1.63357954,1.43038590,1.20359013,0.95228346,,,,,0.73190455
9540,2.50281795,2.49961737,2.48969166,2.47208320,2.44524683,2.40713470,2.35532815,2.28721928,2.20023679,2.09209646,1.96104289,1.80603266,1.62679615,1.42368685,1.19713768,0.94618206,,,,,0.72969834
9600,2.50092823,2.49765930,2.48753038,2.46958980,2.44230416,2.40364545,2.35122399,2.28247071,2.19486134,2.08616270,1.95466886,1.79937705,1.62004245,1.41702216,1.19072494,0.94013054,,,,,0.72741445
9660,2.49899713,2.49566008,2.48532875,2.46705769,2.43932596,2.40012533,2.34709577,2.27770678,2.18948085,2.08023516,1.94831250,1.79274951,1.61332606,1.41040060,1.18435789,0.93409907,,,,,0.72518491
9720,2.49702471,2.49361980,2.48308690,2.46448729,2.43631251,2.39657513,2.34294435,2.27292876,2.18409675,2.07431502,1.94197345,1.78614701,1.60663774,1.40380649,1.17801380,0.92808807,,,,,0.72292182
9780,2.49501112,2.49153865,2.48080515,2.46187890,2.43326457,2.39299535,2.33877043,2.26813695,2.17870882,2.06840153,1.93565120,1.77957056,1.59998430,1.39725518,1.17171929,0.92211817,,,,,0.72058564
9840,2.49295655,2.48941682,2.47848379,2.45923294,2.43018239,2.38938665,2.33457476,2.26333240,2.17331870,2.06249730,1.92934959,1.77302471,1.59336859,1.39074490,1.16546100,0.91614831,,,,,0.71833790
9900,2.49086122,2.48725459,2.47612316,2.45654993,2.42706687,2.38574999,2.33035846,2.25851636,2.16792746,2.05660254,1.92306697,1.76650477,1.58678194,1.38426213,1.15922126,0.91019608,,,,,0.71610556
9960,2.48872544,2.48505225,2.47372361,2.45383031,2.42391845,2.38208587,2.32612192,2.25368887,2.16253449,2.05071572,1.91680102,1.76000851,1.58022369,1.37780925,1.15300702,0.90426876,,,,,0.71396378
10020,2.48654954,2.48281017,2.47128560,2.45107462,2.42073777,2.37839483,2.32186551,2.24884997,2.15713950,2.04483622,1.91055062,1.75353380,1.57368963,1.37137872,1.14680975,0.89837618,,,,,0.71184559
10080,2.48433377,2.48052864,2.46880945,2.44828314,2.41752497,2.37467712,2.31758927,2.24399938,2.15174168,2.03896273,1.90431426,1.74707951,1.56718093,1.36497694,1.14064648,0.89253456,,,,,0.70968033
10140,2.48207834,2.47820787,2.46629537,2.44545611,2.41428046,2.37093278,2.31329334,2.23913727,2.14634150,2.03309652,1.89809451,1.74065062,1.56070458,1.35861146,1.13452272,0.88671298,,,,,0.70754955
10200,2.47978340,2.47584802,2.46374351,2.44259387,2.41100445,2.36716248,2.30897837,2.23426458,2.14094008,2.02723850,1.89189133,1.73424449,1.55425371,1.35227117,1.12842333,0.88092151,,,,,0.70539452
10260,2.47744916,2.47344932,2.46115423,2.43969668,2.40769754,2.36336665,2.30464477,2.22938154,2.13553733,2.02138842,1.88570502,1.72786321,1.54783496,1.34596970,1.12236795,0.87515367,,,,,0.70316814
10320,2.47507587,2.47101204,2.45852784,2.43676501,2.40436004,2.35954576,2.30029331,2.22448910,2.13013463,2.01554802,1.87953763,1.72150838,1.54144726,1.33970082,1.11634256,0.86939244,,,,,0.70099797
10380,2.47266380,2.46853646,2.45586468,2.43379930,2.40099266,2.35570067,2.29592480,2.21958807,2.12473263,2.00971770,1.87338883,1.71517910,1.53508992,1.33346409,1.11034318,0.86364405,,,,,0.69887736
10440,2.47021333,2.46602296,2.45316514,2.43080001,2.39759590,2.35183193,2.29153984,2.21467890,2.11933135,2.00389671,1.86725657,1.70887116,1.52875570,1.32724923,1.10436105,0.85793224,,,,,0.69673539
10500,2.46772483,2.46347196,2.45042974,2.42776771,2.39417029,2.34793986,2.28713844,2.20976135,2.11393024,1.99808452,1.86114148,1.70258823,1.52245425,1.32107468,1.09842585,0.85224683,,,,,0.69447908
10560,2.46519866,2.46088381,2.44765884,2.42470268,2.39071619,2.34402509,2.28272141,2.20483656,2.10853123,1.99228417,1.85504743,1.69633453,1.51618762,1.31493572,1.09252013,0.84654903,,,,,0.69234107
10620,2.46263518,2.45825891,2.44485285,2.42160556,2.38723437,2.34008840,2.27828987,2.19990564,2.10313519,1.98649556,1.84897252,1.69010472,1.50994559,1.30881727,1.08662098,0.84087294,,,,,0.69033039
10680,2.46003486,2.45559774,2.44201230,2.41847697,2.38372543,2.33613039,2.27384406,2.19496825,2.09774060,1.98071544,1.84291164,1.68389159,1.50372020,1.30271191,1.08072944,0.83525429,,,,,0.68839964
10740,2.45739816,2.45290076,2.43913769,2.41531718,2.38018962,2.33215106,2.26938337,2.19002320,2.09234563,1.97494177,1.83686300,1.67769562,1.49751540,1.29662927,1.07486848,0.82969548,,,,,0.68640177
10800,2.45472535,2.45016824,2.43622924,2.41212646,2.37662694,2.32815011,2.26490750,2.18507024,2.08695039,1.96917545,1.83082874,1.67152004,1.49133567,1.29057448,1.06904330,0.82415239,,,,,0.68437239
10860,2.45201629,2.44739898,2.43328261,2.40889488,2.37301905,2.32409735,2.26037017,2.18004232,2.08146210,1.96329275,1.82464904,1.66516378,1.48493347,1.28424990,1.06289689,0.81820743,,,,,0.68238002
10920,2.44927086,2.44459388,2.43030173,2.40563182,2.36938370,2.32002228,2.25581682,2.17500555,2.07597261,1.95741626,1.81848232,1.65882626,1.47855456,1.27795326,1.05678328,0.81229451,,,,,0.68034433
10980,2.44648925,2.44175314,2.42728687,2.40233754,2.36572101,2.31592523,2.25124784,2.16996042,2.07048253,1.95154736,1.81233124,1.65251158,1.47220505,1.27169296,1.05071092,0.80639154,,,,,0.67827103
11040,2.44367172,2.43887702,2.42423829,2.39901236,2.36203164,2.31180673,2.24666412,2.16490821,2.06499375,1.94568843,1.80619809,1.64622209,1.46588586,1.26546566,1.04466617,0.80048831,,,,,0.67627886
11100,2.44081861,2.43596591,2.42115639,2.39565692,2.35831618,2.30766776,2.24206666,2.15984991,2.05950696,1.93983906,1.80008118,1.63995278,1.45958869,1.25925920,1.03863416,0.79462029,,,,,0.67430527
11160,2.43793042,2.43302030,2.41804179,2.39227168,2.35457525,2.30350884,2.23745571,2.15478531,2.05402126,1.93399778,1.79397832,1.63370282,1.45331517,1.25307973,1.03263136,0.78877761,,,,,0.67230237
11220,2.43500761,2.43004067,2.41489496,2.38885723,2.35080929,2.29933022,2.23283146,2.14971459,2.04853708,1.92816571,1.78789203,1.62747614,1.44707099,1.24693416,1.02666555,0.78293874,,,,,0.67019455
11280,2.43205060,2.42702737,2.41171620,2.38541384,2.34701864,2.29513241,2.22819465,2.14463883,2.04305581,1.92234466,1.78182446,1.62127482,1.44085685,1.24081964,1.02072295,0.77707844,,,,,0.66822546
11340,2.42905984,2.42398094,2.40850616,2.38194230,2.34320418,2.29091635,2.22354624,2.13955885,2.03757797,1.91653416,1.77577314,1.61509304,1.43466266,1.23472233,1.01478797,0.77128510,,,,,0.66628220
11400,2.42603589,2.42090194,2.40526543,2.37844305,2.33936639,2.28668244,2.21888630,2.13447423,2.03210251,1.91073271,1.76973665,1.60893149,1.42849288,1.22865099,1.00887814,0.76549987,,,,,0.66437345
11460,2.42297925,2.41779086,2.40199439,2.37491663,2.33550559,2.28243093,2.21421497,2.12938504,2.02662942,1.90493985,1.76371422,1.60278700,1.42234107,1.22259559,1.00298448,0.75976672,,,,,0.66243844
11520,2.41989032,2.41464811,2.39869347,2.37136333,2.33162217,2.27816182,2.20953218,2.12429093,2.02115813,1.89915551,1.75770653,1.59666400,1.41621731,1.21657487,0.99713539,0.75401486,,,,,0.66040731
11580,2.41676947,2.41147404,2.39536305,2.36778348,2.32771626,2.27387564,2.20483855,2.11919301,2.01569048,1.89338256,1.75171764,1.59056568,1.41012142,1.21058158,0.99130494,0.74824935,,,,,0.65846541
11640,2.41361705,2.40826900,2.39200351,2.36417762,2.32378869,2.26957317,2.20013495,2.11409204,2.01022676,1.88761969,1.74574346,1.58448444,1.40404239,1.20460298,0.98548237,0.74253861,,,,,0.65652842
11700,2.41043356,2.40503348,2.38861534,2.36054621,2.31983980,2.26525466,2.19542127,2.10898742,2.00476589,1.88186603,1.73978452,1.57842426,1.39799036,1.19865697,0.97969714,0.73681026,,,,,0.65451842
11760,2.40721943,2.40176795,2.38519902,2.35688968,2.31586990,2.26092035,2.19069800,2.10388000,1.99930943,1.87612376,1.73384350,1.57238728,1.39196409,1.19273518,0.97392687,0.73109613,,,,,0.65262840
11820,2.40397510,2.39847283,2.38175498,2.35320842,2.31187967,2.25657095,2.18596581,2.09877030,1.99385724,1.87039182,1.72791735,1.56636725,1.38595431,1.18682565,0.96815950,0.72545856,,,,,0.65085409
11880,2.40070104,2.39514863,2.37828363,2.34950307,2.30786934,2.25220665,2.18122444,2.09365743,1.98840762,1.86466753,1.72200258,1.56036126,1.37996003,1.18093251,0.96241773,0.71986431,,,,,0.64898304
11940,2.39739766,2.39179571,2.37478539,2.34577362,2.30383904,2.24782726,2.17647347,2.08854092,1.98296049,1.85895172,1.71610264,1.55437643,1.37399304,1.17507262,0.95672084,0.71422456,,,,,0.64705890
12000,2.39406521,2.38841432,2.37126048,2.34202050,2.29978903,2.24343311,2.17171360,2.08342204,1.97751787,1.85324724,1.71022001,1.54841330,1.36804948,1.16923506,0.95103766,0.70860225,,,,,0.64521068
12060,2.39070399,2.38500474,2.36770917,2.33824397,2.29571974,2.23902483,2.16694552,2.07830118,1.97207937,1.84755222,1.70435070,1.54246517,1.36211998,1.16340881,0.94535816,0.70305585,,,,,0.64348911
12120,2.38731444,2.38156744,2.36413198,2.33444457,2.29163160,2.23460253,2.16216880,2.07317727,1.96664307,1.84186403,1.69849182,1.53652987,1.35620514,1.15759941,0.93970463,0.69754243,,,,,0.64167902
12180,2.38389688,2.37810272,2.36052916,2.33062229,2.28752444,2.23016591,2.15738298,2.06804979,1.96120896,1.83618374,1.69264631,1.53061380,1.35031582,1.15182275,0.93409728,0.69196534,,,,,0.63975998
12240,2.38045148,2.37461076,2.35690077,2.32677736,2.28339844,2.22571529,2.15258875,2.06292012,1.95577936,1.83051472,1.68681922,1.52472242,1.34445690,1.14608167,0.92852175,0.68635854,,,,,0.63782900
12300,2.37697851,2.37109183,2.35324718,2.32291019,2.27925438,2.22125155,2.14778746,2.05779004,1.95035636,1.82485927,1.68101169,1.51885579,1.33862585,1.14036924,0.92295916,0.68076920,,,,,0.63595648
12360,2.37347848,2.36754648,2.34956908,2.31902155,2.27509295,2.21677580,2.14298016,2.05266044,1.94494022,1.81921668,1.67522191,1.51300985,1.33281660,1.13467660,0.91740412,0.67520590,,,,,0.63408918
12420,2.36995208,2.36397538,2.34586711,2.31511215,2.27091500,2.21228861,2.13816715,2.04753118,1.93953040,1.81358570,1.66944805,1.50718290,1.32702788,1.12900168,0.91185838,0.66966125,,,,,0.63227837
12480,2.36639998,2.36037917,2.34214188,2.31118253,2.26672092,2.20779021,2.13334839,2.04240185,1.93412590,1.80796465,1.66368729,1.50137058,1.32125352,1.12333812,0.90632319,0.66417437,,,,,0.63048999
12540,2.36282271,2.35675841,2.33839393,2.30723307,2.26251080,2.20328044,2.12852343,2.03727166,1.92872581,1.80235283,1.65794062,1.49557706,1.31550202,1.11769960,0.90081842,0.65865673,,,,,0.62866858
12600,2.35922063,2.35311344,2.33462350,2.30326392,2.25828491,2.19875944,2.12369254,2.03214111,1.92333084,1.79675147,1.65220841,1.48980040,1.30976696,1.11207390,0.89532063,0.65323660,,,,,0.62698284
12660,2.35559477,2.34944773,2.33084152,2.29929908,2.25408585,2.19429533,2.11895614,2.02715031,1.91812843,1.79140219,1.64679399,1.48441250,1.30449687,1.10699669,0.89047685,0.64861756,,,,,0.62527394
12720,2.35194617,2.34575992,2.32703928,2.29531681,2.24987341,2.18982245,2.11421588,2.02216089,1.91293232,1.78606365,1.64139429,1.47904263,1.29924756,1.10194421,0.88567041,0.64391766,,,,,0.62344682
12780,2.34827504,2.34205020,2.32321695,2.29131736,2.24564753,2.18534073,2.10947207,2.01717335,1.90774360,1.78073788,1.63601242,1.47369496,1.29402336,1.09691880,0.88088411,0.63923442,,,,,0.62167946
12840,2.34458161,2.33831877,2.31937473,2.28730099,2.24140871,2.18085083,2.10472536,2.01218842,1.90256280,1.77542457,1.63064597,1.46836346,1.28881379,1.09190517,0.87609858,0.63464251,,,,,0.61999085
12900,2.34086621,2.33456596,2.31551292,2.28326795,2.23715709,2.17635274,2.09997546,2.00720528,1.89738838,1.77012153,1.62529282,1.46304748,1.28362169,1.08691065,0.87133817,0.63008235,,,,,0.61832737
12960,2.33712916,2.33079210,2.31163185,2.27921850,2.23289279,2.17184631,2.09522200,2.00222363,1.89222028,1.76482927,1.61995438,1.45774955,1.27845072,1.08194076,0.86661273,0.62542891,,,,,0.61653583
13020,2.33337066,2.32699738,2.30773167,2.27515268,2.22861583,2.16733182,2.09046545,1.99724413,1.88705989,1.75955029,1.61463479,1.45247599,1.27330988,1.07700658,0.86192062,0.62071146,,,,,0.61469407
13080,2.32959096,2.32318208,2.30381267,2.27107091,2.22432686,2.16280991,2.08570703,1.99226860,1.88190946,1.75428698,1.60933559,1.44722608,1.26819294,1.07209283,0.85722265,0.61612920,,,,,0.61299754
13140,2.32579055,2.31934669,2.29987536,2.26697393,2.22002655,2.15828156,2.08094738,1.98729718,1.87676791,1.74903617,1.60405064,1.44198983,1.26308733,1.06718541,0.85252689,0.61157309,,,,,0.61131228
13200,2.32197005,2.31549182,2.29592038,2.26286205,2.21571526,2.15374656,2.07618569,1.98232840,1.87163329,1.74379610,1.59878003,1.43677165,1.25800425,1.06230425,0.84786912,,,,,,0.60951991
13260,2.31812986,2.31161786,2.29194805,2.25873557,2.21139288,2.14920482,2.07142216,1.97736285,1.86650702,1.73856931,1.59352727,1.43157511,1.25294478,1.05744584,0.84322376,,,,,,0.60780924
13320,2.31427030,2.30772510,2.28795865,2.25459483,2.20706000,2.14465701,2.06665746,1.97240123,1.86138960,1.73335569,1.58829086,1.42639661,1.24790301,1.05260211,0.83858499,,,,,,0.60612468
13380,2.31039179,2.30381394,2.28395255,2.25044015,2.20271684,2.14010328,2.06189159,1.96744315,1.85628006,1.72815352,1.58306839,1.42123317,1.24287562,1.04776953,0.83395742,,,,,,0.60451747
13440,2.30649473,2.29988480,2.27993016,2.24627190,2.19836361,2.13554351,2.05712400,1.96248774,1.85117709,1.72296112,1.57785801,1.41608321,1.23786238,1.04295225,0.82935868,,,,,,0.60284470
13500,2.30257936,2.29593792,2.27589166,2.24209003,2.19400010,2.13097753,2.05235444,1.95753471,1.84608099,1.71778003,1.57266341,1.41095348,1.23287348,1.03816257,0.82478822,,,,,,0.60118657
13560,2.29864584,2.29197343,2.27183714,2.23789471,2.18962662,2.12640552,2.04758356,1.95258512,1.84099296,1.71261110,1.56748386,1.40584027,1.22790060,1.03338933,0.82023214,,,,,,0.59949159
13620,2.29469441,2.28799158,2.26776682,2.23368632,2.18524338,2.12182793,2.04281157,1.94763908,1.83591318,1.70745514,1.56232214,1.40074984,1.22295592,1.02864874,0.81570344,,,,,,0.59773378
13680,2.29072540,2.28399271,2.26368113,2.22946506,2.18085097,2.11724542,2.03803932,1.94269797,1.83084335,1.70231352,1.55717801,1.39567796,1.21802790,1.02391973,0.81116415,,,,,,0.59609876
13740,2.28673929,2.27997732,2.25958061,2.22523167,2.17644985,2.11265833,2.03326711,1.93776131,1.82578199,1.69718363,1.55204789,1.39062172,1.21311699,1.01920806,0.80664784,,,,,,0.59439187
13800,2.28273659,2.27594587,2.25546564,2.22098644,2.17204029,2.10806680,2.02849476,1.93282898,1.82072942,1.69206694,1.54693531,1.38558736,1.20823203,1.01452430,0.80215596,,,,,,0.59264318
13860,2.27871770,2.27189874,2.25133657,2.21672967,2.16762265,2.10347133,2.02372313,1.92790226,1.81568737,1.68696539,1.54184168,1.38057436,1.20336842,1.00985781,0.79766177,,,,,,0.59094805
13920,2.27468310,2.26783647,2.24719401,2.21246209,2.16319764,2.09887256,2.01895268,1.92298136,1.81065533,1.68187716,1.53676333,1.37557655,1.19851730,1.00519658,0.79316273,,,,,,0.58938360
13980,2.27063338,2.26375962,2.24303850,2.20818400,2.15876546,2.09427055,2.01418294,1.91806493,1.80563087,1.67679858,1.53169521,1.37058834,1.19367368,1.00053891,0.78868508,,,,,,0.58783069
14040,2.26656891,2.25966854,2.23887022,2.20389552,2.15432591,2.08966450,2.00941281,1.91315148,1.80061260,1.67172903,1.52663878,1.36561437,1.18884619,0.99589956,0.78424123,,,,,,0.58627607
14100,2.26248978,2.25556329,2.23468910,2.19959652,2.14987867,2.08505418,2.00464211,1.90824119,1.79560105,1.66666927,1.52159455,1.36065353,1.18403126,0.99127328,0.77981630,,,,,,0.58474730
14160,2.25839597,2.25144382,2.23049519,2.19528681,2.14542371,2.08043957,1.99987065,1.90333387,1.79059596,1.66161914,1.51656278,1.35570771,1.17923376,0.98667019,0.77542476,,,,,,0.58315604
14220,2.25428747,2.24731016,2.22628848,2.19096654,2.14096102,2.07582059,1.99509873,1.89843015,1.78559860,1.65658087,1.51154670,1.35078093,1.17445821,0.98209263,0.77104872,,,,,,0.58157865
14280,2.25016439,2.24316236,2.22206904,2.18663584,2.13649097,2.07119794,1.99032717,1.89353100,1.78060990,1.65155491,1.50654573,1.34587093,1.16970076,0.97753564,0.76668945,,,,,,0.57991879
14340,2.24602701,2.23900074,2.21783722,2.18229510,2.13201399,2.06657206,1.98555642,1.88863693,1.77563069,1.64654293,1.50156338,1.34098442,1.16497240,0.97301225,0.76234534,,,,,,0.57819847
14400,2.24187575,2.23482575,2.21359355,2.17794495,2.12753073,2.06194374,1.98078778,1.88374975,1.77066318,1.64154708,1.49660043,1.33611888,1.16026405,0.96850141,0.75797880,,,,,,0.57662194
14460,2.23771152,2.23063928,2.20934286,2.17359505,2.12305810,2.05733911,1.97605820,1.87891933,1.76577154,1.63664704,1.49175338,1.33138920,1.15571147,0.96416432,0.75382677,,,,,,0.57513178
14520,2.23353532,2.22644135,2.20508216,2.16923754,2.11858079,2.05273315,1.97133074,1.87409402,1.76088749,1.63175621,1.48691652,1.32667033,1.15117016,0.95983709,0.74970870,,,,,,0.57362779
14580,2.22934747,2.22223224,2.20081158,2.16487233,2.11409842,2.04812517,1.96660452,1.86927299,1.75601061,1.62687506,1.48209151,1.32196506,1.14664321,0.95552555,0.74561612,,,,,,0.57211924
14640,2.22514798,2.21801193,2.19653109,2.16049912,2.10961080,2.04351505,1.96187930,1.86445637,1.75114129,1.62200430,1.47727932,1.31727443,1.14213155,0.95123183,0.74154345,,,,,,0.57060965
14700,2.22093683,2.21378040,2.19224068,2.15611804,2.10511786,2.03890264,1.95715529,1.85964440,1.74627988,1.61714439,1.47248038,1.31259884,1.13763601,0.94695651,0.73748759,,,,,,0.56910088
14760,2.21671405,2.20953767,2.18794035,2.15172911,2.10061979,2.03428829,1.95243272,1.85483731,1.74142665,1.61229563,1.46769499,1.30793842,1.13315685,0.94269931,0.73344694,,,,,,0.56759412
14820,2.21247976,2.20528383,2.18363018,2.14733239,2.09611664,2.02967204,1.94771171,1.85003530,1.73658180,1.60745819,1.46292333,1.30329344,1.12869449,0.93846001,0.72942065,,,,,,0.56609017
14880,2.20823414,2.20101912,2.17931044,2.14292819,2.09160872,2.02505412,1.94299241,1.84523847,1.73174549,1.60263221,1.45816549,1.29866401,1.12424894,0.93423795,0.72540785,,,,,,0.56458960
14940,2.20397743,2.19674375,2.17498136,2.13851667,2.08709608,2.02043478,1.93827508,1.84044702,1.72691784,1.59781776,1.45342152,1.29405006,1.11982023,0.93003297,0.72140828,,,,,,0.56309284
15000,2.19970989,2.19245800,2.17064318,2.13409802,2.08257913,2.01581406,1.93355989,1.83566109,1.72209892,1.59301490,1.44869140,1.28945174,1.11540832,0.92584443,0.71742172,,,,,,0.56160019
15060,2.19543179,2.18816212,2.16629607,2.12967260,2.07805787,2.01119232,1.92884687,1.83088080,1.71728882,1.58822366,1.44397513,1.28486906,1.11101298,0.92167225,0.71344767,,,,,,0.56011188
15120,2.19114342,2.18385641,2.16194038,2.12524055,2.07353276,2.00656962,1.92413626,1.82610626,1.71248759,1.58344407,1.43927277,1.28030190,1.10663424,0.91751593,0.70948610,,,,,,0.55862809
15180,2.18684506,2.17954114,2.15757641,2.12080215,2.06900378,2.00194621,1.91942824,1.82133758,1.70769529,1.57867615,1.43458432,1.27575026,1.10227177,0.91337533,0.70553690,,,,,,0.55714895
15240,2.18253702,2.17521661,2.15320442,2.11635773,2.06447138,1.99732230,1.91472290,1.81657477,1.70291199,1.57391991,1.42990975,1.27121412,1.09792557,0.90925017,0.70159969,,,,,,0.55567452
15300,2.17821958,2.17088305,2.14882459,2.11190738,2.05993557,1.99269795,1.91002032,1.81181798,1.69813772,1.56917536,1.42524904,1.26669337,1.09359539,0.90514021,0.69767445,,,,,,0.55420489
15360,2.17389302,2.16654079,2.14443727,2.10745148,2.05539674,1.98807350,1.90532073,1.80706731,1.69337254,1.56444252,1.42060209,1.26218789,1.08928108,0.90104534,0.69376113,,,,,,0.55274007
15420,2.16955764,2.16219012,2.14004273,2.10299028,2.05085496,1.98344896,1.90062426,1.80232284,1.68861647,1.55972133,1.41596894,1.25769768,1.08498256,0.89696522,0.68985937,,,,,,0.55128011
15480,2.16521372,2.15783130,2.13564125,2.09852386,2.04631054,1.97882460,1.89593092,1.79758466,1.68386957,1.55501185,1.41134956,1.25322262,1.08069955,0.89289988,0.68596913,,,,,,0.54982501
15540,2.16086153,2.15346463,2.13123300,2.09405262,2.04176360,1.97420060,1.89124092,1.79285283,1.67913187,1.55031408,1.40674391,1.24876253,1.07643208,0.88884892,0.68209038,,,,,,0.54837477
15600,2.15650136,2.14909035,2.12681828,2.08957675,2.03721442,1.96957699,1.88655440,1.78812741,1.67440340,1.54562800,1.40215192,1.24431745,1.07217979,0.88481241,0.67822281,,,,,,0.54692940
15660,2.15213347,2.14470876,2.12239738,2.08509640,2.03266312,1.96495410,1.88187146,1.78340846,1.66968419,1.54095361,1.39757348,1.23988723,1.06794275,0.88079004,0.67436628,,,,,,0.54548889
15720,2.14775812,2.14032009,2.11797054,2.08061192,2.02810995,1.96033194,1.87719211,1.77869609,1.66497428,1.53629090,1.39300862,1.23547170,1.06372068,0.87678175,0.67052082,,,,,,0.54405323
15780,2.14337558,2.13592458,2.11353795,2.07612343,2.02355506,1.95571073,1.87251659,1.77399037,1.66027369,1.53163986,1.38845729,1.23107088,1.05951355,0.87278741,0.66668621,,,,,,0.54262240
15840,2.13898611,2.13152249,2.10909985,2.07163116,2.01899865,1.95109066,1.86784499,1.76929137,1.65558245,1.52700049,1.38391943,1.22668464,1.05532117,0.86880680,0.66286215,,,,,,0.54119639
15900,2.13458997,2.12711409,2.10465653,2.06713540,2.01444090,1.94647174,1.86317736,1.76459915,1.65090058,1.52237275,1.37939496,1.22231280,1.05114345,0.86483996,0.65904874,,,,,,0.53977519
15960,2.13018739,2.12269963,2.10020822,2.06263622,2.00988198,1.94185426,1.85851380,1.75991377,1.64622812,1.51775664,1.37488378,1.21795539,1.04698028,0.86088650,0.65524585,,,,,,0.53835877
16020,2.12577863,2.11827935,2.09575510,2.05813393,2.00532209,1.93723826,1.85385448,1.75523523,1.64156507,1.51315214,1.37038591,1.21361228,1.04283148,0.85694656,0.65145304,,,,,,0.53694712
16080,2.12136393,2.11385348,2.09129737,2.05362875,2.00076136,1.93262391,1.84919950,1.75056366,1.63691146,1.50855920,1.36590129,1.20928329,1.03869705,0.85301986,0.64767045,,,,,,0.53554022
16140,2.11694352,2.10942226,2.08683532,2.04912073,1.99620001,1.92801141,1.84454883,1.74589910,1.63226731,1.50397781,1.36142985,1.20496845,1.03457672,0.84910634,0.64389798,,,,,,0.53413804
16200,2.11251765,2.10498592,2.08236917,2.04461023,1.99163814,1.92340072,1.83990267,1.74124162,1.62763263,1.49940797,1.35697146,1.20066763,1.03047058,0.84520593,0.64013531,,,,,,0.53274057
16260,2.10808717,2.10054774,2.07790952,2.04012008,1.98711589,1.91885420,1.83535019,1.73671206,1.62316442,1.49504700,1.35276780,1.19667074,1.02672196,0.84172503,0.63687604,,,,,,0.53133983
16320,2.10365320,2.09610638,2.07344761,2.03562918,1.98259487,1.91431119,1.83080365,1.73219082,1.61870671,1.49069835,1.34857771,1.19268800,1.02298731,0.83825688,0.63362386,,,,,,0.52993789
16380,2.09921588,2.09166200,2.06898368,2.03113782,1.97807541,1.90977207,1.82626338,1.72767820,1.61425975,1.48636218,1.34440138,1.18871957,1.01926674,0.83480137,0.63037885,,,,,,0.52853749
16440,2.09477542,2.08721481,2.06451792,2.02664618,1.97355758,1.90523676,1.82172940,1.72317430,1.60982362,1.48203856,1.34023874,1.18476539,1.01556014,0.83135814,0.62714127,,,,,,0.52713962
16500,2.09033204,2.08276503,2.06005053,2.02215435,1.96904152,1.90070557,1.81720181,1.71867901,1.60539828,1.47772742,1.33608975,1.18082535,1.01186734,0.82792685,0.62391132,,,,,,0.52574468
16560,2.08588596,2.07831288,2.05558171,2.01766253,1.96452747,1.89617842,1.81268069,1.71419247,1.60098366,1.47342870,1.33195429,1.17689932,1.00818814,0.82450717,0.62068937,,,,,,0.52435294
16620,2.08143740,2.07385856,2.05111158,2.01317095,1.96001540,1.89165559,1.80816603,1.70971471,1.59657977,1.46914236,1.32783231,1.17298719,1.00452237,0.82109910,0.61747542,,,,,,0.52296465
16680,2.07698655,2.06940227,2.04664038,2.00867977,1.95550559,1.88713702,1.80365802,1.70524563,1.59218663,1.46486836,1.32372372,1.16908884,1.00086982,0.81770253,0.61426930,,,,,,0.52157997
16740,2.07253363,2.06494422,2.04216832,2.00418902,1.95099816,1.88262294,1.79915655,1.70078537,1.58780424,1.46060659,1.31962844,1.16520416,0.99723035,0.81431736,0.61107137,,,,,,0.52019903
16800,2.06807884,2.06048459,2.03769558,1.99969899,1.94649312,1.87811336,1.79466186,1.69633399,1.58343254,1.45635704,1.31554639,1.16133302,0.99360385,0.81094340,0.60788158,,,,,,0.51882193
16860,2.06362236,2.05602358,2.03322233,1.99520985,1.94199075,1.87360843,1.79017389,1.69189135,1.57907151,1.45211969,1.31147749,1.15747530,0.98999019,0.80758064,0.60469965,,,,,,0.51744874
16920,2.05916439,2.05156136,2.02874870,1.99072167,1.93749109,1.86910821,1.78569276,1.68745761,1.57472118,1.44789448,1.30742166,1.15363090,0.98638924,0.80422904,0.60152590,,,,,,0.51607951
16980,2.05470513,2.04709810,2.02427488,1.98623461,1.93299426,1.86461281,1.78121852,1.68303280,1.57038154,1.44368137,1.30337880,1.14979970,0.98280091,0.80088853,0.59836027,,,,,,0.51471431
17040,2.05024475,2.04263402,2.01980106,1.98174889,1.92850048,1.86012231,1.77675115,1.67861679,1.56605255,1.43948029,1.29934885,1.14598160,0.97922507,0.79755899,0.59520239,,,,,,0.51335316
17100,2.04578345,2.03816930,2.01532742,1.97726464,1.92400970,1.85563679,1.77229086,1.67420975,1.56173414,1.43529121,1.29533171,1.14217648,0.97566162,0.79424033,0.59205260,,,,,,0.51199610
17160,2.04132140,2.03370410,2.01085412,1.97278188,1.91952218,1.85115637,1.76783749,1.66981168,1.55742637,1.43111401,1.29132730,1.13838425,0.97211042,0.79093258,0.58891082,,,,,,0.51064314
17220,2.03685877,2.02923860,2.00638129,1.96830088,1.91503800,1.84668107,1.76339128,1.66542247,1.55312922,1.42694869,1.28733555,1.13460481,0.96857143,0.78763566,0.58577664,,,,,,0.50929431
17280,2.03239574,2.02477297,2.00190906,1.96382179,1.91055719,1.84221106,1.75895216,1.66104226,1.54884266,1.42279520,1.28335637,1.13083806,0.96504456,0.78434948,0.58265039,,,,,,0.50794963
17340,2.02793249,2.02030738,1.99743763,1.95934465,1.90608000,1.83774631,1.75452024,1.65667108,1.54456659,1.41865350,1.27938968,1.12708392,0.96152973,0.78107390,0.57953198,,,,,,0.50660909
17400,2.02346917,2.01584199,1.99296717,1.95486962,1.90160640,1.83328702,1.75009556,1.65230879,1.54030107,1.41452353,1.27543541,1.12334230,0.95802686,0.77780898,0.57642099,,,,,,0.50527271
17460,2.01900596,2.01137695,1.98849781,1.95039688,1.89713658,1.82883313,1.74567810,1.64795554,1.53604610,1.41040523,1.27149348,1.11961310,0.95453586,0.77455466,0.57331776,,,,,,0.50394049
17520,2.01454301,2.00691244,1.98402971,1.94592656,1.89267067,1.82438487,1.74126803,1.64361135,1.53180163,1.40629856,1.26756382,1.11589622,0.95105664,0.77131082,0.57022214,,,,,,0.50261244
17580,2.01008049,2.00244855,1.97956292,1.94145866,1.88820861,1.81994213,1.73686521,1.63927609,1.52756757,1.40220343,1.26364636,1.11219161,0.94758909,0.76807734,0.56713376,,,,,,0.50128853
17640,2.00561854,1.99798548,1.97509767,1.93699343,1.88375069,1.81550518,1.73246985,1.63494988,1.52334397,1.39811980,1.25974100,1.10849917,0.94413319,0.76485426,0.56405293,,,,,,0.49996879
17700,2.00115733,1.99352339,1.97063410,1.93253099,1.87929691,1.81107389,1.72808190,1.63063276,1.51913081,1.39404765,1.25584770,1.10481884,0.94068886,0.76164154,0.56097945,,,,,,0.49865319
17760,1.99669700,1.98906242,1.96617234,1.92807138,1.87484734,1.80664852,1.72370141,1.62632460,1.51492807,1.38998692,1.25196638,1.10115054,0.93725604,0.75843906,0.55791303,,,,,,0.49734174
17820,1.99223771,1.98460272,1.96171253,1.92361473,1.87040219,1.80222895,1.71932847,1.62202550,1.51073568,1.38593757,1.24809698,1.09749420,0.93383465,0.75524668,0.55485394,,,,,,0.49603441
17880,1.98777958,1.98014442,1.95725472,1.91916123,1.86596139,1.79781541,1.71496299,1.61773551,1.50655361,1.38189954,1.24423944,1.09384973,0.93042463,0.75206447,0.55180189,,,,,,0.49473122
17940,1.98332278,1.97568767,1.95279911,1.91471096,1.86152516,1.79340782,1.71060517,1.61345450,1.50238189,1.37787280,1.24039368,1.09021708,0.92702583,0.74889236,0.54875673,,,,,,0.49343213
18000,1.97886744,1.97123259,1.94834582,1.91026392,1.85709355,1.78900638,1.70625487,1.60918256,1.49822050,1.37385727,1.23655965,1.08659617,0.92363827,0.74573025,0.54571866,,,,,,0.49213715
18060,1.97441330,1.96677753,1.94388892,1.90580719,1.85264355,1.78457541,1.70186148,1.60485132,1.49398107,1.36974256,1.23260282,1.08282601,0.92007109,0.74235051,0.54240390,,,,,,0.49085075
18120,1.96996005,1.96232356,1.93943373,1.90135316,1.84819751,1.78014981,1.69747491,1.60052830,1.48975111,1.36563827,1.22865702,1.07906702,0.91651473,0.73898059,0.53909808,,,,,,0.48957142
18180,1.96550784,1.95787079,1.93498032,1.89690184,1.84375542,1.77572958,1.69309519,1.59621359,1.48553075,1.36154457,1.22472233,1.07531925,0.91296915,0.73562050,0.53579990,,,,,,0.48829777
18240,1.96105680,1.95341940,1.93052890,1.89245349,1.83931755,1.77131495,1.68872250,1.59190728,1.48132000,1.35746142,1.22079878,1.07158275,0.90943450,0.73227064,0.53250936,,,,,,0.48702939
18300,1.95660705,1.94896951,1.92607958,1.88800819,1.83488382,1.76690587,1.68435688,1.58760939,1.47711886,1.35338880,1.21688630,1.06785745,0.90591069,0.72893073,0.52922589,,,,,,0.48576597
18360,1.95215871,1.94452123,1.92163249,1.88356591,1.83045444,1.76250245,1.67999824,1.58331992,1.47292731,1.34932667,1.21298487,1.06414330,0.90239767,0.72560107,0.52594909,,,,,,0.48450731
18420,1.94771190,1.94007470,1.91718765,1.87912689,1.82602940,1.75810475,1.67564671,1.57903890,1.46874534,1.34527499,1.20909442,1.06044020,0.89889554,0.72228130,0.52267906,,,,,,0.48325325
18480,1.94326676,1.93563002,1.91274522,1.87469121,1.82160882,1.75371276,1.67130234,1.57476623,1.46457293,1.34123374,1.20521490,1.05674817,0.89540415,0.71897164,0.51941502,,,,,,0.48200366
18540,1.93882341,1.93118734,1.90830535,1.87025886,1.81719278,1.74932666,1.66696509,1.57050200,1.46041006,1.33720287,1.20134627,1.05306719,0.89192356,0.71567174,0.51615725,,,,,,0.48075844
18600,1.93438197,1.92674675,1.90386814,1.86583007,1.81278133,1.74494633,1.66263500,1.56624623,1.45625671,1.33318235,1.19748846,1.04939717,0.88845376,0.71238178,0.51290541,,,,,,0.47951753
18660,1.92994256,1.92230836,1.89943367,1.86140488,1.80837459,1.74057198,1.65831216,1.56199891,1.45211288,1.32917214,1.19364145,1.04573807,0.88499456,0.70910142,0.50965913,,,,,,0.47828083
18720,1.92550528,1.91787227,1.89500200,1.85698331,1.80397255,1.73620358,1.65399655,1.55776005,1.44797854,1.32517223,1.18980522,1.04208990,0.88154609,0.70583083,0.50641864,,,,,,0.47704830
18780,1.92107026,1.91343861,1.89057331,1.85256556,1.79957540,1.73184120,1.64968816,1.55352959,1.44385368,1.32118257,1.18597974,1.03845263,0.87810821,0.70256969,0.50318329,,,,,,0.47581988
18840,1.91663760,1.90900750,1.88614769,1.84815166,1.79518305,1.72748492,1.64538710,1.54930759,1.43973829,1.31720314,1.18216495,1.03482615,0.87468086,0.69931816,0.49995324,,,,,,0.47459550
18900,1.91220742,1.90457904,1.88172524,1.84374166,1.79079576,1.72313469,1.64109339,1.54509407,1.43563233,1.31323391,1.17836084,1.03121046,0.87126409,0.69607590,0.49672839,,,,,,0.47337513
18960,1.90777982,1.90015333,1.87730596,1.83933574,1.78641339,1.71879070,1.63680694,1.54088902,1.43153579,1.30927486,1.17456731,1.02760555,0.86785769,0.69284311,0.49350810,,,,,,0.47215872
19020,1.90335490,1.89573049,1.87289004,1.83493390,1.78203620,1.71445284,1.63252790,1.53669245,1.42744867,1.30532594,1.17078437,1.02401137,0.86446174,0.68961944,0.49029277,,,,,,0.47094623
19080,1.89893278,1.89131060,1.86847758,1.83053623,1.77766409,1.71012129,1.62825628,1.53250433,1.42337096,1.30138715,1.16701200,1.02042779,0.86107616,0.68640508,0.48708191,,,,,,0.46973761
19140,1.89451355,1.88689378,1.86406867,1.82614288,1.77329725,1.70579602,1.62399202,1.52832467,1.41930265,1.29745845,1.16325015,1.01685486,0.85770081,0.68319967,0.48387534,,,,,,0.46853283
19200,1.89009731,1.88248007,1.85966332,1.82175382,1.76893565,1.70147706,1.61973520,1.52415349,1.41524371,1.29353982,1.15949880,1.01329255,0.85433578,0.68000345,0.48067324,,,,,,0.46733186
19260,1.88568415,1.87806961,1.85526167,1.81736918,1.76457942,1.69716455,1.61548589,1.51999081,1.41119414,1.28963122,1.15575791,1.00974076,0.85098086,0.67681601,0.47747489,,,,,,0.46613465
19320,1.88127419,1.87366249,1.85086383,1.81298910,1.76022857,1.69285837,1.61124403,1.51583664,1.40715393,1.28573265,1.15202741,1.00619943,0.84763611,0.67363760,0.47428054,,,,,,0.46494117
19380,1.87686751,1.86925881,1.84646990,1.80861351,1.75588317,1.68855873,1.60700964,1.51169095,1.40312306,1.28184406,1.14830727,1.00266860,0.84430145,0.67046785,0.47109011,,,,,,0.46375140
19440,1.87246421,1.86485866,1.84207990,1.80424258,1.75154330,1.68426554,1.60278281,1.50755371,1.39910152,1.27796544,1.14459750,0.99914820,0.84097677,0.66730696,0.46790281,,,,,,0.46256530
19500,1.86806437,1.86046213,1.83769390,1.79987642,1.74720897,1.67997890,1.59856355,1.50342497,1.39508930,1.27409677,1.14089805,0.99563810,0.83766212,0.66415461,0.46471912,,,,,,0.46138285
19560,1.86366809,1.85606931,1.83331205,1.79551494,1.74288031,1.67569887,1.59435178,1.49930474,1.39108639,1.27023801,1.13720889,0.99213835,0.83435731,0.66101096,0.46153868,,,,,,0.46020400
19620,1.85927546,1.85168028,1.82893442,1.79115836,1.73855726,1.67142540,1.59014763,1.49519303,1.38709276,1.26638912,1.13352998,0.98864890,0.83106241,0.65787573,,,,,,,0.45902873
19680,1.85488656,1.84729512,1.82456109,1.78680673,1.73424002,1.66715865,1.58595112,1.49108983,1.38310842,1.26255011,1.12986124,0.98516967,0.82777731,0.65474902,,,,,,,0.45785702
19740,1.85050149,1.84291388,1.82019203,1.78246000,1.72992847,1.66289851,1.58176217,1.48699512,1.37913335,1.25872094,1.12620268,0.98170061,0.82450193,0.65163064,,,,,,,0.45668884
19800,1.84612031,1.83853669,1.81582744,1.77811836,1.72562285,1.65864513,1.57758086,1.48290889,1.37516753,1.25490159,1.12255427,0.97824174,0.82123634,0.64852060,,,,,,,0.45552416
19860,1.84174366,1.83416561,1.81147368,1.77379533,1.72134637,1.65443440,1.57345816,1.47889935,1.37129849,1.25120100,1.11904832,0.97495117,0.81816838,0.64564592,,,,,,,0.45435884
19920,1.83737180,1.82979944,1.80712522,1.76947806,1.71707653,1.65023103,1.56934357,1.47489879,1.36743903,1.24751042,1.11555256,0.97167069,0.81511003,0.64277935,,,,,,,0.45319392
19980,1.83300492,1.82543839,1.80278219,1.76516687,1.71281340,1.64603520,1.56523737,1.47090731,1.36358931,1.24382997,1.11206713,0.96840040,0.81206133,0.63992048,,,,,,,0.45203086
20040,1.82864309,1.82108251,1.79844466,1.76086180,1.70855706,1.64184695,1.56113957,1.46692492,1.35974931,1.24015964,1.10859200,0.96514026,0.80902220,0.63706915,,,,,,,0.45087002
20100,1.82428639,1.81673188,1.79411275,1.75656280,1.70430761,1.63766631,1.55705009,1.46295167,1.35591902,1.23649941,1.10512712,0.96189024,0.80599251,0.63422537,,,,,,,0.44971167
20160,1.81993488,1.81238657,1.78978651,1.75227001,1.70006493,1.63349329,1.55296907,1.45898754,1.35209837,1.23284925,1.10167247,0.95865028,0.80297210,0.63138900,,,,,,,0.44855597
20220,1.81558863,1.80804664,1.78546601,1.74798350,1.69582923,1.62932794,1.54889642,1.45503244,1.34828738,1.22920914,1.09822800,0.95542031,0.79996094,0.62855994,,,,,,,0.44740303
20280,1.81124773,1.80371215,1.78115126,1.74370325,1.69160045,1.62517024,1.54483218,1.45108646,1.34448605,1.22557903,1.09479367,0.95220027,0.79695895,0.62573832,,,,,,,0.44625291
20340,1.80691223,1.79938316,1.77684233,1.73942934,1.68737866,1.62102027,1.54077642,1.44714960,1.34069435,1.22195891,1.09136943,0.94899009,0.79396605,0.62292406,,,,,,,0.44510569
20400,1.80258221,1.79505976,1.77253932,1.73516186,1.68316394,1.61687800,1.53672901,1.44322178,1.33691227,1.21834874,1.08795522,0.94578970,0.79098211,0.62011700,,,,,,,0.44396139
20460,1.79825773,1.79074201,1.76824228,1.73090083,1.67895620,1.61274350,1.53269010,1.43930303,1.33313975,1.21474849,1.08455102,0.94259905,0.78800711,0.61731729,,,,,,,0.44282004
20520,1.79393885,1.78642998,1.76395128,1.72664624,1.67475562,1.60861674,1.52865961,1.43539337,1.32937678,1.21115812,1.08115677,0.93941804,0.78504101,0.61452487,,,,,,,0.44168168
20580,1.78962564,1.78212372,1.75966632,1.72239823,1.67056213,1.60449781,1.52463757,1.43149279,1.32562336,1.20757761,1.07777243,0.93624664,0.78208378,0.61173953,,,,,,,0.44054630
20640,1.78531817,1.77782330,1.75538746,1.71815684,1.66637582,1.60038665,1.52062404,1.42760121,1.32187949,1.20400691,1.07439794,0.93308481,0.77913535,0.60896144,,,,,,,0.43941392
20700,1.78101648,1.77352878,1.75111480,1.71392200,1.66219674,1.59628336,1.51661890,1.42371870,1.31814513,1.20044599,1.07103327,0.92993248,0.77619559,0.60619055,,,,,,,0.43828456
20760,1.77672065,1.76924021,1.74684839,1.70969386,1.65802483,1.59218787,1.51262229,1.41984526,1.31442027,1.19689481,1.06767838,0.92678963,0.77326456,0.60342661,,,,,,,0.43715821
20820,1.77243072,1.76495764,1.74258828,1.70547248,1.65386024,1.58810031,1.50863415,1.41598081,1.31070483,1.19335336,1.06433320,0.92365618,0.77034220,0.60066981,,,,,,,0.43603488
20880,1.76814676,1.76068111,1.73833446,1.70125779,1.64970289,1.58402057,1.50465447,1.41212539,1.30699885,1.18982160,1.06099771,0.92053210,0.76742848,0.59792010,,,,,,,0.43491456
20940,1.76386882,1.75641068,1.73408700,1.69704991,1.64555288,1.57994880,1.50068334,1.40827901,1.30330230,1.18629949,1.05767187,0.91741734,0.76452327,0.59517721,,,,,,,0.43379725
21000,1.75959695,1.75214642,1.72984600,1.69284891,1.64141024,1.57588490,1.49672064,1.40444166,1.29961517,1.18278701,1.05435562,0.91431182,0.76162659,0.59244133,,,,,,,0.43268296
21060,1.75533122,1.74788839,1.72561149,1.68865475,1.63727494,1.57182900,1.49276646,1.40061325,1.29593744,1.17928412,1.05104893,0.91121552,0.75873841,0.58971242,,,,,,,0.43157167
21120,1.75107167,1.74363663,1.72138351,1.68446749,1.63314711,1.56778098,1.48882083,1.39679386,1.29226905,1.17579079,1.04775176,0.90812842,0.75585871,0.58699019,,,,,,,0.43046338
21180,1.74681835,1.73939119,1.71716205,1.68028721,1.62902664,1.56374101,1.48488363,1.39298348,1.28860998,1.17230700,1.04446408,0.90505046,0.75298739,0.58427486,,,,,,,0.42935809
21240,1.74257132,1.73515213,1.71294720,1.67611392,1.62491368,1.55970895,1.48095500,1.38918205,1.28496025,1.16883270,1.04118583,0.90198161,0.75012441,0.58156634,,,,,,,0.42825578
21300,1.73833061,1.73091948,1.70873901,1.67194760,1.62080820,1.55568497,1.47703486,1.38538957,1.28131983,1.16536786,1.03791699,0.89892182,0.74726978,0.57886438,,,,,,,0.42715645
21360,1.73409630,1.72669330,1.70453755,1.66778838,1.61671020,1.55166892,1.47312322,1.38160607,1.27768870,1.16191246,1.03465750,0.89587107,0.74442346,0.57616917,,,,,,,0.42606009
21420,1.72986840,1.72247363,1.70034283,1.66363628,1.61261981,1.54766099,1.46922015,1.37783154,1.27406684,1.15846647,1.03140735,0.89282928,0.74158539,0.57348062,,,,,,,0.42496669
21480,1.72564699,1.71826048,1.69615482,1.65949123,1.60853689,1.54366102,1.46532553,1.37406589,1.27045418,1.15502985,1.02816649,0.88979642,0.73875548,0.57079851,,,,,,,0.42387624
21540,1.72143209,1.71405392,1.69197364,1.65535336,1.60446162,1.53966918,1.46143948,1.37030918,1.26685074,1.15160255,1.02493488,0.88677247,0.73593377,0.56812302,,,,,,,0.42278874
21600,1.71722376,1.70985401,1.68779934,1.65122273,1.60039392,1.53568533,1.45756196,1.36656142,1.26325651,1.14818458,1.02171250,0.88375740,0.73312023,0.56545400,,,,,,,0.42170416
21660,1.71302274,1.70566327,1.68363975,1.64711585,1.59636257,1.53175364,1.45375510,1.36290564,1.25977796,1.14490814,1.01865991,0.88094343,0.73054483,0.56307467,,,,,,,0.42061755
21720,1.70882920,1.70148008,1.67948790,1.64301699,1.59233961,1.52783057,1.44995736,1.35925918,1.25630887,1.14164116,1.01561649,0.87813822,0.72797740,0.56070122,,,,,,,0.41953027
21780,1.70464337,1.69730465,1.67534395,1.63892636,1.58832516,1.52391648,1.44616882,1.35562226,1.25284938,1.13838379,1.01258241,0.87534186,0.72541796,0.55833327,,,,,,,0.41844401
21840,1.70046526,1.69313703,1.67120797,1.63484401,1.58431929,1.52001130,1.44238957,1.35199477,1.24939954,1.13513593,1.00955765,0.87255432,0.72286640,0.55597074,,,,,,,0.41735925
21900,1.69629494,1.68897724,1.66708001,1.63076988,1.58032206,1.51611504,1.43861952,1.34837681,1.24595925,1.13189760,1.00654216,0.86977552,0.72032260,0.55361365,,,,,,,0.41627631
21960,1.69213241,1.68482531,1.66296008,1.62670403,1.57633338,1.51222776,1.43485874,1.34476825,1.24252852,1.12866878,1.00353591,0.86700540,0.71778646,0.55126202,,,,,,,0.41519541
22020,1.68797772,1.68068128,1.65884823,1.62264651,1.57235331,1.50834934,1.43110715,1.34116917,1.23910735,1.12544945,1.00053882,0.86424393,0.71525787,0.54891590,,,,,,,0.41411669
22080,1.68383090,1.67654518,1.65474447,1.61859734,1.56838192,1.50447992,1.42736481,1.33757950,1.23569564,1.12223947,0.99755086,0.86149103,0.71273678,0.54657532,,,,,,,0.41304025
22140,1.67969198,1.67241701,1.65064879,1.61455648,1.56441912,1.50061940,1.42363165,1.33399922,1.23229340,1.11903889,0.99457200,0.85874665,0.71022312,0.54424030,,,,,,,0.41196618
22200,1.67556099,1.66829682,1.64656123,1.61052398,1.56046496,1.49676782,1.41990772,1.33042836,1.22890066,1.11584770,0.99160221,0.85601071,0.70771686,0.54191084,,,,,,,0.41089455
22260,1.67143796,1.66418464,1.64248184,1.60649989,1.55651950,1.49292522,1.41619295,1.32686680,1.22551728,1.11266582,0.98864143,0.85328317,0.70521795,0.53958696,,,,,,,0.40982539
22320,1.66732292,1.66008051,1.63841064,1.60248422,1.55258267,1.48909150,1.41248738,1.32331465,1.22214331,1.10949318,0.98568961,0.85056398,0.70272635,0.53726865,,,,,,,0.40875875
22380,1.66321590,1.65598444,1.63434766,1.59847694,1.54865451,1.48526678,1.40879097,1.31977177,1.21877875,1.10632981,0.98274667,0.84785307,0.70024205,0.53495591,,,,,,,0.40769466
22440,1.65911692,1.65189646,1.63029291,1.59447807,1.54473507,1.48145095,1.40510374,1.31623824,1.21542347,1.10317567,0.97981260,0.84515042,0.69776500,0.53264870,,,,,,,0.40663315
22500,1.65502601,1.64781661,1.62624639,1.59048767,1.54082430,1.47764408,1.40142564,1.31271399,1.21207752,1.10003070,0.97688736,0.84245597,0.69529518,0.53034700,,,,,,,0.40557424
22560,1.65094319,1.64374489,1.62220812,1.58650577,1.53692221,1.47384616,1.39775670,1.30919900,1.20874090,1.09689483,0.97397092,0.83976965,0.69283256,0.52805084,,,,,,,0.40451795
22620,1.64686849,1.63968134,1.61817814,1.58253231,1.53302886,1.47005714,1.39409688,1.30569331,1.20541346,1.09376809,0.97106322,0.83709146,0.69037712,0.52576020,,,,,,,0.40346429
22680,1.64280194,1.63562598,1.61415649,1.57856732,1.52914420,1.46627712,1.39044619,1.30219678,1.20209529,1.09065043,0.96816421,0.83442135,0.68792882,0.52347505,,,,,,,0.40241327
22740,1.63874355,1.63157882,1.61014317,1.57461086,1.52526825,1.46250595,1.38680461,1.29870953,1.19878636,1.08754179,0.96527384,0.83175928,0.68548765,0.52119539,,,,,,,0.40136491
22800,1.63469334,1.62753990,1.60613820,1.57066294,1.52140105,1.45874377,1.38317213,1.29523143,1.19548653,1.08444212,0.96239210,0.82910524,0.68305358,0.51892118,,,,,,,0.40031921
22860,1.63065135,1.62350921,1.60214157,1.56672353,1.51754256,1.45499050,1.37954874,1.29176253,1.19219588,1.08135143,0.95951895,0.82645917,0.68062658,0.51665241,,,,,,,0.39927618
22920,1.62661758,1.61948678,1.59815330,1.56279263,1.51369279,1.45124614,1.37593443,1.28830280,1.18891439,1.07826969,0.95665435,0.82382104,0.67820663,0.51438905,,,,,,,0.39823582
22980,1.62259207,1.61547263,1.59417342,1.55887030,1.50985179,1.44751075,1.37232919,1.28485217,1.18564192,1.07519683,0.95379828,0.82119083,0.67579371,0.51213108,,,,,,,0.39719813
23040,1.61857482,1.61146679,1.59020197,1.55495656,1.50601952,1.44378420,1.36873300,1.28141071,1.18237856,1.07213281,0.95095066,0.81856850,0.67338778,0.50987846,,,,,,,0.39616312
23100,1.61456587,1.60746928,1.58623895,1.55105136,1.50219596,1.44006663,1.36514586,1.27797828,1.17912426,1.06907764,0.94811147,0.81595402,0.67098883,0.50763118,,,,,,,0.39513079
23160,1.61056521,1.60348011,1.58228437,1.54715472,1.49838120,1.43635793,1.36156775,1.27455498,1.17587891,1.06603129,0.94528070,0.81334736,0.66859683,0.50538920,,,,,,,0.39410114
23220,1.60657289,1.59949930,1.57833822,1.54326669,1.49457516,1.43265814,1.35799865,1.27114072,1.17264257,1.06299368,0.94245831,0.81074847,0.66621176,0.50315246,,,,,,,0.39307417
23280,1.60258890,1.59552686,1.57440052,1.53938728,1.49077786,1.42896728,1.35443857,1.26773549,1.16941523,1.05996480,0.93964428,0.80815733,0.66383358,0.50092091,,,,,,,0.39204988
23340,1.59861327,1.59156281,1.57047129,1.53551645,1.48698934,1.42528527,1.35088748,1.26433932,1.16619676,1.05694463,0.93683857,0.80557393,0.66146228,0.49869456,,,,,,,0.39102826
23400,1.59464601,1.58760717,1.56655057,1.53165421,1.48320957,1.42161220,1.34734537,1.26095209,1.16298722,1.05393316,0.93404111,0.80299822,0.65909783,0.49647339,,,,,,,0.39000931
23460,1.59068724,1.58365971,1.56263708,1.52779765,1.47943322,1.41793972,1.34380049,1.25755814,1.15976636,1.05090512,0.93122122,0.80039327,0.65669557,0.49420098,,,,,,,0.38899405
23520,1.58673649,1.57972030,1.55873174,1.52394936,1.47566532,1.41427582,1.34026426,1.25417283,1.15655404,1.04788547,0.92840938,0.79779584,0.65430002,0.49193376,,,,,,,0.38798207
23580,1.58279396,1.57578911,1.55483469,1.52010948,1.47190597,1.41062060,1.33673681,1.25079634,1.15335048,1.04487434,0.92560569,0.79520601,0.65191125,0.48967183,,,,,,,0.38697309
23640,1.57885966,1.57186617,1.55094597,1.51627805,1.46815521,1.40697411,1.33321819,1.24742871,1.15015566,1.04187174,0.92281015,0.79262376,0.64952927,0.48741514,,,,,,,0.38596704
23700,1.57493361,1.56795152,1.54706561,1.51245511,1.46441308,1.40333634,1.32970832,1.24406980,1.14696953,1.03887762,0.92002271,0.79004907,0.64715407,0.48516361,,,,,,,0.38496383
23760,1.57101583,1.56404516,1.54319363,1.50864067,1.46067949,1.39970725,1.32620728,1.24071971,1.14379205,1.03589193,0.91724335,0.78748192,0.64478564,0.48291705,,,,,,,0.38396344
23820,1.56710632,1.56014711,1.53933003,1.50483465,1.45695452,1.39608691,1.32271494,1.23737839,1.14062325,1.03291464,0.91447205,0.78492230,0.64242396,0.48067555,,,,,,,0.38296580
23880,1.56320511,1.55625737,1.53547483,1.50103712,1.45323818,1.39247519,1.31923142,1.23404576,1.13746310,1.02994577,0.91170878,0.78237017,0.64006902,0.47843904,,,,,,,0.38197092
23940,1.55931220,1.55237596,1.53162797,1.49724810,1.44953036,1.38887223,1.31575657,1.23072191,1.13431150,1.02698528,0.90895349,0.77982552,0.63772075,0.47620749,,,,,,,0.38097875
24000,1.55542759,1.54850289,1.52778951,1.49346759,1.44583117,1.38527788,1.31229051,1.22740672,1.13116851,1.02403316,0.90620617,0.77728833,0.63537917,0.47398084,,,,,,,0.37998928
24060,1.55155131,1.54463816,1.52395947,1.48969551,1.44214059,1.38169225,1.30883310,1.22410022,1.12803410,1.02108933,0.90346682,0.77475857,0.63304423,0.47175904,,,,,,,0.37900249
24120,1.54768337,1.54078179,1.52013785,1.48593195,1.43845855,1.37811526,1.30538444,1.22080243,1.12490821,1.01815379,0.90073540,0.77223623,0.63071593,0.46954191,,,,,,,0.37801837
24180,1.54382377,1.53693379,1.51632467,1.48217692,1.43478513,1.37454694,1.30194443,1.21751322,1.12179082,1.01522653,0.89801189,0.76972128,0.62839424,0.46732948,,,,,,,0.37703690
24240,1.53997252,1.53309416,1.51251989,1.47843038,1.43112030,1.37098728,1.29851312,1.21423268,1.11868195,1.01230753,0.89529626,0.76721370,0.62607912,0.46512175,,,,,,,0.37605807
24300,1.53612963,1.52926288,1.50872352,1.47469231,1.42746402,1.36743624,1.29509046,1.21096075,1.11558157,1.00939677,0.89258850,0.76471346,0.62377055,0.46291868,,,,,,,0.37508186
24360,1.53229512,1.52543999,1.50493560,1.47096278,1.42381636,1.36389388,1.29167645,1.20769739,1.11248959,1.00649420,0.88988858,0.76222054,0.62146850,0.46072021,,,,,,,0.37410827
24420,1.52846898,1.52162550,1.50115613,1.46724177,1.42017725,1.36036008,1.28827108,1.20444264,1.10940607,1.00359980,0.88719648,0.75973492,0.61917295,0.45852631,,,,,,,0.37313728
24480,1.52465122,1.51781942,1.49738512,1.46352924,1.41654670,1.35683496,1.28487431,1.20119642,1.10633097,1.00071356,0.88451214,0.75725658,0.61688387,0.45633682,,,,,,,0.37216887
24540,1.52084186,1.51402174,1.49362257,1.45982521,1.41292477,1.35331839,1.28148619,1.19795875,1.10326424,0.99783546,0.88183557,0.75478548,0.61460122,0.45415170,,,,,,,0.37120305
24600,1.51704089,1.51023249,1.48986843,1.45612972,1.40931136,1.34981048,1.27810661,1.19472964,1.10020587,0.99496549,0.87916675,0.75232161,0.61232499,0.45197100,,,,,,,0.37023979
24660,1.51324833,1.50645165,1.48612275,1.45244276,1.40570652,1.34631112,1.27473567,1.19150896,1.09715586,0.99210361,0.87650566,0.74986494,0.61005515,0.44979467,,,,,,,0.36927909
24720,1.50946418,1.50267924,1.48238554,1.44876424,1.40211028,1.34282036,1.27137324,1.18829682,1.09411421,0.98924977,0.87385226,0.74741544,0.60779166,0.44762267,,,,,,,0.36832094
24780,1.50568845,1.49891526,1.47865680,1.44509426,1.39852252,1.33933818,1.26801942,1.18509315,1.09108081,0.98640399,0.87120654,0.74497310,0.60553447,0.44545495,,,,,,,0.36736533
24840,1.50192113,1.49515971,1.47493654,1.44143281,1.39494335,1.33586455,1.26467408,1.18189790,1.08805571,0.98356624,0.86856848,0.74253789,0.60328358,0.44329133,,,,,,,0.36641225
24900,1.49816224,1.49141260,1.47122474,1.43777987,1.39137274,1.33239951,1.26133732,1.17871113,1.08503890,0.98073650,0.86593806,0.74010979,0.60103897,0.44113179,,,,,,,0.36546169
24960,1.49441178,1.48767390,1.46752138,1.43413538,1.38781061,1.32894297,1.25800904,1.17553276,1.08203034,0.97791476,0.86331524,0.73768876,0.59880061,0.43897639,,,,,,,0.36451364
25020,1.49066975,1.48394364,1.46382649,1.43049943,1.38425706,1.32549503,1.25468928,1.17236278,1.07902997,0.97510094,0.86070001,0.73527480,0.59656848,0.43682507,,,,,,,0.36356810
25080,1.48693615,1.48022184,1.46014008,1.42687200,1.38071203,1.32205554,1.25137800,1.16920123,1.07603783,0.97229506,0.85809232,0.73286786,0.59434254,0.43467779,,,,,,,0.36262504
25140,1.48321099,1.47650848,1.45646215,1.42325305,1.37717549,1.31862463,1.24807519,1.16604799,1.07305390,0.96949712,0.85549217,0.73046794,0.59212278,0.43253449,,,,,,,0.36168447
25200,1.47949427,1.47280358,1.45279271,1.41964257,1.37364752,1.31520219,1.24478086,1.16290313,1.07007811,0.96670708,0.85289954,0.72807501,0.58990916,0.43039492,,,,,,,0.36074638
25260,1.47578649,1.46910861,1.44913617,1.41604997,1.37014410,1.31181280,1.24152953,1.15981272,1.06716947,0.96399823,0.85040368,0.72579685,0.58783331,0.42843134,,,,,,,0.35980808
25320,1.47208750,1.46542244,1.44548841,1.41246617,1.36664944,1.30843214,1.23828683,1.15673071,1.06426906,0.96129718,0.84791523,0.72352549,0.58576345,0.42647076,,,,,,,0.35887026
25380,1.46839749,1.46174526,1.44184964,1.40889133,1.36316376,1.30506032,1.23505288,1.15365732,1.06137690,0.95860413,0.84543431,0.72126104,0.58369958,0.42451327,,,,,,,0.35793389
25440,1.46471646,1.45807706,1.43821987,1.40532544,1.35968701,1.30169741,1.23182768,1.15059245,1.05849307,0.95591904,0.84296084,0.71900349,0.58164161,0.42255901,,,,,,,0.35699920
25500,1.46104443,1.45441786,1.43459908,1.40176854,1.35621917,1.29834333,1.22861123,1.14753618,1.05561753,0.95324182,0.84049483,0.71675280,0.57958946,0.42060806,,,,,,,0.35606639
25560,1.45738137,1.45076764,1.43098729,1.39822062,1.35276028,1.29499811,1.22540347,1.14448838,1.05275022,0.95057253,0.83803628,0.71450894,0.57754307,0.41866047,,,,,,,0.35513556
25620,1.45372730,1.44712639,1.42738447,1.39468167,1.34931032,1.29166175,1.22220447,1.14144914,1.04989119,0.94791114,0.83558516,0.71227186,0.57550240,0.41671629,,,,,,,0.35420679
25680,1.45008220,1.44349410,1.42379057,1.39115160,1.34586920,1.28833415,1.21901409,1.13841834,1.04704033,0.94525756,0.83314140,0.71004150,0.57346741,0.41477552,,,,,,,0.35328014
25740,1.44644607,1.43987078,1.42020565,1.38763049,1.34243700,1.28501541,1.21583244,1.13539605,1.04419768,0.94261182,0.83070497,0.70781779,0.57143807,0.41283817,,,,,,,0.35235565
25800,1.44281891,1.43625642,1.41662968,1.38411832,1.33901371,1.28170543,1.21265937,1.13238217,1.04136322,0.93997390,0.82827588,0.70560075,0.56941435,0.41090423,,,,,,,0.35143335
25860,1.43920071,1.43265102,1.41306267,1.38061509,1.33559923,1.27840421,1.20949499,1.12937674,1.03853685,0.93734375,0.82585410,0.70339034,0.56739626,0.40897369,,,,,,,0.35051326
25920,1.43559147,1.42905458,1.40950460,1.37712073,1.33219362,1.27511181,1.20633918,1.12637971,1.03571866,0.93472132,0.82343958,0.70118653,0.56538377,0.40704654,,,,,,,0.34959541
25980,1.43199117,1.42546709,1.40595547,1.37363526,1.32879688,1.27182808,1.20319200,1.12339106,1.03290854,0.93210666,0.82103225,0.69898929,0.56337688,0.40512276,,,,,,,0.34867982
26040,1.42839982,1.42188853,1.40241524,1.37015871,1.32540893,1.26855311,1.20005338,1.12041080,1.03010650,0.92949970,0.81863215,0.69679860,0.56137556,0.40320232,,,,,,,0.34776649
26100,1.42481740,1.41831891,1.39888391,1.36669105,1.32202980,1.26528687,1.19692333,1.11743885,1.02731256,0.92690037,0.81623923,0.69461438,0.55937980,0.40128519,,,,,,,0.34685544
26160,1.42124392,1.41475822,1.39536150,1.36323224,1.31865950,1.26202930,1.19380183,1.11447527,1.02452658,0.92430872,0.81385348,0.69243664,0.55738958,0.39937136,,,,,,,0.34594668
26220,1.41767936,1.41120644,1.39184800,1.35978226,1.31529798,1.25878045,1.19068885,1.11151995,1.02174866,0.92172472,0.81147481,0.69026537,0.55540488,0.39746078,,,,,,,0.34504021
26280,1.41412371,1.40766358,1.38834339,1.35634116,1.31194522,1.25554023,1.18758439,1.10857298,1.01897873,0.91914827,0.80910323,0.68810054,0.55342569,0.39555343,,,,,,,0.34413603
26340,1.41057698,1.40412963,1.38484767,1.35290891,1.30860125,1.25230868,1.18448840,1.10563420,1.01621674,0.91657941,0.80673874,0.68594214,0.55145200,0.39364927,,,,,,,0.34323416
26400,1.40703915,1.40060457,1.38136082,1.34948549,1.30526604,1.24908580,1.18140092,1.10270373,1.01346273,0.91401812,0.80438131,0.68379014,0.54948377,0.39174827,,,,,,,0.34233460
26460,1.40351021,1.39708837,1.37788280,1.34607084,1.30193953,1.24587149,1.17832184,1.09978144,1.01071660,0.91146434,0.80203088,0.68164452,0.54752101,0.38985039,,,,,,,0.34143734
26520,1.39999016,1.39358106,1.37441365,1.34266502,1.29862177,1.24266583,1.17525127,1.09686739,1.00797839,0.90891805,0.79968743,0.67950520,0.54556369,0.38795560,,,,,,,0.34054240
26580,1.39647899,1.39008262,1.37095334,1.33926800,1.29531276,1.23946874,1.17218905,1.09396150,1.00524808,0.90637925,0.79735096,0.67737222,0.54361176,0.38606384,,,,,,,0.33964976
26640,1.39297669,1.38659304,1.36750188,1.33587979,1.29201238,1.23628022,1.16913529,1.09106379,1.00252556,0.90384792,0.79502146,0.67524556,0.54166523,0.38417509,,,,,,,0.33875944
26700,1.38948326,1.38311232,1.36405925,1.33250030,1.28872072,1.23310031,1.16608986,1.08817422,0.99981092,0.90132397,0.79269889,0.67312520,0.53972408,0.38228930,,,,,,,0.33787143
26760,1.38599867,1.37964044,1.36062544,1.32912958,1.28543776,1.22992887,1.16305284,1.08529277,0.99710408,0.89880746,0.79038319,0.67101111,0.53778830,0.38040643,,,,,,,0.33698572
26820,1.38252293,1.37617740,1.35720040,1.32576763,1.28216341,1.22676601,1.16002413,1.08241944,0.99440500,0.89629835,0.78807437,0.66890328,0.53585788,0.37852644,,,,,,,0.33610233
26880,1.37905602,1.37272319,1.35378416,1.32241442,1.27889772,1.22361166,1.15700378,1.07955416,0.99171373,0.89379656,0.78577243,0.66680169,0.53393278,0.37664927,,,,,,,0.33522124
26940,1.37559794,1.36927779,1.35037670,1.31906992,1.27564069,1.22046578,1.15399173,1.07669700,0.98903016,0.89130212,0.78347733,0.66470626,0.53201300,0.37477489,,,,,,,0.33434246
27000,1.37214868,1.36584120,1.34697802,1.31573411,1.27239226,1.21732843,1.15098798,1.07384782,0.98635432,0.88881501,0.78118904,0.66261704,0.53009852,0.37290325,,,,,,,0.33346599
27060,1.36870897,1.36241606,1.34359644,1.31242467,1.26918289,1.21424609,1.14805826,1.07109444,0.98379862,0.88647511,0.77907850,0.66074179,0.52844689,0.37138679,,,,,,,0.33258664
27120,1.36527886,1.35900049,1.34022435,1.30912462,1.26598275,1.21117272,1.14513717,1.06834932,0.98125074,0.88414252,0.77697465,0.65887247,0.52680018,0.36987032,,,,,,,0.33170585
27180,1.36185854,1.35559470,1.33686197,1.30583415,1.26279201,1.20810852,1.14222493,1.06561263,0.97871078,0.88181726,0.77487749,0.65700913,0.52515842,0.36835531,,,,,,,0.33082540
27240,1.35844803,1.35219869,1.33350930,1.30255328,1.25961069,1.20505349,1.13932154,1.06288440,0.97617882,0.87949945,0.77278712,0.65515181,0.52352140,0.36684203,,,,,,,0.32994595
27300,1.35504731,1.34881243,1.33016630,1.29928194,1.25643870,1.20200754,1.13642692,1.06016454,0.97365474,0.87718895,0.77070341,0.65330038,0.52188892,0.36533062,,,,,,,0.32906774
27360,1.35165635,1.34543589,1.32683295,1.29602011,1.25327605,1.19897068,1.13354107,1.05745305,0.97113855,0.87488579,0.76862642,0.65145487,0.52026108,0.36382164,,,,,,,0.32819098
27420,1.34827511,1.34206907,1.32350924,1.29276780,1.25012273,1.19594290,1.13066397,1.05474994,0.96863025,0.87258992,0.76655603,0.64961509,0.51863765,0.36231476,,,,,,,0.32731583
27480,1.34490359,1.33871193,1.32019514,1.28952498,1.24697871,1.19292418,1.12779559,1.05205508,0.96612973,0.87030132,0.76449228,0.64778114,0.51701882,0.36081029,,,,,,,0.32644240
27540,1.34154177,1.33536447,1.31689064,1.28629163,1.24384398,1.18991445,1.12493587,1.04936854,0.96363707,0.86801998,0.76243507,0.64595283,0.51540449,0.35930855,,,,,,,0.32557080
27600,1.33818963,1.33202667,1.31359572,1.28306773,1.24071847,1.18691370,1.12208485,1.04669029,0.96115216,0.86574582,0.76038443,0.64413025,0.51379464,0.35780896,,,,,,,0.32470109
27660,1.33484715,1.32869850,1.31031036,1.27985326,1.23760218,1.18392194,1.11924248,1.04402023,0.95867501,0.86347890,0.75834027,0.64231326,0.51218940,0.35631211,,,,,,,0.32383333
27720,1.33151430,1.32537994,1.30703454,1.27664814,1.23449511,1.18093915,1.11640868,1.04135840,0.95620561,0.86121907,0.75630260,0.64050192,0.51058854,0.35481801,,,,,,,0.32296757
27780,1.32819107,1.32207097,1.30376823,1.27345242,1.23139724,1.17796525,1.11358350,1.03870479,0.95374387,0.85896642,0.75427134,0.63869614,0.50899230,0.35332615,,,,,,,0.32210385
27840,1.32487745,1.31877158,1.30051142,1.27026605,1.22830853,1.17500024,1.11076690,1.03605928,0.95128984,0.85672084,0.75224651,0.63689592,0.50740053,0.35183718,,,,,,,0.32124221
27900,1.32157340,1.31548174,1.29726406,1.26708903,1.22522894,1.17204413,1.10795882,1.03342193,0.94884344,0.85448234,0.75022804,0.63510125,0.50581329,0.35035085,,,,,,,0.32038268
27960,1.31827891,1.31220144,1.29402615,1.26392133,1.22215845,1.16909688,1.10515925,1.03079272,0.94640466,0.85225089,0.74821592,0.63331207,0.50423064,0.34886693,,,,,,,0.31952527
28020,1.31499396,1.30893064,1.29079767,1.26076293,1.21909707,1.16615843,1.10236820,1.02817154,0.94397351,0.85002643,0.74621011,0.63152842,0.50265239,0.34738592,,,,,,,0.31867003
28080,1.31171853,1.30566934,1.28757860,1.25761379,1.21604476,1.16322878,1.09958562,1.02555846,0.94154987,0.84780898,0.74421060,0.62975020,0.50107878,0.34590739,,,,,,,0.31781696
28140,1.30845259,1.30241751,1.28436892,1.25447387,1.21300152,1.16030792,1.09681145,1.02295341,0.93913381,0.84559844,0.74221735,0.62797751,0.49950961,0.34443143,,,,,,,0.31696608
28200,1.30519613,1.29917513,1.28116861,1.25134319,1.20996728,1.15739584,1.09404571,1.02035633,0.93672525,0.84339488,0.74023033,0.62621018,0.49794499,0.34295836,,,,,,,0.31611740
28260,1.30194913,1.29594218,1.27797765,1.24822171,1.20694202,1.15449247,1.09128840,1.01776726,0.93432416,0.84119816,0.73824953,0.62444836,0.49638492,0.34148759,,,,,,,0.31527095
28320,1.29871156,1.29271863,1.27479602,1.24510942,1.20392575,1.15159779,1.08853941,1.01518615,0.93193057,0.83900836,0.73627492,0.62269189,0.49482928,0.34001951,,,,,,,0.31442673
28380,1.29548341,1.28950448,1.27162369,1.24200630,1.20091844,1.14871181,1.08579877,1.01261294,0.92954435,0.83682537,0.73430647,0.62094087,0.49327824,0.33855431,,,,,,,0.31358474
28440,1.29226465,1.28629969,1.26846064,1.23891232,1.19792008,1.14583451,1.08306648,1.01004766,0.92716558,0.83464922,0.73234417,0.61919520,0.49173161,0.33709118,,,,,,,0.31274501
28500,1.28905526,1.28310424,1.26530684,1.23582744,1.19493062,1.14296583,1.08034246,1.00749025,0.92479417,0.83247986,0.73038799,0.61745492,0.49018953,0.33563088,,,,,,,0.31190753
28560,1.28585523,1.27991810,1.26216227,1.23275163,1.19195001,1.14010574,1.07762670,1.00494067,0.92243011,0.83031726,0.72843791,0.61571999,0.48865195,0.33417326,,,,,,,0.31107232
28620,1.28266452,1.27674127,1.25902692,1.22968491,1.18897828,1.13725426,1.07491920,1.00239894,0.92007341,0.82816143,0.72649392,0.61399040,0.48711879,0.33271777,,,,,,,0.31023938
28680,1.27948313,1.27357371,1.25590076,1.22662723,1.18601540,1.13441135,1.07221994,0.99986500,0.91772396,0.82601228,0.72455598,0.61226616,0.48559021,0.33126507,,,,,,,0.30940871
28740,1.27631102,1.27041542,1.25278377,1.22357859,1.18306135,1.13157698,1.06952883,0.99733882,0.91538181,0.82386988,0.72262409,0.61054720,0.48406598,0.32981486,,,,,,,0.30858031
28800,1.27314818,1.26726637,1.24967594,1.22053896,1.18011608,1.12875110,1.06684591,0.99482042,0.91304691,0.82173409,0.72069821,0.60883360,0.48254627,0.32836685,,,,,,,0.30775420
28860,1.26999463,1.26412599,1.24657492,1.21750307,1.17717028,1.12591939,1.06415080,0.99228242,0.91068412,0.81956114,0.71872448,0.60705926,0.48094804,0.32680196,,,,,,,0.30693209
28920,1.26684979,1.26099428,1.24348251,1.21447561,1.17423279,1.12309577,1.06146340,0.98975184,0.90832832,0.81739459,0.71675665,0.60529019,0.47935413,0.32524034,,,,,,,0.30611335
28980,1.26371382,1.25787142,1.24039887,1.21145681,1.17130378,1.12028033,1.05878394,0.98722880,0.90597957,0.81523467,0.71479475,0.60352646,0.47776484,0.32368116,,,,,,,0.30529749
29040,1.26058671,1.25475741,1.23732400,1.20844665,1.16838322,1.11747309,1.05611239,0.98471325,0.90363793,0.81308123,0.71283886,0.60176797,0.47618020,0.32212445,,,,,,,0.30448437
29100,1.25746845,1.25165221,1.23425784,1.20544511,1.16547105,1.11467407,1.05344867,0.98220524,0.90130330,0.81093437,0.71088887,0.60001483,0.47460011,0.32057023,,,,,,,0.30367386
29160,1.25435902,1.24855583,1.23120042,1.20245218,1.16256731,1.11188319,1.05079284,0.97970464,0.89897573,0.80879399,0.70894483,0.59826699,0.47302463,0.31901840,,,,,,,0.30286591
29220,1.25125841,1.24546823,1.22815171,1.19946782,1.15967197,1.10910044,1.04814484,0.97721154,0.89665512,0.80666012,0.70700671,0.59652441,0.47145380,0.31746874,,,,,,,0.30206046
29280,1.24816658,1.24238940,1.22511169,1.19649199,1.15678501,1.10632583,1.04550461,0.97472585,0.89434154,0.80453270,0.70507445,0.59478716,0.46988761,0.31592084,,,,,,,0.30125746
29340,1.24508353,1.23931931,1.22208034,1.19352470,1.15390635,1.10355933,1.04287221,0.97224756,0.89203487,0.80241173,0.70314813,0.59305520,0.46832587,0.31437508,,,,,,,0.30045690
29400,1.24200923,1.23625795,1.21905764,1.19056594,1.15103603,1.10080086,1.04024754,0.96977668,0.88973518,0.80029720,0.70122763,0.59132849,0.46676874,0.31283139,,,,,,,0.29965873
29460,1.23894366,1.23320530,1.21604358,1.18761568,1.14817403,1.09805046,1.03763061,0.96731312,0.88744236,0.79818906,0.69931301,0.58960709,0.46521620,0.31128972,,,,,,,0.29886296
29520,1.23588680,1.23016134,1.21303812,1.18467390,1.14532033,1.09530812,1.03502143,0.96485694,0.88515647,0.79608734,0.69740425,0.58789094,0.46366814,0.30974958,,,,,,,0.29806955
29580,1.23283864,1.22712602,1.21004123,1.18174054,1.14247485,1.09257375,1.03241990,0.96240803,0.88287743,0.79399196,0.69550128,0.58618002,0.46212454,0.30821114,,,,,,,0.29727849
29640,1.22979915,1.22409936,1.20705290,1.17881562,1.13963761,1.08984738,1.02982606,0.95996644,0.88060527,0.79190298,0.69360418,0.58447437,0.46058547,0.30667453,,,,,,,0.29648977
29700,1.22676831,1.22108132,1.20407313,1.17589911,1.13680861,1.08712899,1.02723990,0.95753213,0.87833991,0.78982028,0.69171284,0.58277394,0.45905091,0.30513969,,,,,,,0.29570338
29760,1.22374611,1.21807189,1.20110189,1.17299101,1.13398782,1.08441854,1.02466132,0.95510505,0.87608139,0.78774396,0.68982732,0.58107869,0.45752067,0.30360648,,,,,,,0.29491929
29820,1.22073252,1.21507106,1.19813915,1.17009129,1.13117518,1.08171599,1.02209037,0.95268524,0.87382964,0.78567390,0.68794758,0.57938868,0.45599490,0.30207437,,,,,,,0.29413752
29880,1.21772753,1.21207879,1.19518491,1.16719991,1.12837069,1.07902137,1.01952702,0.95027258,0.87158468,0.78361016,0.68607357,0.57770383,0.45447359,0.30054385,,,,,,,0.29335803
29940,1.21473112,1.20909507,1.19223914,1.16431683,1.12557436,1.07633464,1.01697121,0.94786715,0.86934647,0.78155267,0.68420534,0.57602414,0.45295666,0.29901486,,,,,,,0.29258083
30000,1.21174326,1.20611988,1.18930183,1.16144207,1.12278615,1.07365572,1.01442296,0.94546887,0.86711500,0.77950144,0.68234281,0.57434963,0.45144402,0.29748734,,,,,,,0.29180590
30060,1.20876393,1.20315320,1.18637292,1.15857561,1.12000601,1.07098467,1.01188223,0.94307774,0.86489024,0.77745645,0.68048602,0.57268025,0.44993578,0.29596090,,,,,,,0.29103324
30120,1.20579313,1.20019500,1.18345241,1.15571743,1.11723394,1.06832146,1.00934899,0.94069375,0.86267217,0.77541768,0.67863494,0.57101597,0.44843194,0.29443548,,,,,,,0.29026284
30180,1.20283081,1.19724528,1.18054029,1.15286750,1.11446992,1.06566600,1.00682325,0.93831683,0.86046079,0.77338512,0.67678951,0.56935684,0.44693233,0.29291134,,,,,,,0.28949469
30240,1.19987698,1.19430401,1.17763653,1.15002577,1.11171396,1.06301832,1.00430495,0.93594705,0.85825605,0.77135872,0.67494979,0.56770278,0.44543702,0.29138842,,,,,,,0.28872878
30300,1.19693159,1.19137116,1.17474113,1.14719225,1.10896599,1.06037842,1.00179408,0.93358428,0.85605798,0.76933853,0.67311570,0.56605378,0.44394604,0.28986666,,,,,,,0.28796511
30360,1.19399465,1.18844673,1.17185405,1.14436691,1.10622599,1.05774624,0.99929067,0.93122859,0.85386650,0.76732445,0.67128725,0.56440989,0.44245937,0.28834541,,,,,,,0.28720367
30420,1.19106612,1.18553068,1.16897529,1.14154975,1.10349397,1.05512175,0.99679460,0.92887991,0.85168165,0.76531655,0.66946445,0.56277102,0.44097683,0.28682507,,,,,,,0.28644446
30480,1.18814598,1.18262300,1.16610481,1.13874075,1.10076991,1.05250498,0.99430594,0.92653823,0.84950336,0.76331471,0.66764722,0.56113716,0.43949856,,,,,,,,0.28568746
30540,1.18523422,1.17972367,1.16324259,1.13593986,1.09805378,1.04989588,0.99182464,0.92420356,0.84733166,0.76131902,0.66583561,0.55950837,0.43802457,,,,,,,,0.28493267
30600,1.18233081,1.17683265,1.16038859,1.13314705,1.09534552,1.04729439,0.98935064,0.92187583,0.84516648,0.75932938,0.66402956,0.55788455,0.43655475,,,,,,,,0.28418009
30660,1.17943625,1.17395157,1.15754781,1.13037282,1.09266323,1.04472817,0.98692298,0.91960717,0.84307481,0.75742956,0.66233218,0.55639284,0.43525198,,,,,,,,0.28342661
30720,1.17655039,1.17107916,1.15471558,1.12760698,1.08998909,1.04216979,0.98450277,0.91734552,0.84098962,0.75553566,0.66064016,0.55490591,0.43395324,,,,,,,,0.28267310
30780,1.17367339,1.16821557,1.15189207,1.12484969,1.08732325,1.03961939,0.98209012,0.91509098,0.83891106,0.75364787,0.65895367,0.55342383,0.43265828,,,,,,,,0.28192064
30840,1.17080524,1.16536081,1.14907728,1.12210093,1.08466570,1.03707691,0.97968504,0.91284357,0.83683914,0.75176613,0.65727258,0.55194653,0.43136715,,,,,,,,0.28116951
30900,1.16794592,1.16251483,1.14627117,1.11936068,1.08201638,1.03454236,0.97728751,0.91060327,0.83477378,0.74989041,0.65559698,0.55047405,0.43007966,,,,,,,,0.28041995
30960,1.16509540,1.15967762,1.14347373,1.11662892,1.07937528,1.03201574,0.97489753,0.90837002,0.83271499,0.74802074,0.65392679,0.54900624,0.42879590,,,,,,,,0.27967207
31020,1.16225367,1.15684916,1.14068492,1.11390559,1.07674239,1.02949701,0.97251502,0.90614382,0.83066278,0.74615705,0.65226200,0.54754320,0.42751576,,,,,,,,0.27892596
31080,1.15942068,1.15402941,1.13790472,1.11119068,1.07411769,1.02698616,0.97013997,0.90392467,0.82861707,0.74429934,0.65060263,0.54608475,0.42623933,,,,,,,,0.27818169
31140,1.15659642,1.15121835,1.13513310,1.10848418,1.07150115,1.02448309,0.96777239,0.90171253,0.82657786,0.74244761,0.64894855,0.54463099,0.42496655,,,,,,,,0.27743932
31200,1.15378085,1.14841596,1.13237004,1.10578606,1.06889274,1.02198785,0.96541225,0.89950734,0.82454516,0.74060179,0.64729984,0.54318180,0.42369746,,,,,,,,0.27669888
31260,1.15097397,1.14562220,1.12961550,1.10309630,1.06629242,1.01950040,0.96305950,0.89730913,0.82251892,0.73876190,0.64565642,0.54173721,0.42243205,,,,,,,,0.27596040
31320,1.14817573,1.14283706,1.12686946,1.10041486,1.06370016,1.01702073,0.96071412,0.89511787,0.82049910,0.73692792,0.64401828,0.54029719,0.42117031,,,,,,,,0.27522392
31380,1.14538611,1.14006050,1.12413190,1.09774174,1.06111597,1.01454880,0.95837610,0.89293350,0.81848573,0.73509978,0.64238544,0.53886170,0.41991226,,,,,,,,0.27448944
31440,1.14260509,1.13729251,1.12140280,1.09507689,1.05853981,1.01208454,0.95604543,0.89075603,0.81647876,0.73327752,0.64075777,0.53743078,0.41865788,,,,,,,,0.27375699
31500,1.13983264,1.13453305,1.11868212,1.09242028,1.05597166,1.00962799,0.95372207,0.88858545,0.81447814,0.73146108,0.63913536,0.53600432,0.41740720,,,,,,,,0.27302658
31560,1.13706874,1.13178211,1.11596986,1.08977189,1.05341149,1.00717911,0.95140597,0.88642173,0.81248391,0.72965044,0.63751812,0.53458243,0.41616016,,,,,,,,0.27229823
31620,1.13431337,1.12903965,1.11326597,1.08713170,1.05085928,1.00473788,0.94909715,0.88426480,0.81049601,0.72784561,0.63590606,0.53316494,0.41491684,,,,,,,,0.27157195
31680,1.13156649,1.12630565,1.11057044,1.08449970,1.04831497,1.00230427,0.94679558,0.88211469,0.80851440,0.72604652,0.63429918,0.53175200,0.41367715,,,,,,,,0.27084774
31740,1.12882808,1.12358009,1.10788325,1.08187585,1.04577858,0.99987822,0.94450123,0.87997139,0.80653910,0.72425318,0.63269739,0.53034347,0.41244118,,,,,,,,0.27012561
31800,1.12609811,1.12086294,1.10520435,1.07926013,1.04325008,0.99745976,0.94221405,0.87783482,0.80457008,0.72246559,0.63110075,0.52893941,0.41120880,,,,,,,,0.26940557
31860,1.12337657,1.11815418,1.10253374,1.07665252,1.04072944,0.99504885,0.93993406,0.87570499,0.80260728,0.72068366,0.62950919,0.52753979,0.40998017,,,,,,,,0.26868762
31920,1.12066342,1.11545378,1.09987138,1.07405299,1.03821664,0.99264548,0.93766123,0.87358189,0.80065074,0.71890743,0.62792271,0.52614458,0.40875510,,,,,,,,0.26797177
31980,1.11795865,1.11276171,1.09721725,1.07146150,1.03571165,0.99024960,0.93539553,0.87146550,0.79870040,0.71713688,0.62634131,0.52475381,0.40753377,,,,,,,,0.26725802
32040,1.11526221,1.11007794,1.09457131,1.06887803,1.03321442,0.98786117,0.93313691,0.86935575,0.79675622,0.71537193,0.62476492,0.52336739,0.40631597,,,,,,,,0.26654637
32100,1.11257410,1.10740246,1.09193355,1.06630257,1.03072496,0.98548021,0.93088538,0.86725266,0.79481823,0.71361264,0.62319361,0.52198544,0.40510193,,,,,,,,0.26583683
32160,1.10989429,1.10473524,1.08930395,1.06373509,1.02824324,0.98310668,0.92864092,0.86515623,0.79288638,0.71185893,0.62162726,0.52060776,0.40389139,,,,,,,,0.26512940
32220,1.10722275,1.10207625,1.08668248,1.06117557,1.02576924,0.98074057,0.92640350,0.86306637,0.79096063,0.71011080,0.62006593,0.51923453,0.40268459,,,,,,,,0.26442407
32280,1.10455945,1.09942548,1.08406912,1.05862398,1.02330294,0.97838184,0.92417307,0.86098310,0.78904100,0.70836826,0.61850959,0.51786559,0.40148127,,,,,,,,0.26372084
32340,1.10190437,1.09678289,1.08146384,1.05608031,1.02084431,0.97603044,0.92194964,0.85890641,0.78712746,0.70663123,0.61695819,0.51650104,0.40028170,,,,,,,,0.26301973
32400,1.09925749,1.09414847,1.07886662,1.05354452,1.01839329,0.97368639,0.91973319,0.85683627,0.78521995,0.70489975,0.61541177,0.51514079,0.39908557,,,,,,,,0.26232072
32460,1.09661884,1.09152171,1.07627539,1.05101197,1.01594170,0.97133700,0.91750566,0.85474839,0.78328723,0.70313449,0.61382157,0.51372431,0.39781399,,,,,,,,0.26162538
32520,1.09398788,1.08890262,1.07369174,1.04848681,1.01349734,0.96899456,0.91528473,0.85266679,0.78136033,0.70137457,0.61223628,0.51231210,0.39654593,,,,,,,,0.26093311
32580,1.09136476,1.08629133,1.07111581,1.04596922,1.01106034,0.96665916,0.91307057,0.85059155,0.77943936,0.69962014,0.61065585,0.51090428,0.39528157,,,,,,,,0.26024348
32640,1.08874948,1.08368785,1.06854758,1.04345919,1.00863068,0.96433084,0.91086316,0.84852265,0.77752434,0.69787110,0.60908040,0.50950074,0.39402106,,,,,,,,0.25955635
32700,1.08614200,1.08109214,1.06598702,1.04095670,1.00620831,0.96200958,0.90866243,0.84646011,0.77561517,0.69612753,0.60750978,0.50810161,0.39276413,,,,,,,,0.25887160
32760,1.08354231,1.07850420,1.06343413,1.03846173,1.00379325,0.95969537,0.90646842,0.84440387,0.77371193,0.69438931,0.60594411,0.50670676,0.39151104,,,,,,,,0.25818919
32820,1.08095039,1.07592400,1.06088889,1.03597425,1.00138547,0.95738811,0.90428110,0.84235393,0.77181453,0.69265653,0.60438326,0.50531631,0.39026168,,,,,,,,0.25750905
32880,1.07836622,1.07335150,1.05835127,1.03349422,0.99898496,0.95508786,0.90210041,0.84031029,0.76992298,0.69092909,0.60282733,0.50393017,0.38901594,,,,,,,,0.25683116
32940,1.07578977,1.07078670,1.05582125,1.03102163,0.99659168,0.95279458,0.89992637,0.83827287,0.76803729,0.68920703,0.60127620,0.50254837,0.38777400,,,,,,,,0.25615548
33000,1.07322102,1.06822957,1.05329881,1.02855647,0.99420559,0.95050825,0.89775896,0.83624171,0.76615736,0.68749030,0.59972996,0.50117093,0.38653561,,,,,,,,0.25548198
33060,1.07065994,1.06568009,1.05078393,1.02609872,0.99182669,0.94822881,0.89559813,0.83421678,0.76428327,0.68577889,0.59818851,0.49979775,0.38530090,,,,,,,,0.25481066
33120,1.06810652,1.06313823,1.04827659,1.02364835,0.98945498,0.94595628,0.89344387,0.83219801,0.76241492,0.68407280,0.59665191,0.49842895,0.38406990,,,,,,,,0.25414149
33180,1.06556074,1.06060398,1.04577676,1.02120536,0.98709042,0.94369065,0.89129618,0.83018545,0.76055234,0.68237200,0.59512009,0.49706437,0.38284234,,,,,,,,0.25347445
33240,1.06302257,1.05807731,1.04328441,1.01876969,0.98473299,0.94143188,0.88915503,0.82817905,0.75869550,0.68067649,0.59359310,0.49570414,0.38161849,,,,,,,,0.25280954
33300,1.06049199,1.05555819,1.04079952,1.01634132,0.98238264,0.93917992,0.88702037,0.82617877,0.75684437,0.67898623,0.59207087,0.49434815,0.38039817,,,,,,,,0.25214674
33360,1.05796898,1.05304661,1.03832208,1.01392026,0.98003938,0.93693479,0.88489223,0.82418464,0.75499898,0.67730125,0.59055343,0.49299642,0.37918137,,,,,,,,0.25148603
33420,1.05545352,1.05054255,1.03585207,1.01150647,0.97770320,0.93469647,0.88277058,0.82219660,0.75315923,0.67562147,0.58904074,0.49164897,0.37796822,,,,,,,,0.25082741
33480,1.05294558,1.04804598,1.03338947,1.00909995,0.97537407,0.93246493,0.88065535,0.82021464,0.75132519,0.67394695,0.58753280,0.49030571,0.37675842,,,,,,,,0.25017087
33540,1.05044515,1.04555689,1.03093425,1.00670066,0.97305196,0.93024012,0.87854657,0.81823878,0.74949679,0.67227759,0.58602959,0.48896675,0.37555221,,,,,,,,0.24951640
33600,1.04795220,1.04307525,1.02848640,1.00430859,0.97073683,0.92802206,0.87644423,0.81626893,0.74767402,0.67061348,0.58453111,0.48763190,0.37434952,,,,,,,,0.24886399
33660,1.04546672,1.04060104,1.02604588,1.00192368,0.96842869,0.92581074,0.87434826,0.81430513,0.74585691,0.66895450,0.58303734,0.48630132,0.37315018,,,,,,,,0.24821363
33720,1.04298867,1.03813425,1.02361270,0.99954594,0.96612752,0.92360609,0.87225867,0.81234737,0.74404535,0.66730071,0.58154826,0.48497488,0.37195442,,,,,,,,0.24756531
33780,1.04051804,1.03567484,1.02118681,0.99717536,0.96383331,0.92140811,0.87017547,0.81039555,0.74223942,0.66565205,0.58006387,0.48365263,0.37076201,,,,,,,,0.24691902
33840,1.03805481,1.03322280,1.01876818,0.99481191,0.96154599,0.91921680,0.86809858,0.80844974,0.74043904,0.66400855,0.57858413,0.48233455,0.36957302,,,,,,,,0.24627476
33900,1.03559895,1.03077811,1.01635680,0.99245557,0.95926556,0.91703214,0.86602802,0.80650989,0.73864422,0.66237015,0.57710907,0.48102058,0.36838756,,,,,,,,0.24563253
33960,1.03315045,1.02834074,1.01395266,0.99010632,0.95699203,0.91485408,0.86396377,0.80457596,0.73685496,0.66073686,0.57563863,0.47971080,0.36720529,,,,,,,,0.24499231
34020,1.03070928,1.02591067,1.01155574,0.98776413,0.95472536,0.91268261,0.86190581,0.80264798,0.73507118,0.65910867,0.57417284,0.47840505,0.36602651,,,,,,,,0.24435409
34080,1.02827543,1.02348789,1.00916601,0.98542897,0.95246554,0.91051773,0.85985409,0.80072589,0.73329296,0.65748554,0.57271163,0.47710347,0.36485111,,,,,,,,0.24371787
34140,1.02584886,1.02107237,1.00678346,0.98310083,0.95021251,0.90835943,0.85780863,0.79880969,0.73152019,0.65586749,0.57125506,0.47580593,0.36367895,,,,,,,,0.24308365
34200,1.02342957,1.01866409,1.00440806,0.98077971,0.94796627,0.90620762,0.85576941,0.79689938,0.72975291,0.65425445,0.56980304,0.47451249,0.36251025,,,,,,,,0.24245142
34260,1.02101783,1.01626384,1.00204206,0.97847027,0.94573487,0.90407460,0.85375367,0.79501804,0.72802093,0.65268399,0.56840222,0.47328158,0.36142295,,,,,,,,0.24181978
34320,1.01861340,1.01387084,0.99968324,0.97616784,0.94351026,0.90194810,0.85174412,0.79314250,0.72629430,0.65111840,0.56700581,0.47205460,0.36033895,,,,,,,,0.24118910
34380,1.01621640,1.01148526,0.99733172,0.97387256,0.94129257,0.89982824,0.84974087,0.79127289,0.72457316,0.64955785,0.56561393,0.47083157,0.35925798,,,,,,,,0.24055987
34440,1.01382683,1.00910707,0.99498750,0.97158441,0.93908179,0.89771499,0.84774390,0.78940916,0.72285749,0.64800229,0.56422656,0.46961254,0.35818023,,,,,,,,0.23993224
34500,1.01144467,1.00673624,0.99265054,0.96930335,0.93687787,0.89560833,0.84575317,0.78755128,0.72114723,0.64645169,0.56284365,0.46839739,0.35710545,,,,,,,,0.23930629
34560,1.00906989,1.00437278,0.99032083,0.96702939,0.93468082,0.89350826,0.84376870,0.78569928,0.71944243,0.64490609,0.56146526,0.46718623,0.35603385,,,,,,,,0.23868208
34620,1.00670248,1.00201663,0.98799836,0.96476250,0.93249063,0.89141476,0.84179047,0.78385314,0.71774304,0.64336542,0.56009127,0.46597887,0.35496521,,,,,,,,0.23805965
34680,1.00434240,0.99966780,0.98568310,0.96250266,0.93030726,0.88932780,0.83981844,0.78201278,0.71604902,0.64182968,0.55872175,0.46477547,0.35389975,,,,,,,,0.23743901
34740,1.00198964,0.99732625,0.98337502,0.96024984,0.92813070,0.88724736,0.83785256,0.78017823,0.71436040,0.64029889,0.55735665,0.46357584,0.35283723,,,,,,,,0.23682021
34800,0.99964417,0.99499195,0.98107411,0.95800403,0.92596091,0.88517340,0.83589286,0.77834948,0.71267715,0.63877296,0.55599594,0.46238011,0.35177790,,,,,,,,0.23620324
34860,0.99730596,0.99266489,0.97878033,0.95576520,0.92379786,0.88310592,0.83393932,0.77652648,0.71099920,0.63725193,0.55463965,0.46118816,0.35072150,,,,,,,,0.23558812
34920,0.99497501,0.99034505,0.97649368,0.95353333,0.92164155,0.88104491,0.83199190,0.77470921,0.70932661,0.63573578,0.55328768,0.46000004,0.34966827,,,,,,,,0.23497485
34980,0.99265127,0.98803240,0.97421412,0.95130837,0.91949196,0.87899034,0.83005057,0.77289769,0.70765933,0.63422446,0.55194010,0.45881569,0.34861798,,,,,,,,0.23436345
35040,0.99033474,0.98572691,0.97194163,0.94909032,0.91734907,0.87694217,0.82811533,0.77109189,0.70599731,0.63271799,0.55059683,0.45763512,0.34757084,,,,,,,,0.23375391
35100,0.98802538,0.98342857,0.96967619,0.94687917,0.91521285,0.87490039,0.82618617,0.76929175,0.70434059,0.63121633,0.54925789,0.45645834,0.34652662,,,,,,,,0.23314625
35160,0.98572318,0.98113736,0.96741778,0.94467489,0.91308328,0.87286499,0.82426306,0.76749729,0.70268912,0.62971946,0.54792327,0.45528528,0.34548554,,,,,,,,0.23254046
35220,0.98342811,0.97885324,0.96516635,0.94247746,0.91096032,0.87083595,0.82234594,0.76570850,0.70104287,0.62822741,0.54659290,0.45411601,0.34444738,,,,,,,,0.23193655
35280,0.98114015,0.97657620,0.96292192,0.94028686,0.90884397,0.86881326,0.82043486,0.76392533,0.69940186,0.62674008,0.54526686,0.45295040,0.34341233,,,,,,,,0.23133451
35340,0.97885928,0.97430622,0.96068444,0.93810307,0.90673422,0.86679685,0.81852977,0.76214777,0.69776606,0.62525753,0.54394502,0.45178859,0.34238018,,,,,,,,0.23073435
35400,0.97658548,0.97204328,0.95845391,0.93592605,0.90463104,0.86478674,0.81663065,0.76037583,0.69613543,0.62377972,0.54262746,0.45063039,0.34135113,,,,,,,,0.23013606
35460,0.97431871,0.96978734,0.95623029,0.93375578,0.90253441,0.86278292,0.81473746,0.75860948,0.69450998,0.62230660,0.54131412,0.44947598,0.34032498,,,,,,,,0.22953966
35520,0.97205897,0.96753839,0.95401357,0.93159225,0.90044429,0.86078536,0.81285021,0.75684866,0.69288969,0.62083822,0.54000498,0.44832517,0.33930190,,,,,,,,0.22894512
35580,0.96980623,0.96529642,0.95180372,0.92943544,0.89836067,0.85879403,0.81096889,0.75509340,0.69127451,0.61937450,0.53870008,0.44717810,0.33828170,,,,,,,,0.22835246
35640,0.96756046,0.96306138,0.94960073,0.92728534,0.89628353,0.85680889,0.80909346,0.75334369,0.68966447,0.61791545,0.53739932,0.44603464,0.33726454,,,,,,,,0.22776167
35700,0.96532165,0.96083327,0.94740457,0.92514191,0.89421286,0.85482996,0.80722389,0.75159946,0.68805953,0.61646108,0.53610277,0.44489486,0.33625026,,,,,,,,0.22717276
35760,0.96308977,0.95861207,0.94521522,0.92300514,0.89214864,0.85285720,0.80536018,0.74986073,0.68645966,0.61501131,0.53481035,0.44375871,0.33523900,,,,,,,,0.22658571
35820,0.96086480,0.95639774,0.94303265,0.92087500,0.89009084,0.85089062,0.80350233,0.74812748,0.68486487,0.61356619,0.53352210,0.44262619,0.33423060,,,,,,,,0.22600052
35880,0.95864671,0.95419026,0.94085685,0.91875147,0.88803944,0.84893016,0.80165028,0.74639969,0.68327514,0.61212568,0.53223798,0.44149730,0.33322519,,,,,,,,0.22541720
35940,0.95643550,0.95198962,0.93868777,0.91663452,0.88599441,0.84697579,0.79980402,0.74467731,0.68169041,0.61068974,0.53095795,0.44037198,0.33222263,,,,,,,,0.22483573
36000,0.95423113,0.94979579,0.93652543,0.91452414,0.88395574,0.84502754,0.79796356,0.74296038,0.68011073,0.60925841,0.52968208,0.43925031,0.33122303,,,,,,,,0.22425613
36060,0.95203383,0.94760923,0.93437094,0.91242260,0.88192727,0.84309119,0.79613706,0.74125981,0.67855017,0.60784940,0.52843243,0.43816025,0.33026482,,,,,,,,0.22367774
36120,0.94984326,0.94542937,0.93222307,0.91032753,0.87990505,0.84116084,0.79431623,0.73956451,0.67699448,0.60644484,0.52718679,0.43707373,0.32930952,,,,,,,,0.22310069
36180,0.94765958,0.94325637,0.93008195,0.90823906,0.87788921,0.83923658,0.79250114,0.73787462,0.67544378,0.60504483,0.52594521,0.43599068,0.32835685,,,,,,,,0.22252525
36240,0.94548277,0.94109020,0.92794758,0.90615717,0.87587975,0.83731839,0.79069183,0.73619012,0.67389808,0.60364932,0.52470762,0.43491117,0.32740716,,,,,,,,0.22195148
36300,0.94331280,0.93893085,0.92581993,0.90408185,0.87387660,0.83540628,0.78888827,0.73451101,0.67235729,0.60225830,0.52347409,0.43383518,0.32646001,,,,,,,,0.22137942
36360,0.94114967,0.93677830,0.92369898,0.90201307,0.87187979,0.83350023,0.78709045,0.73283722,0.67082145,0.60087180,0.52224454,0.43276263,0.32551578,,,,,,,,0.22080909
36420,0.93899334,0.93463252,0.92158471,0.89995080,0.86988928,0.83160022,0.78529832,0.73116878,0.66929055,0.59948975,0.52101899,0.43169361,0.32457421,,,,,,,,0.22024052
36480,0.93684379,0.93249349,0.91947710,0.89789502,0.86790506,0.82970623,0.78351187,0.72950567,0.66776455,0.59811215,0.51979744,0.43062797,0.32363545,,,,,,,,0.21967372
36540,0.93470100,0.93036119,0.91737612,0.89584573,0.86592711,0.82781821,0.78173110,0.72784786,0.66624342,0.59673902,0.51857982,0.42956581,0.32269944,,,,,,,,0.21910869
36600,0.93256495,0.92823560,0.91528175,0.89380290,0.86395540,0.82593616,0.77995599,0.72619530,0.66472718,0.59537029,0.51736616,0.42850708,0.32176611,,,,,,,,0.21854544
36660,0.93043561,0.92611669,0.91319398,0.89176650,0.86198992,0.82406006,0.77818652,0.72454803,0.66321580,0.59400598,0.51615646,0.42745174,0.32083564,,,,,,,,0.21798398
36720,0.92831297,0.92400444,0.91111276,0.88973652,0.86003062,0.82218991,0.77642263,0.72290601,0.66170924,0.59264608,0.51495064,0.42639987,0.31990772,,,,,,,,0.21742430
36780,0.92619700,0.92189884,0.90903809,0.88771293,0.85807750,0.82032568,0.77466434,0.72126922,0.66020751,0.59129054,0.51374876,0.42535130,0.31898274,,,,,,,,0.21686640
36840,0.92408768,0.91979985,0.90696994,0.88569572,0.85613055,0.81846733,0.77291164,0.71963761,0.65871060,0.58993937,0.51255076,0.42430618,0.31806025,,,,,,,,0.21631030
36900,0.92198499,0.91770746,0.90490831,0.88368487,0.85418974,0.81661484,0.77116451,0.71801122,0.65721846,0.58859257,0.51135663,0.42326441,0.31714064,,,,,,,,0.21575598
36960,0.91988891,0.91562165,0.90285315,0.88168033,0.85225505,0.81476821,0.76942289,0.71639001,0.65573109,0.58725008,0.51016640,0.42222598,0.31622362,,,,,,,,0.21520346
37020,0.91779941,0.91354239,0.90080446,0.87968209,0.85032647,0.81292743,0.76768679,0.71477395,0.65424850,0.58591192,0.50897998,0.42119097,0.31530935,,,,,,,,0.21465271
37080,0.91571647,0.91146966,0.89876220,0.87769014,0.84840395,0.81109246,0.76595620,0.71316302,0.65277064,0.58457808,0.50779741,0.42015920,0.31439779,,,,,,,,0.21410376
37140,0.91364007,0.90940344,0.89672637,0.87570447,0.84648749,0.80926329,0.76423110,0.71155722,0.65129749,0.58324851,0.50661870,0.41913083,0.31348883,,,,,,,,0.21355659
37200,0.91157020,0.90734371,0.89469694,0.87372504,0.84457706,0.80743988,0.76251147,0.70995655,0.64982907,0.58192321,0.50544375,0.41810575,0.31258268,,,,,,,,0.21301120
37260,0.90950682,0.90529045,0.89267388,0.87175184,0.84267266,0.80562223,0.76079726,0.70836095,0.64836535,0.58060220,0.50427264,0.41708397,0.31167900,,,,,,,,0.21246758
37320,0.90744992,0.90324364,0.89065719,0.86978485,0.84077427,0.80381032,0.75908849,0.70677041,0.64690628,0.57928542,0.50310531,0.41606555,0.31077820,,,,,,,,0.21192575
37380,0.90539947,0.90120326,0.88864682,0.86782405,0.83888185,0.80200414,0.75738513,0.70518494,0.64545188,0.57797286,0.50194174,0.41505033,0.30987980,,,,,,,,0.21138569
37440,0.90335546,0.89916927,0.88664278,0.86586942,0.83699540,0.80020367,0.75568718,0.70360452,0.64400214,0.57666455,0.50078196,0.41403845,0.30898422,,,,,,,,0.21084741
37500,0.90131786,0.89714167,0.88464501,0.86392092,0.83511488,0.79840886,0.75399458,0.70202910,0.64255701,0.57536042,0.49962591,0.41302980,0.30809115,,,,,,,,0.21031089
37560,0.89928666,0.89512043,0.88265352,0.86197854,0.83324027,0.79661971,0.75230733,0.70045869,0.64111649,0.57406047,0.49847359,0.41202443,0.30720076,,,,,,,,0.20977614
37620,0.89726183,0.89310553,0.88066828,0.86004226,0.83137156,0.79483621,0.75062543,0.69889327,0.63968059,0.57276473,0.49732504,0.41102232,0.30631298,,,,,,,,0.20924315
37680,0.89524335,0.89109695,0.87868927,0.85811207,0.82950874,0.79305834,0.74894886,0.69733284,0.63824927,0.57147312,0.49618014,0.41002340,0.30542774,,,,,,,,0.20871192
37740,0.89323119,0.88909467,0.87671648,0.85618795,0.82765179,0.79128608,0.74727759,0.69577733,0.63682249,0.57018566,0.49503898,0.40902777,0.30454522,,,,,,,,0.20818244
37800,0.89122535,0.88709867,0.87474987,0.85426987,0.82580068,0.78951941,0.74561159,0.69422676,0.63540029,0.56890236,0.49390151,0.40803529,0.30366510,,,,,,,,0.20765472
37860,0.88922602,0.88510937,0.87279052,0.85235997,0.82395901,0.78776375,0.74395855,0.69269143,0.63399593,0.56763996,0.49278878,0.40707302,0.30282584,,,,,,,,0.20712815
37920,0.88723290,0.88312624,0.87083726,0.85045600,0.82212305,0.78601357,0.74231069,0.69116092,0.63259598,0.56638157,0.49167964,0.40611389,0.30198886,,,,,,,,0.20660282
37980,0.88524611,0.88114943,0.86889021,0.84855810,0.82029294,0.78426899,0.74066811,0.68963531,0.63120055,0.56512728,0.49057413,0.40515782,0.30115444,,,,,,,,0.20607902
38040,0.88326566,0.87917891,0.86694937,0.84666625,0.81846869,0.78252999,0.73903079,0.68811459,0.62980963,0.56387707,0.48947220,0.40420495,0.30032256,,,,,,,,0.20555679
38100,0.88129151,0.87721467,0.86501472,0.84478042,0.81665025,0.78079655,0.73739870,0.68659878,0.62842322,0.56263089,0.48837391,0.40325521,0.29949294,,,,,,,,0.20503617
38160,0.87932365,0.87525668,0.86308623,0.84290060,0.81483763,0.77906866,0.73577185,0.68508785,0.62704125,0.56138878,0.48727924,0.40230853,0.29866594,,,,,,,,0.20451719
38220,0.87736205,0.87330493,0.86116388,0.84102678,0.81303079,0.77734627,0.73415021,0.68358177,0.62566375,0.56015071,0.48618809,0.40136499,0.29784129,,,,,,,,0.20399986
38280,0.87540670,0.87135940,0.85924766,0.83915893,0.81122972,0.77562939,0.73253377,0.68208050,0.62429070,0.55891664,0.48510055,0.40042453,0.29701907,,,,,,,,0.20348419
38340,0.87345757,0.86942005,0.85733754,0.83729704,0.80943440,0.77391800,0.73092252,0.68058407,0.62292210,0.55768657,0.48401658,0.39948710,0.29619946,,,,,,,,0.20297020
38400,0.87151464,0.86748688,0.85543349,0.83544108,0.80764478,0.77221208,0.72931639,0.67909245,0.62155787,0.55646052,0.48293610,0.39855278,0.29538201,,,,,,,,0.20245788
38460,0.86957790,0.86555986,0.85353550,0.83359103,0.80586088,0.77051161,0.72771541,0.67760563,0.62019806,0.55523844,0.48185918,0.39762148,0.29456716,,,,,,,,0.20194724
38520,0.86764731,0.86363897,0.85164355,0.83174687,0.80408266,0.76881657,0.72611956,0.67612356,0.61884264,0.55402030,0.48078580,0.39669321,0.29375473,,,,,,,,0.20143828
38580,0.86572286,0.86172418,0.84975761,0.82990859,0.80231011,0.76712692,0.72452882,0.67464624,0.61749160,0.55280613,0.47971588,0.39576801,0.29294461,,,,,,,,0.20093100
38640,0.86380453,0.85981549,0.84787768,0.82807616,0.80054321,0.76544267,0.72294317,0.67317367,0.61614488,0.55159591,0.47864946,0.39484578,0.29213708,,,,,,,,0.20042540
38700,0.86189229,0.85791286,0.84600373,0.82624954,0.79878194,0.76376379,0.72136258,0.67170583,0.61480251,0.55038958,0.47758655,0.39392656,0.29133177,,,,,,,,0.19992148
38760,0.85998613,0.85601627,0.84413573,0.82442874,0.79702628,0.76209027,0.71978703,0.67024270,0.61346447,0.54918716,0.47652707,0.39301039,0.29052893,,,,,,,,0.19941925
38820,0.85808602,0.85412571,0.84227367,0.82261372,0.79527621,0.76042209,0.71821652,0.66878423,0.61213074,0.54798865,0.47547105,0.39209714,0.28972858,,,,,,,,0.19891869
38880,0.85619195,0.85224116,0.84041753,0.82080448,0.79353169,0.75875923,0.71665104,0.66733045,0.61080128,0.54679402,0.47441850,0.39118689,0.28893042,,,,,,,,0.19841981
38940,0.85430390,0.85036259,0.83856728,0.81900099,0.79179273,0.75710166,0.71509056,0.66588133,0.60947611,0.54560323,0.47336935,0.39027966,0.28813481,,,,,,,,0.19792261
39000,0.85242183,0.84848999,0.83672291,0.81720324,0.79005930,0.75544936,0.71353505,0.66443686,0.60815521,0.54441632,0.47232361,0.38937530,0.28734147,,,,,,,,0.19742708
39060,0.85054574,0.84662333,0.83488440,0.81541120,0.78833139,0.75380233,0.71198450,0.66299699,0.60683856,0.54323325,0.47128131,0.38847394,0.28655049,,,,,,,,0.19693322
39120,0.84867560,0.84476259,0.83305173,0.81362485,0.78660898,0.75216055,0.71043890,0.66156173,0.60552612,0.54205399,0.47024238,0.38757554,0.28576204,,,,,,,,0.19644103
39180,0.84681140,0.84290776,0.83122487,0.81184418,0.78489204,0.75052400,0.70889824,0.66013108,0.60421791,0.54087854,0.46920682,0.38668001,0.28497565,,,,,,,,0.19595051
39240,0.84495310,0.84105881,0.82940381,0.81006916,0.78318056,0.74889266,0.70736250,0.65870501,0.60291392,0.53970690,0.46817466,0.38578746,0.28419178,,,,,,,,0.19546165
39300,0.84310070,0.83921572,0.82758853,0.80829977,0.78147452,0.74726651,0.70583165,0.65728349,0.60161410,0.53853905,0.46714586,0.38489780,0.28341022,,,,,,,,0.19497444
39360,0.84125417,0.83737847,0.82577899,0.80653599,0.77977388,0.74564551,0.70430567,0.65586651,0.60031845,0.53737495,0.46612037,0.38401102,0.28263090,,,,,,,,0.19448890
39420,0.83941350,0.83554704,0.82397519,0.80477780,0.77807865,0.74402968,0.70278455,0.65445406,0.59902696,0.53621463,0.46509826,0.38312718,0.28185407,,,,,,,,0.19400501
39480,0.83757865,0.83372142,0.82217711,0.80302520,0.77638880,0.74241899,0.70126829,0.65304614,0.59773964,0.53505807,0.46407946,0.38224619,0.28107933,,,,,,,,0.19352276
39540,0.83574962,0.83190158,0.82038473,0.80127815,0.77470432,0.74081342,0.69975687,0.65164272,0.59645643,0.53390520,0.46306396,0.38136806,0.28030700,,,,,,,,0.19304217
39600,0.83392638,0.83008750,0.81859803,0.79953664,0.77302519,0.73921296,0.69825025,0.65024376,0.59517733,0.53275607,0.46205178,0.38049286,0.27953702,,,,,,,,0.19256321
39660,0.83210902,0.82827908,0.81681629,0.79779895,0.77134830,0.73761274,0.69674145,0.64883982,0.59389002,0.53159497,0.46102301,0.37959467,0.27873154,,,,,,,,0.19208657
39720,0.83029717,0.82647613,0.81503995,0.79606654,0.76967651,0.73601738,0.69523728,0.64744022,0.59260670,0.53043745,0.45999745,0.37869934,0.27792858,,,,,,,,0.19161194
39780,0.82849094,0.82467879,0.81326913,0.79433952,0.76800991,0.73442700,0.69373782,0.64604501,0.59132740,0.52928362,0.45897520,0.37780688,0.27712761,,,,,,,,0.19113915
39840,0.82669034,0.82288704,0.81150383,0.79261789,0.76634851,0.73284161,0.69224306,0.64465417,0.59005216,0.52813348,0.45795620,0.37691724,0.27632923,,,,,,,,0.19066814
39900,0.82489534,0.82110087,0.80974403,0.79090160,0.76469230,0.73126117,0.69075298,0.64326771,0.58878096,0.52698696,0.45694047,0.37603052,0.27553296,,,,,,,,0.19019886
39960,0.82310592,0.81932026,0.80798971,0.78919067,0.76304127,0.72968568,0.68926756,0.64188563,0.58751377,0.52584411,0.45592803,0.37514656,0.27473913,,,,,,,,0.18973130
40020,0.82132207,0.81754518,0.80624084,0.78748506,0.76139538,0.72811509,0.68778681,0.64050789,0.58625058,0.52470491,0.45491878,0.37426551,0.27394750,,,,,,,,0.18926542
40080,0.81954376,0.81577563,0.80449742,0.78578477,0.75975464,0.72654941,0.68631070,0.63913446,0.58499139,0.52356931,0.45391280,0.37338727,0.27315815,,,,,,,,0.18880120
40140,0.81777099,0.81401158,0.80275942,0.78408977,0.75811900,0.72498863,0.68483921,0.63776537,0.58373618,0.52243732,0.45291005,0.37251185,0.27237110,,,,,,,,0.18833864
40200,0.81600372,0.81225301,0.80102682,0.78240006,0.75648844,0.72343273,0.68337231,0.63640058,0.58248492,0.52130896,0.45191049,0.37163930,0.27158616,,,,,,,,0.18787772
40260,0.81424194,0.81049990,0.79929960,0.78071560,0.75486298,0.72188169,0.68191001,0.63504007,0.58123762,0.52018415,0.45091417,0.37076948,0.27080363,,,,,,,,0.18741842
40320,0.81248564,0.80875225,0.79757776,0.77903638,0.75324258,0.72033547,0.68045230,0.63368383,0.57999427,0.51906293,0.44992102,0.36990254,0.27002306,,,,,,,,0.18696075
40380,0.81073479,0.80701002,0.79586126,0.77736239,0.75162723,0.71879408,0.67899915,0.63233185,0.57875481,0.51794529,0.44893106,0.36903833,0.26924496,,,,,,,,0.18650468
40440,0.80898938,0.80527320,0.79415011,0.77569359,0.75001691,0.71725750,0.67755053,0.63098413,0.57751928,0.51683117,0.44794431,0.36817693,0.26846873,,,,,,,,0.18605022
40500,0.80724938,0.80354178,0.79244426,0.77402998,0.74841161,0.71572572,0.67610644,0.62964062,0.57628766,0.51572061,0.44696067,0.36731832,0.26769491,,,,,,,,0.18559735
40560,0.80551479,0.80181573,0.79074372,0.77237155,0.74681129,0.71419872,0.67466687,0.62830133,0.57505990,0.51461360,0.44598023,0.36646244,0.26692307,,,,,,,,0.18514606
40620,0.80378558,0.80009504,0.78904846,0.77071826,0.74521595,0.71267647,0.67323181,0.62696624,0.57383602,0.51351006,0.44500293,0.36560938,0.26615349,,,,,,,,0.18469636
40680,0.80206174,0.79837969,0.78735846,0.76907012,0.74362558,0.71115896,0.67180122,0.62563536,0.57261601,0.51241005,0.44402874,0.36475897,0.26538598,,,,,,,,0.18424823
40740,0.80034324,0.79666966,0.78567371,0.76742710,0.74204015,0.70964618,0.67037510,0.62430862,0.57139984,0.51131355,0.44305772,0.36391135,0.26462059,,,,,,,,0.18380167
40800,0.79863007,0.79496493,0.78399419,0.76578919,0.74045966,0.70813812,0.66895343,0.62298605,0.57018750,0.51022050,0.44208977,0.36306644,0.26385737,,,,,,,,0.18335667
40860,0.79692221,0.79326549,0.78231988,0.76415636,0.73888409,0.70663476,0.66753622,0.62166764,0.56897898,0.50913095,0.44112495,0.36222424,0.26309612,,,,,,,,0.18291322
40920,0.79521965,0.79157132,0.78065076,0.76252860,0.73731342,0.70513609,0.66612343,0.62035336,0.56777429,0.50804486,0.44016324,0.36138479,0.26233715,,,,,,,,0.18247132
40980,0.79352236,0.78988240,0.77898681,0.76090588,0.73574761,0.70364206,0.66471503,0.61904317,0.56657336,0.50696219,0.43920458,0.36054795,0.26157999,,,,,,,,0.18203096
41040,0.79183034,0.78819871,0.77732801,0.75928820,0.73418666,0.70215269,0.66331103,0.61773710,0.56537623,0.50588298,0.43824902,0.35971388,0.26082519,,,,,,,,0.18159215
41100,0.79014355,0.78652023,0.77567436,0.75767554,0.73263057,0.70066795,0.66191143,0.61643514,0.56418288,0.50480721,0.43729651,0.35888242,0.26007211,,,,,,,,0.18115486
41160,0.78846199,0.78484696,0.77402584,0.75606788,0.73107932,0.69918785,0.66051619,0.61513724,0.56299327,0.50373482,0.43634705,0.35805365,0.25932134,,,,,,,,0.18071910
41220,0.78678563,0.78317886,0.77238242,0.75446520,0.72953288,0.69771235,0.65912529,0.61384339,0.56180740,0.50266586,0.43540066,0.35722756,0.25857240,,,,,,,,0.18028487
41280,0.78511447,0.78151594,0.77074410,0.75286750,0.72799125,0.69624142,0.65773872,0.61255360,0.56062529,0.50160029,0.43445726,0.35640406,0.25782561,,,,,,,,0.17985214
41340,0.78344848,0.77985816,0.76911085,0.75127475,0.72645439,0.69477506,0.65635648,0.61126786,0.55944688,0.50053808,0.43351691,0.35558328,0.25708075,,,,,,,,0.17942094
41400,0.78178764,0.77820551,0.76748265,0.74968694,0.72492230,0.69331327,0.65497856,0.60998613,0.55827218,0.49947926,0.43257958,0.35476502,0.25633791,,,,,,,,0.17899123
41460,0.78013217,0.77655859,0.76586125,0.74810767,0.72340116,0.69186551,0.65361840,0.60872654,0.55712476,0.49845386,0.43168339,0.35399938,0.25567277,,,,,,,,0.17856187
41520,0.77848186,0.77491679,0.76424489,0.74653330,0.72188477,0.69042228,0.65226247,0.60747090,0.55598098,0.49743168,0.43079009,0.35323627,0.25500924,,,,,,,,0.17813316
41580,0.77683682,0.77328024,0.76263370,0.74496396,0.72037323,0.68898366,0.65091088,0.60621930,0.55484086,0.49641284,0.42989976,0.35247560,0.25434771,,,,,,,,0.17770554
41640,0.77519703,0.77164892,0.76102765,0.74339963,0.71886651,0.68754963,0.64956363,0.60497173,0.55370442,0.49539732,0.42901232,0.35171749,0.25368815,,,,,,,,0.17727911
41700,0.77356249,0.77002281,0.75942674,0.74184031,0.71736462,0.68612019,0.64822070,0.60372815,0.55257166,0.49438512,0.42812780,0.35096193,0.25303012,,,,,,,,0.17685396
41760,0.77193316,0.76840189,0.75783094,0.74028597,0.71586754,0.68469533,0.64688208,0.60248857,0.55144257,0.49337618,0.42724622,0.35020881,0.25237410,,,,,,,,0.17643012
41820,0.77030904,0.76678616,0.75624024,0.73873661,0.71437524,0.68327503,0.64554776,0.60125297,0.55031712,0.49237053,0.42636754,0.34945817,0.25172010,,,,,,,,0.17600762
41880,0.76869011,0.76517558,0.75465461,0.73719219,0.71288770,0.68185927,0.64421768,0.60002135,0.54919528,0.49136816,0.42549171,0.34871002,0.25106760,,,,,,,,0.17558650
41940,0.76707634,0.76357014,0.75307404,0.73565270,0.71140490,0.68044804,0.64289187,0.59879369,0.54807706,0.49036906,0.42461876,0.34796432,0.25041713,,,,,,,,0.17516675
42000,0.76546772,0.76196982,0.75149852,0.73411812,0.70992685,0.67904132,0.64157030,0.59756996,0.54696246,0.48937317,0.42374869,0.34722101,0.24976869,,,,,,,,0.17474840
42060,0.76386423,0.76037461,0.74992802,0.73258844,0.70845351,0.67763910,0.64025297,0.59635014,0.54585146,0.48838052,0.42288147,0.34648016,0.24912179,,,,,,,,0.17433145
42120,0.76226585,0.75878448,0.74836253,0.73106364,0.70698487,0.67624133,0.63893985,0.59513424,0.54474402,0.48739110,0.42201706,0.34574177,0.24847689,,,,,,,,0.17391591
42180,0.76067256,0.75719942,0.74680203,0.72954370,0.70552092,0.67484804,0.63763094,0.59392224,0.54364014,0.48640491,0.42115549,0.34500570,0.24783401,,,,,,,,0.17350178
42240,0.75908435,0.75561941,0.74524650,0.72802860,0.70406164,0.67345919,0.63632619,0.59271413,0.54253983,0.48542188,0.42029675,0.34427207,0.24719269,,,,,,,,0.17308906
42300,0.75750120,0.75404443,0.74369592,0.72651832,0.70260701,0.67207477,0.63502561,0.59150990,0.54144306,0.48444204,0.41944079,0.34354086,0.24655334,,,,,,,,0.17267776
42360,0.75592308,0.75247447,0.74215028,0.72501285,0.70115702,0.67069477,0.63372919,0.59030950,0.54034982,0.48346538,0.41858761,0.34281200,0.24591600,,,,,,,,0.17226788
42420,0.75434999,0.75090950,0.74060956,0.72351217,0.69971163,0.66931918,0.63243691,0.58911295,0.53926008,0.48249190,0.41773724,0.34208550,0.24528023,,,,,,,,0.17185942
42480,0.75278191,0.74934951,0.73907375,0.72201628,0.69827084,0.66794796,0.63114876,0.58792023,0.53817385,0.48152153,0.41688964,0.34136141,0.24464639,,,,,,,,0.17145237
42540,0.75121881,0.74779448,0.73754282,0.72052514,0.69683464,0.66658110,0.62986472,0.58673134,0.53709111,0.48055431,0.41604476,0.34063967,0.24401455,,,,,,,,0.17104674
42600,0.74966068,0.74624440,0.73601676,0.71903874,0.69540301,0.66521860,0.62858476,0.58554625,0.53601185,0.47959022,0.41520265,0.33992024,0.24338429,,,,,,,,0.17064253
42660,0.74810750,0.74469924,0.73449554,0.71755707,0.69397594,0.66386043,0.62730888,0.58436493,0.53493606,0.47862925,0.41436329,0.33920319,0.24275591,,,,,,,,0.17023974
42720,0.74655925,0.74315899,0.73297916,0.71608011,0.69255340,0.66250659,0.62603707,0.58318738,0.53386370,0.47767137,0.41352665,0.33848851,0.24212953,,,,,,,,0.16983835
42780,0.74501592,0.74162363,0.73146760,0.71460784,0.69113539,0.66115706,0.62476932,0.58201361,0.53279479,0.47671657,0.41269271,0.33777607,0.24150473,,,,,,,,0.16943838
42840,0.74347749,0.74009314,0.72996084,0.71314025,0.68972189,0.65981182,0.62350561,0.58084358,0.53172931,0.47576486,0.41186149,0.33706599,0.24088177,,,,,,,,0.16903982
42900,0.74194395,0.73856752,0.72845886,0.71167732,0.68831287,0.65847086,0.62224593,0.57967730,0.53066726,0.47481623,0.41103299,0.33635826,0.24026078,,,,,,,,0.16864267
42960,0.74041526,0.73704673,0.72696164,0.71021902,0.68690832,0.65713415,0.62099024,0.57851472,0.52960859,0.47387063,0.41020714,0.33565278,0.23964139,,,,,,,,0.16824692
43020,0.73889143,0.73553076,0.72546917,0.70876535,0.68550823,0.65580168,0.61973854,0.57735585,0.52855330,0.47292808,0.40938397,0.33494960,0.23902378,,,,,,,,0.16785258
43080,0.73737242,0.73401959,0.72398142,0.70731629,0.68411258,0.65447345,0.61849083,0.57620068,0.52750140,0.47198857,0.40856349,0.33424875,0.23840814,,,,,,,,0.16745964
43140,0.73585823,0.73251322,0.72249840,0.70587182,0.68272135,0.65314943,0.61724709,0.57504919,0.52645287,0.47105209,0.40774569,0.33355017,0.23779408,,,,,,,,0.16706809
43200,0.73434884,0.73101162,0.72102007,0.70443193,0.68133454,0.65182962,0.61600730,0.57390138,0.52540770,0.47011860,0.40693048,0.33285382,0.23718178,,,,,,,,0.16667793
43260,0.73284441,0.72951513,0.71954731,0.70299836,0.67995509,0.65051851,0.61477783,0.57276579,0.52437700,0.46920236,0.40613611,0.33218380,0.23660912,,,,,,,,0.16628864
43320,0.73134468,0.72802333,0.71807916,0.70156928,0.67857997,0.64921150,0.61355221,0.57163376,0.52334957,0.46828903,0.40534430,0.33151598,0.23603814,,,,,,,,0.16590030
43380,0.72984977,0.72653631,0.71661573,0.70014479,0.67720926,0.64790869,0.61233052,0.57050538,0.52232545,0.46737868,0.40455510,0.33085034,0.23546860,,,,,,,,0.16551316
43440,0.72835967,0.72505408,0.71515699,0.69872488,0.67584295,0.64661007,0.61111276,0.56938063,0.52130465,0.46647129,0.40376845,0.33018688,0.23490085,,,,,,,,0.16512727
43500,0.72687436,0.72357661,0.71370295,0.69730953,0.67448104,0.64531561,0.60989892,0.56825952,0.52028715,0.46556682,0.40298438,0.32952564,0.23433489,,,,,,,,0.16474265
43560,0.72539382,0.72210389,0.71225358,0.69589873,0.67312350,0.64402532,0.60868899,0.56714202,0.51927294,0.46466530,0.40220289,0.32886661,0.23377052,,,,,,,,0.16435933
43620,0.72391803,0.72063590,0.71080887,0.69449246,0.67177032,0.64273917,0.60748296,0.56602813,0.51826199,0.46376670,0.40142397,0.32820973,0.23320769,,,,,,,,0.16397733
43680,0.72244699,0.71917262,0.70936879,0.69309070,0.67042148,0.64145716,0.60628080,0.56491780,0.51725430,0.46287103,0.40064760,0.32755498,0.23264665,,,,,,,,0.16359664
43740,0.72098066,0.71771404,0.70793334,0.69169345,0.66907696,0.64017926,0.60508250,0.56381104,0.51624988,0.46197827,0.39987374,0.32690241,0.23208740,,,,,,,,0.16321729
43800,0.71951904,0.71626014,0.70650249,0.69030067,0.66773677,0.63890547,0.60388805,0.56270785,0.51524869,0.46108839,0.39910242,0.32625202,0.23152964,,,,,,,,0.16283926
43860,0.71806211,0.71481090,0.70507623,0.68891236,0.66640087,0.63763576,0.60269742,0.56160821,0.51425074,0.46020139,0.39833363,0.32560376,0.23097351,,,,,,,,0.16246257
43920,0.71660985,0.71336631,0.70365455,0.68752849,0.66506926,0.63637013,0.60151061,0.56051210,0.51325599,0.45931727,0.39756736,0.32495757,0.23041916,,,,,,,,0.16208721
43980,0.71516224,0.71192634,0.70223741,0.68614906,0.66374191,0.63510854,0.60032762,0.55941952,0.51226444,0.45843601,0.39680357,0.32431353,0.22986660,,,,,,,,0.16171318
44040,0.71371927,0.71049099,0.70082482,0.68477405,0.66241881,0.63385099,0.59914841,0.55833044,0.51127609,0.45755761,0.39604226,0.32367164,0.22931541,,,,,,,,0.16134049
44100,0.71228092,0.70906023,0.69941675,0.68340343,0.66109995,0.63259746,0.59797299,0.55724484,0.51029092,0.45668204,0.39528344,0.32303186,0.22876593,,,,,,,,0.16096913
44160,0.71084717,0.70763405,0.69801318,0.68203721,0.65978531,0.63134795,0.59680133,0.55616273,0.50930892,0.45580928,0.39452710,0.32239411,0.22821822,,,,,,,,0.16059910
44220,0.70941800,0.70621243,0.69661410,0.68067535,0.65847487,0.63010244,0.59563342,0.55508408,0.50833008,0.45493936,0.39377324,0.32175848,0.22767225,,,,,,,,0.16023041
44280,0.70799341,0.70479536,0.69521949,0.67931785,0.65716862,0.62886091,0.59446924,0.55400890,0.50735436,0.45407224,0.39302178,0.32112497,0.22712759,,,,,,,,0.15986304
44340,0.70657337,0.70338282,0.69382934,0.67796468,0.65586653,0.62762335,0.59330878,0.55293716,0.50638178,0.45320794,0.39227278,0.32049355,0.22658469,,,,,,,,0.15949700
44400,0.70515786,0.70197479,0.69244362,0.67661584,0.65456861,0.62638974,0.59215203,0.55186886,0.50541233,0.45234640,0.39152623,0.31986413,0.22604354,,,,,,,,0.15913228
44460,0.70374688,0.70057125,0.69106233,0.67527130,0.65327483,0.62516008,0.59099898,0.55080395,0.50444599,0.45148763,0.39078211,0.31923680,0.22550401,,,,,,,,0.15876889
44520,0.70234040,0.69917220,0.68968545,0.67393106,0.65198518,0.62393433,0.58984961,0.54974246,0.50348275,0.45063164,0.39004040,0.31861155,0.22496586,,,,,,,,0.15840681
44580,0.70093840,0.69777760,0.68831296,0.67259509,0.65069964,0.62271249,0.58870391,0.54868435,0.50252260,0.44977841,0.38930107,0.31798837,0.22442945,,,,,,,,0.15804605
44640,0.69954088,0.69638746,0.68694485,0.67126338,0.64941821,0.62149454,0.58756188,0.54762963,0.50156550,0.44892792,0.38856415,0.31736717,0.22389478,,,,,,,,0.15768660
44700,0.69814781,0.69500175,0.68558110,0.66993591,0.64814085,0.62028048,0.58642347,0.54657829,0.50061148,0.44808017,0.38782964,0.31674801,0.22336158,,,,,,,,0.15732847
44760,0.69675918,0.69362045,0.68422170,0.66861267,0.64686757,0.61907028,0.58528869,0.54553030,0.49966051,0.44723512,0.38709752,0.31613092,0.22282986,,,,,,,,0.15697164
44820,0.69537497,0.69224355,0.68286662,0.66729364,0.64559835,0.61786395,0.58415752,0.54448564,0.49871258,0.44639280,0.38636772,0.31551586,0.22229985,,,,,,,,0.15661611
44880,0.69399517,0.69087103,0.68151586,0.66597880,0.64433316,0.61666145,0.58302996,0.54344431,0.49776769,0.44555319,0.38564031,0.31490277,0.22177155,,,,,,,,0.15626189
44940,0.69261977,0.68950289,0.68016939,0.66466816,0.64307199,0.61546278,0.58190599,0.54240630,0.49682581,0.44471628,0.38491525,0.31429168,0.22124460,,,,,,,,0.15590896
45000,0.69124873,0.68813909,0.67882721,0.66336167,0.64181483,0.61426792,0.58078560,0.54137160,0.49588692,0.44388205,0.38419256,0.31368262,0.22071919,,,,,,,,0.15555733
45060,0.68988219,0.68677976,0.67748942,0.66205947,0.64056178,0.61307697,0.57966888,0.54034029,0.49495113,0.44305055,0.38347225,0.31307563,0.22019553,,,,,,,,0.15520702
45120,0.68851987,0.68542463,0.67615577,0.66076129,0.63931260,0.61188969,0.57855561,0.53931217,0.49401824,0.44222166,0.38275419,0.31247053,0.21967351,,,,,,,,0.15485797
45180,0.68716186,0.68407379,0.67482634,0.65946722,0.63806738,0.61070617,0.57744585,0.53828732,0.49308832,0.44139542,0.38203846,0.31186739,0.21915269,,,,,,,,0.15451019
45240,0.68580816,0.68272724,0.67350113,0.65817726,0.63682612,0.60952641,0.57633962,0.53726571,0.49216137,0.44057183,0.38132506,0.31126625,0.21863351,,,,,,,,0.15416370
45300,0.68445876,0.68138497,0.67218012,0.65689139,0.63558879,0.60835039,0.57523690,0.53624735,0.49123735,0.43975087,0.38061397,0.31066710,0.21811600,,,,,,,,0.15381848
45360,0.68311364,0.68004695,0.67086331,0.65560960,0.63435538,0.60717811,0.57413768,0.53523223,0.49031628,0.43893252,0.37990513,0.31006987,0.21760008,,,,,,,,0.15347453
45420,0.68177279,0.67871317,0.66955067,0.65433188,0.63312589,0.60600954,0.57304195,0.53422033,0.48939814,0.43811679,0.37919859,0.30947457,0.21708537,,,,,,,,0.15313185
45480,0.68043619,0.67738363,0.66824219,0.65305820,0.63190029,0.60484467,0.57194970,0.53321164,0.48848293,0.43730368,0.37849434,0.30888124,0.21657231,,,,,,,,0.15279044
45540,0.67910382,0.67605829,0.66693786,0.65178856,0.63067858,0.60368350,0.57086090,0.53220616,0.48757063,0.43649317,0.37779237,0.30828987,0.21606090,,,,,,,,0.15245029
45600,0.67777568,0.67473716,0.66563765,0.65052294,0.62946073,0.60252600,0.56977555,0.53120386,0.48666122,0.43568524,0.37709265,0.30770041,0.21555093,,,,,,,,0.15211139
45660,0.67645174,0.67342020,0.66434156,0.64926131,0.62824673,0.60137215,0.56869363,0.53020472,0.48575469,0.43487988,0.37639517,0.30711283,0.21504226,,,,,,,,0.15177375
45720,0.67513198,0.67210741,0.66304957,0.64800368,0.62703656,0.60022195,0.56761513,0.52920875,0.48485104,0.43407709,0.37569994,0.30652720,0.21453522,,,,,,,,0.15143736
45780,0.67381641,0.67079877,0.66176166,0.64675002,0.62583022,0.59907539,0.56654004,0.52821593,0.48395026,0.43327686,0.37500696,0.30594349,0.21402981,,,,,,,,0.15110221
45840,0.67250499,0.66949427,0.66047783,0.64550033,0.62462770,0.59793245,0.56546835,0.52722626,0.48305234,0.43247919,0.37431621,0.30536169,0.21352567,,,,,,,,0.15076831
45900,0.67119771,0.66819389,0.65919805,0.64425458,0.62342897,0.59679313,0.56440005,0.52623972,0.48215727,0.43168406,0.37362766,0.30478172,0.21302294,,,,,,,,0.15043564
45960,0.66989456,0.66689762,0.65792231,0.64301277,0.62223403,0.59565740,0.56333512,0.52525630,0.48126502,0.43089144,0.37294132,0.30420366,0.21252182,,,,,,,,0.15010421
46020,0.66859553,0.66560543,0.65665060,0.64177487,0.62104285,0.59452525,0.56227356,0.52427597,0.48037559,0.43010135,0.37225720,0.30362751,0.21202230,,,,,,,,0.14977401
46080,0.66730059,0.66431733,0.65538290,0.64054088,0.61985544,0.59339667,0.56121533,0.52329874,0.47948898,0.42931378,0.37157528,0.30305324,0.21152389,,,,,,,,0.14944503
46140,0.66600974,0.66303329,0.65411919,0.63931078,0.61867177,0.59227165,0.56016043,0.52232459,0.47860518,0.42852872,0.37089554,0.30248077,0.21102699,,,,,,,,0.14911728
46200,0.66472296,0.66175329,0.65285947,0.63808456,0.61749182,0.59115016,0.55910886,0.52135351,0.47772418,0.42774614,0.37021796,0.30191019,0.21053168,,,,,,,,0.14879075
46260,0.66344023,0.66047733,0.65160372,0.63686219,0.61631560,0.59003221,0.55806061,0.52038551,0.47684596,0.42696604,0.36954256,0.30134148,0.21003789,,,,,,,,0.14846543
46320,0.66216155,0.65920539,0.65035192,0.63564368,0.61514306,0.58891777,0.55701565,0.51942055,0.47597050,0.42618841,0.36886934,0.30077463,0.20954516,,,,,,,,0.14814132
46380,0.66088688,0.65793745,0.64910407,0.63442900,0.61397421,0.58780684,0.55597399,0.51845862,0.47509780,0.42541326,0.36819829,0.30020955,0.20905399,,,,,,,,0.14781842
46440,0.65961623,0.65667350,0.64786014,0.63321815,0.61280904,0.58669941,0.55493560,0.51749972,0.47422786,0.42464058,0.36752935,0.29964632,0.20856438,,,,,,,,0.14749672
46500,0.65834958,0.65541352,0.64662012,0.63201109,0.61164753,0.58559546,0.55390047,0.51654383,0.47336067,0.42387034,0.36686255,0.29908494,0.20807613,,,,,,,,0.14717621
46560,0.65708690,0.65415751,0.64538400,0.63080783,0.61048968,0.58449497,0.55286858,0.51559095,0.47249622,0.42310252,0.36619789,0.29852541,0.20758904,,,,,,,,0.14685691
46620,0.65582820,0.65290544,0.64415176,0.62960834,0.60933545,0.58339794,0.55183994,0.51464107,0.47163448,0.42233713,0.36553537,0.29796760,0.20710349,,,,,,,,0.14653879
46680,0.65457345,0.65165731,0.64292339,0.62841262,0.60818485,0.58230435,0.55081452,0.51369417,0.47077544,0.42157418,0.36487496,0.29741162,0.20661949,,,,,,,,0.14622187
46740,0.65332263,0.65041309,0.64169887,0.62722065,0.60703786,0.58121418,0.54979233,0.51275025,0.46991911,0.42081364,0.36421663,0.29685746,0.20613667,,,,,,,,0.14590612
46800,0.65207575,0.64917278,0.64047820,0.62603242,0.60589447,0.58012743,0.54877334,0.51180927,0.46906548,0.42005551,0.36356042,0.29630512,0.20565512,,,,,,,,0.14559155
46860,0.65083289,0.64793647,0.63926147,0.62484803,0.60475477,0.57904419,0.54775764,0.51087134,0.46821461,0.41929982,0.36290637,0.29575453,0.20517513,,,,,,,,0.14527820
46920,0.64959382,0.64670394,0.63804845,0.62366724,0.60361854,0.57796424,0.54674503,0.50993627,0.46736635,0.41854646,0.36225436,0.29520569,0.20469662,,,,,,,,0.14496598
46980,0.64835862,0.64547525,0.63683921,0.62249014,0.60248585,0.57688767,0.54573558,0.50900412,0.46652073,0.41779547,0.36160438,0.29465864,0.20421912,,,,,,,,0.14465493
47040,0.64712728,0.64425040,0.63563376,0.62131673,0.60135670,0.57581446,0.54472928,0.50807489,0.46567776,0.41704686,0.36095648,0.29411338,0.20374301,,,,,,,,0.14434504
47100,0.64589980,0.64302939,0.63443208,0.62014698,0.60023108,0.57474462,0.54372612,0.50714857,0.46483744,0.41630061,0.36031065,0.29356981,0.20326839,,,,,,,,0.14403631
47160,0.64467616,0.64181221,0.63323415,0.61898090,0.59910898,0.57367811,0.54272611,0.50622514,0.46399976,0.41555669,0.35966689,0.29302799,0.20279523,,,,,,,,0.14372873
47220,0.64345635,0.64059883,0.63203998,0.61781846,0.59799039,0.57261494,0.54172922,0.50530460,0.46316470,0.41481512,0.35902516,0.29248794,0.20232297,,,,,,,,0.14342231
47280,0.64224035,0.63938924,0.63084953,0.61665965,0.59687529,0.57155508,0.54073545,0.50438693,0.46233226,0.41407589,0.35838546,0.29194966,0.20185220,,,,,,,,0.14311703
47340,0.64102816,0.63818343,0.62966280,0.61550446,0.59576367,0.57049852,0.53974478,0.50347213,0.46150242,0.41333899,0.35774779,0.29141305,0.20138289,,,,,,,,0.14281290
47400,0.63981974,0.63698139,0.62847978,0.61435288,0.59465553,0.56944527,0.53875719,0.50256019,0.46067517,0.41260441,0.35711216,0.29087815,0.20091486,,,,,,,,0.14250990
47460,0.63861510,0.63578309,0.62730046,0.61320488,0.59355084,0.56839529,0.53777268,0.50165110,0.45985051,0.41187212,0.35647855,0.29034500,0.20044785,,,,,,,,0.14220805
47520,0.63741422,0.63458854,0.62612481,0.61206046,0.59244959,0.56734860,0.53679124,0.50074484,0.45902844,0.41114213,0.35584692,0.28981358,0.19998231,,,,,,,,0.14190732
47580,0.63621708,0.63339771,0.62495282,0.61091961,0.59135178,0.56630516,0.53581285,0.49984140,0.45820893,0.41041444,0.35521730,0.28928382,0.19951821,,,,,,,,0.14160772
47640,0.63502368,0.63221060,0.62378449,0.60978231,0.59025737,0.56526497,0.53483751,0.49894077,0.45739198,0.40968904,0.35458967,0.28875574,0.19905520,,,,,,,,0.14130925
47700,0.63383399,0.63102718,0.62261979,0.60864855,0.58916637,0.56422801,0.53386521,0.49804294,0.45657756,0.40896591,0.35396405,0.28822937,0.19859334,,,,,,,,0.14101190
47760,0.63264800,0.62984744,0.62145872,0.60751832,0.58807876,0.56319428,0.53289593,0.49714792,0.45576570,0.40824503,0.35334039,0.28770471,0.19813293,,,,,,,,0.14071566
47820,0.63146571,0.62867138,0.62030127,0.60639161,0.58699454,0.56216375,0.53192967,0.49625568,0.45495636,0.40752641,0.35271869,0.28718170,0.19767393,,,,,,,,0.14042053
47880,0.63028709,0.62749897,0.61914741,0.60526840,0.58591368,0.56113643,0.53096640,0.49536621,0.45414955,0.40681005,0.35209895,0.28666032,0.19721582,,,,,,,,0.14012652
47940,0.62911214,0.62633021,0.61799714,0.60414868,0.58483618,0.56011229,0.53000611,0.49447950,0.45334526,0.40609593,0.35148119,0.28614064,0.19675902,,,,,,,,0.13983361
48000,0.62794084,0.62516508,0.61685044,0.60303243,0.58376203,0.55909134,0.52904881,0.49359554,0.45254345,0.40538405,0.35086538,0.28562264,0.19630362,,,,,,,,0.13954179
48060,0.62677317,0.62400357,0.61570730,0.60191966,0.58269121,0.55807355,0.52809448,0.49271432,0.45174413,0.40467437,0.35025149,0.28510627,0.19584957,,,,,,,,0.13925108
48120,0.62560914,0.62284566,0.61456771,0.60081033,0.58162371,0.55705892,0.52714310,0.49183584,0.45094731,0.40396691,0.34963953,0.28459150,0.19539631,,,,,,,,0.13896146
48180,0.62444871,0.62169135,0.61343165,0.59970444,0.58055952,0.55604743,0.52619468,0.49096009,0.45015296,0.40326167,0.34902950,0.28407839,0.19494445,,,,,,,,0.13867292
48240,0.62329188,0.62054061,0.61229912,0.59860198,0.57949862,0.55503908,0.52524920,0.49008705,0.44936109,0.40255863,0.34842141,0.28356695,0.19449398,,,,,,,,0.13838548
48300,0.62213864,0.61939345,0.61117009,0.59750294,0.57844101,0.55403384,0.52430663,0.48921671,0.44857166,0.40185778,0.34781522,0.28305711,0.19404465,,,,,,,,0.13809911
48360,0.62098897,0.61824983,0.61004456,0.59640729,0.57738667,0.55303170,0.52336698,0.48834906,0.44778468,0.40115910,0.34721092,0.28254884,0.19359626,,,,,,,,0.13781382
48420,0.61984286,0.61710975,0.60892251,0.59531503,0.57633558,0.55203267,0.52243023,0.48748409,0.44700013,0.40046260,0.34660852,0.28204221,0.19314924,,,,,,,,0.13752960
48480,0.61870030,0.61597321,0.60780394,0.59422615,0.57528775,0.55103672,0.52149637,0.48662180,0.44621802,0.39976828,0.34600803,0.28153722,0.19270359,,,,,,,,0.13724646
48540,0.61756127,0.61484017,0.60668882,0.59314063,0.57424315,0.55004385,0.52056541,0.48576218,0.44543834,0.39907612,0.34540943,0.28103381,0.19225886,,,,,,,,0.13696438
48600,0.61642576,0.61371065,0.60557715,0.59205847,0.57320178,0.54905405,0.51963731,0.48490521,0.44466107,0.39838610,0.34481267,0.28053195,0.19181523,,,,,,,,0.13668336
48660,0.61529391,0.61258490,0.60446963,0.59098110,0.57216607,0.54807102,0.51871738,0.48405805,0.44389558,0.39771032,0.34423348,0.28005313,0.19141114,,,,,,,,0.13640292
48720,0.61416551,0.61146258,0.60336550,0.58990701,0.57113352,0.54709099,0.51780024,0.48321345,0.44313242,0.39703661,0.34365609,0.27957584,0.19100826,,,,,,,,0.13612317
48780,0.61304064,0.61034378,0.60226482,0.58883627,0.57010419,0.54611402,0.51688596,0.48237149,0.44237164,0.39636502,0.34308053,0.27910010,0.19060649,,,,,,,,0.13584431
48840,0.61191930,0.60922849,0.60116759,0.58776889,0.56907808,0.54514010,0.51597453,0.48153216,0.44161324,0.39569554,0.34250681,0.27862588,0.19020551,,,,,,,,0.13556638
48900,0.61080148,0.60811669,0.60007380,0.58670486,0.56805519,0.54416923,0.51506595,0.48069545,0.44085722,0.39502816,0.34193490,0.27815314,0.18980575,,,,,,,,0.13528942
48960,0.60968717,0.60700838,0.59898343,0.58564416,0.56703550,0.54320139,0.51416020,0.47986136,0.44010356,0.39436289,0.34136478,0.27768194,0.18940722,,,,,,,,0.13501344
49020,0.60857634,0.60590355,0.59789649,0.58458678,0.56601899,0.54223657,0.51325729,0.47902987,0.43935227,0.39369969,0.34079647,0.27721227,0.18900992,,,,,,,,0.13473845
49080,0.60746900,0.60480217,0.59681294,0.58353270,0.56500566,0.54127476,0.51235719,0.47820098,0.43860331,0.39303856,0.34022997,0.27674411,0.18861373,,,,,,,,0.13446447
49140,0.60636512,0.60370424,0.59573279,0.58248193,0.56399549,0.54031595,0.51145990,0.47737468,0.43785669,0.39237951,0.33966527,0.27627746,0.18821835,,,,,,,,0.13419148
49200,0.60526470,0.60260975,0.59465601,0.58143443,0.56298848,0.53936014,0.51056541,0.47655094,0.43711239,0.39172253,0.33910235,0.27581224,0.18782420,,,,,,,,0.13391949
49260,0.60416771,0.60151868,0.59358260,0.58039021,0.56198460,0.53840731,0.50967371,0.47572977,0.43637042,0.39106761,0.33854121,0.27534851,0.18743127,,,,,,,,0.13364852
49320,0.60307416,0.60043101,0.59251254,0.57934924,0.56098386,0.53745744,0.50878478,0.47491115,0.43563076,0.39041474,0.33798181,0.27488628,0.18703957,,,,,,,,0.13337854
49380,0.60198402,0.59934675,0.59144582,0.57831153,0.55998624,0.53651053,0.50789861,0.47409507,0.43489341,0.38976391,0.33742418,0.27442553,0.18664895,,,,,,,,0.13310957
49440,0.60089728,0.59826586,0.59038243,0.57727704,0.55899172,0.53556657,0.50701519,0.47328153,0.43415835,0.38911509,0.33686831,0.27396626,0.18625914,,,,,,,,0.13284161
49500,0.59981393,0.59718835,0.58932235,0.57624577,0.55800030,0.53462554,0.50613452,0.47247053,0.43342558,0.38846830,0.33631419,0.27350842,0.18587055,,,,,,,,0.13257464
49560,0.59873396,0.59611420,0.58826558,0.57521771,0.55701196,0.53368744,0.50525658,0.47166204,0.43269507,0.38782353,0.33576182,0.27305201,0.18548317,,,,,,,,0.13230868
49620,0.59765736,0.59504339,0.58721209,0.57419286,0.55602669,0.53275225,0.50438137,0.47085606,0.43196683,0.38718078,0.33521118,0.27259706,0.18509700,,,,,,,,0.13204371
49680,0.59658411,0.59397592,0.58616189,0.57317119,0.55504449,0.53181996,0.50350887,0.47005258,0.43124086,0.38654002,0.33466224,0.27214357,0.18471186,,,,,,,,0.13177974
49740,0.59551420,0.59291177,0.58511495,0.57215270,0.55406533,0.53089055,0.50263908,0.46925158,0.43051713,0.38590127,0.33411503,0.27169153,0.18432754,,,,,,,,0.13151677
49800,0.59444761,0.59185092,0.58407127,0.57113737,0.55308922,0.52996403,0.50177198,0.46845306,0.42979565,0.38526449,0.33356954,0.27124094,0.18394441,,,,,,,,0.13125479
49860,0.59338434,0.59079338,0.58303082,0.57012519,0.55211613,0.52904038,0.50090756,0.46765701,0.42907641,0.38462968,0.33302576,0.27079171,0.18356247,,,,,,,,0.13099379
49920,0.59232438,0.58973912,0.58199361,0.56911615,0.55114606,0.52811959,0.50004583,0.46686342,0.42835940,0.38399684,0.33248369,0.27034391,0.18318173,,,,,,,,0.13073378
49980,0.59126771,0.58868814,0.58095962,0.56811024,0.55017899,0.52720166,0.49918675,0.46607229,0.42764460,0.38336597,0.33194330,0.26989754,0.18280197,,,,,,,,0.13047476
50040,0.59021431,0.58764041,0.57992883,0.56710745,0.54921491,0.52628656,0.49833032,0.46528360,0.42693200,0.38273706,0.33140458,0.26945260,0.18242302,,,,,,,,0.13021672
50100,0.58916418,0.58659594,0.57890124,0.56610777,0.54825382,0.52537429,0.49747653,0.46449734,0.42622160,0.38211010,0.33086754,0.26900908,0.18204524,,,,,,,,0.12995965
50160,0.58811731,0.58555470,0.57787683,0.56511118,0.54729570,0.52446483,0.49662538,0.46371352,0.42551339,0.38148508,0.33033219,0.26856692,0.18166864,,,,,,,,0.12970356
50220,0.58707368,0.58451668,0.57685559,0.56411767,0.54634053,0.52355819,0.49577686,0.46293211,0.42480738,0.38086198,0.32979850,0.26812613,0.18129320,,,,,,,,0.12944844
50280,0.58603329,0.58348188,0.57583751,0.56312724,0.54538832,0.52265434,0.49493096,0.46215309,0.42410354,0.38024080,0.32926649,0.26768676,0.18091870,,,,,,,,0.12919429
50340,0.58499611,0.58245029,0.57482258,0.56213986,0.54443905,0.52175328,0.49408766,0.46137648,0.42340187,0.37962155,0.32873611,0.26724878,0.18054500,,,,,,,,0.12894110
50400,0.58396214,0.58142188,0.57381078,0.56115554,0.54349271,0.52085499,0.49324695,0.46060226,0.42270236,0.37900421,0.32820737,0.26681219,0.18017246,,,,,,,,0.12868887
50460,0.58293144,0.58039659,0.57280164,0.56017310,0.54254718,0.51995614,0.49240402,0.45982382,0.42199626,0.37837742,0.32766542,0.26635640,0.17976269,,,,,,,,0.12843814
50520,0.58190378,0.57937432,0.57179547,0.55919355,0.54160443,0.51905994,0.49156357,0.45904767,0.42129224,0.37775249,0.32712509,0.26590193,0.17935407,,,,,,,,0.12818865
50580,0.58087922,0.57835513,0.57079234,0.55821694,0.54066452,0.51816643,0.49072564,0.45827386,0.42059034,0.37712942,0.32658641,0.26544887,0.17894597,,,,,,,,0.12794025
50640,0.57985777,0.57733904,0.56979224,0.55724330,0.53972746,0.51727563,0.48989025,0.45750240,0.41989057,0.37650825,0.32604936,0.26499723,0.17853911,,,,,,,,0.12769291
50700,0.57883941,0.57632602,0.56879518,0.55627260,0.53879324,0.51638753,0.48905738,0.45673325,0.41919293,0.37588897,0.32551393,0.26454695,0.17813349,,,,,,,,0.12744658
50760,0.57782414,0.57531607,0.56780114,0.55530485,0.53786183,0.51550211,0.48822702,0.45596642,0.41849738,0.37527157,0.32498014,0.26409801,0.17772877,,,,,,,,0.12720125
50820,0.57681194,0.57430918,0.56681010,0.55434002,0.53693324,0.51461936,0.48739918,0.45520191,0.41780393,0.37465604,0.32444799,0.26365047,0.17732475,,,,,,,,0.12695690
50880,0.57580281,0.57330534,0.56582206,0.55337810,0.53600745,0.51373928,0.48657383,0.45443971,0.41711257,0.37404236,0.32391746,0.26320433,0.17692193,,,,,,,,0.12671351
50940,0.57479673,0.57230453,0.56483701,0.55241910,0.53508446,0.51286184,0.48575098,0.45367981,0.41642330,0.37343053,0.32338851,0.26275955,0.17652030,,,,,,,,0.12647109
51000,0.57379368,0.57130675,0.56385494,0.55146298,0.53416425,0.51198705,0.48493059,0.45292220,0.41573611,0.37282056,0.32286118,0.26231608,0.17611927,,,,,,,,0.12622960
51060,0.57279367,0.57031198,0.56287583,0.55050976,0.53324682,0.51111490,0.48411267,0.45216687,0.41505100,0.37221243,0.32233546,0.26187400,0.17571915,,,,,,,,0.12598906
51120,0.57179668,0.56932021,0.56189967,0.54955941,0.53233216,0.51024537,0.48329721,0.45141380,0.41436793,0.37160614,0.32181134,0.26143329,0.17532018,,,,,,,,0.12574945
51180,0.57080269,0.56833143,0.56092646,0.54861192,0.53142024,0.50937846,0.48248421,0.45066299,0.41368692,0.37100166,0.32128879,0.26099393,0.17492238,,,,,,,,0.12551077
51240,0.56981170,0.56734564,0.55995618,0.54766728,0.53051108,0.50851416,0.48167365,0.44991445,0.41300795,0.37039900,0.32076782,0.26055585,0.17452489,,,,,,,,0.12527301
51300,0.56882370,0.56636281,0.55898882,0.54672550,0.52960465,0.50765246,0.48086553,0.44916815,0.41233103,0.36979817,0.32024844,0.26011914,0.17412852,,,,,,,,0.12503616
51360,0.56783867,0.56538295,0.55802437,0.54578654,0.52870094,0.50679335,0.48005984,0.44842409,0.41165615,0.36919915,0.31973064,0.25968378,0.17373328,,,,,,,,0.12480022
51420,0.56685661,0.56440603,0.55706283,0.54485041,0.52779995,0.50593681,0.47925656,0.44768227,0.41098329,0.36860193,0.31921441,0.25924975,0.17333894,,,,,,,,0.12456519
51480,0.56587750,0.56343205,0.55610417,0.54391708,0.52690166,0.50508284,0.47845567,0.44694266,0.41031243,0.36800648,0.31869971,0.25881698,0.17294509,,,,,,,,0.12433106
51540,0.56490134,0.56246100,0.55514840,0.54298656,0.52600606,0.50423142,0.47765719,0.44620526,0.40964359,0.36741283,0.31818658,0.25838555,0.17255235,,,,,,,,0.12409782
51600,0.56392811,0.56149287,0.55419550,0.54205883,0.52511315,0.50338256,0.47686111,0.44547007,0.40897675,0.36682097,0.31767501,0.25795545,0.17216073,,,,,,,,0.12386548
51660,0.56295781,0.56052765,0.55324545,0.54113389,0.52422292,0.50253625,0.47606740,0.44473709,0.40831192,0.36623089,0.31716499,0.25752666,0.17176971,,,,,,,,0.12363402
51720,0.56199041,0.55956532,0.55229826,0.54021172,0.52333535,0.50169247,0.47527608,0.44400630,0.40764907,0.36564258,0.31665648,0.25709911,0.17137940,,,,,,,,0.12340345
51780,0.56102592,0.55860588,0.55135391,0.53929231,0.52245045,0.50085121,0.47448711,0.44327769,0.40698819,0.36505601,0.31614950,0.25667288,0.17099020,,,,,,,,0.12317375
51840,0.56006433,0.55764931,0.55041239,0.53837566,0.52156819,0.50001247,0.47370051,0.44255125,0.40632929,0.36447120,0.31564406,0.25624796,0.17060209,,,,,,,,0.12294493
51900,0.55910561,0.55669562,0.54947369,0.53746175,0.52068857,0.49917624,0.47291625,0.44182697,0.40567235,0.36388815,0.31514016,0.25582433,0.17021426,,,,,,,,0.12271698
51960,0.55814977,0.55574477,0.54853780,0.53655057,0.51981158,0.49834250,0.47213432,0.44110486,0.40501738,0.36330685,0.31463776,0.25540191,0.16982740,,,,,,,,0.12248989
52020,0.55719678,0.55479678,0.54760471,0.53564212,0.51893721,0.49751124,0.47135473,0.44038490,0.40436436,0.36272728,0.31413684,0.25498079,0.16944162,,,,,,,,0.12226367
52080,0.55624665,0.55385162,0.54667441,0.53473639,0.51806546,0.49668246,0.47057746,0.43966708,0.40371329,0.36214943,0.31363745,0.25456096,0.16905674,,,,,,,,0.12203831
52140,0.55529936,0.55290929,0.54574689,0.53383336,0.51719629,0.49585615,0.46980250,0.43895141,0.40306414,0.36157331,0.31313956,0.25414240,0.16867216,,,,,,,,0.12181381
52200,0.55435490,0.55196977,0.54482214,0.53293303,0.51632972,0.49503231,0.46902986,0.43823785,0.40241693,0.36099891,0.31264317,0.25372503,0.16828864,,,,,,,,0.12159015
52260,0.55341339,0.55103331,0.54390078,0.53203665,0.51546790,0.49421422,0.46826422,0.43753281,0.40178006,0.36043715,0.31216256,0.25332893,0.16794563,,,,,,,,0.12136689
52320,0.55247464,0.55009961,0.54298214,0.53114292,0.51460860,0.49339854,0.46750083,0.43682983,0.40114506,0.35987705,0.31168338,0.25293404,0.16760354,,,,,,,,0.12114415
52380,0.55153874,0.54916873,0.54206628,0.53025187,0.51375190,0.49258531,0.46673971,0.43612896,0.40051196,0.35931861,0.31120565,0.25254037,0.16726166,,,,,,,,0.12092211
52440,0.55060568,0.54824067,0.54115319,0.52936352,0.51289779,0.49177454,0.46598090,0.43543020,0.39988078,0.35876186,0.31072939,0.25214791,0.16692073,,,,,,,,0.12070081
52500,0.54967544,0.54731543,0.54024287,0.52847787,0.51204627,0.49096622,0.46522437,0.43473355,0.39925148,0.35820679,0.31025457,0.25175659,0.16658074,,,,,,,,0.12048028
52560,0.54874803,0.54639300,0.53933531,0.52759489,0.51119731,0.49016034,0.46447013,0.43403899,0.39862408,0.35765340,0.30978120,0.25136648,0.16624171,,,,,,,,0.12026053
52620,0.54782343,0.54547336,0.53843049,0.52671459,0.51035093,0.48935688,0.46371815,0.43334653,0.39799856,0.35710168,0.30930923,0.25097758,0.16590357,,,,,,,,0.12004157
52680,0.54690163,0.54455650,0.53752842,0.52583694,0.50950709,0.48855584,0.46296844,0.43265614,0.39737492,0.35655162,0.30883869,0.25058988,0.16556571,,,,,,,,0.11982341
52740,0.54598261,0.54364241,0.53662907,0.52496195,0.50866581,0.48775721,0.46222099,0.43196782,0.39675316,0.35600321,0.30836959,0.25020337,0.16522881,,,,,,,,0.11960606
52800,0.54506638,0.54273110,0.53573243,0.52408960,0.50782706,0.48696099,0.46147578,0.43128157,0.39613326,0.35545644,0.30790191,0.24981797,0.16489287,,,,,,,,0.11938950
52860,0.54415291,0.54182253,0.53483851,0.52321988,0.50699083,0.48616717,0.46073281,0.43059737,0.39551523,0.35491131,0.30743564,0.24943374,0.16455788,,,,,,,,0.11917374
52920,0.54324221,0.54091671,0.53394728,0.52235278,0.50615713,0.48537573,0.45999207,0.42991523,0.39489904,0.35436782,0.30697078,0.24905069,0.16422372,,,,,,,,0.11895879
52980,0.54233425,0.54001362,0.53305874,0.52148830,0.50532592,0.48458667,0.45925354,0.42923513,0.39428469,0.35382596,0.30650729,0.24866881,0.16388987,,,,,,,,0.11874464
53040,0.54142903,0.53911326,0.53217288,0.52062642,0.50449722,0.48379997,0.45851723,0.42855707,0.39367218,0.35328573,0.30604521,0.24828810,0.16355698,,,,,,,,0.11853129
53100,0.54052654,0.53821560,0.53128968,0.51976713,0.50367101,0.48301564,0.45778312,0.42788103,0.39306150,0.35274712,0.30558452,0.24790851,0.16322504,,,,,,,,0.11831874
53160,0.53962677,0.53732066,0.53040914,0.51891042,0.50284727,0.48223366,0.45705121,0.42720702,0.39245264,0.35221010,0.30512521,0.24753003,0.16289404,,,,,,,,0.11810699
53220,0.53872971,0.53642840,0.52953125,0.51805629,0.50202601,0.48145403,0.45632149,0.42653501,0.39184561,0.35167469,0.30466729,0.24715270,0.16256378,,,,,,,,0.11789603
53280,0.53783535,0.53553883,0.52865600,0.51720473,0.50120721,0.48067672,0.45559395,0.42586501,0.39124038,0.35114088,0.30421074,0.24677653,0.16223388,,,,,,,,0.11768587
53340,0.53694367,0.53465194,0.52778338,0.51635572,0.50039087,0.47990174,0.45486858,0.42519700,0.39063697,0.35060866,0.30375553,0.24640150,0.16190491,,,,,,,,0.11747650
53400,0.53605468,0.53376771,0.52691338,0.51550925,0.49957697,0.47912907,0.45414539,0.42453099,0.39003533,0.35007804,0.30330168,0.24602759,0.16157688,,,,,,,,0.11726791
53460,0.53516836,0.53288613,0.52604599,0.51466533,0.49876551,0.47835871,0.45342434,0.42386696,0.38943549,0.34954899,0.30284920,0.24565475,0.16124978,,,,,,,,0.11706012
53520,0.53428469,0.53200720,0.52518120,0.51382393,0.49795648,0.47759066,0.45270545,0.42320491,0.38883743,0.34902152,0.30239808,0.24528304,0.16092331,,,,,,,,0.11685311
53580,0.53340368,0.53113090,0.52431901,0.51298505,0.49714986,0.47682489,0.45198869,0.42254483,0.38824115,0.34849560,0.30194830,0.24491246,0.16059725,,,,,,,,0.11664688
53640,0.53252530,0.53025723,0.52345939,0.51214867,0.49634565,0.47606141,0.45127406,0.42188671,0.38764664,0.34797124,0.30149986,0.24454300,0.16027211,,,,,,,,0.11644144
53700,0.53164956,0.52938618,0.52260235,0.51131480,0.49554385,0.47530020,0.45056156,0.42123054,0.38705390,0.34744845,0.30105273,0.24417467,0.15994789,,,,,,,,0.11623677
53760,0.53077644,0.52851773,0.52174787,0.51048341,0.49474443,0.47454127,0.44985118,0.42057631,0.38646292,0.34692721,0.30060694,0.24380737,0.15962459,,,,,,,,0.11603287
53820,0.52990593,0.52765188,0.52089594,0.50965451,0.49394740,0.47378459,0.44914291,0.41992403,0.38587368,0.34640751,0.30016248,0.24344117,0.15930180,,,,,,,,0.11582975
53880,0.52903802,0.52678862,0.52004656,0.50882809,0.49315274,0.47303016,0.44843674,0.41927367,0.38528618,0.34588936,0.29971934,0.24307607,0.15897948,,,,,,,,0.11562739
53940,0.52817271,0.52592794,0.51919972,0.50800412,0.49236044,0.47227797,0.44773267,0.41862525,0.38470042,0.34537272,0.29927752,0.24271208,0.15865806,,,,,,,,0.11542581
54000,0.52730998,0.52506983,0.51835540,0.50718262,0.49157051,0.47152802,0.44703069,0.41797874,0.38411639,0.34485761,0.29883700,0.24234918,0.15833754,,,,,,,,0.11522498
54060,0.52644992,0.52421437,0.51751369,0.50636364,0.49078300,0.47078037,0.44633086,0.41733422,0.38353414,0.34434407,0.29839781,0.24198737,0.15801794,,,,,,,,0.11502495
54120,0.52559234,0.52336138,0.51667441,0.50554703,0.48999776,0.47003486,0.44563303,0.41669154,0.38295357,0.34383201,0.29795989,0.24162657,0.15769872,,,,,,,,0.11482565
54180,0.52473730,0.52251091,0.51583761,0.50473283,0.48921484,0.46929155,0.44493725,0.41605074,0.38237470,0.34332145,0.29752326,0.24126685,0.15738002,,,,,,,,0.11462710
54240,0.52388481,0.52166298,0.51500330,0.50392106,0.48843425,0.46855045,0.44424353,0.41541183,0.38179753,0.34281240,0.29708793,0.24090822,0.15706221,,,,,,,,0.11442930
54300,0.52303486,0.52081757,0.51417147,0.50311169,0.48765597,0.46781154,0.44355186,0.41477481,0.38122205,0.34230484,0.29665388,0.24055066,0.15674528,,,,,,,,0.11423225
54360,0.52218743,0.51997468,0.51334212,0.50230473,0.48688000,0.46707481,0.44286223,0.41413966,0.38064827,0.34179877,0.29622110,0.24019416,0.15642922,,,,,,,,0.11403595
54420,0.52134253,0.51913429,0.51251523,0.50150016,0.48610632,0.46634027,0.44217464,0.41350638,0.38007617,0.34129418,0.29578958,0.23983865,0.15611344,,,,,,,,0.11384039
54480,0.52050013,0.51829640,0.51169079,0.50069798,0.48533494,0.46560789,0.44148908,0.41287497,0.37950576,0.34079108,0.29535934,0.23948420,0.15579826,,,,,,,,0.11364558
54540,0.51966024,0.51746099,0.51086880,0.49989817,0.48456583,0.46487768,0.44080553,0.41224541,0.37893702,0.34028945,0.29493037,0.23913082,0.15548394,,,,,,,,0.11345150
54600,0.51882283,0.51662807,0.51004924,0.49910073,0.48379901,0.46414962,0.44012400,0.41161771,0.37836995,0.33978930,0.29450267,0.23877849,0.15517048,,,,,,,,0.11325816
54660,0.51798791,0.51579761,0.50923212,0.49830565,0.48303444,0.46342371,0.43944448,0.41099185,0.37780455,0.33929062,0.29407622,0.23842722,0.15485789,,,,,,,,0.11306556
54720,0.51715547,0.51496961,0.50841741,0.49751292,0.48227213,0.46269993,0.43876694,0.41036781,0.37724079,0.33879338,0.29365100,0.23807691,0.15454543,,,,,,,,0.11287368
54780,0.51632549,0.51414406,0.50760510,0.49672252,0.48151207,0.46197829,0.43809140,0.40974561,0.37667868,0.33829759,0.29322703,0.23772764,0.15423364,,,,,,,,0.11268253
54840,0.51549796,0.51332095,0.50679520,0.49593447,0.48075425,0.46125876,0.43741783,0.40912523,0.37611821,0.33780325,0.29280430,0.23737940,0.15392271,,,,,,,,0.11249210
54900,0.51467288,0.51250028,0.50598769,0.49514873,0.47999866,0.46054135,0.43674625,0.40850666,0.37555938,0.33731036,0.29238281,0.23703220,0.15361262,,,,,,,,0.11230240
54960,0.51385024,0.51168203,0.50518257,0.49436532,0.47924529,0.45982605,0.43607663,0.40788990,0.37500218,0.33681891,0.29196256,0.23668604,0.15330337,,,,,,,,0.11211341
55020,0.51303003,0.51086619,0.50437982,0.49358421,0.47849414,0.45911285,0.43540898,0.40727495,0.37444662,0.33632890,0.29154354,0.23634085,0.15299410,,,,,,,,0.11192514
55080,0.51221224,0.51005276,0.50357944,0.49280540,0.47774520,0.45840174,0.43474328,0.40666179,0.37389267,0.33584031,0.29112571,0.23599664,0.15268560,,,,,,,,0.11173759
55140,0.51139686,0.50924174,0.50278141,0.49202889,0.47699846,0.45769272,0.43407953,0.40605043,0.37334033,0.33535312,0.29070910,0.23565346,0.15237793,,,,,,,,0.11155074
55200,0.51058388,0.50843310,0.50198574,0.49125466,0.47625391,0.45698577,0.43341771,0.40544084,0.37278959,0.33486736,0.29029371,0.23531128,0.15207109,,,,,,,,0.11136460
55260,0.50977330,0.50762684,0.50119240,0.49048270,0.47551154,0.45628090,0.43275784,0.40483303,0.37224045,0.33438301,0.28987953,0.23497012,0.15176503,,,,,,,,0.11117917
55320,0.50896510,0.50682295,0.50040140,0.48971301,0.47477136,0.45557808,0.43209988,0.40422698,0.37169291,0.33390006,0.28946657,0.23462996,0.15145888,,,,,,,,0.11099444
55380,0.50815928,0.50602143,0.49961272,0.48894558,0.47403334,0.45487732,0.43144383,0.40362270,0.37114696,0.33341852,0.28905480,0.23429071,0.15115355,,,,,,,,0.11081041
55440,0.50735583,0.50522226,0.49882636,0.48818040,0.47329748,0.45417861,0.43078971,0.40302017,0.37060259,0.33293838,0.28864420,0.23395247,0.15084903,,,,,,,,0.11062707
55500,0.50655474,0.50442544,0.49804231,0.48741746,0.47256378,0.45348193,0.43013748,0.40241940,0.37005981,0.33245961,0.28823479,0.23361523,0.15054533,,,,,,,,0.11044443
55560,0.50575600,0.50363096,0.49726055,0.48665676,0.47183222,0.45278728,0.42948716,0.40182037,0.36951860,0.33198223,0.28782658,0.23327897,0.15024226,,,,,,,,0.11026247
55620,0.50495960,0.50283881,0.49648109,0.48589828,0.47110279,0.45209466,0.42883873,0.40122308,0.36897894,0.33150623,0.28741955,0.23294371,0.14993918,,,,,,,,0.11008121
55680,0.50416554,0.50204898,0.49570391,0.48514202,0.47037549,0.45140406,0.42819218,0.40062752,0.36844084,0.33103160,0.28701370,0.23260935,0.14963691,,,,,,,,0.10990063
55740,0.50337381,0.50126146,0.49492900,0.48438798,0.46965031,0.45071547,0.42754751,0.40003368,0.36790430,0.33055835,0.28660902,0.23227596,0.14933543,,,,,,,,0.10972073
55800,0.50258439,0.50047625,0.49415636,0.48363613,0.46892725,0.45002888,0.42690471,0.39944156,0.36736931,0.33008646,0.28620548,0.23194354,0.14903474,,,,,,,,0.10954152
55860,0.50179739,0.49969356,0.49338654,0.48288761,0.46820822,0.44934724,0.42626799,0.39885688,0.36684345,0.32962585,0.28581625,0.23163082,0.14877625,,,,,,,,0.10936255
55920,0.50101266,0.49891312,0.49261894,0.48214124,0.46749126,0.44866755,0.42563307,0.39827387,0.36631908,0.32916653,0.28542812,0.23131900,0.14851777,,,,,,,,0.10918397
55980,0.50023025,0.49813499,0.49185361,0.48139707,0.46677640,0.44798985,0.42500002,0.39769256,0.36579624,0.32870854,0.28504112,0.23100810,0.14825993,,,,,,,,0.10900592
56040,0.49945016,0.49735918,0.49109054,0.48065511,0.46606366,0.44731416,0.42436882,0.39711295,0.36527493,0.32825189,0.28465526,0.23069811,0.14800277,,,,,,,,0.10882847
56100,0.49867240,0.49658566,0.49032975,0.47991535,0.46535303,0.44664045,0.42373948,0.39653505,0.36475513,0.32779658,0.28427052,0.23038900,0.14774631,,,,,,,,0.10865163
56160,0.49789694,0.49581445,0.48957121,0.47917777,0.46464450,0.44596874,0.42311199,0.39595883,0.36423685,0.32734258,0.28388692,0.23008080,0.14749055,,,,,,,,0.10847542
56220,0.49712379,0.49504552,0.48881491,0.47844238,0.46393806,0.44529900,0.42248635,0.39538430,0.36372008,0.32688992,0.28350442,0.22977351,0.14723549,,,,,,,,0.10829983
56280,0.49635293,0.49427887,0.48806086,0.47770917,0.46323370,0.44463122,0.42186253,0.39481145,0.36320481,0.32643857,0.28312302,0.22946713,0.14698114,,,,,,,,0.10812489
56340,0.49558435,0.49351450,0.48730904,0.47697812,0.46253142,0.44396541,0.42124055,0.39424027,0.36269105,0.32598853,0.28274274,0.22916165,0.14672705,,,,,,,,0.10795058
56400,0.49481805,0.49275238,0.48655944,0.47624923,0.46183121,0.44330155,0.42062039,0.39367076,0.36217878,0.32553979,0.28236356,0.22885706,0.14647341,,,,,,,,0.10777692
56460,0.49405401,0.49199252,0.48581206,0.47552249,0.46113306,0.44263965,0.42000204,0.39310290,0.36166800,0.32509236,0.28198548,0.22855337,0.14622048,,,,,,,,0.10760390
56520,0.49329224,0.49123491,0.48506689,0.47479789,0.46043697,0.44197968,0.41938550,0.39253670,0.36115870,0.32464621,0.28160850,0.22825055,0.14596826,,,,,,,,0.10743152
56580,0.49253271,0.49047953,0.48432391,0.47407542,0.45974292,0.44132165,0.41877076,0.39197214,0.36065088,0.32420136,0.28123261,0.22794858,0.14571673,,,,,,,,0.10725978
56640,0.49177543,0.48972638,0.48358312,0.47335509,0.45905091,0.44066555,0.41815782,0.39140923,0.36014453,0.32375779,0.28085782,0.22764748,0.14546592,,,,,,,,0.10708868
56700,0.49102038,0.48897546,0.48284452,0.47263687,0.45836093,0.44001136,0.41754666,0.39084796,0.35963965,0.32331550,0.28048410,0.22734727,0.14521580,,,,,,,,0.10691822
56760,0.49026756,0.48822675,0.48210809,0.47192076,0.45767297,0.43935909,0.41693728,0.39028831,0.35913623,0.32287449,0.28011146,0.22704793,0.14496612,,,,,,,,0.10674840
56820,0.48951696,0.48748024,0.48137382,0.47120676,0.45698702,0.43870873,0.41632967,0.38973029,0.35863425,0.32243476,0.27973988,0.22674947,0.14471668,,,,,,,,0.10657922
56880,0.48876856,0.48673593,0.48064172,0.47049485,0.45630309,0.43806026,0.41572384,0.38917388,0.35813373,0.32199629,0.27936937,0.22645187,0.14446793,,,,,,,,0.10641067
56940,0.48802237,0.48599380,0.47991176,0.46978503,0.45562115,0.43741369,0.41511976,0.38861909,0.35763465,0.32155908,0.27899993,0.22615514,0.14421987,,,,,,,,0.10624276
57000,0.48727837,0.48525386,0.47918395,0.46907729,0.45494121,0.43676900,0.41451744,0.38806591,0.35713701,0.32112314,0.27863155,0.22585925,0.14397250,,,,,,,,0.10607548
57060,0.48653655,0.48451609,0.47845827,0.46837162,0.45426325,0.43612619,0.41391686,0.38751432,0.35664081,0.32068843,0.27826423,0.22556419,0.14372582,,,,,,,,0.10590882
57120,0.48579691,0.48378049,0.47773472,0.46766802,0.45358728,0.43548525,0.41331803,0.38696433,0.35614603,0.32025497,0.27789797,0.22526997,0.14347982,,,,,,,,0.10574280
57180,0.48505945,0.48304704,0.47701329,0.46696647,0.45291327,0.43484618,0.41272094,0.38641592,0.35565268,0.31982276,0.27753275,0.22497661,0.14323446,,,,,,,,0.10557740
57240,0.48432414,0.48231574,0.47629397,0.46626698,0.45224124,0.43420896,0.41212557,0.38586909,0.35516075,0.31939178,0.27716859,0.22468411,0.14298908,,,,,,,,0.10541262
57300,0.48359099,0.48158658,0.47557675,0.46556952,0.45157115,0.43357359,0.41153193,0.38532384,0.35467023,0.31896203,0.27680545,0.22439244,0.14274437,,,,,,,,0.10524847
57360,0.48285998,0.48085956,0.47486163,0.46487410,0.45090302,0.43294006,0.41094000,0.38478015,0.35418112,0.31853352,0.27644334,0.22410163,0.14250034,,,,,,,,0.10508494
57420,0.48213111,0.48013466,0.47414860,0.46418071,0.45023684,0.43230837,0.41034979,0.38423804,0.35369340,0.31810623,0.27608227,0.22381165,0.14225699,,,,,,,,0.10492202
57480,0.48140437,0.47941188,0.47343765,0.46348934,0.44957258,0.43167851,0.40976128,0.38369748,0.35320708,0.31768016,0.27572223,0.22352248,0.14201430,,,,,,,,0.10475971
57540,0.48067975,0.47869120,0.47272877,0.46279998,0.44891026,0.43105047,0.40917446,0.38315848,0.35272215,0.31725531,0.27536321,0.22323411,0.14177228,,,,,,,,0.10459802
57600,0.47995725,0.47797263,0.47202196,0.46211263,0.44824986,0.43042425,0.40858934,0.38262102,0.35223860,0.31683167,0.27500522,0.22294657,0.14153093,,,,,,,,0.10443694
57660,0.47923693,0.47725624,0.47131729,0.46142735,0.44759145,0.42979991,0.40800596,0.38208516,0.35175649,0.31640926,0.27464828,0.22265989,0.14128965,,,,,,,,0.10427650
57720,0.47851864,0.47654186,0.47061459,0.46074399,0.44693488,0.42917732,0.40742421,0.38155079,0.35127571,0.31598802,0.27429233,0.22237400,0.14104884,,,,,,,,0.10411663
57780,0.47780244,0.47582955,0.46991393,0.46006261,0.44628020,0.42855651,0.40684412,0.38101795,0.35079629,0.31556797,0.27393739,0.22208894,0.14080869,,,,,,,,0.10395737
57840,0.47708831,0.47511931,0.46921530,0.45938320,0.44562742,0.42793748,0.40626569,0.38048662,0.35031824,0.31514911,0.27358343,0.22180469,0.14056919,,,,,,,,0.10379870
57900,0.47637626,0.47441114,0.46851871,0.45870575,0.44497652,0.42732025,0.40568893,0.37995681,0.34984155,0.31473144,0.27323047,0.22152125,0.14033035,,,,,,,,0.10364064
57960,0.47566628,0.47370502,0.46782413,0.45803028,0.44432750,0.42670479,0.40511382,0.37942851,0.34936622,0.31431495,0.27287851,0.22123860,0.14009215,,,,,,,,0.10348317
58020,0.47495836,0.47300095,0.46713156,0.45735675,0.44368036,0.42609110,0.40454036,0.37890172,0.34889224,0.31389965,0.27252755,0.22095673,0.13985460,,,,,,,,0.10332629
58080,0.47425250,0.47229892,0.46644101,0.45668517,0.44303508,0.42547918,0.40396854,0.37837643,0.34841960,0.31348552,0.27217758,0.22067565,0.13961728,,,,,,,,0.10317001
58140,0.47354868,0.47159893,0.46575245,0.45601554,0.44239166,0.42486901,0.40339836,0.37785264,0.34794830,0.31307256,0.27182860,0.22039539,0.13938021,,,,,,,,0.10301432
58200,0.47284690,0.47090096,0.46506588,0.45534783,0.44175009,0.42426060,0.40282981,0.37733035,0.34747833,0.31266076,0.27148060,0.22011592,0.13914378,,,,,,,,0.10285921
58260,0.47214715,0.47020501,0.46438130,0.45468206,0.44111037,0.42365393,0.40226288,0.37680953,0.34700969,0.31225012,0.27113359,0.21983725,0.13890799,,,,,,,,0.10270469
58320,0.47144942,0.46951108,0.46369869,0.45401820,0.44047249,0.42304900,0.40169758,0.37629020,0.34654238,0.31184063,0.27078755,0.21955937,0.13867283,,,,,,,,0.10255075
58380,0.47075372,0.46881915,0.46301806,0.45335626,0.43983644,0.42244580,0.40113388,0.37577235,0.34607640,0.31143229,0.27044247,0.21928228,0.13843830,,,,,,,,0.10239739
58440,0.47006002,0.46812922,0.46233938,0.45269622,0.43920222,0.42184433,0.40057180,0.37525596,0.34561172,0.31102511,0.27009835,0.21900594,0.13820439,,,,,,,,0.10224461
58500,0.46936832,0.46744127,0.46166266,0.45203808,0.43856982,0.42124457,0.40001131,0.37474104,0.34514837,0.31061907,0.26975520,0.21873036,0.13797092,,,,,,,,0.10209240
58560,0.46867861,0.46675531,0.46098790,0.45138183,0.43793923,0.42064653,0.39945241,0.37422757,0.34468631,0.31021417,0.26941302,0.21845556,0.13773743,,,,,,,,0.10194077
58620,0.46799090,0.46607133,0.46031507,0.45072746,0.43731044,0.42005020,0.39889511,0.37371556,0.34422556,0.30981041,0.26907179,0.21818154,0.13750457,,,,,,,,0.10178970
58680,0.46730516,0.46538931,0.45964417,0.45007497,0.43668346,0.41945557,0.39833938,0.37320499,0.34376611,0.30940778,0.26873152,0.21790829,0.13727232,,,,,,,,0.10163921
58740,0.46662140,0.46470926,0.45897521,0.44942436,0.43605827,0.41886263,0.39778524,0.37269587,0.34330794,0.30900627,0.26839221,0.21763581,0.13704068,,,,,,,,0.10148928
58800,0.46593960,0.46403116,0.45830816,0.44877560,0.43543486,0.41827138,0.39723266,0.37218818,0.34285106,0.30860589,0.26805384,0.21736411,0.13680966,,,,,,,,0.10133991
58860,0.46525976,0.46335501,0.45764303,0.44812871,0.43481324,0.41768181,0.39668166,0.37168193,0.34239546,0.30820661,0.26771640,0.21709317,0.13657925,,,,,,,,0.10119111
58920,0.46458188,0.46268080,0.45697980,0.44748366,0.43419338,0.41709392,0.39613221,0.37117710,0.34194113,0.30780846,0.26737990,0.21682295,0.13634944,,,,,,,,0.10104286
58980,0.46390593,0.46200852,0.45631848,0.44684046,0.43357530,0.41650770,0.39558432,0.37067369,0.34148809,0.30741141,0.26704433,0.21655347,0.13611941,,,,,,,,0.10089518
59040,0.46323193,0.46133816,0.45565904,0.44619910,0.43295898,0.41592315,0.39503797,0.37017170,0.34103631,0.30701547,0.26670969,0.21628474,0.13588995,,,,,,,,0.10074804
59100,0.46255985,0.46066973,0.45500149,0.44555957,0.43234441,0.41534025,0.39449317,0.36967112,0.34058579,0.30662063,0.26637599,0.21601677,0.13566109,,,,,,,,0.10060146
59160,0.46188970,0.46000321,0.45434582,0.44492186,0.43173159,0.41475901,0.39394991,0.36917195,0.34013653,0.30622690,0.26604322,0.21574956,0.13543283,,,,,,,,0.10045543
59220,0.46122146,0.45933859,0.45369202,0.44428597,0.43112051,0.41417941,0.39340818,0.36867418,0.33968853,0.30583425,0.26571137,0.21548308,0.13520516,,,,,,,,0.10030994
59280,0.46055514,0.45867587,0.45304009,0.44365189,0.43051117,0.41360145,0.39286798,0.36817781,0.33924178,0.30544270,0.26538044,0.21521736,0.13497808,,,,,,,,0.10016500
59340,0.45989071,0.45801505,0.45239002,0.44301961,0.42990355,0.41302513,0.39232930,0.36768283,0.33879628,0.30505224,0.26505042,0.21495238,0.13475160,,,,,,,,0.10002061
59400,0.45922819,0.45735610,0.45174180,0.44238913,0.42929766,0.41245043,0.39179213,0.36718923,0.33835201,0.30466285,0.26472131,0.21468809,0.13452506,,,,,,,,0.09987675
59460,0.45856764,0.45669924,0.45109592,0.44176145,0.42869520,0.41188000,0.39126025,0.36670217,0.33791583,0.30428355,0.26440514,0.21444202,0.13434238,,,,,,,,0.09973304
59520,0.45790895,0.45604421,0.45045185,0.44113552,0.42809442,0.41131114,0.39072984,0.36621645,0.33748084,0.30390528,0.26408984,0.21419663,0.13416017,,,,,,,,0.09958959
59580,0.45725216,0.45539107,0.44980964,0.44051139,0.42749536,0.41074391,0.39020093,0.36573210,0.33704708,0.30352807,0.26377541,0.21395193,0.13397842,,,,,,,,0.09944657
59640,0.45659727,0.45473982,0.44916928,0.43988906,0.42689802,0.41017830,0.38967352,0.36524912,0.33661453,0.30315191,0.26346186,0.21370793,0.13379717,,,,,,,,0.09930401
59700,0.45594427,0.45409046,0.44853077,0.43926852,0.42630240,0.40961431,0.38914763,0.36476751,0.33618321,0.30277681,0.26314919,0.21346461,0.13361641,,,,,,,,0.09916194
59760,0.45529317,0.45344297,0.44789411,0.43864978,0.42570850,0.40905194,0.38862323,0.36428726,0.33575309,0.30240276,0.26283739,0.21322199,0.13343616,,,,,,,,0.09902037
59820,0.45464395,0.45279736,0.44725928,0.43803282,0.42511629,0.40849117,0.38810032,0.36380838,0.33532419,0.30202975,0.26252646,0.21298004,0.13325642,,,,,,,,0.09887930
59880,0.45399660,0.45215361,0.44662629,0.43741763,0.42452579,0.40793201,0.38757890,0.36333084,0.33489650,0.30165779,0.26221640,0.21273878,0.13307718,,,,,,,,0.09873873
59940,0.45335113,0.45151172,0.44599512,0.43680421,0.42393698,0.40737444,0.38705896,0.36285466,0.33447000,0.30128686,0.26190721,0.21249819,0.13289846,,,,,,,,0.09859868
60000,0.45270751,0.45087168,0.44536577,0.43619255,0.42334985,0.40681847,0.38654049,0.36237982,0.33404470,0.30091697,0.26159887,0.21225828,0.13272025,,,,,,,,0.09845914
60060,0.45206575,0.45023349,0.44473823,0.43558265,0.42276441,0.40626408,0.38602350,0.36190632,0.33362059,0.30054811,0.26129139,0.21201904,0.13254254,,,,,,,,0.09832011
60120,0.45142584,0.44959713,0.44411249,0.43497450,0.42218064,0.40571126,0.38550797,0.36143415,0.33319767,0.30018028,0.26098476,0.21178046,0.13236535,,,,,,,,0.09818159
60180,0.45078778,0.44896260,0.44348855,0.43436809,0.42159854,0.40516002,0.38499390,0.36096331,0.33277594,0.29981347,0.26067899,0.21154255,0.13218867,,,,,,,,0.09804358
60240,0.45015154,0.44832990,0.44286641,0.43376342,0.42101810,0.40461035,0.38448128,0.36049380,0.33235538,0.29944768,0.26037406,0.21130531,0.13201207,,,,,,,,0.09790608
60300,0.44951714,0.44769901,0.44224604,0.43316048,0.42043931,0.40406224,0.38397012,0.36002561,0.33193599,0.29908290,0.26006997,0.21106870,0.13183594,,,,,,,,0.09776909
60360,0.44888455,0.44706994,0.44162746,0.43255926,0.41986218,0.40351568,0.38346039,0.35955872,0.33151778,0.29871914,0.25976672,0.21083274,0.13166031,,,,,,,,0.09763261
60420,0.44825378,0.44644266,0.44101064,0.43195976,0.41928668,0.40297067,0.38295211,0.35909315,0.33110073,0.29835638,0.25946430,0.21059744,0.13148519,,,,,,,,0.09749663
60480,0.44762482,0.44581719,0.44039559,0.43136197,0.41871283,0.40242721,0.38244526,0.35862889,0.33068484,0.29799463,0.25916271,0.21036279,0.13131057,,,,,,,,0.09736116
60540,0.44699766,0.44519350,0.43978230,0.43076589,0.41814060,0.40188529,0.38193983,0.35816592,0.33027011,0.29763387,0.25886195,0.21012879,0.13113645,,,,,,,,0.09722619
60600,0.44637229,0.44457160,0.43917076,0.43017150,0.41757000,0.40134490,0.38143583,0.35770425,0.32985653,0.29727410,0.25856202,0.20989544,0.13096283,,,,,,,,0.09709173
60660,0.44574871,0.44395148,0.43856096,0.42957881,0.41700102,0.40080603,0.38093324,0.35724387,0.32944410,0.29691533,0.25826291,0.20966273,0.13078971,,,,,,,,0.09695777
60720,0.44512691,0.44333312,0.43795290,0.42898780,0.41643366,0.40026869,0.38043207,0.35678477,0.32903281,0.29655755,0.25796463,0.20943067,0.13061708,,,,,,,,0.09682430
60780,0.44450689,0.44271653,0.43734658,0.42839847,0.41586790,0.39973286,0.37993230,0.35632696,0.32862266,0.29620075,0.25766716,0.20919925,0.13044495,,,,,,,,0.09669133
60840,0.44388864,0.44210170,0.43674198,0.42781082,0.41530374,0.39919854,0.37943393,0.35587042,0.32821364,0.29584493,0.25737050,0.20896846,0.13027331,,,,,,,,0.09655886
60900,0.44327214,0.44148862,0.43613910,0.42722483,0.41474118,0.39866573,0.37893696,0.35541514,0.32780576,0.29549010,0.25707466,0.20873831,0.13010216,,,,,,,,0.09642688
60960,0.44265741,0.44087728,0.43553794,0.42664051,0.41418021,0.39813442,0.37844138,0.35496114,0.32739900,0.29513623,0.25677962,0.20850880,0.12993150,,,,,,,,0.09629540
61020,0.44204442,0.44026769,0.43493848,0.42605784,0.41362082,0.39760460,0.37794719,0.35450840,0.32699336,0.29478334,0.25648539,0.20827992,0.12976132,,,,,,,,0.09616440
61080,0.44143317,0.43965982,0.43434072,0.42547682,0.41306301,0.39707627,0.37745438,0.35405691,0.32658885,0.29443141,0.25619196,0.20805166,0.12959142,,,,,,,,0.09603389
61140,0.44082366,0.43905368,0.43374466,0.42489744,0.41250677,0.39654942,0.37696294,0.35360668,0.32618545,0.29408045,0.25589934,0.20782403,0.12942173,,,,,,,,0.09590387
61200,0.44021588,0.43844926,0.43315028,0.42431970,0.41195210,0.39602405,0.37647287,0.35315770,0.32578316,0.29373044,0.25560750,0.20759703,0.12925251,,,,,,,,0.09577434
61260,0.43960988,0.43784651,0.43255726,0.42374278,0.41139750,0.39549778,0.37598070,0.35270516,0.32537555,0.29337288,0.25530500,0.20735379,0.12904003,,,,,,,,0.09564571
61320,0.43900551,0.43724538,0.43196582,0.42316739,0.41084437,0.39497291,0.37548983,0.35225381,0.32496900,0.29301624,0.25500328,0.20711118,0.12882811,,,,,,,,0.09551778
61380,0.43840279,0.43664590,0.43137601,0.42259359,0.41029275,0.39444946,0.37500030,0.35180368,0.32456354,0.29266056,0.25470234,0.20686921,0.12861675,,,,,,,,0.09539042
61440,0.43780176,0.43604809,0.43078784,0.42202137,0.40974266,0.39392745,0.37451210,0.35135478,0.32415918,0.29230582,0.25440220,0.20662789,0.12840596,,,,,,,,0.09526359
61500,0.43720238,0.43545193,0.43020129,0.42145073,0.40919408,0.39340687,0.37402523,0.35090709,0.32375591,0.29195203,0.25410286,0.20638722,0.12819570,,,,,,,,0.09513729
61560,0.43660467,0.43485742,0.42961636,0.42088167,0.40864701,0.39288771,0.37353969,0.35046061,0.32335372,0.29159918,0.25380432,0.20614718,0.12798599,,,,,,,,0.09501148
61620,0.43600861,0.43426456,0.42903305,0.42031418,0.40810144,0.39236998,0.37305548,0.35001535,0.32295261,0.29124728,0.25350657,0.20590779,0.12777581,,,,,,,,0.09488616
61680,0.43541421,0.43367333,0.42845135,0.41974825,0.40755737,0.39185366,0.37257258,0.34957129,0.32255258,0.29089631,0.25320962,0.20566904,0.12756613,,,,,,,,0.09476133
61740,0.43482144,0.43308374,0.42787126,0.41918388,0.40701479,0.39133876,0.37209100,0.34912843,0.32215362,0.29054629,0.25291345,0.20543086,0.12735696,,,,,,,,0.09463697
61800,0.43423031,0.43249578,0.42729276,0.41862106,0.40647370,0.39082526,0.37161072,0.34868676,0.32175573,0.29019719,0.25261807,0.20519332,0.12714830,,,,,,,,0.09451309
61860,0.43364082,0.43190944,0.42671586,0.41805978,0.40593409,0.39031317,0.37113175,0.34824629,0.32135892,0.28984903,0.25232345,0.20495641,0.12694015,,,,,,,,0.09438967
61920,0.43305294,0.43132472,0.42614055,0.41750005,0.40539596,0.38980247,0.37065408,0.34780700,0.32096316,0.28950179,0.25202961,0.20472014,0.12673251,,,,,,,,0.09426672
61980,0.43246669,0.43074161,0.42556682,0.41694186,0.40485931,0.38929316,0.37017771,0.34736890,0.32056846,0.28915548,0.25173655,0.20448449,0.12652536,,,,,,,,0.09414423
62040,0.43188206,0.43016010,0.42499467,0.41638520,0.40432412,0.38878524,0.36970262,0.34693197,0.32017482,0.28881008,0.25144426,0.20424947,0.12631794,,,,,,,,0.09402219
62100,0.43129903,0.42958019,0.42442409,0.41583005,0.40379039,0.38827870,0.36922882,0.34649623,0.31978224,0.28846559,0.25115274,0.20401507,0.12611074,,,,,,,,0.09390061
62160,0.43071760,0.42900187,0.42385507,0.41527643,0.40325812,0.38777354,0.36875630,0.34606165,0.31939070,0.28812201,0.25086199,0.20378129,0.12590402,,,,,,,,0.09377948
62220,0.43013777,0.42842514,0.42328761,0.41472433,0.40272730,0.38726975,0.36828505,0.34562824,0.31900020,0.28777935,0.25057201,0.20354807,0.12569780,,,,,,,,0.09365880
62280,0.42955953,0.42785000,0.42272171,0.41417373,0.40219792,0.38676733,0.36781508,0.34519600,0.31861074,0.28743759,0.25028279,0.20331547,0.12549206,,,,,,,,0.09353857
62340,0.42898288,0.42727643,0.42215736,0.41362464,0.40166999,0.38626627,0.36734637,0.34476491,0.31822231,0.28709674,0.24999434,0.20308348,0.12528681,,,,,,,,0.09341878
62400,0.42840781,0.42670443,0.42159455,0.41307704,0.40114350,0.38576656,0.36687893,0.34433498,0.31783492,0.28675678,0.24970662,0.20285211,0.12508204,,,,,,,,0.09329943
62460,0.42783431,0.42613399,0.42103328,0.41253094,0.40061843,0.38526820,0.36641275,0.34390620,0.31744856,0.28641773,0.24941965,0.20262134,0.12487719,,,,,,,,0.09318052
62520,0.42726238,0.42556512,0.42047354,0.41198633,0.40009479,0.38477120,0.36594782,0.34347856,0.31706322,0.28607956,0.24913344,0.20239118,0.12467228,,,,,,,,0.09306205
62580,0.42669202,0.42499780,0.41991533,0.41144319,0.39957257,0.38427553,0.36548414,0.34305207,0.31667891,0.28574229,0.24884798,0.20216163,0.12446784,,,,,,,,0.09294401
62640,0.42612321,0.42443203,0.41935864,0.41090154,0.39905177,0.38378121,0.36502171,0.34262671,0.31629561,0.28540590,0.24856326,0.20193266,0.12426388,,,,,,,,0.09282641
62700,0.42555596,0.42386780,0.41880347,0.41036136,0.39853238,0.38328821,0.36456052,0.34220248,0.31591334,0.28507039,0.24827929,0.20170425,0.12406038,,,,,,,,0.09270923
62760,0.42499025,0.42330511,0.41824981,0.40982264,0.39801440,0.38279655,0.36410056,0.34177939,0.31553207,0.28473576,0.24799607,0.20147643,0.12385736,,,,,,,,0.09259248
62820,0.42442608,0.42274396,0.41769765,0.40928539,0.39749781,0.38230621,0.36364184,0.34135742,0.31515181,0.28440201,0.24771358,0.20124921,0.12365480,,,,,,,,0.09247616
62880,0.42386345,0.42218433,0.41714700,0.40874960,0.39698262,0.38181719,0.36318434,0.34093658,0.31477255,0.28406913,0.24743182,0.20102258,0.12345239,,,,,,,,0.09236027
62940,0.42330235,0.42162622,0.41659783,0.40821525,0.39646882,0.38132949,0.36272807,0.34051685,0.31439429,0.28373713,0.24715078,0.20079655,0.12324962,,,,,,,,0.09224480
63000,0.42274278,0.42106963,0.41605016,0.40768236,0.39595641,0.38084310,0.36227301,0.34009824,0.31401703,0.28340600,0.24687048,0.20057110,0.12304730,,,,,,,,0.09212974
63060,0.42218479,0.42051462,0.41550404,0.40715096,0.39544544,0.38035807,0.36181922,0.33968079,0.31364080,0.28307577,0.24659093,0.20034626,0.12284546,,,,,,,,0.09201513
63120,0.42162826,0.41996105,0.41495935,0.40662095,0.39493579,0.37987429,0.36136660,0.33926441,0.31326553,0.28274637,0.24631208,0.20012196,0.12264406,,,,,,,,0.09190091
63180,0.42107323,0.41940898,0.41441612,0.40609237,0.39442751,0.37939180,0.36091518,0.33884912,0.31289124,0.28241782,0.24603395,0.19989821,0.12244312,,,,,,,,0.09178711
63240,0.42051970,0.41885840,0.41387435,0.40556520,0.39392059,0.37891060,0.36046495,0.33843493,0.31251793,0.28209012,0.24575655,0.19967503,0.12224262,,,,,,,,0.09167372
63300,0.41996767,0.41830931,0.41333405,0.40503946,0.39341504,0.37843069,0.36001593,0.33802182,0.31214560,0.28176327,0.24547986,0.19945242,0.12204251,,,,,,,,0.09156074
63360,0.41941714,0.41776171,0.41279521,0.40451514,0.39291084,0.37795206,0.35956810,0.33760981,0.31177425,0.28143728,0.24520389,0.19923040,0.12184172,,,,,,,,0.09144818
63420,0.41886809,0.41721558,0.41225783,0.40399222,0.39240800,0.37747471,0.35912146,0.33719889,0.31140387,0.28111213,0.24492861,0.19900894,0.12164138,,,,,,,,0.09133602
63480,0.41832053,0.41667093,0.41172189,0.40347072,0.39190650,0.37699863,0.35867601,0.33678905,0.31103446,0.28078783,0.24465404,0.19878806,0.12144149,,,,,,,,0.09122426
63540,0.41777444,0.41612775,0.41118740,0.40295061,0.39140635,0.37652382,0.35823174,0.33638029,0.31066601,0.28046437,0.24438018,0.19856775,0.12124204,,,,,,,,0.09111291
63600,0.41722983,0.41558604,0.41065434,0.40243190,0.39090753,0.37605028,0.35778864,0.33597261,0.31029853,0.28014175,0.24410702,0.19834797,0.12104303,,,,,,,,0.09100196
63660,0.41668669,0.41504578,0.41012272,0.40191459,0.39041005,0.37557799,0.35734672,0.33556600,0.30993200,0.27981997,0.24383457,0.19812872,0.12084446,,,,,,,,0.09089141
63720,0.41614500,0.41450698,0.40959253,0.40139866,0.38991390,0.37510697,0.35690597,0.33516046,0.30956643,0.27949902,0.24356282,0.19791004,0.12064632,,,,,,,,0.09078127
63780,0.41560478,0.41396963,0.40906376,0.40088411,0.38941908,0.37463719,0.35646638,0.33475599,0.30920181,0.27917889,0.24329177,0.19769192,0.12044757,,,,,,,,0.09067151
63840,0.41506601,0.41343372,0.40853641,0.40037094,0.38892557,0.37416866,0.35602795,0.33435258,0.30883815,0.27885959,0.24302141,0.19747435,0.12024906,,,,,,,,0.09056216
63900,0.41452868,0.41289925,0.40801048,0.39985914,0.38843338,0.37370138,0.35559068,0.33395022,0.30847543,0.27854111,0.24275174,0.19725734,0.12005098,,,,,,,,0.09045319
63960,0.41399280,0.41236621,0.40748595,0.39934870,0.38794250,0.37323534,0.35515456,0.33354892,0.30811365,0.27822345,0.24248275,0.19704089,0.11985334,,,,,,,,0.09034462
64020,0.41345835,0.41183460,0.40696283,0.39883963,0.38745293,0.37277053,0.35471959,0.33314866,0.30775281,0.27790661,0.24221444,0.19682498,0.11965612,,,,,,,,0.09023644
64080,0.41292534,0.41130442,0.40644111,0.39833192,0.38696465,0.37230695,0.35428576,0.33274945,0.30739291,0.27759059,0.24194681,0.19660959,0.11945932,,,,,,,,0.09012865
64140,0.41239375,0.41077565,0.40592078,0.39782557,0.38647768,0.37184459,0.35385307,0.33235129,0.30703394,0.27727538,0.24167987,0.19639472,0.11926296,,,,,,,,0.09002124
64200,0.41186359,0.41024830,0.40540184,0.39732056,0.38599200,0.37138346,0.35342153,0.33195416,0.30667590,0.27696098,0.24141361,0.19618040,0.11906618,,,,,,,,0.08991422
64260,0.41133484,0.40972236,0.40488428,0.39681689,0.38550760,0.37092355,0.35299111,0.33155807,0.30631878,0.27664738,0.24114803,0.19596662,0.11886936,,,,,,,,0.08980759
64320,0.41080750,0.40919782,0.40436811,0.39631457,0.38502449,0.37046485,0.35256183,0.33116301,0.30596258,0.27633459,0.24088313,0.19575338,0.11867295,,,,,,,,0.08970133
64380,0.41028157,0.40867468,0.40385331,0.39581358,0.38454265,0.37000735,0.35213367,0.33076897,0.30560731,0.27602259,0.24061890,0.19554068,0.11847696,,,,,,,,0.08959546
64440,0.40975705,0.40815293,0.40333988,0.39531392,0.38406209,0.36955107,0.35170663,0.33037597,0.30525295,0.27571139,0.24035533,0.19532852,0.11828139,,,,,,,,0.08948996
64500,0.40923392,0.40763258,0.40282781,0.39481558,0.38358280,0.36909598,0.35128071,0.32998398,0.30489951,0.27540098,0.24009242,0.19511689,0.11808624,,,,,,,,0.08938484
64560,0.40871219,0.40711361,0.40231711,0.39431857,0.38310478,0.36864208,0.35085590,0.32959302,0.30454698,0.27509137,0.23983017,0.19490575,0.11789149,,,,,,,,0.08928010
64620,0.40819184,0.40659602,0.40180776,0.39382287,0.38262802,0.36818938,0.35043220,0.32920307,0.30419535,0.27478255,0.23956859,0.19469513,0.11769657,,,,,,,,0.08917573
64680,0.40767288,0.40607980,0.40129976,0.39332849,0.38215252,0.36773787,0.35000960,0.32881413,0.30384463,0.27447452,0.23930767,0.19448504,0.11750128,,,,,,,,0.08907173
64740,0.40715529,0.40556496,0.40079311,0.39283541,0.38167826,0.36728754,0.34958811,0.32842619,0.30349481,0.27416727,0.23904740,0.19427547,0.11730640,,,,,,,,0.08896810
64800,0.40663908,0.40505148,0.40028780,0.39234363,0.38120526,0.36683839,0.34916771,0.32803926,0.30314589,0.27386081,0.23878780,0.19406643,0.11711193,,,,,,,,0.08886484
64860,0.40612431,0.40453952,0.39978426,0.39185401,0.38073497,0.36639268,0.34875166,0.32765778,0.30280382,0.27356302,0.23853953,0.19387382,0.11696513,,,,,,,,0.08876159
64920,0.40561089,0.40402890,0.39928202,0.39136566,0.38026589,0.36594811,0.34833666,0.32727727,0.30246261,0.27326597,0.23829188,0.19368169,0.11681863,,,,,,,,0.08865848
64980,0.40509884,0.40351965,0.39878112,0.39087861,0.37979806,0.36550472,0.34792276,0.32689775,0.30212227,0.27296968,0.23804486,0.19349004,0.11667242,,,,,,,,0.08855564
65040,0.40458817,0.40301176,0.39828157,0.39039287,0.37933148,0.36506250,0.34750995,0.32651923,0.30178283,0.27267415,0.23779846,0.19329889,0.11652655,,,,,,,,0.08845312
65100,0.40407888,0.40250525,0.39778337,0.38990843,0.37886615,0.36462147,0.34709823,0.32614170,0.30144427,0.27237938,0.23755270,0.19310822,0.11638100,,,,,,,,0.08835094
65160,0.40357096,0.40200010,0.39728650,0.38942529,0.37840206,0.36418160,0.34668760,0.32576516,0.30110658,0.27208537,0.23730755,0.19291804,0.11623580,,,,,,,,0.08824908
65220,0.40306441,0.40149631,0.39679097,0.38894345,0.37793921,0.36374291,0.34627806,0.32538961,0.30076978,0.27179212,0.23706303,0.19272832,0.11609094,,,,,,,,0.08814758
65280,0.40255922,0.40099388,0.39629677,0.38846289,0.37747759,0.36330537,0.34586959,0.32501504,0.30043384,0.27149962,0.23681913,0.19253907,0.11594607,,,,,,,,0.08804642
65340,0.40205539,0.40049279,0.39580390,0.38798363,0.37701721,0.36286900,0.34546220,0.32464145,0.30009878,0.27120787,0.23657585,0.19235030,0.11580118,,,,,,,,0.08794560
65400,0.40155291,0.39999306,0.39531235,0.38750564,0.37655805,0.36243378,0.34505588,0.32426884,0.29976459,0.27091687,0.23633319,0.19216200,0.11565664,,,,,,,,0.08784514
65460,0.40105179,0.39949466,0.39482211,0.38702893,0.37610011,0.36199972,0.34465063,0.32389720,0.29943126,0.27062661,0.23609115,0.19197418,0.11551244,,,,,,,,0.08774503
65520,0.40055200,0.39899760,0.39433319,0.38655349,0.37564339,0.36156680,0.34424645,0.32352652,0.29909879,0.27033710,0.23584972,0.19178683,0.11536859,,,,,,,,0.08764526
65580,0.40005356,0.39850186,0.39384557,0.38607932,0.37518788,0.36113503,0.34384332,0.32315682,0.29876718,0.27004833,0.23560890,0.19159996,0.11522509,,,,,,,,0.08754585
65640,0.39955645,0.39800746,0.39335926,0.38560641,0.37473358,0.36070440,0.34344126,0.32278807,0.29843643,0.26976029,0.23536869,0.19141355,0.11508192,,,,,,,,0.08744678
65700,0.39906067,0.39751437,0.39287424,0.38513476,0.37428048,0.36027490,0.34304024,0.32242029,0.29810652,0.26947300,0.23512909,0.19122761,0.11493911,,,,,,,,0.08734806
65760,0.39856621,0.39702261,0.39239052,0.38466436,0.37382858,0.35984653,0.34264028,0.32205346,0.29777747,0.26918643,0.23489009,0.19104214,0.11479663,,,,,,,,0.08724969
65820,0.39807308,0.39653215,0.39190808,0.38419521,0.37337788,0.35941929,0.34224136,0.32168758,0.29744927,0.26890059,0.23465169,0.19085713,0.11465450,,,,,,,,0.08715167
65880,0.39758125,0.39604301,0.39142693,0.38372731,0.37292837,0.35899318,0.34184349,0.32132265,0.29712190,0.26861548,0.23441390,0.19067258,0.11451271,,,,,,,,0.08705399
65940,0.39709075,0.39555516,0.39094706,0.38326065,0.37248005,0.35856818,0.34144665,0.32095866,0.29679538,0.26833110,0.23417670,0.19048849,0.11437126,,,,,,,,0.08695666
66000,0.39660154,0.39506862,0.39046847,0.38279523,0.37203291,0.35814430,0.34105085,0.32059562,0.29646970,0.26804743,0.23394010,0.19030486,0.11423015,,,,,,,,0.08685967
66060,0.39611364,0.39458336,0.38999114,0.38233104,0.37158695,0.35772153,0.34065608,0.32023352,0.29614485,0.26776449,0.23370409,0.19012169,0.11408938,,,,,,,,0.08676303
66120,0.39562704,0.39409940,0.38951508,0.38186807,0.37114217,0.35729987,0.34026234,0.31987235,0.29582083,0.26748226,0.23346867,0.18993898,0.11394887,,,,,,,,0.08666672
66180,0.39514172,0.39361672,0.38904028,0.38140633,0.37069855,0.35687931,0.33986962,0.31951211,0.29549763,0.26720074,0.23323383,0.18975668,0.11380801,,,,,,,,0.08657076
66240,0.39465770,0.39313533,0.38856674,0.38094581,0.37025610,0.35645986,0.33947792,0.31915280,0.29517527,0.26691994,0.23299958,0.18957485,0.11366749,,,,,,,,0.08647513
66300,0.39417496,0.39265521,0.38809445,0.38048650,0.36981482,0.35604150,0.33908724,0.31879442,0.29485372,0.26663984,0.23276591,0.18939346,0.11352731,,,,,,,,0.08637984
66360,0.39369350,0.39217636,0.38762341,0.38002841,0.36937469,0.35562423,0.33869757,0.31843695,0.29453300,0.26636045,0.23253283,0.18921252,0.11338745,,,,,,,,0.08628489
66420,0.39321331,0.39169877,0.38715362,0.37957152,0.36893572,0.35520805,0.33830891,0.31808041,0.29421309,0.26608176,0.23230032,0.18903203,0.11324793,,,,,,,,0.08619028
66480,0.39273439,0.39122245,0.38668506,0.37911583,0.36849790,0.35479295,0.33792126,0.31772479,0.29389399,0.26580378,0.23206840,0.18885199,0.11310873,,,,,,,,0.08609599
66540,0.39225674,0.39074739,0.38621774,0.37866134,0.36806122,0.35437894,0.33753461,0.31737007,0.29357571,0.26552649,0.23183705,0.18867239,0.11296987,,,,,,,,0.08600205
66600,0.39178035,0.39027358,0.38575165,0.37820804,0.36762569,0.35396600,0.33714896,0.31701627,0.29325824,0.26524990,0.23160628,0.18849323,0.11283133,,,,,,,,0.08590843
66660,0.39130528,0.38980108,0.38528685,0.37775599,0.36719134,0.35355419,0.33676436,0.31666342,0.29294161,0.26497404,0.23137610,0.18831454,0.11269313,,,,,,,,0.08581515
66720,0.39083141,0.38932977,0.38482322,0.37730508,0.36675809,0.35314341,0.33638071,0.31631143,0.29262575,0.26469885,0.23114648,0.18813627,0.11255525,,,,,,,,0.08572220
66780,0.39035878,0.38885970,0.38436080,0.37685534,0.36632596,0.35273368,0.33599804,0.31596034,0.29231069,0.26442433,0.23091742,0.18795844,0.11241769,,,,,,,,0.08562956
66840,0.38988739,0.38839086,0.38389959,0.37640678,0.36589496,0.35232502,0.33561635,0.31561014,0.29199642,0.26415051,0.23068892,0.18778104,0.11228045,,,,,,,,0.08553726
66900,0.38941724,0.38792325,0.38343959,0.37595939,0.36546508,0.35191741,0.33523565,0.31526084,0.29168295,0.26387737,0.23046100,0.18760408,0.11214353,,,,,,,,0.08544528
66960,0.38894832,0.38745687,0.38298080,0.37551317,0.36503632,0.35151086,0.33485593,0.31491243,0.29137027,0.26360491,0.23023363,0.18742755,0.11200693,,,,,,,,0.08535362
67020,0.38848064,0.38699172,0.38252321,0.37506812,0.36460867,0.35110537,0.33447718,0.31456490,0.29105838,0.26333313,0.23000682,0.18725145,0.11187006,,,,,,,,0.08526228
67080,0.38801418,0.38652778,0.38206681,0.37462422,0.36418213,0.35070092,0.33409940,0.31421827,0.29074727,0.26306203,0.22978058,0.18707577,0.11173331,,,,,,,,0.08517127
67140,0.38754894,0.38606506,0.38161161,0.37418149,0.36375670,0.35029751,0.33372260,0.31387251,0.29043695,0.26279161,0.22955489,0.18690051,0.11159686,,,,,,,,0.08508058
67200,0.38708492,0.38560355,0.38115760,0.37373990,0.36333238,0.34989514,0.33334675,0.31352763,0.29012741,0.26252185,0.22932974,0.18672567,0.11146073,,,,,,,,0.08499020
67260,0.38662212,0.38514324,0.38070478,0.37329947,0.36290915,0.34949382,0.33297188,0.31318363,0.28981865,0.26225277,0.22910515,0.18655126,0.11132492,,,,,,,,0.08490014
67320,0.38616053,0.38468414,0.38025313,0.37286018,0.36248702,0.34909352,0.33259796,0.31284050,0.28951067,0.26198435,0.22888111,0.18637727,0.11118942,,,,,,,,0.08481040
67380,0.38570014,0.38422624,0.37980266,0.37242203,0.36206599,0.34869426,0.33222499,0.31249824,0.28920345,0.26171660,0.22865762,0.18620371,0.11105423,,,,,,,,0.08472097
67440,0.38524095,0.38376953,0.37935336,0.37198502,0.36164604,0.34829602,0.33185298,0.31215685,0.28889701,0.26144951,0.22843467,0.18603056,0.11091935,,,,,,,,0.08463186
67500,0.38478296,0.38331401,0.37890524,0.37154915,0.36122717,0.34789881,0.33148192,0.31181632,0.28859133,0.26118308,0.22821227,0.18585784,0.11078478,,,,,,,,0.08454306
67560,0.38432616,0.38285967,0.37845827,0.37111440,0.36080939,0.34750261,0.33111180,0.31147665,0.28828642,0.26091732,0.22799042,0.18568554,0.11065051,,,,,,,,0.08445457
67620,0.38387055,0.38240652,0.37801247,0.37068078,0.36039268,0.34710743,0.33074263,0.31113784,0.28798226,0.26065220,0.22776910,0.18551365,0.11051656,,,,,,,,0.08436638
67680,0.38341613,0.38195455,0.37756782,0.37024828,0.35997705,0.34671326,0.33037439,0.31079988,0.28767887,0.26038775,0.22754833,0.18534218,0.11038291,,,,,,,,0.08427851
67740,0.38296288,0.38150375,0.37712433,0.36981689,0.35956248,0.34632010,0.33000709,0.31046278,0.28737624,0.26012394,0.22732809,0.18517113,0.11024956,,,,,,,,0.08419094
67800,0.38251081,0.38105411,0.37668198,0.36938662,0.35914898,0.34592795,0.32964072,0.31012652,0.28707436,0.25986079,0.22710839,0.18500049,0.11011652,,,,,,,,0.08410368
67860,0.38205992,0.38060565,0.37624078,0.36895746,0.35873655,0.34553680,0.32927529,0.30979111,0.28677323,0.25959828,0.22688922,0.18483026,0.10998346,,,,,,,,0.08401672
67920,0.38161019,0.38015834,0.37580072,0.36852941,0.35832517,0.34514665,0.32891077,0.30945654,0.28647285,0.25933642,0.22667059,0.18466043,0.10985018,,,,,,,,0.08393007
67980,0.38116163,0.37971219,0.37536180,0.36810246,0.35791485,0.34475749,0.32854718,0.30912281,0.28617322,0.25907520,0.22645248,0.18449102,0.10971720,,,,,,,,0.08384372
68040,0.38071423,0.37926720,0.37492401,0.36767661,0.35750558,0.34436932,0.32818451,0.30878992,0.28587433,0.25881462,0.22623491,0.18432199,0.10958451,,,,,,,,0.08375767
68100,0.38026798,0.37882335,0.37448734,0.36725185,0.35709735,0.34398214,0.32782276,0.30845786,0.28557618,0.25855469,0.22601786,0.18415336,0.10945212,,,,,,,,0.08367191
68160,0.37982289,0.37838065,0.37405180,0.36682818,0.35669017,0.34359595,0.32746192,0.30812664,0.28527878,0.25829539,0.22580134,0.18398514,0.10932003,,,,,,,,0.08358646
68220,0.37937894,0.37793910,0.37361739,0.36640560,0.35628404,0.34321074,0.32710199,0.30779624,0.28498211,0.25803672,0.22558533,0.18381731,0.10918823,,,,,,,,0.08350130
68280,0.37893614,0.37749867,0.37318409,0.36598411,0.35587893,0.34282650,0.32674297,0.30746667,0.28468617,0.25777869,0.22536984,0.18364989,0.10905673,,,,,,,,0.08341644
68340,0.37849448,0.37705939,0.37275190,0.36556369,0.35547487,0.34244324,0.32638485,0.30713792,0.28439097,0.25752128,0.22515487,0.18348287,0.10892552,,,,,,,,0.08333187
68400,0.37805396,0.37662123,0.37232083,0.36514435,0.35507183,0.34206095,0.32602764,0.30681000,0.28409649,0.25726451,0.22494042,0.18331625,0.10879460,,,,,,,,0.08324760
68460,0.37761462,0.37618425,0.37189091,0.36472614,0.35466987,0.34167967,0.32567137,0.30648293,0.28380278,0.25700838,0.22472651,0.18315004,0.10866398,,,,,,,,0.08316363
68520,0.37717637,0.37574836,0.37146205,0.36430895,0.35426889,0.34129933,0.32531595,0.30615664,0.28350976,0.25675286,0.22451309,0.18298422,0.10853365,,,,,,,,0.08307994
68580,0.37673923,0.37531356,0.37103428,0.36389282,0.35386892,0.34091993,0.32496142,0.30583116,0.28321746,0.25649795,0.22430018,0.18281878,0.10840360,,,,,,,,0.08299654
68640,0.37630321,0.37487989,0.37060760,0.36347774,0.35346996,0.34054149,0.32460778,0.30550648,0.28292587,0.25624366,0.22408778,0.18265374,0.10827383,,,,,,,,0.08291343
68700,0.37586831,0.37444732,0.37018202,0.36306373,0.35307202,0.34016401,0.32425503,0.30518262,0.28263500,0.25598999,0.22387589,0.18248909,0.10814433,,,,,,,,0.08283060
68760,0.37543453,0.37401586,0.36975752,0.36265077,0.35267508,0.33978748,0.32390315,0.30485955,0.28234485,0.25573693,0.22366451,0.18232483,0.10801424,,,,,,,,0.08274806
68820,0.37500185,0.37358550,0.36933410,0.36223885,0.35227915,0.33941190,0.32355216,0.30453729,0.28205540,0.25548449,0.22345363,0.18216096,0.10788444,,,,,,,,0.08266580
68880,0.37457028,0.37315624,0.36891176,0.36182799,0.35188423,0.33903726,0.32320205,0.30421583,0.28176667,0.25523265,0.22324326,0.18199747,0.10775492,,,,,,,,0.08258383
68940,0.37413981,0.37272808,0.36849050,0.36141817,0.35149030,0.33866356,0.32285281,0.30389516,0.28147864,0.25498143,0.22303339,0.18183437,0.10762568,,,,,,,,0.08250214
69000,0.37371044,0.37230101,0.36807031,0.36100939,0.35109736,0.33829081,0.32250444,0.30357528,0.28119131,0.25473081,0.22282402,0.18167163,0.10749673,,,,,,,,0.08242073
69060,0.37328216,0.37187503,0.36765119,0.36060165,0.35070542,0.33791899,0.32215693,0.30325620,0.28090469,0.25448080,0.22261515,0.18150927,0.10736805,,,,,,,,0.08233961
69120,0.37285497,0.37145013,0.36723314,0.36019494,0.35031447,0.33754810,0.32181030,0.30293790,0.28061877,0.25423140,0.22240677,0.18134729,0.10723965,,,,,,,,0.08225876
69180,0.37242888,0.37102631,0.36681615,0.35978926,0.34992450,0.33717814,0.32146453,0.30262038,0.28033355,0.25398259,0.22219890,0.18118569,0.10711152,,,,,,,,0.08217819
69240,0.37200386,0.37060357,0.36640021,0.35938460,0.34953552,0.33680911,0.32111961,0.30230365,0.28004902,0.25373438,0.22199151,0.18102447,0.10698368,,,,,,,,0.08209789
69300,0.37157993,0.37018190,0.36598533,0.35898097,0.34914751,0.33644100,0.32077555,0.30198769,0.27976518,0.25348677,0.22178460,0.18086364,0.10685611,,,,,,,,0.08201787
69360,0.37115707,0.36976131,0.36557150,0.35857836,0.34876048,0.33607381,0.32043235,0.30167252,0.27948204,0.25323976,0.22157819,0.18070317,0.10672881,,,,,,,,0.08193813
69420,0.37073528,0.36934177,0.36515871,0.35817676,0.34837442,0.33570754,0.32009000,0.30135811,0.27919958,0.25299333,0.22137226,0.18054309,0.10660179,,,,,,,,0.08185866
69480,0.37031456,0.36892330,0.36474697,0.35777617,0.34798933,0.33534218,0.31974849,0.30104448,0.27891781,0.25274750,0.22116683,0.18038337,0.10647504,,,,,,,,0.08177946
69540,0.36989491,0.36850589,0.36433627,0.35737659,0.34760520,0.33497773,0.31940783,0.30073162,0.27863672,0.25250226,0.22096187,0.18022404,0.10634856,,,,,,,,0.08170053
69600,0.36947632,0.36808954,0.36392661,0.35697802,0.34722204,0.33461419,0.31906801,0.30041953,0.27835632,0.25225760,0.22075740,0.18006507,0.10622169,,,,,,,,0.08162187
69660,0.36905878,0.36767423,0.36351797,0.35658045,0.34683984,0.33425155,0.31872903,0.30010819,0.27807659,0.25201352,0.22055342,0.17990647,0.10609480,,,,,,,,0.08154349
69720,0.36864230,0.36725998,0.36311037,0.35618388,0.34645859,0.33388981,0.31839088,0.29979762,0.27779754,0.25177003,0.22034991,0.17974824,0.10596818,,,,,,,,0.08146536
69780,0.36822687,0.36684677,0.36270379,0.35578830,0.34607829,0.33352898,0.31805357,0.29948781,0.27751917,0.25152712,0.22014688,0.17959038,0.10584183,,,,,,,,0.08138751
69840,0.36781249,0.36643460,0.36229824,0.35539371,0.34569894,0.33316904,0.31771709,0.29917876,0.27724146,0.25128479,0.21994433,0.17943289,0.10571574,,,,,,,,0.08130992
69900,0.36739915,0.36602346,0.36189370,0.35500011,0.34532054,0.33280999,0.31738144,0.29887046,0.27696443,0.25104303,0.21974226,0.17927575,0.10558992,,,,,,,,0.08123259
69960,0.36698685,0.36561336,0.36149018,0.35460750,0.34494308,0.33245183,0.31704661,0.29856291,0.27668807,0.25080185,0.21954066,0.17911895,0.10546436,,,,,,,,0.08115553
70020,0.36657559,0.36520429,0.36108767,0.35421586,0.34456656,0.33209455,0.31671261,0.29825611,0.27641236,0.25056124,0.21933953,0.17896252,0.10533906,,,,,,,,0.08107873
70080,0.36616536,0.36479625,0.36068617,0.35382521,0.34419098,0.33173816,0.31637942,0.29795005,0.27613732,0.25032121,0.21913888,0.17880645,0.10521403,,,,,,,,0.08100219
70140,0.36575616,0.36438923,0.36028568,0.35343553,0.34381633,0.33138265,0.31604706,0.29764474,0.27586294,0.25008174,0.21893869,0.17865074,0.10508925,,,,,,,,0.08092591
70200,0.36534799,0.36398323,0.35988619,0.35304682,0.34344261,0.33102802,0.31571550,0.29734017,0.27558922,0.24984284,0.21873897,0.17849539,0.10496474,,,,,,,,0.08084989
70260,0.36494089,0.36357830,0.35948774,0.35265913,0.34306986,0.33067431,0.31538480,0.29703638,0.27531619,0.24960454,0.21853973,0.17834041,0.10484050,,,,,,,,0.08077414
70320,0.36453477,0.36317435,0.35909026,0.35227237,0.34269800,0.33032143,0.31505488,0.29673329,0.27504379,0.24936678,0.21834094,0.17818578,0.10471650,,,,,,,,0.08069864
70380,0.36412966,0.36277139,0.35869375,0.35188656,0.34232705,0.32996941,0.31472575,0.29643093,0.27477204,0.24912957,0.21814260,0.17803149,0.10459277,,,,,,,,0.08062339
70440,0.36372555,0.36236943,0.35829823,0.35150171,0.34195702,0.32961826,0.31439743,0.29612930,0.27450093,0.24889292,0.21794473,0.17787757,0.10446891,,,,,,,,0.08054839
70500,0.36332246,0.36196848,0.35790369,0.35111781,0.34158790,0.32926796,0.31406990,0.29582840,0.27423047,0.24865683,0.21774731,0.17772399,0.10434468,,,,,,,,0.08047365
70560,0.36292037,0.36156853,0.35751014,0.35073486,0.34121970,0.32891853,0.31374318,0.29552822,0.27396066,0.24842130,0.21755035,0.17757077,0.10422070,,,,,,,,0.08039916
70620,0.36251928,0.36116958,0.35711756,0.35035287,0.34085240,0.32856996,0.31341725,0.29522877,0.27369149,0.24818633,0.21735385,0.17741790,0.10409697,,,,,,,,0.08032492
70680,0.36211919,0.36077161,0.35672597,0.34997181,0.34048601,0.32822224,0.31309211,0.29493004,0.27342296,0.24795190,0.21715781,0.17726537,0.10397349,,,,,,,,0.08025093
70740,0.36172010,0.36037464,0.35633534,0.34959171,0.34012052,0.32787537,0.31276777,0.29463203,0.27315507,0.24771802,0.21696222,0.17711320,0.10385027,,,,,,,,0.08017720
70800,0.36132200,0.35997866,0.35594568,0.34921254,0.33975593,0.32752935,0.31244421,0.29433473,0.27288782,0.24748469,0.21676708,0.17696137,0.10372730,,,,,,,,0.08010371
70860,0.36092489,0.35958365,0.35555699,0.34883431,0.33939224,0.32718418,0.31212143,0.29403815,0.27262120,0.24725191,0.21657239,0.17680986,0.10360457,,,,,,,,0.08003047
70920,0.36052876,0.35918963,0.35516926,0.34845701,0.33902944,0.32683985,0.31179944,0.29374229,0.27235522,0.24701967,0.21637815,0.17665870,0.10348210,,,,,,,,0.07995747
70980,0.36013362,0.35879658,0.35478248,0.34808064,0.33866753,0.32649635,0.31147823,0.29344713,0.27208987,0.24678798,0.21618436,0.17650787,0.10335987,,,,,,,,0.07988472
71040,0.35973946,0.35840451,0.35439667,0.34770520,0.33830651,0.32615370,0.31115780,0.29315268,0.27182515,0.24655683,0.21599102,0.17635739,0.10323789,,,,,,,,0.07981221
71100,0.35934627,0.35801341,0.35401181,0.34733068,0.33794638,0.32581188,0.31083814,0.29285893,0.27156105,0.24632622,0.21579812,0.17620725,0.10311616,,,,,,,,0.07973995
71160,0.35895405,0.35762327,0.35362789,0.34695709,0.33758712,0.32547090,0.31051925,0.29256589,0.27129758,0.24609614,0.21560566,0.17605745,0.10299467,,,,,,,,0.07966793
71220,0.35856280,0.35723410,0.35324492,0.34658441,0.33722875,0.32513074,0.31020113,0.29227355,0.27103474,0.24586661,0.21541365,0.17590798,0.10287343,,,,,,,,0.07959615
71280,0.35817252,0.35684588,0.35286290,0.34621265,0.33687124,0.32479141,0.30988378,0.29198190,0.27077251,0.24563761,0.21522207,0.17575886,0.10275237,,,,,,,,0.07952462
71340,0.35778320,0.35645863,0.35248181,0.34584180,0.33651462,0.32445290,0.30956719,0.29169096,0.27051090,0.24540914,0.21503093,0.17561007,0.10263054,,,,,,,,0.07945332
71400,0.35739484,0.35607232,0.35210167,0.34547186,0.33615886,0.32411521,0.30925136,0.29140070,0.27024990,0.24518120,0.21484022,0.17546162,0.10250895,,,,,,,,0.07938226
71460,0.35700744,0.35568697,0.35172245,0.34510282,0.33580397,0.32377834,0.30893630,0.29111114,0.26998952,0.24495379,0.21464995,0.17531350,0.10238760,,,,,,,,0.07931143
71520,0.35662099,0.35530257,0.35134417,0.34473469,0.33544994,0.32344229,0.30862198,0.29082227,0.26972975,0.24472691,0.21446011,0.17516572,0.10226649,,,,,,,,0.07924085
71580,0.35623549,0.35491911,0.35096681,0.34436745,0.33509677,0.32310704,0.30830843,0.29053408,0.26947060,0.24450056,0.21427071,0.17501826,0.10214562,,,,,,,,0.07917050
71640,0.35585094,0.35453659,0.35059038,0.34400111,0.33474446,0.32277261,0.30799562,0.29024658,0.26921205,0.24427473,0.21408174,0.17487114,0.10202498,,,,,,,,0.07910038
71700,0.35546733,0.35415501,0.35021487,0.34363567,0.33439301,0.32243899,0.30768357,0.28995976,0.26895410,0.24404942,0.21389320,0.17472435,0.10190459,,,,,,,,0.07903050
71760,0.35508466,0.35377436,0.34984028,0.34327112,0.33404241,0.32210617,0.30737226,0.28967362,0.26869677,0.24382464,0.21370509,0.17457788,0.10178443,,,,,,,,0.07896085
71820,0.35470293,0.35339465,0.34946660,0.34290745,0.33369266,0.32177415,0.30706169,0.28938816,0.26844003,0.24360037,0.21351740,0.17443171,0.10166450,,,,,,,,0.07889143
71880,0.35432213,0.35301586,0.34909384,0.34254467,0.33334376,0.32144294,0.30675187,0.28910337,0.26818390,0.24337662,0.21333014,0.17428587,0.10154481,,,,,,,,0.07882224
71940,0.35394226,0.35263800,0.34872198,0.34218278,0.33299570,0.32111251,0.30644279,0.28881926,0.26792836,0.24315338,0.21314331,0.17414035,0.10142536,,,,,,,,0.07875328
72000,0.35356332,0.35226107,0.34835103,0.34182176,0.33264849,0.32078289,0.30613444,0.28853581,0.26767342,0.24293065,0.21295690,0.17399516,0.10130614,,,,,,,,0.07868456
72060,0.35318536,0.35188510,0.34798103,0.34146166,0.33230215,0.32045409,0.30582687,0.28825307,0.26741911,0.24270847,0.21277093,0.17385031,0.10118716,,,,,,,,0.07861607
72120,0.35280828,0.35151001,0.34761190,0.34110240,0.33195662,0.32012606,0.30552000,0.28797097,0.26716537,0.24248677,0.21258537,0.17370577,0.10106840,,,,,,,,0.07854779
72180,0.35243211,0.35113582,0.34724365,0.34074401,0.33161191,0.31979880,0.30521385,0.28768953,0.26691221,0.24226558,0.21240022,0.17356154,0.10094901,,,,,,,,0.07847974
72240,0.35205685,0.35076254,0.34687629,0.34038647,0.33126804,0.31947232,0.30490843,0.28740875,0.26665963,0.24204490,0.21221549,0.17341764,0.10082956,,,,,,,,0.07841192
72300,0.35168251,0.35039017,0.34650983,0.34002981,0.33092499,0.31914662,0.30460373,0.28712863,0.26640765,0.24182472,0.21203118,0.17327405,0.10071035,,,,,,,,0.07834432
72360,0.35130907,0.35001871,0.34614426,0.33967400,0.33058276,0.31882170,0.30429976,0.28684916,0.26615625,0.24160504,0.21184727,0.17313078,0.10059136,,,,,,,,0.07827695
72420,0.35093655,0.34964814,0.34577957,0.33931906,0.33024136,0.31849756,0.30399651,0.28657035,0.26590543,0.24138587,0.21166378,0.17298783,0.10047260,,,,,,,,0.07820979
72480,0.35056492,0.34927848,0.34541576,0.33896497,0.32990078,0.31817419,0.30369397,0.28629220,0.26565520,0.24116720,0.21148069,0.17284520,0.10035407,,,,,,,,0.07814286
72540,0.35019420,0.34890971,0.34505283,0.33861173,0.32956101,0.31785159,0.30339215,0.28601470,0.26540555,0.24094903,0.21129802,0.17270288,0.10023576,,,,,,,,0.07807615
72600,0.34982438,0.34854183,0.34469078,0.33825935,0.32922206,0.31752976,0.30309105,0.28573785,0.26515647,0.24073135,0.21111576,0.17256087,0.10011767,,,,,,,,0.07800966
72660,0.34945545,0.34817484,0.34432961,0.33790781,0.32888392,0.31720870,0.30279065,0.28546164,0.26490796,0.24051417,0.21093391,0.17241918,0.09999981,,,,,,,,0.07794339
72720,0.34908741,0.34780874,0.34396930,0.33755712,0.32854659,0.31688840,0.30249097,0.28518608,0.26466003,0.24029749,0.21075246,0.17227777,0.09988218,,,,,,,,0.07787733
72780,0.34872026,0.34744353,0.34360986,0.33720727,0.32821007,0.31656886,0.30219199,0.28491117,0.26441267,0.24008130,0.21057142,0.17213667,0.09976476,,,,,,,,0.07781150
72840,0.34835400,0.34707919,0.34325129,0.33685826,0.32787435,0.31625008,0.30189371,0.28463689,0.26416588,0.23986560,0.21039079,0.17199588,0.09964757,,,,,,,,0.07774588
72900,0.34798862,0.34671573,0.34289359,0.33651008,0.32753943,0.31593206,0.30159614,0.28436326,0.26391966,0.23965039,0.21021056,0.17185539,0.09953060,,,,,,,,0.07768047
72960,0.34762412,0.34635315,0.34253674,0.33616274,0.32720531,0.31561479,0.30129927,0.28409026,0.26367401,0.23943567,0.21003073,0.17171522,0.09941385,,,,,,,,0.07761528
73020,0.34726050,0.34599144,0.34218074,0.33581623,0.32687199,0.31529827,0.30100309,0.28381790,0.26342892,0.23922143,0.20985130,0.17157535,0.09929675,,,,,,,,0.07755030
73080,0.34689776,0.34563060,0.34182561,0.33547055,0.32653945,0.31498250,0.30070761,0.28354617,0.26318439,0.23900768,0.20967227,0.17143578,0.09917921,,,,,,,,0.07748554
73140,0.34653588,0.34527063,0.34147132,0.33512570,0.32620771,0.31466747,0.30041282,0.28327507,0.26294043,0.23879441,0.20949364,0.17129652,0.09906189,,,,,,,,0.07742098
73200,0.34617488,0.34491152,0.34111788,0.33478167,0.32587676,0.31435319,0.30011872,0.28300460,0.26269702,0.23858162,0.20931540,0.17115756,0.09894479,,,,,,,,0.07735664
73260,0.34581474,0.34455327,0.34076529,0.33443846,0.32554660,0.31403965,0.29982531,0.28273476,0.26245418,0.23836931,0.20913756,0.17101891,0.09882790,,,,,,,,0.07729251
73320,0.34545547,0.34419588,0.34041354,0.33409606,0.32521721,0.31372685,0.29953258,0.28246554,0.26221188,0.23815748,0.20896012,0.17088056,0.09871123,,,,,,,,0.07722859
73380,0.34509705,0.34383935,0.34006263,0.33375449,0.32488861,0.31341479,0.29924054,0.28219694,0.26197014,0.23794613,0.20878306,0.17074250,0.09859477,,,,,,,,0.07716488
73440,0.34473949,0.34348366,0.33971256,0.33341372,0.32456079,0.31310346,0.29894918,0.28192897,0.26172896,0.23773525,0.20860639,0.17060475,0.09847853,,,,,,,,0.07710137
73500,0.34438279,0.34312883,0.33936332,0.33307377,0.32423374,0.31279286,0.29865850,0.28166161,0.26148832,0.23752485,0.20843011,0.17046730,0.09836249,,,,,,,,0.07703807
73560,0.34402694,0.34277485,0.33901492,0.33273462,0.32390746,0.31248299,0.29836850,0.28139487,0.26124824,0.23731492,0.20825422,0.17033014,0.09824668,,,,,,,,0.07697498
73620,0.34367194,0.34242170,0.33866734,0.33239627,0.32358196,0.31217385,0.29807917,0.28112875,0.26100870,0.23710546,0.20807871,0.17019328,0.09813107,,,,,,,,0.07691209
73680,0.34331778,0.34206940,0.33832059,0.33205873,0.32325722,0.31186544,0.29779052,0.28086323,0.26076970,0.23689647,0.20790360,0.17005668,0.09801568,,,,,,,,0.07684940
73740,0.34296447,0.34171794,0.33797467,0.33172199,0.32293325,0.31155774,0.29750253,0.28059833,0.26053125,0.23668795,0.20772887,0.16992038,0.09790049,,,,,,,,0.07678692
73800,0.34261200,0.34136732,0.33762956,0.33138605,0.32261004,0.31125077,0.29721522,0.28033404,0.26029334,0.23647989,0.20755452,0.16978437,0.09778552,,,,,,,,0.07672465
73860,0.34226042,0.34101757,0.33728533,0.33105094,0.32228763,0.31094455,0.29692861,0.28007038,0.26005600,0.23627233,0.20738058,0.16964867,0.09767052,,,,,,,,0.07666258
73920,0.34190963,0.34066862,0.33694187,0.33071659,0.32196595,0.31063902,0.29664263,0.27980731,0.25981917,0.23606521,0.20720700,0.16951326,0.09755465,,,,,,,,0.07660071
73980,0.34155967,0.34032049,0.33659921,0.33038302,0.32164501,0.31033420,0.29635731,0.27954483,0.25958287,0.23585855,0.20703380,0.16937812,0.09743899,,,,,,,,0.07653903
74040,0.34121054,0.33997318,0.33625737,0.33005024,0.32132483,0.31003008,0.29607265,0.27928296,0.25934710,0.23565235,0.20686098,0.16924328,0.09732353,,,,,,,,0.07647756
74100,0.34086223,0.33962670,0.33591633,0.32971824,0.32100540,0.30972667,0.29578864,0.27902168,0.25911187,0.23544660,0.20668853,0.16910873,0.09720828,,,,,,,,0.07641628
74160,0.34051475,0.33928103,0.33557610,0.32938702,0.32068671,0.30942397,0.29550529,0.27876100,0.25887717,0.23524132,0.20651647,0.16897447,0.09709323,,,,,,,,0.07635520
74220,0.34016809,0.33893619,0.33523667,0.32905658,0.32036877,0.30912197,0.29522260,0.27850091,0.25864300,0.23503648,0.20634478,0.16884049,0.09697839,,,,,,,,0.07629432
74280,0.33982225,0.33859215,0.33489804,0.32872692,0.32005158,0.30882068,0.29494056,0.27824142,0.25840936,0.23483210,0.20617346,0.16870680,0.09686375,,,,,,,,0.07623363
74340,0.33947723,0.33824893,0.33456021,0.32839803,0.31973513,0.30852008,0.29465917,0.27798252,0.25817624,0.23462818,0.20600252,0.16857339,0.09674932,,,,,,,,0.07617314
74400,0.33913302,0.33790652,0.33422318,0.32806991,0.31941941,0.30822018,0.29437842,0.27772421,0.25794365,0.23442471,0.20583194,0.16844027,0.09663509,,,,,,,,0.07611285
74460,0.33878963,0.33756492,0.33388693,0.32774257,0.31910443,0.30792098,0.29409832,0.27746649,0.25771158,0.23422168,0.20566173,0.16830743,0.09652106,,,,,,,,0.07605275
74520,0.33844704,0.33722412,0.33355148,0.32741598,0.31879019,0.30762247,0.29381886,0.27720936,0.25748004,0.23401911,0.20549189,0.16817488,0.09640723,,,,,,,,0.07599284
74580,0.33810526,0.33688412,0.33321682,0.32709017,0.31847668,0.30732465,0.29354005,0.27695281,0.25724901,0.23381699,0.20532242,0.16804259,0.09629360,,,,,,,,0.07593312
74640,0.33776428,0.33654492,0.33288294,0.32676511,0.31816390,0.30702751,0.29326187,0.27669684,0.25701850,0.23361531,0.20515332,0.16791056,0.09618018,,,,,,,,0.07587360
74700,0.33742411,0.33620651,0.33254984,0.32644082,0.31785184,0.30673107,0.29298434,0.27644145,0.25678851,0.23341407,0.20498458,0.16777882,0.09606695,,,,,,,,0.07581427
74760,0.33708473,0.33586891,0.33221752,0.32611728,0.31754051,0.30643531,0.29270743,0.27618664,0.25655903,0.23321329,0.20481621,0.16764736,0.09595262,,,,,,,,0.07575512
74820,0.33674615,0.33553209,0.33188598,0.32579449,0.31722990,0.30614022,0.29243116,0.27593241,0.25633007,0.23301294,0.20464820,0.16751617,0.09583838,,,,,,,,0.07569617
74880,0.33640836,0.33519606,0.33155522,0.32547246,0.31692001,0.30584582,0.29215552,0.27567876,0.25610161,0.23281303,0.20448056,0.16738526,0.09572433,,,,,,,,0.07563741
74940,0.33607137,0.33486082,0.33122522,0.32515118,0.31661084,0.30555210,0.29188051,0.27542567,0.25587367,0.23261357,0.20431327,0.16725463,0.09561048,,,,,,,,0.07557883
75000,0.33573516,0.33452636,0.33089600,0.32483064,0.31630239,0.30525905,0.29160613,0.27517316,0.25564623,0.23241454,0.20414635,0.16712427,0.09549683,,,,,,,,0.07552044
75060,0.33539974,0.33419268,0.33056755,0.32451085,0.31599465,0.30496668,0.29133237,0.27492121,0.25541931,0.23221595,0.20397979,0.16699419,0.09538337,,,,,,,,0.07546223
75120,0.33506510,0.33385978,0.33023986,0.32419180,0.31568762,0.30467498,0.29105923,0.27466984,0.25519288,0.23201779,0.20381359,0.16686438,0.09527010,,,,,,,,0.07540422
75180,0.33473124,0.33352766,0.32991293,0.32387349,0.31538129,0.30438394,0.29078672,0.27441903,0.25496696,0.23182007,0.20364774,0.16673484,0.09515703,,,,,,,,0.07534638
75240,0.33439816,0.33319631,0.32958676,0.32355592,0.31507568,0.30409358,0.29051482,0.27416878,0.25474154,0.23162278,0.20348225,0.16660558,0.09504415,,,,,,,,0.07528874
75300,0.33406586,0.33286574,0.32926135,0.32323908,0.31477077,0.30380387,0.29024355,0.27391910,0.25451662,0.23142592,0.20331711,0.16647658,0.09493146,,,,,,,,0.07523127
75360,0.33373433,0.33253593,0.32893670,0.32292298,0.31446656,0.30351483,0.28997289,0.27366997,0.25429220,0.23122948,0.20315233,0.16634786,0.09481897,,,,,,,,0.07517399
75420,0.33340357,0.33220689,0.32861280,0.32260761,0.31416305,0.30322645,0.28970284,0.27342141,0.25406828,0.23103348,0.20298790,0.16621941,0.09470667,,,,,,,,0.07511689
75480,0.33307358,0.33187861,0.32828965,0.32229296,0.31386024,0.30293873,0.28943340,0.27317340,0.25384485,0.23083790,0.20282381,0.16609122,0.09459456,,,,,,,,0.07505997
75540,0.33274435,0.33155110,0.32796725,0.32197905,0.31355812,0.30265167,0.28916458,0.27292595,0.25362191,0.23064275,0.20266007,0.16596327,0.09448264,,,,,,,,0.07500323
75600,0.33241589,0.33122434,0.32764559,0.32166585,0.31325670,0.30236526,0.28889636,0.27267905,0.25339947,0.23044802,0.20249669,0.16583559,0.09436990,,,,,,,,0.07494667
75660,0.33208824,0.33089838,0.32732472,0.32135342,0.31295600,0.30207954,0.28862878,0.27243274,0.25317755,0.23025374,0.20233367,0.16570819,0.09425684,,,,,,,,0.07489030
75720,0.33176131,0.33057315,0.32700456,0.32104168,0.31265597,0.30179444,0.28836178,0.27218695,0.25295609,0.23005987,0.20217098,0.16558104,0.09414397,,,,,,,,0.07483410
75780,0.33143512,0.33024865,0.32668512,0.32073064,0.31235661,0.30150998,0.28809537,0.27194170,0.25273512,0.22986641,0.20200864,0.16545416,0.09403127,,,,,,,,0.07477808
75840,0.33110969,0.32992491,0.32636643,0.32042032,0.31205794,0.30122617,0.28782956,0.27169700,0.25251464,0.22967336,0.20184664,0.16532753,0.09391877,,,,,,,,0.07472223
75900,0.33078501,0.32960191,0.32604846,0.32011071,0.31175994,0.30094300,0.28756435,0.27145285,0.25229463,0.22948074,0.20168498,0.16520117,0.09380645,,,,,,,,0.07466656
75960,0.33046108,0.32927966,0.32573123,0.31980181,0.31146263,0.30066047,0.28729974,0.27120923,0.25207512,0.22928853,0.20152367,0.16507508,0.09369432,,,,,,,,0.07461106
76020,0.33013790,0.32895815,0.32541473,0.31949361,0.31116600,0.30037858,0.28703572,0.27096616,0.25185608,0.22909674,0.20136270,0.16494924,0.09358237,,,,,,,,0.07455574
76080,0.32981546,0.32863738,0.32509895,0.31918612,0.31087004,0.30009733,0.28677230,0.27072363,0.25163752,0.22890537,0.20120207,0.16482366,0.09347061,,,,,,,,0.07450060
76140,0.32949376,0.32831735,0.32478390,0.31887934,0.31057476,0.29981672,0.28650946,0.27048164,0.25141945,0.22871440,0.20104178,0.16469834,0.09335903,,,,,,,,0.07444563
76200,0.32917280,0.32799805,0.32446958,0.31857326,0.31028015,0.29953674,0.28624722,0.27024019,0.25120185,0.22852385,0.20088183,0.16457328,0.09324763,,,,,,,,0.07439083
76260,0.32885258,0.32767948,0.32415597,0.31826787,0.30998620,0.29925739,0.28598556,0.26999927,0.25098473,0.22833371,0.20072222,0.16444848,0.09313642,,,,,,,,0.07433620
76320,0.32853310,0.32736165,0.32384308,0.31796319,0.30969293,0.29897868,0.28572449,0.26975888,0.25076808,0.22814397,0.20056294,0.16432394,0.09302539,,,,,,,,0.07428175
76380,0.32821435,0.32704455,0.32353091,0.31765920,0.30940032,0.29870059,0.28546400,0.26951903,0.25055191,0.22795465,0.20040400,0.16419965,0.09291454,,,,,,,,0.07422746
76440,0.32789633,0.32672817,0.32321944,0.31735590,0.30910837,0.29842313,0.28520409,0.26927970,0.25033620,0.22776573,0.20024539,0.16407560,0.09280319,,,,,,,,0.07417335
76500,0.32757903,0.32641251,0.32290870,0.31705328,0.30881708,0.29814628,0.28494476,0.26904090,0.25012096,0.22757721,0.20008711,0.16395180,0.09269106,,,,,,,,0.07411941
76560,0.32726247,0.32609758,0.32259865,0.31675136,0.30852645,0.29787007,0.28468601,0.26880263,0.24990620,0.22738910,0.19992916,0.16382824,0.09257910,,,,,,,,0.07406563
76620,0.32694662,0.32578337,0.32228932,0.31645013,0.30823648,0.29759447,0.28442783,0.26856488,0.24969190,0.22720139,0.19977154,0.16370494,0.09246732,,,,,,,,0.07401202
76680,0.32663150,0.32546987,0.32198069,0.31614957,0.30794717,0.29731949,0.28417023,0.26832766,0.24947806,0.22701408,0.19961426,0.16358189,0.09235572,,,,,,,,0.07395859
76740,0.32631710,0.32515709,0.32167276,0.31584970,0.30765850,0.29704513,0.28391320,0.26809096,0.24926469,0.22682717,0.19945730,0.16345909,0.09224430,,,,,,,,0.07390531
76800,0.32600341,0.32484502,0.32136554,0.31555051,0.30737049,0.29677138,0.28365674,0.26785478,0.24905179,0.22664066,0.19930067,0.16333654,0.09213306,,,,,,,,0.07385221
76860,0.32569044,0.32453366,0.32105901,0.31525199,0.30708313,0.29649824,0.28340085,0.26761911,0.24883934,0.22645455,0.19914437,0.16321425,0.09202199,,,,,,,,0.07379927
76920,0.32537818,0.32422301,0.32075317,0.31495415,0.30679641,0.29622572,0.28314553,0.26738397,0.24862736,0.22626883,0.19898840,0.16309220,0.09191110,,,,,,,,0.07374649
76980,0.32506663,0.32391307,0.32044803,0.31465699,0.30651034,0.29595380,0.28289078,0.26714934,0.24841583,0.22608351,0.19883275,0.16297040,0.09180038,,,,,,,,0.07369388
77040,0.32475579,0.32360383,0.32014358,0.31436049,0.30622491,0.29568249,0.28263659,0.26691522,0.24820476,0.22589859,0.19867743,0.16284884,0.09168985,,,,,,,,0.07364143
77100,0.32444565,0.32329529,0.31983982,0.31406466,0.30594012,0.29541179,0.28238296,0.26668162,0.24799415,0.22571405,0.19852242,0.16272754,0.09157948,,,,,,,,0.07358915
77160,0.32413622,0.32298744,0.31953675,0.31376950,0.30565597,0.29514169,0.28212989,0.26644853,0.24778399,0.22552991,0.19836775,0.16260648,0.09146929,,,,,,,,0.07353703
77220,0.32382748,0.32268030,0.31923436,0.31347501,0.30537245,0.29487219,0.28187738,0.26621594,0.24757428,0.22534617,0.19821339,0.16248566,0.09135927,,,,,,,,0.07348507
77280,0.32351945,0.32237385,0.31893266,0.31318118,0.30508957,0.29460329,0.28162542,0.26598387,0.24736503,0.22516281,0.19805936,0.16236509,0.09124911,,,,,,,,0.07343327
77340,0.32321211,0.32206810,0.31863163,0.31288800,0.30480733,0.29433498,0.28137402,0.26575230,0.24715623,0.22497983,0.19790564,0.16224477,0.09113765,,,,,,,,0.07338163
77400,0.32290547,0.32176303,0.31833129,0.31259549,0.30452571,0.29406728,0.28112318,0.26552123,0.24694787,0.22479725,0.19775225,0.16212466,0.09102635,,,,,,,,0.07333015
77460,0.32259956,0.32145870,0.31803166,0.31230367,0.30424476,0.29380020,0.28087292,0.26529070,0.24673999,0.22461507,0.19759918,0.16200480,0.09091524,,,,,,,,0.07327884
77520,0.32229432,0.32115502,0.31773267,0.31201248,0.30396441,0.29353368,0.28062318,0.26506065,0.24653254,0.22443327,0.19744641,0.16188517,0.09080429,,,,,,,,0.07322768
77580,0.32198975,0.32085201,0.31743435,0.31172193,0.30368468,0.29326775,0.28037399,0.26483109,0.24632552,0.22425184,0.19729396,0.16176578,0.09069351,,,,,,,,0.07317668
77640,0.32168586,0.32054968,0.31713670,0.31143203,0.30340556,0.29300241,0.28012534,0.26460202,0.24611895,0.22407078,0.19714182,0.16164663,0.09058290,,,,,,,,0.07312583
77700,0.32138266,0.32024804,0.31683971,0.31114277,0.30312707,0.29273765,0.27987724,0.26437345,0.24591282,0.22389011,0.19698999,0.16152772,0.09047246,,,,,,,,0.07307515
77760,0.32108014,0.31994707,0.31654339,0.31085417,0.30284920,0.29247348,0.27962968,0.26414538,0.24570713,0.22370982,0.19683847,0.16140905,0.09036219,,,,,,,,0.07302462
77820,0.32077830,0.31964678,0.31624774,0.31056621,0.30257195,0.29220989,0.27938266,0.26391781,0.24550188,0.22352991,0.19668727,0.16129062,0.09025208,,,,,,,,0.07297424
77880,0.32047714,0.31934716,0.31595274,0.31027889,0.30229531,0.29194688,0.27913618,0.26369072,0.24529706,0.22335037,0.19653638,0.16117242,0.09014215,,,,,,,,0.07292402
77940,0.32017665,0.31904822,0.31565841,0.30999221,0.30201928,0.29168445,0.27889024,0.26346412,0.24509269,0.22317122,0.19638580,0.16105446,0.09003238,,,,,,,,0.07287395
78000,0.31987684,0.31874994,0.31536473,0.30970617,0.30174387,0.29142260,0.27864483,0.26323802,0.24488874,0.22299243,0.19623553,0.16093674,0.08992277,,,,,,,,0.07282404
78060,0.31957769,0.31845233,0.31507171,0.30942076,0.30146906,0.29116133,0.27839997,0.26301240,0.24468524,0.22281403,0.19608556,0.16081925,0.08981334,,,,,,,,0.07277428
78120,0.31927922,0.31815539,0.31477935,0.30913599,0.30119486,0.29090063,0.27815563,0.26278726,0.24448216,0.22263599,0.19593591,0.16070200,0.08970407,,,,,,,,0.07272468
78180,0.31898141,0.31785910,0.31448763,0.30885186,0.30092127,0.29064050,0.27791183,0.26256262,0.24427952,0.22245833,0.19578656,0.16058498,0.08959309,,,,,,,,0.07267522
78240,0.31868427,0.31756348,0.31419656,0.30856835,0.30064829,0.29038094,0.27766855,0.26233845,0.24407731,0.22228104,0.19563752,0.16046819,0.08948219,,,,,,,,0.07262592
78300,0.31838779,0.31726852,0.31390615,0.30828547,0.30037590,0.29012195,0.27742581,0.26211477,0.24387552,0.22210412,0.19548878,0.16035162,0.08937146,,,,,,,,0.07257677
78360,0.31809198,0.31697422,0.31361637,0.30800322,0.30010412,0.28986353,0.27718359,0.26189157,0.24367417,0.22192757,0.19534034,0.16023527,0.08926089,,,,,,,,0.07252777
78420,0.31779682,0.31668057,0.31332725,0.30772159,0.29983293,0.28960567,0.27694189,0.26166884,0.24347324,0.22175139,0.19519221,0.16011914,0.08915048,,,,,,,,0.07247892
78480,0.31750232,0.31638758,0.31303876,0.30744059,0.29956234,0.28934838,0.27670072,0.26144660,0.24327273,0.22157557,0.19504437,0.16000325,0.08904023,,,,,,,,0.07243021
78540,0.31720847,0.31609523,0.31275091,0.30716021,0.29929235,0.28909164,0.27646008,0.26122483,0.24307265,0.22140012,0.19489684,0.15988759,0.08893015,,,,,,,,0.07238166
78600,0.31691528,0.31580354,0.31246370,0.30688044,0.29902295,0.28883547,0.27621995,0.26100353,0.24287299,0.22122503,0.19474960,0.15977215,0.08882023,,,,,,,,0.07233325
78660,0.31662273,0.31551249,0.31217713,0.30660129,0.29875414,0.28857986,0.27598034,0.26078271,0.24267376,0.22105031,0.19460265,0.15965694,0.08871046,,,,,,,,0.07228500
78720,0.31633084,0.31522208,0.31189119,0.30632276,0.29848592,0.28832480,0.27574125,0.26056236,0.24247494,0.22087594,0.19445601,0.15954196,0.08860086,,,,,,,,0.07223689
78780,0.31603959,0.31493232,0.31160588,0.30604484,0.29821829,0.28807030,0.27550267,0.26034248,0.24227654,0.22070194,0.19430967,0.15942721,0.08849142,,,,,,,,0.07218892
78840,0.31574899,0.31464320,0.31132120,0.30576754,0.29795124,0.28781635,0.27526461,0.26012307,0.24207856,0.22052829,0.19416362,0.15931268,0.08838214,,,,,,,,0.07214110
78900,0.31545903,0.31435472,0.31103715,0.30549084,0.29768478,0.28756295,0.27502707,0.25990412,0.24188100,0.22035501,0.19401787,0.15919838,0.08827302,,,,,,,,0.07209343
78960,0.31516971,0.31406688,0.31075372,0.30521475,0.29741890,0.28731010,0.27479003,0.25968565,0.24168385,0.22018208,0.19387241,0.15908430,0.08816406,,,,,,,,0.07204590
79020,0.31488103,0.31377967,0.31047092,0.30493926,0.29715360,0.28705780,0.27455350,0.25946763,0.24148711,0.22000951,0.19372725,0.15897045,0.08805365,,,,,,,,0.07199852
79080,0.31459299,0.31349310,0.31018875,0.30466438,0.29688887,0.28680605,0.27431748,0.25925008,0.24129079,0.21983729,0.19358238,0.15885682,0.08794286,,,,,,,,0.07195128
79140,0.31430558,0.31320715,0.30990719,0.30439011,0.29662473,0.28655484,0.27408197,0.25903300,0.24109487,0.21966543,0.19343780,0.15874341,0.08783222,,,,,,,,0.07190418
79200,0.31401880,0.31292184,0.30962625,0.30411643,0.29636116,0.28630418,0.27384696,0.25881637,0.24089937,0.21949393,0.19329351,0.15863022,0.08772174,,,,,,,,0.07185722
79260,0.31373271,0.31263726,0.30934621,0.30384394,0.29609918,0.28605564,0.27361477,0.25860340,0.24070861,0.21932863,0.19315766,0.15853001,0.08767509,,,,,,,,0.07181014
79320,0.31344722,0.31235329,0.30906678,0.30357204,0.29583777,0.28580764,0.27338305,0.25839088,0.24051825,0.21916367,0.19302207,0.15842999,0.08762848,,,,,,,,0.07176307
79380,0.31316238,0.31206996,0.30878797,0.30330074,0.29557693,0.28556017,0.27315184,0.25817881,0.24032829,0.21899906,0.19288676,0.15833016,0.08758195,,,,,,,,0.07171608
79440,0.31287817,0.31178725,0.30850978,0.30303004,0.29531667,0.28531325,0.27292114,0.25796720,0.24013873,0.21883478,0.19275173,0.15823054,0.08753552,,,,,,,,0.07166921
79500,0.31259460,0.31150519,0.30823221,0.30275994,0.29505698,0.28506687,0.27269094,0.25775604,0.23994958,0.21867085,0.19261697,0.15813112,0.08748919,,,,,,,,0.07162248
79560,0.31231167,0.31122375,0.30795526,0.30249045,0.29479787,0.28482104,0.27246124,0.25754534,0.23976083,0.21850727,0.19248249,0.15803189,0.08744297,,,,,,,,0.07157587
79620,0.31202937,0.31094295,0.30767894,0.30222156,0.29453934,0.28457574,0.27223204,0.25733510,0.23957248,0.21834402,0.19234829,0.15793287,0.08739685,,,,,,,,0.07152940
79680,0.31174770,0.31066278,0.30740323,0.30195326,0.29428138,0.28433099,0.27200334,0.25712531,0.23938453,0.21818112,0.19221436,0.15783404,0.08735085,,,,,,,,0.07148306
79740,0.31146667,0.31038323,0.30712814,0.30168557,0.29402399,0.28408678,0.27177514,0.25691597,0.23919698,0.21801856,0.19208070,0.15773541,0.08730496,,,,,,,,0.07143686
79800,0.31118626,0.31010431,0.30685366,0.30141847,0.29376717,0.28384310,0.27154744,0.25670708,0.23900983,0.21785633,0.19194732,0.15763698,0.08725918,,,,,,,,0.07139080
79860,0.31090649,0.30982601,0.30657979,0.30115196,0.29351091,0.28359995,0.27132023,0.25649864,0.23882307,0.21769445,0.19181421,0.15753874,0.08721351,,,,,,,,0.07134487
79920,0.31062733,0.30954834,0.30630653,0.30088605,0.29325522,0.28335734,0.27109352,0.25629065,0.23863672,0.21753290,0.19168137,0.15744070,0.08716795,,,,,,,,0.07129908
79980,0.31034880,0.30927128,0.30603389,0.30062072,0.29300010,0.28311526,0.27086729,0.25608310,0.23845075,0.21737169,0.19154881,0.15734285,0.08712251,,,,,,,,0.07125343
80040,0.31007090,0.30899484,0.30576184,0.30035598,0.29274554,0.28287371,0.27064156,0.25587600,0.23826518,0.21721082,0.19141651,0.15724520,0.08707718,,,,,,,,0.07120791
80100,0.30979361,0.30871901,0.30549041,0.30009183,0.29249154,0.28263269,0.27041632,0.25566935,0.23808000,0.21705027,0.19128448,0.15714774,0.08703196,,,,,,,,0.07116253
80160,0.30951693,0.30844380,0.30521957,0.29982826,0.29223809,0.28239219,0.27019156,0.25546313,0.23789522,0.21689007,0.19115272,0.15705048,0.08698685,,,,,,,,0.07111729
80220,0.30924088,0.30816920,0.30494933,0.29956528,0.29198521,0.28215222,0.26996730,0.25525736,0.23771082,0.21673019,0.19102123,0.15695340,0.08694185,,,,,,,,0.07107218
80280,0.30896543,0.30789521,0.30467970,0.29930287,0.29173288,0.28191277,0.26974351,0.25505202,0.23752681,0.21657064,0.19089001,0.15685652,0.08689697,,,,,,,,0.07102721
80340,0.30869060,0.30762183,0.30441066,0.29904104,0.29148110,0.28167385,0.26952021,0.25484713,0.23734319,0.21641143,0.19075905,0.15675983,0.08685219,,,,,,,,0.07098237
80400,0.30841638,0.30734905,0.30414221,0.29877979,0.29122987,0.28143544,0.26929739,0.25464267,0.23715995,0.21625254,0.19062835,0.15666333,0.08680753,,,,,,,,0.07093767
80460,0.30814276,0.30707688,0.30387436,0.29851912,0.29097920,0.28119755,0.26907505,0.25443865,0.23697710,0.21609398,0.19049792,0.15656702,0.08676297,,,,,,,,0.07089311
80520,0.30786976,0.30680531,0.30360710,0.29825902,0.29072907,0.28096018,0.26885319,0.25423506,0.23679463,0.21593575,0.19036776,0.15647090,0.08671853,,,,,,,,0.07084868
80580,0.30759735,0.30653434,0.30334043,0.29799949,0.29047949,0.28072332,0.26863180,0.25403190,0.23661255,0.21577785,0.19023785,0.15637497,0.08667419,,,,,,,,0.07080438
80640,0.30732555,0.30626397,0.30307435,0.29774053,0.29023046,0.28048698,0.26841089,0.25382918,0.23643084,0.21562027,0.19010821,0.15627923,0.08662997,,,,,,,,0.07076021
80700,0.30705434,0.30599420,0.30280885,0.29748213,0.28998197,0.28025115,0.26819046,0.25362688,0.23624952,0.21546302,0.18997883,0.15618368,0.08658585,,,,,,,,0.07071618
80760,0.30678374,0.30572502,0.30254394,0.29722431,0.28973401,0.28001583,0.26797050,0.25342502,0.23606858,0.21530608,0.18984971,0.15608831,0.08654184,,,,,,,,0.07067228
80820,0.30651373,0.30545643,0.30227961,0.29696705,0.28948660,0.27978102,0.26775101,0.25322358,0.23588801,0.21514948,0.18972085,0.15599313,0.08649794,,,,,,,,0.07062852
80880,0.30624432,0.30518844,0.30201586,0.29671035,0.28923973,0.27954671,0.26753199,0.25302257,0.23570783,0.21499319,0.18959224,0.15589814,0.08645415,,,,,,,,0.07058488
80940,0.30597550,0.30492103,0.30175269,0.29645421,0.28899340,0.27931291,0.26731344,0.25282199,0.23552801,0.21483722,0.18946390,0.15580333,0.08641047,,,,,,,,0.07054138
81000,0.30570727,0.30465421,0.30149009,0.29619863,0.28874760,0.27907962,0.26709535,0.25262183,0.23534858,0.21468157,0.18933581,0.15570871,0.08636689,,,,,,,,0.07049801
81060,0.30543966,0.30438795,0.30122787,0.29594311,0.28850141,0.27884536,0.26687557,0.25241905,0.23516537,0.21452062,0.18920013,0.15560188,0.08626038,,,,,,,,0.07045504
81120,0.30517259,0.30412223,0.30096618,0.29568811,0.28825572,0.27861157,0.26665623,0.25221668,0.23498252,0.21435997,0.18906469,0.15549524,0.08615408,,,,,,,,0.07041231
81180,0.30490609,0.30385707,0.30070503,0.29543364,0.28801055,0.27837827,0.26643733,0.25201472,0.23480003,0.21419964,0.18892952,0.15538880,0.08604795,,,,,,,,0.07036976
81240,0.30464015,0.30359247,0.30044445,0.29517971,0.28776589,0.27814545,0.26621889,0.25181317,0.23461792,0.21403963,0.18879461,0.15528255,0.08594199,,,,,,,,0.07032736
81300,0.30437479,0.30332844,0.30018441,0.29492632,0.28752174,0.27791312,0.26600090,0.25161203,0.23443617,0.21387993,0.18865996,0.15517651,0.08583619,,,,,,,,0.07028509
81360,0.30410998,0.30306497,0.29992494,0.29467347,0.28727811,0.27768127,0.26578337,0.25141130,0.23425479,0.21372056,0.18852557,0.15507067,0.08573054,,,,,,,,0.07024296
81420,0.30384575,0.30280206,0.29966601,0.29442115,0.28703500,0.27744991,0.26556628,0.25121099,0.23407378,0.21356150,0.18839143,0.15496503,0.08562504,,,,,,,,0.07020097
81480,0.30358207,0.30253971,0.29940763,0.29416936,0.28679239,0.27721904,0.26534965,0.25101109,0.23389313,0.21340275,0.18825756,0.15485958,0.08551969,,,,,,,,0.07015910
81540,0.30331896,0.30227792,0.29914980,0.29391811,0.28655030,0.27698865,0.26513346,0.25081160,0.23371285,0.21324433,0.18812395,0.15475433,0.08541448,,,,,,,,0.07011736
81600,0.30305640,0.30201668,0.29889251,0.29366739,0.28630871,0.27675873,0.26491773,0.25061251,0.23353293,0.21308621,0.18799059,0.15464929,0.08530942,,,,,,,,0.07007575
81660,0.30279440,0.30175600,0.29863577,0.29341719,0.28606763,0.27652930,0.26470243,0.25041383,0.23335337,0.21292841,0.18785749,0.15454443,0.08520320,,,,,,,,0.07003426
81720,0.30253296,0.30149587,0.29837958,0.29316752,0.28582706,0.27630035,0.26448758,0.25021556,0.23317418,0.21277091,0.18772465,0.15443978,0.08509604,,,,,,,,0.06999290
81780,0.30227207,0.30123630,0.29812392,0.29291838,0.28558699,0.27607187,0.26427317,0.25001769,0.23299534,0.21261373,0.18759207,0.15433532,0.08498901,,,,,,,,0.06995166
81840,0.30201174,0.30097727,0.29786881,0.29266977,0.28534742,0.27584386,0.26405921,0.24982023,0.23281687,0.21245686,0.18745974,0.15423106,0.08488213,,,,,,,,0.06991054
81900,0.30175196,0.30071879,0.29761423,0.29242167,0.28510835,0.27561633,0.26384568,0.24962316,0.23263875,0.21230029,0.18732767,0.15412699,0.08477539,,,,,,,,0.06986955
81960,0.30149272,0.30046085,0.29736019,0.29217410,0.28486979,0.27538927,0.26363260,0.24942650,0.23246099,0.21214404,0.18719585,0.15402311,0.08466879,,,,,,,,0.06982867
82020,0.30123403,0.30020346,0.29710669,0.29192704,0.28463172,0.27516269,0.26341995,0.24923024,0.23228359,0.21198809,0.18706428,0.15391940,0.08456233,,,,,,,,0.06978792
82080,0.30097589,0.29994662,0.29685372,0.29168051,0.28439415,0.27493657,0.26320774,0.24903438,0.23210654,0.21183245,0.18693297,0.15381588,0.08445600,,,,,,,,0.06974729
82140,0.30071830,0.29969031,0.29660128,0.29143449,0.28415707,0.27471092,0.26299596,0.24883891,0.23192984,0.21167712,0.18680191,0.15371256,0.08434982,,,,,,,,0.06970678
82200,0.30046124,0.29943455,0.29634937,0.29118899,0.28392049,0.27448574,0.26278462,0.24864384,0.23175350,0.21152209,0.18667111,0.15360943,0.08424377,,,,,,,,0.06966638
82260,0.30020473,0.29917932,0.29609799,0.29094400,0.28368440,0.27426102,0.26257371,0.24844917,0.23157751,0.21136736,0.18654055,0.15350649,0.08413786,,,,,,,,0.06962611
82320,0.29994876,0.29892463,0.29584714,0.29069952,0.28344880,0.27403676,0.26236324,0.24825488,0.23140187,0.21121294,0.18641024,0.15340375,0.08403209,,,,,,,,0.06958595
82380,0.29969332,0.29867047,0.29559681,0.29045555,0.28321369,0.27381297,0.26215319,0.24806100,0.23122658,0.21105882,0.18628017,0.15330119,0.08392646,,,,,,,,0.06954591
82440,0.29943842,0.29841685,0.29534701,0.29021209,0.28297907,0.27358964,0.26194357,0.24786750,0.23105164,0.21090500,0.18615036,0.15319882,0.08382097,,,,,,,,0.06950599
82500,0.29918406,0.29816376,0.29509773,0.28996914,0.28274493,0.27336677,0.26173438,0.24767439,0.23087705,0.21075149,0.18602079,0.15309665,0.08371466,,,,,,,,0.06946618
82560,0.29893023,0.29791120,0.29484897,0.28972669,0.28251128,0.27314436,0.26152562,0.24748168,0.23070280,0.21059827,0.18589146,0.15299466,0.08360678,,,,,,,,0.06942649
82620,0.29867693,0.29765916,0.29460073,0.28948475,0.28227811,0.27292240,0.26131728,0.24728935,0.23052890,0.21044535,0.18576239,0.15289286,0.08349903,,,,,,,,0.06938691
82680,0.29842416,0.29740766,0.29435301,0.28924332,0.28204543,0.27270090,0.26110937,0.24709741,0.23035535,0.21029273,0.18563356,0.15279125,0.08339142,,,,,,,,0.06934745
82740,0.29817192,0.29715668,0.29410581,0.28900238,0.28181323,0.27247986,0.26090188,0.24690585,0.23018214,0.21014041,0.18550497,0.15268983,0.08328394,,,,,,,,0.06930811
82800,0.29792021,0.29690622,0.29385912,0.28876194,0.28158150,0.27225926,0.26069481,0.24671468,0.23000927,0.20998838,0.18537663,0.15258859,0.08317659,,,,,,,,0.06926888
82860,0.29766906,0.29665639,0.29361321,0.28852255,0.28135120,0.27204060,0.26049031,0.24652688,0.22984081,0.20984215,0.18525622,0.15249967,0.08313692,,,,,,,,0.06922951
82920,0.29741843,0.29640706,0.29336780,0.28828365,0.28112137,0.27182237,0.26028621,0.24633944,0.22967266,0.20969619,0.18513602,0.15241092,0.08309727,,,,,,,,0.06919013
82980,0.29716832,0.29615826,0.29312290,0.28804525,0.28089201,0.27160460,0.26008253,0.24615239,0.22950486,0.20955051,0.18501606,0.15232232,0.08305768,,,,,,,,0.06915083
83040,0.29691875,0.29590999,0.29287853,0.28780735,0.28066314,0.27138728,0.25987927,0.24596571,0.22933739,0.20940513,0.18489633,0.15223390,0.08301816,,,,,,,,0.06911162
83100,0.29666971,0.29566225,0.29263467,0.28756995,0.28043475,0.27117041,0.25967643,0.24577942,0.22917026,0.20926004,0.18477683,0.15214564,0.08297873,,,,,,,,0.06907251
83160,0.29642120,0.29541503,0.29239134,0.28733306,0.28020684,0.27095400,0.25947401,0.24559352,0.22900347,0.20911523,0.18465756,0.15205756,0.08293938,,,,,,,,0.06903351
83220,0.29617322,0.29516835,0.29214852,0.28709667,0.27997941,0.27073804,0.25927202,0.24540799,0.22883701,0.20897071,0.18453853,0.15196963,0.08290012,,,,,,,,0.06899462
83280,0.29592577,0.29492218,0.29190621,0.28686078,0.27975246,0.27052253,0.25907044,0.24522284,0.22867090,0.20882648,0.18441973,0.15188188,0.08286095,,,,,,,,0.06895583
83340,0.29567885,0.29467654,0.29166442,0.28662538,0.27952599,0.27030748,0.25886928,0.24503807,0.22850511,0.20868253,0.18430115,0.15179429,0.08282186,,,,,,,,0.06891715
83400,0.29543245,0.29443143,0.29142315,0.28639049,0.27929999,0.27009287,0.25866853,0.24485368,0.22833966,0.20853887,0.18418281,0.15170686,0.08278287,,,,,,,,0.06887859
83460,0.29518657,0.29418683,0.29118238,0.28615609,0.27907447,0.26987870,0.25846820,0.24466967,0.22817454,0.20839549,0.18406469,0.15161960,0.08274396,,,,,,,,0.06884013
83520,0.29494122,0.29394275,0.29094213,0.28592219,0.27884942,0.26966499,0.25826828,0.24448603,0.22800976,0.20825239,0.18394681,0.15153251,0.08270515,,,,,,,,0.06880178
83580,0.29469638,0.29369919,0.29070238,0.28568877,0.27862484,0.26945171,0.25806877,0.24430276,0.22784530,0.20810958,0.18382915,0.15144557,0.08266643,,,,,,,,0.06876354
83640,0.29445207,0.29345615,0.29046314,0.28545585,0.27840073,0.26923889,0.25786967,0.24411987,0.22768118,0.20796705,0.18371172,0.15135880,0.08262779,,,,,,,,0.06872541
83700,0.29420827,0.29321362,0.29022440,0.28522342,0.27817709,0.26902650,0.25767099,0.24393735,0.22751738,0.20782480,0.18359451,0.15127220,0.08258925,,,,,,,,0.06868739
83760,0.29396499,0.29297160,0.28998617,0.28499148,0.27795392,0.26881455,0.25747271,0.24375520,0.22735391,0.20768282,0.18347753,0.15118575,0.08255079,,,,,,,,0.06864948
83820,0.29372222,0.29273009,0.28974844,0.28476002,0.27773121,0.26860304,0.25727484,0.24357342,0.22719077,0.20754113,0.18336078,0.15109947,0.08251243,,,,,,,,0.06861168
83880,0.29347997,0.29248909,0.28951121,0.28452905,0.27750897,0.26839198,0.25707737,0.24339201,0.22702796,0.20739972,0.18324425,0.15101334,0.08247415,,,,,,,,0.06857399
83940,0.29323822,0.29224861,0.28927448,0.28429856,0.27728719,0.26818134,0.25688031,0.24321096,0.22686547,0.20725858,0.18312794,0.15092738,0.08243596,,,,,,,,0.06853641
84000,0.29299699,0.29200862,0.28903824,0.28406856,0.27706588,0.26797115,0.25668365,0.24303029,0.22670330,0.20711772,0.18301186,0.15084158,0.08239787,,,,,,,,0.06849893
84060,0.29275626,0.29176914,0.28880250,0.28383904,0.27684502,0.26776138,0.25648740,0.24284997,0.22654146,0.20697714,0.18289599,0.15075594,0.08235986,,,,,,,,0.06846156
84120,0.29251604,0.29153017,0.28856726,0.28360999,0.27662462,0.26755205,0.25629154,0.24267003,0.22637994,0.20683683,0.18278035,0.15067046,0.08232194,,,,,,,,0.06842431
84180,0.29227633,0.29129170,0.28833251,0.28338143,0.27640468,0.26734315,0.25609609,0.24249044,0.22621875,0.20669680,0.18266493,0.15058513,0.08228410,,,,,,,,0.06838715
84240,0.29203711,0.29105372,0.28809825,0.28315334,0.27618519,0.26713468,0.25590104,0.24231122,0.22605787,0.20655704,0.18254974,0.15049997,0.08224636,,,,,,,,0.06835011
84300,0.29179840,0.29081625,0.28786448,0.28292572,0.27596617,0.26692664,0.25570638,0.24213236,0.22589731,0.20641755,0.18243476,0.15041496,0.08220870,,,,,,,,0.06831317
84360,0.29156019,0.29057927,0.28763120,0.28269858,0.27574759,0.26671903,0.25551212,0.24195386,0.22573707,0.20627833,0.18232000,0.15033011,0.08217113,,,,,,,,0.06827634
84420,0.29132248,0.29034279,0.28739841,0.28247192,0.27552947,0.26651185,0.25531825,0.24177572,0.22557715,0.20613939,0.18220546,0.15024542,0.08213365,,,,,,,,0.06823961
84480,0.29108527,0.29010681,0.28716610,0.28224572,0.27531179,0.26630509,0.25512478,0.24159793,0.22541755,0.20600072,0.18209114,0.15016088,0.08209625,,,,,,,,0.06820299
84540,0.29084855,0.28987132,0.28693427,0.28201999,0.27509457,0.26609875,0.25493171,0.24142051,0.22525826,0.20586231,0.18197703,0.15007650,0.08205894,,,,,,,,0.06816648
84600,0.29061233,0.28963632,0.28670293,0.28179474,0.27487780,0.26589284,0.25473902,0.24124344,0.22509929,0.20572418,0.18186314,0.14999228,0.08202172,,,,,,,,0.06813007
84660,0.29037663,0.28940178,0.28647188,0.28156948,0.27466061,0.26568598,0.25454471,0.24106388,0.22493675,0.20558102,0.18174205,0.14989642,0.08191769,,,,,,,,0.06809401
84720,0.29014138,0.28916769,0.28624128,0.28134466,0.27444385,0.26547951,0.25435076,0.24088467,0.22477451,0.20543812,0.18162116,0.14980070,0.08181385,,,,,,,,0.06805817
84780,0.28990660,0.28893407,0.28601113,0.28112028,0.27422751,0.26527345,0.25415719,0.24070579,0.22461257,0.20529549,0.18150050,0.14970514,0.08171016,,,,,,,,0.06802246
84840,0.28967230,0.28870092,0.28578145,0.28089635,0.27401160,0.26506779,0.25396400,0.24052727,0.22445095,0.20515312,0.18138006,0.14960975,0.08160662,,,,,,,,0.06798687
84900,0.28943847,0.28846825,0.28555223,0.28067287,0.27379613,0.26486255,0.25377119,0.24034909,0.22428963,0.20501102,0.18125984,0.14951454,0.08150322,,,,,,,,0.06795140
84960,0.28920511,0.28823604,0.28532347,0.28044985,0.27358108,0.26465771,0.25357876,0.24017126,0.22412863,0.20486920,0.18113984,0.14941949,0.08139994,,,,,,,,0.06791603
85020,0.28897222,0.28800431,0.28509518,0.28022727,0.27336647,0.26445328,0.25338671,0.23999377,0.22396793,0.20472763,0.18102006,0.14932461,0.08129680,,,,,,,,0.06788077
85080,0.28873981,0.28777304,0.28486735,0.28000513,0.27315228,0.26424926,0.25319504,0.23981663,0.22380755,0.20458634,0.18090050,0.14922989,0.08119378,,,,,,,,0.06784562
85140,0.28850787,0.28754224,0.28463997,0.27978345,0.27293852,0.26404564,0.25300374,0.23963983,0.22364746,0.20444531,0.18078116,0.14913535,0.08109036,,,,,,,,0.06781056
85200,0.28827639,0.28731190,0.28441305,0.27956220,0.27272519,0.26384242,0.25281282,0.23946338,0.22348769,0.20430454,0.18066203,0.14904097,0.08098460,,,,,,,,0.06777561
85260,0.28804538,0.28708203,0.28418659,0.27934140,0.27251228,0.26363960,0.25262227,0.23928727,0.22332821,0.20416404,0.18054312,0.14894676,0.08087896,,,,,,,,0.06774076
85320,0.28781483,0.28685262,0.28396058,0.27912105,0.27229980,0.26343719,0.25243209,0.23911149,0.22316904,0.20402380,0.18042443,0.14885271,0.08077345,,,,,,,,0.06770601
85380,0.28758475,0.28662367,0.28373502,0.27890113,0.27208773,0.26323517,0.25224229,0.23893606,0.22301018,0.20388383,0.18030595,0.14875883,0.08066806,,,,,,,,0.06767136
85440,0.28735513,0.28639519,0.28350992,0.27868165,0.27187609,0.26303355,0.25205285,0.23876097,0.22285162,0.20374411,0.18018769,0.14866512,0.08056279,,,,,,,,0.06763681
85500,0.28712598,0.28616716,0.28328527,0.27846261,0.27166487,0.26283233,0.25186379,0.23858622,0.22269336,0.20360466,0.18006964,0.14857157,0.08045764,,,,,,,,0.06760235
85560,0.28689728,0.28593958,0.28306107,0.27824401,0.27145407,0.26263151,0.25167510,0.23841180,0.22253540,0.20346547,0.17995181,0.14847819,0.08035262,,,,,,,,0.06756799
85620,0.28666904,0.28571247,0.28283731,0.27802584,0.27124369,0.26243108,0.25148677,0.23823772,0.22237774,0.20332653,0.17983419,0.14838496,0.08024771,,,,,,,,0.06753373
85680,0.28644126,0.28548581,0.28261401,0.27780810,0.27103372,0.26223105,0.25129881,0.23806397,0.22222038,0.20318786,0.17971679,0.14829187,0.08014293,,,,,,,,0.06749957
85740,0.28621393,0.28525960,0.28239114,0.27759080,0.27082417,0.26203141,0.25111122,0.23789056,0.22206332,0.20304944,0.17959960,0.14819895,0.08003827,,,,,,,,0.06746550
85800,0.28598706,0.28503384,0.28216873,0.27737393,0.27061503,0.26183216,0.25092399,0.23771748,0.22190655,0.20291128,0.17948262,0.14810620,0.07993373,,,,,,,,0.06743152
85860,0.28576065,0.28480854,0.28194675,0.27715750,0.27040630,0.26163330,0.25073712,0.23754474,0.22175008,0.20277337,0.17936586,0.14801360,0.07982931,,,,,,,,0.06739765
85920,0.28553468,0.28458368,0.28172522,0.27694149,0.27019799,0.26143483,0.25055062,0.23737232,0.22159391,0.20263572,0.17924931,0.14792117,0.07972501,,,,,,,,0.06736386
85980,0.28530917,0.28435928,0.28150413,0.27672591,0.26999009,0.26123675,0.25036448,0.23720023,0.22143804,0.20249833,0.17913297,0.14782890,0.07962079,,,,,,,,0.06733017
86040,0.28508410,0.28413532,0.28128348,0.27651075,0.26978259,0.26103906,0.25017870,0.23702848,0.22128246,0.20236119,0.17901684,0.14773679,0.07951335,,,,,,,,0.06729658
86100,0.28485949,0.28391180,0.28106327,0.27629602,0.26957551,0.26084175,0.24999328,0.23685705,0.22112717,0.20222430,0.17890092,0.14764484,0.07940602,,,,,,,,0.06726308
86160,0.28463532,0.28368873,0.28084349,0.27608172,0.26936883,0.26064483,0.24980822,0.23668595,0.22097217,0.20208767,0.17878520,0.14755305,0.07929881,,,,,,,,0.06722967
86220,0.28441159,0.28346611,0.28062415,0.27586784,0.26916256,0.26044829,0.24962352,0.23651518,0.22081747,0.20195129,0.17866969,0.14746142,0.07919172,,,,,,,,0.06719635
86280,0.28418831,0.28324392,0.28040525,0.27565438,0.26895670,0.26025213,0.24943917,0.23634474,0.22066306,0.20181516,0.17855439,0.14736995,0.07908474,,,,,,,,0.06716313
86340,0.28396548,0.28302218,0.28018677,0.27544134,0.26875123,0.26005636,0.24925518,0.23617461,0.22050894,0.20167929,0.17843929,0.14727864,0.07897788,,,,,,,,0.06713000
86400,0.28374309,0.28280088,0.27996873,0.27522873,0.26854617,0.25986097,0.24907154,0.23600482,0.22035510,0.20154366,0.17832440,0.14718749,0.07887114,,,,,,,,0.06709696
86460,0.28352117,0.28258010,0.27975137,0.27501704,0.26834240,0.25966733,0.24889026,0.23583814,0.22020537,0.20141346,0.17821699,0.14710808,0.07883722,,,,,,,,0.06706378
86520,0.28329968,0.28235975,0.27953442,0.27480575,0.26813901,0.25947406,0.24870932,0.23567177,0.22005590,0.20128349,0.17810977,0.14702881,0.07880331,,,,,,,,0.06703058
86580,0.28307864,0.28213984,0.27931791,0.27459489,0.26793603,0.25928117,0.24852874,0.23550572,0.21990672,0.20115377,0.17800274,0.14694968,0.07876944,,,,,,,,0.06699744
86640,0.28285804,0.28192038,0.27910184,0.27438445,0.26773345,0.25908866,0.24834850,0.23533999,0.21975783,0.20102429,0.17789591,0.14687069,0.07873564,,,,,,,,0.06696438
86700,0.28263790,0.28170136,0.27888620,0.27417443,0.26753128,0.25889654,0.24816863,0.23517459,0.21960922,0.20089506,0.17778927,0.14679184,0.07870190,,,,,,,,0.06693140
86760,0.28241820,0.28148278,0.27867100,0.27396484,0.26732951,0.25870480,0.24798911,0.23500951,0.21946090,0.20076606,0.17768283,0.14671313,0.07866823,,,,,,,,0.06689850
86820,0.28219894,0.28126465,0.27845623,0.27375567,0.26712815,0.25851344,0.24780994,0.23484475,0.21931286,0.20063731,0.17757659,0.14663457,0.07863463,,,,,,,,0.06686569
86880,0.28198013,0.28104696,0.27824190,0.27354692,0.26692719,0.25832246,0.24763112,0.23468031,0.21916510,0.20050881,0.17747054,0.14655614,0.07860111,,,,,,,,0.06683297
86940,0.28176176,0.28082971,0.27802800,0.27333859,0.26672663,0.25813186,0.24745266,0.23451619,0.21901763,0.20038054,0.17736469,0.14647786,0.07856765,,,,,,,,0.06680033
87000,0.28154383,0.28061290,0.27781453,0.27313068,0.26652647,0.25794163,0.24727454,0.23435239,0.21887044,0.20025252,0.17725903,0.14639971,0.07853427,,,,,,,,0.06676778
87060,0.28132635,0.28039653,0.27760149,0.27292318,0.26632671,0.25775178,0.24709678,0.23418890,0.21872353,0.20012474,0.17715357,0.14632170,0.07850096,,,,,,,,0.06673532
87120,0.28110930,0.28018059,0.27738888,0.27271611,0.26612735,0.25756231,0.24691936,0.23402574,0.21857691,0.19999719,0.17704830,0.14624384,0.07846773,,,,,,,,0.06670295
87180,0.28089269,0.27996509,0.27717670,0.27250944,0.26592839,0.25737322,0.24674229,0.23386288,0.21843056,0.19986989,0.17694322,0.14616611,0.07843456,,,,,,,,0.06667067
87240,0.28067652,0.27975002,0.27696495,0.27230319,0.26572982,0.25718449,0.24656557,0.23370035,0.21828449,0.19974282,0.17683834,0.14608852,0.07840147,,,,,,,,0.06663848
87300,0.28046078,0.27953538,0.27675362,0.27209735,0.26553165,0.25699614,0.24638920,0.23353813,0.21813870,0.19961599,0.17673365,0.14601106,0.07836846,,,,,,,,0.06660637
87360,0.28024547,0.27932118,0.27654271,0.27189193,0.26533387,0.25680816,0.24621317,0.23337622,0.21799319,0.19948940,0.17662914,0.14593375,0.07833552,,,,,,,,0.06657435
87420,0.28003060,0.27910740,0.27633222,0.27168691,0.26513649,0.25662056,0.24603748,0.23321462,0.21784795,0.19936305,0.17652483,0.14585657,0.07830265,,,,,,,,0.06654242
87480,0.27981616,0.27889406,0.27612216,0.27148230,0.26493949,0.25643332,0.24586213,0.23305334,0.21770299,0.19923693,0.17642071,0.14577952,0.07826985,,,,,,,,0.06651058
87540,0.27960215,0.27868114,0.27591252,0.27127810,0.26474289,0.25624645,0.24568713,0.23289236,0.21755830,0.19911104,0.17631678,0.14570262,0.07823712,,,,,,,,0.06647883
87600,0.27938857,0.27846865,0.27570329,0.27107431,0.26454667,0.25605994,0.24551247,0.23273170,0.21741389,0.19898539,0.17621304,0.14562584,0.07820447,,,,,,,,0.06644716
87660,0.27917542,0.27825659,0.27549449,0.27087092,0.26435085,0.25587381,0.24533814,0.23257134,0.21726975,0.19885998,0.17610949,0.14554921,0.07817189,,,,,,,,0.06641559
87720,0.27896269,0.27804494,0.27528610,0.27066794,0.26415541,0.25568803,0.24516416,0.23241129,0.21712589,0.19873479,0.17600612,0.14547271,0.07813938,,,,,,,,0.06638409
87780,0.27875039,0.27783373,0.27507812,0.27046536,0.26396035,0.25550263,0.24499051,0.23225155,0.21698230,0.19860984,0.17590294,0.14539634,0.07810695,,,,,,,,0.06635269
87840,0.27853851,0.27762293,0.27487056,0.27026318,0.26376568,0.25531758,0.24481720,0.23209212,0.21683898,0.19848512,0.17579995,0.14532011,0.07807458,,,,,,,,0.06632137
87900,0.27832706,0.27741255,0.27466341,0.27006140,0.26357140,0.25513290,0.24464423,0.23193299,0.21669593,0.19836064,0.17569715,0.14524401,0.07804229,,,,,,,,0.06629014
87960,0.27811602,0.27720259,0.27445668,0.26986002,0.26337750,0.25494858,0.24447159,0.23177417,0.21655315,0.19823638,0.17559453,0.14516805,0.07801007,,,,,,,,0.06625899
88020,0.27790541,0.27699305,0.27425035,0.26965904,0.26318398,0.25476462,0.24429929,0.23161565,0.21641064,0.19811235,0.17549210,0.14509221,0.07797792,,,,,,,,0.06622793
88080,0.27769522,0.27678393,0.27404444,0.26945846,0.26299084,0.25458101,0.24412732,0.23145743,0.21626839,0.19798856,0.17538985,0.14501652,0.07794584,,,,,,,,0.06619696
88140,0.27748544,0.27657523,0.27383893,0.26925827,0.26279808,0.25439777,0.24395568,0.23129952,0.21612642,0.19786499,0.17528779,0.14494095,0.07791383,,,,,,,,0.06616607
88200,0.27727609,0.27636693,0.27363383,0.26905848,0.26260569,0.25421488,0.24378437,0.23114190,0.21598471,0.19774165,0.17518591,0.14486552,0.07788190,,,,,,,,0.06613526
88260,0.27706716,0.27615903,0.27342896,0.26885865,0.26241289,0.25403107,0.24361150,0.23098193,0.21583961,0.19761354,0.17507717,0.14477893,0.07777798,,,,,,,,0.06610477
88320,0.27685863,0.27595150,0.27322446,0.26865918,0.26222043,0.25384759,0.24343895,0.23082223,0.21569477,0.19748566,0.17496861,0.14469249,0.07767424,,,,,,,,0.06607446
88380,0.27665049,0.27574437,0.27302034,0.26846009,0.26202834,0.25366445,0.24326670,0.23066283,0.21555019,0.19735800,0.17486024,0.14460616,0.07757063,,,,,,,,0.06604427
88440,0.27644274,0.27553763,0.27281662,0.26826137,0.26183661,0.25348166,0.24309478,0.23050372,0.21540587,0.19723056,0.17475206,0.14451998,0.07746715,,,,,,,,0.06601417
88500,0.27623540,0.27533129,0.27261329,0.26806304,0.26164524,0.25329921,0.24292319,0.23034491,0.21526181,0.19710336,0.17464407,0.14443394,0.07736379,,,,,,,,0.06598416
88560,0.27602846,0.27512535,0.27241035,0.26786508,0.26145424,0.25311710,0.24275191,0.23018639,0.21511801,0.19697638,0.17453626,0.14434804,0.07726055,,,,,,,,0.06595424
88620,0.27582191,0.27491980,0.27220779,0.26766751,0.26126360,0.25293534,0.24258095,0.23002816,0.21497448,0.19684963,0.17442865,0.14426229,0.07715743,,,,,,,,0.06592440
88680,0.27561576,0.27471465,0.27200563,0.26747030,0.26107332,0.25275392,0.24241031,0.22987022,0.21483120,0.19672310,0.17432121,0.14417668,0.07705110,,,,,,,,0.06589465
88740,0.27541001,0.27450989,0.27180385,0.26727348,0.26088340,0.25257284,0.24223999,0.22971257,0.21468819,0.19659680,0.17421397,0.14409121,0.07694432,,,,,,,,0.06586498
88800,0.27520465,0.27430552,0.27160246,0.26707703,0.26069384,0.25239210,0.24206998,0.22955522,0.21454544,0.19647072,0.17410691,0.14400589,0.07683765,,,,,,,,0.06583540
88860,0.27499968,0.27410155,0.27140145,0.26688095,0.26050464,0.25221171,0.24190030,0.22939815,0.21440294,0.19634486,0.17400004,0.14392071,0.07673109,,,,,,,,0.06580590
88920,0.27479510,0.27389796,0.27120082,0.26668525,0.26031580,0.25203165,0.24173092,0.22924138,0.21426071,0.19621923,0.17389335,0.14383567,0.07662463,,,,,,,,0.06577647
88980,0.27459092,0.27369476,0.27100058,0.26648991,0.26012732,0.25185192,0.24156186,0.22908489,0.21411873,0.19609382,0.17378685,0.14375077,0.07651829,,,,,,,,0.06574713
89040,0.27438713,0.27349195,0.27080072,0.26629495,0.25993919,0.25167254,0.24139312,0.22892868,0.21397700,0.19596864,0.17368052,0.14366601,0.07641205,,,,,,,,0.06571787
89100,0.27418372,0.27328953,0.27060124,0.26610036,0.25975141,0.25149349,0.24122469,0.22877277,0.21383554,0.19584367,0.17357438,0.14358140,0.07630593,,,,,,,,0.06568868
89160,0.27398071,0.27308750,0.27040214,0.26590614,0.25956399,0.25131477,0.24105657,0.22861714,0.21369433,0.19571893,0.17346841,0.14349693,0.07619991,,,,,,,,0.06565958
89220,0.27377808,0.27288584,0.27020341,0.26571228,0.25937692,0.25113639,0.24088876,0.22846179,0.21355337,0.19559441,0.17336264,0.14341259,0.07609400,,,,,,,,0.06563055
89280,0.27357583,0.27268457,0.27000507,0.26551879,0.25919021,0.25095835,0.24072126,0.22830672,0.21341267,0.19547011,0.17325704,0.14332838,0.07598820,,,,,,,,0.06560160
89340,0.27337397,0.27248369,0.26980710,0.26532567,0.25900384,0.25078063,0.24055408,0.22815194,0.21327222,0.19534603,0.17315163,0.14324430,0.07588250,,,,,,,,0.06557273
89400,0.27317250,0.27228319,0.26960950,0.26513291,0.25881783,0.25060325,0.24038720,0.22799745,0.21313202,0.19522216,0.17304639,0.14316036,0.07577691,,,,,,,,0.06554394
89460,0.27297141,0.27208306,0.26941228,0.26494051,0.25863216,0.25042619,0.24022063,0.22784323,0.21299208,0.19509852,0.17294134,0.14307655,0.07567143,,,,,,,,0.06551522
89520,0.27277069,0.27188332,0.26921544,0.26474848,0.25844684,0.25024947,0.24005436,0.22768930,0.21285238,0.19497509,0.17283647,0.14299288,0.07556290,,,,,,,,0.06548658
89580,0.27257036,0.27168395,0.26901896,0.26455681,0.25826187,0.25007308,0.23988841,0.22753564,0.21271294,0.19485189,0.17273178,0.14290936,0.07545315,,,,,,,,0.06545802
89640,0.27237041,0.27148496,0.26882286,0.26436550,0.25807724,0.24989701,0.23972276,0.22738227,0.21257374,0.19472889,0.17262727,0.14282597,0.07534352,,,,,,,,0.06542953
89700,0.27217084,0.27128635,0.26862712,0.26417454,0.25789296,0.24972127,0.23955741,0.22722917,0.21243480,0.19460612,0.17252294,0.14274272,0.07523398,,,,,,,,0.06540112
89760,0.27197165,0.27108812,0.26843176,0.26398395,0.25770903,0.24954585,0.23939237,0.22707636,0.21229610,0.19448356,0.17241878,0.14265960,0.07512456,,,,,,,,0.06537279
89820,0.27177283,0.27089025,0.26823676,0.26379372,0.25752544,0.24937077,0.23922763,0.22692382,0.21215765,0.19436121,0.17231481,0.14257662,0.07501523,,,,,,,,0.06534453
89880,0.27157438,0.27069277,0.26804213,0.26360384,0.25734219,0.24919600,0.23906319,0.22677155,0.21201945,0.19423907,0.17221101,0.14249378,0.07490601,,,,,,,,0.06531634
89940,0.27137632,0.27049565,0.26784787,0.26341432,0.25715928,0.24902156,0.23889905,0.22661957,0.21188150,0.19411715,0.17210739,0.14241107,0.07479690,,,,,,,,0.06528823
90000,0.27117862,0.27029891,0.26765397,0.26322515,0.25697671,0.24884744,0.23873522,0.22646785,0.21174379,0.19399544,0.17200394,0.14232850,0.07468789,,,,,,,,0.06526019
90060,0.27098133,0.27010261,0.26746066,0.26303681,0.25679531,0.24867493,0.23857356,0.22631904,0.21160991,0.19387884,0.17190758,0.14225717,0.07465881,,,,,,,,0.06523202
90120,0.27078440,0.26990668,0.26726771,0.26284882,0.25661423,0.24850273,0.23841219,0.22617049,0.21147627,0.19376244,0.17181137,0.14218595,0.07462973,,,,,,,,0.06520382
90180,0.27058785,0.26971112,0.26707513,0.26266118,0.25643350,0.24833085,0.23825112,0.22602222,0.21134287,0.19364625,0.17171533,0.14211486,0.07460068,,,,,,,,0.06517566
90240,0.27039168,0.26951594,0.26688291,0.26247390,0.25625311,0.24815930,0.23809036,0.22587421,0.21120971,0.19353026,0.17161945,0.14204388,0.07457168,,,,,,,,0.06514757
90300,0.27019588,0.26932113,0.26669107,0.26228698,0.25607306,0.24798807,0.23792989,0.22572648,0.21107680,0.19341449,0.17152375,0.14197302,0.07454273,,,,,,,,0.06511954
90360,0.27000047,0.26912670,0.26649959,0.26210042,0.25589336,0.24781717,0.23776972,0.22557903,0.21094413,0.19329892,0.17142821,0.14190229,0.07451384,,,,,,,,0.06509159
90420,0.26980543,0.26893264,0.26630848,0.26191421,0.25571400,0.24764659,0.23760986,0.22543185,0.21081170,0.19318355,0.17133284,0.14183167,0.07448501,,,,,,,,0.06506370
90480,0.26961076,0.26873896,0.26611774,0.26172836,0.25553499,0.24747633,0.23745029,0.22528494,0.21067951,0.19306840,0.17123764,0.14176117,0.07445624,,,,,,,,0.06503588
90540,0.26941648,0.26854565,0.26592737,0.26154287,0.25535631,0.24730639,0.23729102,0.22513830,0.21054756,0.19295345,0.17114260,0.14169080,0.07442752,,,,,,,,0.06500813
90600,0.26922256,0.26835272,0.26573736,0.26135773,0.25517797,0.24713678,0.23713205,0.22499193,0.21041586,0.19283870,0.17104773,0.14162054,0.07439887,,,,,,,,0.06498046
90660,0.26902902,0.26816015,0.26554771,0.26117295,0.25499997,0.24696748,0.23697338,0.22484584,0.21028439,0.19272416,0.17095303,0.14155040,0.07437028,,,,,,,,0.06495285
90720,0.26883585,0.26796795,0.26535843,0.26098852,0.25482231,0.24679851,0.23681500,0.22470001,0.21015316,0.19260983,0.17085848,0.14148038,0.07434175,,,,,,,,0.06492532
90780,0.26864305,0.26777613,0.26516952,0.26080444,0.25464499,0.24662985,0.23665692,0.22455445,0.21002217,0.19249569,0.17076411,0.14141048,0.07431328,,,,,,,,0.06489786
90840,0.26845063,0.26758467,0.26498096,0.26062071,0.25446800,0.24646151,0.23649913,0.22440916,0.20989142,0.19238177,0.17066990,0.14134070,0.07428487,,,,,,,,0.06487048
90900,0.26825857,0.26739357,0.26479276,0.26043733,0.25429135,0.24629348,0.23634164,0.22426414,0.20976090,0.19226804,0.17057585,0.14127103,0.07425652,,,,,,,,0.06484316
90960,0.26806687,0.26720285,0.26460492,0.26025430,0.25411503,0.24612577,0.23618444,0.22411938,0.20963062,0.19215452,0.17048197,0.14120148,0.07422823,,,,,,,,0.06481592
91020,0.26787555,0.26701248,0.26441744,0.26007161,0.25393904,0.24595838,0.23602753,0.22397489,0.20950058,0.19204119,0.17038824,0.14113205,0.07420000,,,,,,,,0.06478875
91080,0.26768459,0.26682248,0.26423032,0.25988928,0.25376339,0.24579129,0.23587092,0.22383067,0.20937077,0.19192807,0.17029468,0.14106273,0.07417184,,,,,,,,0.06476165
91140,0.26749400,0.26663285,0.26404356,0.25970729,0.25358807,0.24562453,0.23571459,0.22368670,0.20924120,0.19181515,0.17020129,0.14099353,0.07414373,,,,,,,,0.06473462
91200,0.26730376,0.26644357,0.26385715,0.25952564,0.25341308,0.24545807,0.23555855,0.22354301,0.20911186,0.19170243,0.17010805,0.14092445,0.07411568,,,,,,,,0.06470766
91260,0.26711390,0.26625466,0.26367109,0.25934434,0.25323841,0.24529192,0.23540281,0.22339957,0.20898275,0.19158991,0.17001498,0.14085548,0.07408769,,,,,,,,0.06468078
91320,0.26692439,0.26606610,0.26348539,0.25916338,0.25306408,0.24512609,0.23524735,0.22325640,0.20885388,0.19147759,0.16992207,0.14078662,0.07405976,,,,,,,,0.06465396
91380,0.26673525,0.26587791,0.26330004,0.25898276,0.25289008,0.24496056,0.23509217,0.22311349,0.20872524,0.19136547,0.16982931,0.14071789,0.07403190,,,,,,,,0.06462722
91440,0.26654646,0.26569007,0.26311504,0.25880249,0.25271640,0.24479535,0.23493729,0.22297084,0.20859683,0.19125354,0.16973672,0.14064926,0.07400409,,,,,,,,0.06460054
91500,0.26635803,0.26550259,0.26293039,0.25862255,0.25254304,0.24463044,0.23478269,0.22282845,0.20846865,0.19114182,0.16964429,0.14058075,0.07397634,,,,,,,,0.06457394
91560,0.26616996,0.26531546,0.26274609,0.25844296,0.25237002,0.24446584,0.23462838,0.22268632,0.20834070,0.19103029,0.16955201,0.14051236,0.07394865,,,,,,,,0.06454741
91620,0.26598225,0.26512869,0.26256214,0.25826370,0.25219731,0.24430154,0.23447435,0.22254445,0.20821298,0.19091895,0.16945990,0.14044408,0.07392102,,,,,,,,0.06452094
91680,0.26579490,0.26494228,0.26237854,0.25808478,0.25202493,0.24413755,0.23432060,0.22240284,0.20808549,0.19080781,0.16936794,0.14037591,0.07389344,,,,,,,,0.06449455
91740,0.26560789,0.26475621,0.26219529,0.25790620,0.25185288,0.24397386,0.23416714,0.22226148,0.20795823,0.19069687,0.16927614,0.14030786,0.07386593,,,,,,,,0.06446822
91800,0.26542125,0.26457050,0.26201238,0.25772795,0.25168114,0.24381048,0.23401395,0.22212038,0.20783119,0.19058612,0.16918450,0.14023991,0.07383848,,,,,,,,0.06444197
91860,0.26523498,0.26438517,0.26182984,0.25755007,0.25150975,0.24364743,0.23386108,0.22197956,0.20770440,0.19047559,0.16909302,0.14017209,0.07381108,,,,,,,,0.06441579
91920,0.26504904,0.26420016,0.26164763,0.25737249,0.25133866,0.24348466,0.23370846,0.22183898,0.20757782,0.19036523,0.16900170,0.14010438,0.07378374,,,,,,,,0.06438967
91980,0.26486345,0.26401550,0.26146575,0.25719525,0.25116789,0.24332218,0.23355612,0.22169865,0.20745147,0.19025507,0.16891053,0.14003678,0.07375646,,,,,,,,0.06436362
92040,0.26467821,0.26383119,0.26128421,0.25701834,0.25099743,0.24316001,0.23340406,0.22155857,0.20732534,0.19014509,0.16881951,0.13996928,0.07372924,,,,,,,,0.06433764
92100,0.26449332,0.26364722,0.26110302,0.25684175,0.25082729,0.24299813,0.23325228,0.22141874,0.20719944,0.19003531,0.16872865,0.13990190,0.07370207,,,,,,,,0.06431173
92160,0.26430878,0.26346360,0.26092216,0.25666550,0.25065747,0.24283655,0.23310078,0.22127917,0.20707376,0.18992572,0.16863794,0.13983464,0.07367497,,,,,,,,0.06428588
92220,0.26412458,0.26328032,0.26074165,0.25648958,0.25048796,0.24267527,0.23294955,0.22113985,0.20694830,0.18981633,0.16854739,0.13976748,0.07364792,,,,,,,,0.06426010
92280,0.26394073,0.26309739,0.26056147,0.25631399,0.25031876,0.24251429,0.23279860,0.22100078,0.20682307,0.18970712,0.16845700,0.13970043,0.07362092,,,,,,,,0.06423440
92340,0.26375723,0.26291481,0.26038163,0.25613872,0.25014989,0.24235361,0.23264792,0.22086197,0.20669806,0.18959811,0.16836675,0.13963349,0.07359398,,,,,,,,0.06420875
92400,0.26357407,0.26273256,0.26020213,0.25596378,0.24998132,0.24219322,0.23249752,0.22072340,0.20657327,0.18948928,0.16827666,0.13956667,0.07356710,,,,,,,,0.06418318
92460,0.26339125,0.26255066,0.26002297,0.25578917,0.24981306,0.24203313,0.23234739,0.22058508,0.20644870,0.18938064,0.16818673,0.13949995,0.07354028,,,,,,,,0.06415767
92520,0.26320878,0.26236909,0.25984413,0.25561488,0.24964512,0.24187333,0.23219754,0.22044701,0.20632435,0.18927220,0.16809695,0.13943335,0.07351351,,,,,,,,0.06413223
92580,0.26302664,0.26218787,0.25966564,0.25544091,0.24947749,0.24171382,0.23204796,0.22030919,0.20620023,0.18916394,0.16800731,0.13936685,0.07348680,,,,,,,,0.06410685
92640,0.26284485,0.26200699,0.25948747,0.25526727,0.24931017,0.24155461,0.23189865,0.22017162,0.20607632,0.18905587,0.16791784,0.13930046,0.07346015,,,,,,,,0.06408155
92700,0.26266340,0.26182644,0.25930964,0.25509395,0.24914316,0.24139568,0.23174961,0.22003429,0.20595263,0.18894799,0.16782851,0.13923418,0.07343355,,,,,,,,0.06405630
92760,0.26248229,0.26164623,0.25913214,0.25492096,0.24897645,0.24123705,0.23160084,0.21989721,0.20582916,0.18884029,0.16773933,0.13916801,0.07340700,,,,,,,,0.06403113
92820,0.26230151,0.26146636,0.25895497,0.25474828,0.24881005,0.24107871,0.23145234,0.21976037,0.20570591,0.18873278,0.16765031,0.13910195,0.07338052,,,,,,,,0.06400601
92880,0.26212108,0.26128682,0.25877812,0.25457592,0.24864396,0.24092066,0.23130411,0.21962378,0.20558288,0.18862546,0.16756143,0.13903600,0.07335408,,,,,,,,0.06398097
92940,0.26194098,0.26110762,0.25860161,0.25440388,0.24847818,0.24076290,0.23115615,0.21948744,0.20546006,0.18851832,0.16747271,0.13897015,0.07332770,,,,,,,,0.06395599
93000,0.26176121,0.26092875,0.25842542,0.25423216,0.24831269,0.24060542,0.23100846,0.21935134,0.20533746,0.18841137,0.16738413,0.13890441,0.07330138,,,,,,,,0.06393107
93060,0.26158178,0.26075021,0.25824956,0.25406076,0.24814752,0.24044824,0.23086103,0.21921548,0.20521508,0.18830460,0.16729570,0.13883878,0.07327511,,,,,,,,0.06390622
93120,0.26140268,0.26057200,0.25807403,0.25388968,0.24798264,0.24029134,0.23071387,0.21907986,0.20509291,0.18819802,0.16720743,0.13877326,0.07324890,,,,,,,,0.06388143
93180,0.26122391,0.26039413,0.25789882,0.25371890,0.24781807,0.24013472,0.23056698,0.21894448,0.20497095,0.18809162,0.16711930,0.13870784,0.07322274,,,,,,,,0.06385671
93240,0.26104548,0.26021658,0.25772394,0.25354845,0.24765380,0.23997839,0.23042035,0.21880935,0.20484921,0.18798540,0.16703132,0.13864253,0.07319663,,,,,,,,0.06383205
93300,0.26086738,0.26003937,0.25754938,0.25337831,0.24748983,0.23982235,0.23027398,0.21867446,0.20472768,0.18787937,0.16694348,0.13857733,0.07317058,,,,,,,,0.06380746
93360,0.26068961,0.25986248,0.25737514,0.25320848,0.24732617,0.23966658,0.23012788,0.21853980,0.20460637,0.18777351,0.16685580,0.13851223,0.07314459,,,,,,,,0.06378293
93420,0.26051216,0.25968592,0.25720122,0.25303896,0.24716280,0.23951110,0.22998204,0.21840539,0.20448526,0.18766784,0.16676826,0.13844724,0.07311864,,,,,,,,0.06375846
93480,0.26033505,0.25950968,0.25702763,0.25286976,0.24699973,0.23935590,0.22983646,0.21827121,0.20436437,0.18756236,0.16668087,0.13838235,0.07309275,,,,,,,,0.06373405
93540,0.26015826,0.25933377,0.25685435,0.25270086,0.24683695,0.23920099,0.22969114,0.21813728,0.20424369,0.18745705,0.16659362,0.13831757,0.07306692,,,,,,,,0.06370971
93600,0.25998180,0.25915819,0.25668139,0.25253228,0.24667448,0.23904635,0.22954608,0.21800358,0.20412322,0.18735192,0.16650652,0.13825289,0.07304113,,,,,,,,0.06368543
93660,0.25980568,0.25898295,0.25650878,0.25236402,0.24651232,0.23889202,0.22940131,0.21787013,0.20400298,0.18724699,0.16641958,0.13818833,0.07301541,,,,,,,,0.06366122
93720,0.25962988,0.25880802,0.25633646,0.25219606,0.24635044,0.23873794,0.22925677,0.21773691,0.20388294,0.18714223,0.16633278,0.13812386,0.07298973,,,,,,,,0.06363707
93780,0.25945439,0.25863340,0.25616446,0.25202840,0.24618885,0.23858415,0.22911250,0.21760392,0.20376310,0.18703764,0.16624611,0.13805950,0.07296410,,,,,,,,0.06361298
93840,0.25927923,0.25845911,0.25599277,0.25186105,0.24602755,0.23843062,0.22896847,0.21747116,0.20364347,0.18693323,0.16615959,0.13799524,0.07293853,,,,,,,,0.06358895
93900,0.25910438,0.25828513,0.25582139,0.25169400,0.24586655,0.23827738,0.22882471,0.21733864,0.20352404,0.18682900,0.16607322,0.13793109,0.07291301,,,,,,,,0.06356498
93960,0.25892986,0.25811147,0.25565033,0.25152725,0.24570583,0.23812441,0.22868120,0.21720635,0.20340483,0.18672494,0.16598699,0.13786703,0.07288754,,,,,,,,0.06354107
94020,0.25875566,0.25793814,0.25547958,0.25136081,0.24554541,0.23797171,0.22853795,0.21707429,0.20328582,0.18662107,0.16590090,0.13780309,0.07286213,,,,,,,,0.06351723
94080,0.25858178,0.25776512,0.25530915,0.25119468,0.24538528,0.23781930,0.22839496,0.21694247,0.20316702,0.18651737,0.16581495,0.13773924,0.07283676,,,,,,,,0.06349345
94140,0.25840822,0.25759242,0.25513902,0.25102884,0.24522544,0.23766715,0.22825221,0.21681087,0.20304842,0.18641385,0.16572915,0.13767550,0.07281145,,,,,,,,0.06346972
94200,0.25823497,0.25742003,0.25496921,0.25086331,0.24506589,0.23751528,0.22810973,0.21667951,0.20293003,0.18631050,0.16564349,0.13761186,0.07278619,,,,,,,,0.06344606
94260,0.25806205,0.25724796,0.25479971,0.25069808,0.24490663,0.23736368,0.22796749,0.21654839,0.20281184,0.18620733,0.16555797,0.13754832,0.07276098,,,,,,,,0.06342246
94320,0.25788943,0.25707620,0.25463051,0.25053315,0.24474766,0.23721235,0.22782551,0.21641749,0.20269386,0.18610433,0.16547260,0.13748488,0.07273582,,,,,,,,0.06339892
94380,0.25771714,0.25690476,0.25446162,0.25036851,0.24458897,0.23706129,0.22768378,0.21628682,0.20257608,0.18600151,0.16538736,0.13742155,0.07271071,,,,,,,,0.06337544
94440,0.25754516,0.25673363,0.25429305,0.25020418,0.24443057,0.23691051,0.22754230,0.21615638,0.20245851,0.18589886,0.16530227,0.13735831,0.07268566,,,,,,,,0.06335202
94500,0.25737349,0.25656281,0.25412477,0.25004014,0.24427245,0.23675999,0.22740107,0.21602616,0.20234114,0.18579639,0.16521732,0.13729518,0.07266065,,,,,,,,0.06332866
94560,0.25720213,0.25639230,0.25395681,0.24987640,0.24411462,0.23660974,0.22726010,0.21589618,0.20222397,0.18569409,0.16513250,0.13723215,0.07263570,,,,,,,,0.06330536
94620,0.25703109,0.25622210,0.25378914,0.24971296,0.24395707,0.23645976,0.22711937,0.21576642,0.20210700,0.18559196,0.16504783,0.13716922,0.07261079,,,,,,,,0.06328212
94680,0.25686036,0.25605222,0.25362179,0.24954981,0.24379980,0.23631005,0.22697889,0.21563689,0.20199023,0.18549001,0.16496330,0.13710639,0.07258594,,,,,,,,0.06325894
94740,0.25668994,0.25588264,0.25345473,0.24938696,0.24364282,0.23616061,0.22683865,0.21550758,0.20187367,0.18538822,0.16487890,0.13704366,0.07256113,,,,,,,,0.06323581
94800,0.25651983,0.25571337,0.25328798,0.24922440,0.24348612,0.23601143,0.22669867,0.21537850,0.20175730,0.18528661,0.16479465,0.13698103,0.07253638,,,,,,,,0.06321275
94860,0.25635002,0.25554440,0.25312153,0.24906213,0.24332970,0.23586251,0.22655893,0.21524965,0.20164114,0.18518517,0.16471053,0.13691850,0.07251168,,,,,,,,0.06318974
94920,0.25618053,0.25537575,0.25295538,0.24890016,0.24317356,0.23571387,0.22641944,0.21512102,0.20152517,0.18508390,0.16462655,0.13685607,0.07248702,,,,,,,,0.06316680
94980,0.25601134,0.25520739,0.25278953,0.24873848,0.24301770,0.23556548,0.22628020,0.21499261,0.20140940,0.18498280,0.16454271,0.13679374,0.07246241,,,,,,,,0.06314391
95040,0.25584246,0.25503934,0.25262398,0.24857708,0.24286212,0.23541736,0.22614119,0.21486443,0.20129383,0.18488188,0.16445901,0.13673151,0.07243786,,,,,,,,0.06312108
95100,0.25567388,0.25487160,0.25245873,0.24841598,0.24270682,0.23526950,0.22600244,0.21473647,0.20117846,0.18478112,0.16437544,0.13666938,0.07241335,,,,,,,,0.06309830
95160,0.25550561,0.25470416,0.25229378,0.24825517,0.24255179,0.23512190,0.22586392,0.21460873,0.20106329,0.18468053,0.16429201,0.13660734,0.07238889,,,,,,,,0.06307559
95220,0.25533765,0.25453702,0.25212912,0.24809465,0.24239704,0.23497457,0.22572565,0.21448121,0.20094831,0.18458010,0.16420872,0.13654541,0.07236448,,,,,,,,0.06305293
95280,0.25516998,0.25437018,0.25196476,0.24793441,0.24224257,0.23482750,0.22558763,0.21435392,0.20083353,0.18447985,0.16412556,0.13648357,0.07234012,,,,,,,,0.06303033
95340,0.25500262,0.25420365,0.25180070,0.24777446,0.24208837,0.23468068,0.22544984,0.21422684,0.20071894,0.18437976,0.16404254,0.13642183,0.07231581,,,,,,,,0.06300779
95400,0.25483556,0.25403741,0.25163693,0.24761480,0.24193444,0.23453413,0.22531229,0.21409998,0.20060455,0.18427985,0.16395966,0.13636018,0.07229155,,,,,,,,0.06298530
95460,0.25466882,0.25387145,0.25147329,0.24745503,0.24178009,0.23438670,0.22517331,0.21397098,0.20048709,0.18417561,0.16387053,0.13628829,0.07218963,,,,,,,,0.06296307
95520,0.25450235,0.25370575,0.25130993,0.24729553,0.24162598,0.23423951,0.22503455,0.21384218,0.20036982,0.18407153,0.16378153,0.13621649,0.07208785,,,,,,,,0.06294097
95580,0.25433617,0.25354035,0.25114684,0.24713630,0.24147213,0.23409256,0.22489603,0.21371359,0.20025273,0.18396762,0.16369267,0.13614480,0.07198620,,,,,,,,0.06291894
95640,0.25417028,0.25337523,0.25098403,0.24697735,0.24131855,0.23394587,0.22475773,0.21358521,0.20013584,0.18386387,0.16360395,0.13607319,0.07188465,,,,,,,,0.06289699
95700,0.25400467,0.25321039,0.25082151,0.24681866,0.24116523,0.23379943,0.22461967,0.21345705,0.20001913,0.18376029,0.16351537,0.13600169,0.07178320,,,,,,,,0.06287509
95760,0.25383935,0.25304584,0.25065927,0.24666026,0.24101218,0.23365323,0.22448184,0.21332910,0.19990262,0.18365688,0.16342693,0.13593030,0.07167882,,,,,,,,0.06285326
95820,0.25367432,0.25288158,0.25049730,0.24650212,0.24085939,0.23350729,0.22434425,0.21320137,0.19978630,0.18355363,0.16333863,0.13585902,0.07157227,,,,,,,,0.06283148
95880,0.25350958,0.25271760,0.25033562,0.24634426,0.24070686,0.23336159,0.22420688,0.21307385,0.19967018,0.18345055,0.16325046,0.13578784,0.07146583,,,,,,,,0.06280976
95940,0.25334512,0.25255391,0.25017422,0.24618667,0.24055459,0.23321614,0.22406975,0.21294654,0.19955424,0.18334764,0.16316244,0.13571676,0.07135948,,,,,,,,0.06278809
96000,0.25318095,0.25239050,0.25001310,0.24602935,0.24040258,0.23307094,0.22393285,0.21281944,0.19943849,0.18324489,0.16307455,0.13564580,0.07125322,,,,,,,,0.06276648
96060,0.25301706,0.25222737,0.24985226,0.24587230,0.24025083,0.23292599,0.22379618,0.21269255,0.19932293,0.18314231,0.16298680,0.13557494,0.07114706,,,,,,,,0.06274493
96120,0.25285346,0.25206453,0.24969169,0.24571553,0.24009934,0.23278128,0.22365974,0.21256588,0.19920756,0.18303989,0.16289918,0.13550419,0.07104100,,,,,,,,0.06272343
96180,0.25269013,0.25190197,0.24953140,0.24555902,0.23994811,0.23263681,0.22352352,0.21243941,0.19909238,0.18293764,0.16281170,0.13543354,0.07093503,,,,,,,,0.06270198
96240,0.25252709,0.25173968,0.24937139,0.24540278,0.23979714,0.23249260,0.22338754,0.21231315,0.19897739,0.18283555,0.16272436,0.13536300,0.07082915,,,,,,,,0.06268059
96300,0.25236434,0.25157768,0.24921165,0.24524681,0.23964643,0.23234862,0.22325178,0.21218710,0.19886258,0.18273362,0.16263716,0.13529256,0.07072337,,,,,,,,0.06265925
96360,0.25220186,0.25141596,0.24905218,0.24509110,0.23949597,0.23220489,0.22311625,0.21206127,0.19874796,0.18263185,0.16255009,0.13522223,0.07061768,,,,,,,,0.06263796
96420,0.25203966,0.25125451,0.24889300,0.24493566,0.23934577,0.23206140,0.22298095,0.21193564,0.19863353,0.18253024,0.16246315,0.13515200,0.07051208,,,,,,,,0.06261672
96480,0.25187774,0.25109335,0.24873408,0.24478049,0.23919582,0.23191816,0.22284588,0.21181021,0.19851928,0.18242880,0.16237634,0.13508188,0.07040658,,,,,,,,0.06259554
96540,0.25171610,0.25093246,0.24857544,0.24462558,0.23904613,0.23177515,0.22271103,0.21168500,0.19840522,0.18232752,0.16228967,0.13501184,0.07030117,,,,,,,,0.06257441
96600,0.25155474,0.25077184,0.24841706,0.24447094,0.23889670,0.23163239,0.22257641,0.21155999,0.19829135,0.18222640,0.16220313,0.13494190,0.07019302,,,,,,,,0.06255333
96660,0.25139366,0.25061151,0.24825896,0.24431656,0.23874751,0.23148987,0.22244201,0.21143518,0.19817766,0.18212544,0.16211672,0.13487206,0.07008150,,,,,,,,0.06253230
96720,0.25123285,0.25045144,0.24810113,0.24416245,0.23859858,0.23134759,0.22230783,0.21131059,0.19806415,0.18202464,0.16203045,0.13480233,0.06997007,,,,,,,,0.06251132
96780,0.25107232,0.25029166,0.24794358,0.24400859,0.23844991,0.23120555,0.22217388,0.21118620,0.19795083,0.18192400,0.16194431,0.13473270,0.06985874,,,,,,,,0.06249040
96840,0.25091206,0.25013214,0.24778629,0.24385500,0.23830148,0.23106374,0.22204015,0.21106201,0.19783769,0.18182352,0.16185831,0.13466317,0.06974750,,,,,,,,0.06246953
96900,0.25075208,0.24997290,0.24762926,0.24370167,0.23815331,0.23092218,0.22190665,0.21093803,0.19772473,0.18172320,0.16177244,0.13459375,0.06963635,,,,,,,,0.06244870
96960,0.25059237,0.24981393,0.24747251,0.24354860,0.23800538,0.23078085,0.22177336,0.21081425,0.19761196,0.18162304,0.16168670,0.13452442,0.06952529,,,,,,,,0.06242793
97020,0.25043294,0.24965523,0.24731602,0.24339580,0.23785771,0.23063976,0.22164030,0.21069067,0.19749937,0.18152304,0.16160109,0.13445521,0.06941432,,,,,,,,0.06240721
97080,0.25027377,0.24949681,0.24715980,0.24324325,0.23771028,0.23049890,0.22150746,0.21056730,0.19738697,0.18142320,0.16151562,0.13438609,0.06930345,,,,,,,,0.06238654
97140,0.25011488,0.24933865,0.24700385,0.24309096,0.23756311,0.23035828,0.22137484,0.21044413,0.19727474,0.18132351,0.16143028,0.13431707,0.06919267,,,,,,,,0.06236591
97200,0.24995626,0.24918077,0.24684816,0.24293892,0.23741618,0.23021790,0.22124244,0.21032116,0.19716269,0.18122399,0.16134507,0.13424816,0.06908198,,,,,,,,0.06234534
97260,0.24979794,0.24902322,0.24669294,0.24278756,0.23727023,0.23007889,0.22111192,0.21020073,0.19705404,0.18112903,0.16126625,0.13418957,0.06906001,,,,,,,,0.06232464
97320,0.24963988,0.24886593,0.24653797,0.24263646,0.23712451,0.22994011,0.22098162,0.21008050,0.19694556,0.18103421,0.16118756,0.13413106,0.06903802,,,,,,,,0.06230391
97380,0.24948209,0.24870892,0.24638327,0.24248560,0.23697905,0.22980156,0.22085154,0.20996046,0.19683726,0.18093955,0.16110899,0.13407264,0.06901605,,,,,,,,0.06228320
97440,0.24932458,0.24855217,0.24622884,0.24233502,0.23683383,0.22966325,0.22072167,0.20984063,0.19672914,0.18084504,0.16103054,0.13401430,0.06899412,,,,,,,,0.06226254
97500,0.24916735,0.24839571,0.24607467,0.24218469,0.23668887,0.22952518,0.22059203,0.20972099,0.19662119,0.18075069,0.16095222,0.13395606,0.06897222,,,,,,,,0.06224192
97560,0.24901039,0.24823952,0.24592078,0.24203463,0.23654416,0.22938734,0.22046261,0.20960156,0.19651343,0.18065649,0.16087402,0.13389791,0.06895036,,,,,,,,0.06222134
97620,0.24885370,0.24808360,0.24576716,0.24188482,0.23639970,0.22924975,0.22033341,0.20948233,0.19640584,0.18056244,0.16079595,0.13383985,0.06892854,,,,,,,,0.06220081
97680,0.24869729,0.24792795,0.24561380,0.24173528,0.23625548,0.22911238,0.22020443,0.20936330,0.19629843,0.18046855,0.16071800,0.13378188,0.06890676,,,,,,,,0.06218033
97740,0.24854116,0.24777258,0.24546071,0.24158600,0.23611152,0.22897526,0.22007566,0.20924447,0.19619120,0.18037480,0.16064017,0.13372399,0.06888502,,,,,,,,0.06215990
97800,0.24838529,0.24761747,0.24530789,0.24143697,0.23596781,0.22883837,0.21994712,0.20912584,0.19608415,0.18028121,0.16056247,0.13366620,0.06886333,,,,,,,,0.06213952
97860,0.24822970,0.24746264,0.24515534,0.24128821,0.23582434,0.22870171,0.21981879,0.20900741,0.19597727,0.18018778,0.16048489,0.13360849,0.06884168,,,,,,,,0.06211918
97920,0.24807438,0.24730808,0.24500305,0.24113970,0.23568112,0.22856529,0.21969069,0.20888918,0.19587057,0.18009449,0.16040743,0.13355087,0.06882007,,,,,,,,0.06209889
97980,0.24791933,0.24715379,0.24485102,0.24099145,0.23553815,0.22842910,0.21956279,0.20877114,0.19576405,0.18000135,0.16033010,0.13349334,0.06879850,,,,,,,,0.06207866
98040,0.24776456,0.24699977,0.24469926,0.24084346,0.23539543,0.22829314,0.21943512,0.20865330,0.19565770,0.17990837,0.16025289,0.13343590,0.06877697,,,,,,,,0.06205847
98100,0.24761005,0.24684601,0.24454777,0.24069572,0.23525295,0.22815741,0.21930766,0.20853566,0.19555152,0.17981553,0.16017580,0.13337855,0.06875549,,,,,,,,0.06203833
98160,0.24745581,0.24669252,0.24439653,0.24054824,0.23511071,0.22802192,0.21918042,0.20841822,0.19544552,0.17972285,0.16009883,0.13332128,0.06873405,,,,,,,,0.06201823
98220,0.24730183,0.24653930,0.24424556,0.24040101,0.23496872,0.22788666,0.21905339,0.20830097,0.19533970,0.17963031,0.16002198,0.13326410,0.06871265,,,,,,,,0.06199819
98280,0.24714813,0.24638634,0.24409485,0.24025404,0.23482697,0.22775162,0.21892657,0.20818392,0.19523405,0.17953793,0.15994525,0.13320700,0.06869129,,,,,,,,0.06197819
98340,0.24699469,0.24623365,0.24394440,0.24010732,0.23468547,0.22761682,0.21879997,0.20806706,0.19512857,0.17944569,0.15986865,0.13315000,0.06866998,,,,,,,,0.06195825
98400,0.24684152,0.24608123,0.24379421,0.23996085,0.23454420,0.22748225,0.21867359,0.20795039,0.19502326,0.17935360,0.15979216,0.13309308,0.06864870,,,,,,,,0.06193835
98460,0.24668861,0.24592906,0.24364428,0.23981463,0.23440318,0.22734790,0.21854741,0.20783392,0.19491813,0.17926166,0.15971580,0.13303624,0.06862747,,,,,,,,0.06191850
98520,0.24653597,0.24577717,0.24349460,0.23966867,0.23426240,0.22721379,0.21842145,0.20771765,0.19481317,0.17916986,0.15963955,0.13297950,0.06860628,,,,,,,,0.06189870
98580,0.24638359,0.24562553,0.24334519,0.23952296,0.23412186,0.22707990,0.21829570,0.20760157,0.19470838,0.17907822,0.15956343,0.13292283,0.06858514,,,,,,,,0.06187894
98640,0.24623148,0.24547416,0.24319603,0.23937749,0.23398157,0.22694623,0.21817016,0.20748568,0.19460377,0.17898672,0.15948742,0.13286626,0.06856403,,,,,,,,0.06185923
98700,0.24607963,0.24532304,0.24304713,0.23923228,0.23384151,0.22681280,0.21804483,0.20736998,0.19449932,0.17889537,0.15941153,0.13280977,0.06854297,,,,,,,,0.06183957
98760,0.24592804,0.24517219,0.24289849,0.23908731,0.23370168,0.22667959,0.21791971,0.20725447,0.19439505,0.17880416,0.15933576,0.13275336,0.06852195,,,,,,,,0.06181996
98820,0.24577671,0.24502160,0.24275010,0.23894260,0.23356210,0.22654660,0.21779480,0.20713915,0.19429094,0.17871310,0.15926011,0.13269704,0.06850097,,,,,,,,0.06180040
98880,0.24562564,0.24487126,0.24260197,0.23879813,0.23342276,0.22641384,0.21767010,0.20702403,0.19418700,0.17862219,0.15918458,0.13264081,0.06848003,,,,,,,,0.06178088
98940,0.24547484,0.24472119,0.24245409,0.23865391,0.23328365,0.22628131,0.21754561,0.20690910,0.19408324,0.17853142,0.15910916,0.13258466,0.06845913,,,,,,,,0.06176141
99000,0.24532429,0.24457137,0.24230647,0.23850993,0.23314478,0.22614899,0.21742132,0.20679435,0.19397964,0.17844080,0.15903387,0.13252859,0.06843827,,,,,,,,0.06174199
99060,0.24517402,0.24442183,0.24215912,0.23836622,0.23300616,0.22601692,0.21729726,0.20667981,0.19387622,0.17835033,0.15895869,0.13247262,0.06841746,,,,,,,,0.06172261
99120,0.24502400,0.24427254,0.24201200,0.23822274,0.23286776,0.22588506,0.21717340,0.20656545,0.19377297,0.17826000,0.15888363,0.13241672,0.06839668,,,,,,,,0.06170329
99180,0.24487422,0.24412349,0.24186514,0.23807950,0.23272960,0.22575342,0.21704974,0.20645127,0.19366987,0.17816981,0.15880869,0.13236091,0.06837595,,,,,,,,0.06168400
99240,0.24472471,0.24397470,0.24171852,0.23793651,0.23259167,0.22562199,0.21692628,0.20633728,0.19356695,0.17807976,0.15873386,0.13230518,0.06835525,,,,,,,,0.06166477
99300,0.24457545,0.24382616,0.24157215,0.23779375,0.23245397,0.22549079,0.21680303,0.20622348,0.19346419,0.17798986,0.15865914,0.13224953,0.06833460,,,,,,,,0.06164558
99360,0.24442644,0.24367788,0.24142604,0.23765124,0.23231650,0.22535981,0.21667998,0.20610986,0.19336159,0.17790009,0.15858455,0.13219397,0.06831399,,,,,,,,0.06162643
99420,0.24427769,0.24352985,0.24128017,0.23750898,0.23217927,0.22522904,0.21655714,0.20599643,0.19325917,0.17781048,0.15851006,0.13213849,0.06829341,,,,,,,,0.06160733
99480,0.24412920,0.24338208,0.24113455,0.23736695,0.23204226,0.22509850,0.21643450,0.20588319,0.19315690,0.17772100,0.15843570,0.13208309,0.06827288,,,,,,,,0.06158828
99540,0.24398096,0.24323455,0.24098918,0.23722516,0.23190549,0.22496817,0.21631207,0.20577013,0.19305481,0.17763167,0.15836144,0.13202778,0.06825239,,,,,,,,0.06156928
99600,0.24383297,0.24308728,0.24084406,0.23708362,0.23176895,0.22483807,0.21618984,0.20565726,0.19295288,0.17754247,0.15828731,0.13197255,0.06823194,,,,,,,,0.06155031
99660,0.24368523,0.24294026,0.24069918,0.23694232,0.23163264,0.22470818,0.21606781,0.20554458,0.19285111,0.17745342,0.15821328,0.13191740,0.06821152,,,,,,,,0.06153140
99720,0.24353775,0.24279349,0.24055455,0.23680125,0.23149656,0.22457850,0.21594598,0.20543207,0.19274951,0.17736451,0.15813938,0.13186233,0.06819115,,,,,,,,0.06151253
99780,0.24339051,0.24264697,0.24041017,0.23666042,0.23136071,0.22444905,0.21582436,0.20531975,0.19264807,0.17727574,0.15806558,0.13180735,0.06817082,,,,,,,,0.06149371
99840,0.24324353,0.24250070,0.24026603,0.23651983,0.23122509,0.22431981,0.21570293,0.20520762,0.19254679,0.17718711,0.15799190,0.13175245,0.06815052,,,,,,,,0.06147493
99900,0.24309680,0.24235468,0.24012213,0.23637948,0.23108969,0.22419078,0.21558171,0.20509567,0.19244568,0.17709862,0.15791833,0.13169763,0.06813027,,,,,,,,0.06145619
99960,0.24295031,0.24220890,0.23997848,0.23623937,0.23095452,0.22406197,0.21546068,0.20498390,0.19234473,0.17701027,0.15784488,0.13164289,0.06811005,,,,,,,,0.06143750
100020,0.24280408,0.24206337,0.23983508,0.23609949,0.23081958,0.22393338,0.21533986,0.20487231,0.19224394,0.17692206,0.15777154,0.13158823,0.06808988,,,,,,,,0.06141886
100080,0.24265809,0.24191809,0.23969191,0.23595984,0.23068487,0.22380500,0.21521923,0.20476090,0.19214331,0.17683399,0.15769831,0.13153366,0.06806974,,,,,,,,0.06140026
100140,0.24251235,0.24177306,0.23954899,0.23582044,0.23055038,0.22367683,0.21509881,0.20464968,0.19204285,0.17674605,0.15762519,0.13147916,0.06804964,,,,,,,,0.06138170
100200,0.24236686,0.24162827,0.23940630,0.23568126,0.23041611,0.22354887,0.21497858,0.20453864,0.19194254,0.17665826,0.15755219,0.13142475,0.06802958,,,,,,,,0.06136319
100260,0.24222162,0.24148372,0.23926386,0.23554232,0.23028207,0.22342113,0.21485855,0.20442777,0.19184240,0.17657060,0.15747930,0.13137041,0.06800956,,,,,,,,0.06134472
100320,0.24207662,0.24133942,0.23912166,0.23540362,0.23014825,0.22329360,0.21473871,0.20431709,0.19174242,0.17648308,0.15740652,0.13131616,0.06798958,,,,,,,,0.06132630
100380,0.24193186,0.24119537,0.23897970,0.23526514,0.23001466,0.22316628,0.21461908,0.20420658,0.19164259,0.17639570,0.15733385,0.13126199,0.06796964,,,,,,,,0.06130792
100440,0.24178735,0.24105155,0.23883798,0.23512690,0.22988129,0.22303917,0.21449964,0.20409626,0.19154293,0.17630845,0.15726129,0.13120789,0.06794973,,,,,,,,0.06128958
100500,0.24164308,0.24090798,0.23869649,0.23498889,0.22974814,0.22291227,0.21438039,0.20398611,0.19144342,0.17622134,0.15718885,0.13115388,0.06792987,,,,,,,,0.06127129
100560,0.24149906,0.24076465,0.23855524,0.23485112,0.22961521,0.22278558,0.21426134,0.20387615,0.19134407,0.17613437,0.15711651,0.13109995,0.06791004,,,,,,,,0.06125304
100620,0.24135528,0.24062156,0.23841424,0.23471357,0.22948251,0.22265910,0.21414249,0.20376636,0.19124489,0.17604753,0.15704428,0.13104609,0.06789025,,,,,,,,0.06123484
100680,0.24121174,0.24047872,0.23827346,0.23457625,0.22935002,0.22253283,0.21402383,0.20365674,0.19114586,0.17596083,0.15697217,0.13099232,0.06787049,,,,,,,,0.06121668
100740,0.24106844,0.24033611,0.23813293,0.23443916,0.22921776,0.22240677,0.21390536,0.20354731,0.19104698,0.17587427,0.15690016,0.13093862,0.06785078,,,,,,,,0.06119856
100800,0.24092538,0.24019374,0.23799262,0.23430230,0.22908571,0.22228092,0.21378709,0.20343805,0.19094827,0.17578784,0.15682827,0.13088501,0.06783110,,,,,,,,0.06118048
100860,0.24078258,0.24005163,0.23785258,0.23416569,0.22895390,0.22215528,0.21366902,0.20332898,0.19084972,0.17570155,0.15675649,0.13083148,0.06781147,,,,,,,,0.06116245
100920,0.24064001,0.23990975,0.23771275,0.23402929,0.22882230,0.22202985,0.21355114,0.20322008,0.19075132,0.17561539,0.15668481,0.13077802,0.06779186,,,,,,,,0.06114446
100980,0.24049767,0.23976809,0.23757315,0.23389311,0.22869091,0.22190461,0.21343344,0.20311135,0.19065308,0.17552937,0.15661324,0.13072464,0.06777230,,,,,,,,0.06112651
101040,0.24035557,0.23962668,0.23743379,0.23375716,0.22855974,0.22177959,0.21331594,0.20300279,0.19055498,0.17544347,0.15654178,0.13067134,0.06775277,,,,,,,,0.06110861
101100,0.24021371,0.23948550,0.23729465,0.23362144,0.22842878,0.22165476,0.21319862,0.20289441,0.19045705,0.17535771,0.15647043,0.13061812,0.06773328,,,,,,,,0.06109074
101160,0.24007209,0.23934455,0.23715575,0.23348594,0.22829804,0.22153014,0.21308150,0.20278620,0.19035927,0.17527209,0.15639919,0.13056497,0.06771383,,,,,,,,0.06107292
101220,0.23993070,0.23920385,0.23701708,0.23335067,0.22816752,0.22140573,0.21296457,0.20267816,0.19026164,0.17518659,0.15632805,0.13051190,0.06769441,,,,,,,,0.06105515
101280,0.23978955,0.23906337,0.23687865,0.23321562,0.22803721,0.22128152,0.21284783,0.20257030,0.19016417,0.17510123,0.15625702,0.13045891,0.06767504,,,,,,,,0.06103741
101340,0.23964863,0.23892313,0.23674044,0.23308079,0.22790712,0.22115751,0.21273127,0.20246261,0.19006685,0.17501600,0.15618610,0.13040600,0.06765569,,,,,,,,0.06101971
101400,0.23950795,0.23878313,0.23660246,0.23294619,0.22777724,0.22103370,0.21261491,0.20235510,0.18996969,0.17493091,0.15611529,0.13035317,0.06763639,,,,,,,,0.06100206
101460,0.23936750,0.23864336,0.23646471,0.23281181,0.22764757,0.22091010,0.21249873,0.20224775,0.18987268,0.17484594,0.15604458,0.13030041,0.06761712,,,,,,,,0.06098445
101520,0.23922729,0.23850382,0.23632719,0.23267765,0.22751812,0.22078670,0.21238274,0.20214058,0.18977582,0.17476111,0.15597398,0.13024773,0.06759789,,,,,,,,0.06096688
101580,0.23908731,0.23836451,0.23618990,0.23254372,0.22738888,0.22066350,0.21226694,0.20203358,0.18967911,0.17467640,0.15590349,0.13019512,0.06757869,,,,,,,,0.06094935
101640,0.23894756,0.23822543,0.23605283,0.23241000,0.22725986,0.22054050,0.21215133,0.20192675,0.18958256,0.17459183,0.15583310,0.13014259,0.06755953,,,,,,,,0.06093186
101700,0.23880805,0.23808659,0.23591600,0.23227651,0.22713104,0.22041770,0.21203590,0.20182009,0.18948616,0.17450739,0.15576282,0.13009014,0.06754041,,,,,,,,0.06091441
101760,0.23866876,0.23794797,0.23577938,0.23214323,0.22700244,0.22029510,0.21192066,0.20171360,0.18938990,0.17442308,0.15569264,0.13003777,0.06752132,,,,,,,,0.06089701
101820,0.23852971,0.23780959,0.23564300,0.23201018,0.22687404,0.22017270,0.21180560,0.20160727,0.18929380,0.17433889,0.15562257,0.12998547,0.06750227,,,,,,,,0.06087964
101880,0.23839089,0.23767143,0.23550684,0.23187734,0.22674586,0.22005050,0.21169073,0.20150112,0.18919786,0.17425484,0.15555261,0.12993325,0.06748325,,,,,,,,0.06086232
101940,0.23825230,0.23753350,0.23537090,0.23174473,0.22661789,0.21992850,0.21157605,0.20139514,0.18910206,0.17417092,0.15548275,0.12988110,0.06746427,,,,,,,,0.06084503
102000,0.23811394,0.23739580,0.23523519,0.23161233,0.22649012,0.21980670,0.21146154,0.20128932,0.18900641,0.17408712,0.15541299,0.12982903,0.06744533,,,,,,,,0.06082779
102060,0.23797580,0.23725833,0.23509971,0.23148015,0.22636257,0.21968509,0.21134723,0.20118368,0.18891091,0.17400346,0.15534334,0.12977703,0.06742642,,,,,,,,0.06081059
102120,0.23783790,0.23712109,0.23496444,0.23134818,0.22623522,0.21956368,0.21123309,0.20107820,0.18881556,0.17391992,0.15527379,0.12972511,0.06740754,,,,,,,,0.06079343
102180,0.23770022,0.23698407,0.23482940,0.23121643,0.22610808,0.21944247,0.21111914,0.20097289,0.18872036,0.17383651,0.15520435,0.12967326,0.06738871,,,,,,,,0.06077630
102240,0.23756277,0.23684727,0.23469458,0.23108490,0.22598114,0.21932145,0.21100537,0.20086774,0.18862530,0.17375323,0.15513501,0.12962149,0.06736990,,,,,,,,0.06075922
102300,0.23742554,0.23671071,0.23455998,0.23095358,0.22585442,0.21920063,0.21089179,0.20076276,0.18853040,0.17367008,0.15506577,0.12956980,0.06735114,,,,,,,,0.06074218
102360,0.23728854,0.23657436,0.23442561,0.23082248,0.22572790,0.21908000,0.21077838,0.20065795,0.18843564,0.17358705,0.15499664,0.12951817,0.06733240,,,,,,,,0.06072517
102420,0.23715177,0.23643825,0.23429145,0.23069159,0.22560158,0.21895957,0.21066516,0.20055330,0.18834104,0.17350415,0.15492761,0.12946663,0.06731370,,,,,,,,0.06070821
102480,0.23701522,0.23630235,0.23415751,0.23056092,0.22547548,0.21883933,0.21055212,0.20044882,0.18824657,0.17342138,0.15485869,0.12941515,0.06729504,,,,,,,,0.06069129
102540,0.23687890,0.23616668,0.23402380,0.23043046,0.22534957,0.21871929,0.21043925,0.20034450,0.18815226,0.17333873,0.15478986,0.12936376,0.06727641,,,,,,,,0.06067440
102600,0.23674280,0.23603123,0.23389030,0.23030021,0.22522387,0.21859944,0.21032657,0.20024035,0.18805809,0.17325621,0.15472114,0.12931243,0.06725782,,,,,,,,0.06065755
102660,0.23660694,0.23589602,0.23375704,0.23017019,0.22509839,0.21847980,0.21021409,0.20013638,0.18796408,0.17317382,0.15465253,0.12926119,0.06723926,,,,,,,,0.06064075
102720,0.23647130,0.23576102,0.23362398,0.23004038,0.22497310,0.21836034,0.21010177,0.20003256,0.18787021,0.17309156,0.15458402,0.12921001,0.06722074,,,,,,,,0.06062398
102780,0.23633586,0.23562624,0.23349114,0.22991076,0.22484801,0.21824107,0.20998962,0.19992889,0.18777648,0.17300941,0.15451560,0.12915891,0.06720225,,,,,,,,0.06060725
102840,0.23620065,0.23549167,0.23335851,0.22978136,0.22472312,0.21812198,0.20987766,0.19982540,0.18768289,0.17292739,0.15444729,0.12910788,0.06718379,,,,,,,,0.06059056
102900,0.23606567,0.23535733,0.23322610,0.22965217,0.22459844,0.21800309,0.20976587,0.19972206,0.18758945,0.17284550,0.15437907,0.12905692,0.06716537,,,,,,,,0.06057391
102960,0.23593090,0.23522321,0.23309390,0.22952319,0.22447395,0.21788439,0.20965426,0.19961889,0.18749615,0.17276372,0.15431096,0.12900603,0.06714698,,,,,,,,0.06055730
103020,0.23579635,0.23508930,0.23296192,0.22939441,0.22434967,0.21776588,0.20954283,0.19951587,0.18740300,0.17268208,0.15424295,0.12895522,0.06712863,,,,,,,,0.06054073
103080,0.23566202,0.23495561,0.23283016,0.22926585,0.22422558,0.21764756,0.20943157,0.19941302,0.18730999,0.17260055,0.15417504,0.12890448,0.06711031,,,,,,,,0.06052419
103140,0.23552791,0.23482214,0.23269861,0.22913749,0.22410170,0.21752943,0.20932049,0.19931033,0.18721713,0.17251915,0.15410723,0.12885382,0.06709202,,,,,,,,0.06050769
103200,0.23539402,0.23468889,0.23256727,0.22900935,0.22397802,0.21741149,0.20920958,0.19920780,0.18712441,0.17243788,0.15403952,0.12880322,0.06707377,,,,,,,,0.06049123
103260,0.23526035,0.23455586,0.23243615,0.22888140,0.22385453,0.21729373,0.20909885,0.19910544,0.18703183,0.17235672,0.15397191,0.12875270,0.06705555,,,,,,,,0.06047481
103320,0.23512690,0.23442304,0.23230523,0.22875367,0.22373124,0.21717617,0.20898830,0.19900323,0.18693939,0.17227569,0.15390440,0.12870225,0.06703736,,,,,,,,0.06045843
103380,0.23499366,0.23429043,0.23217454,0.22862614,0.22360815,0.21705879,0.20887792,0.19890118,0.18684710,0.17219478,0.15383699,0.12865187,0.06701921,,,,,,,,0.06044208
103440,0.23486064,0.23415805,0.23204405,0.22849882,0.22348526,0.21694160,0.20876772,0.19879929,0.18675495,0.17211400,0.15376968,0.12860157,0.06700109,,,,,,,,0.06042577
103500,0.23472783,0.23402587,0.23191377,0.22837170,0.22336257,0.21682459,0.20865768,0.19869756,0.18666294,0.17203333,0.15370247,0.12855133,0.06698301,,,,,,,,0.06040950
103560,0.23459524,0.23389391,0.23178371,0.22824479,0.22324007,0.21670777,0.20854783,0.19859598,0.18657107,0.17195279,0.15363535,0.12850117,0.06696495,,,,,,,,0.06039327
103620,0.23446286,0.23376217,0.23165385,0.22811808,0.22311777,0.21659114,0.20843814,0.19849457,0.18647934,0.17187237,0.15356834,0.12845108,0.06694693,,,,,,,,0.06037707
103680,0.23433070,0.23363064,0.23152420,0.22799158,0.22299566,0.21647469,0.20832863,0.19839331,0.18638775,0.17179206,0.15350142,0.12840106,0.06692895,,,,,,,,0.06036091
103740,0.23419876,0.23349932,0.23139477,0.22786528,0.22287375,0.21635843,0.20821929,0.19829221,0.18629630,0.17171188,0.15343460,0.12835111,0.06691099,,,,,,,,0.06034479
103800,0.23406702,0.23336821,0.23126554,0.22773918,0.22275203,0.21624235,0.20811012,0.19819127,0.18620499,0.17163182,0.15336788,0.12830123,0.06689307,,,,,,,,0.06032871
103860,0.23393550,0.23323732,0.23113652,0.22761329,0.22263051,0.21612645,0.20800112,0.19809048,0.18611383,0.17155188,0.15330126,0.12825142,0.06687518,,,,,,,,0.06031266
103920,0.23380419,0.23310663,0.23100771,0.22748759,0.22250918,0.21601074,0.20789230,0.19798986,0.18602280,0.17147206,0.15323473,0.12820168,0.06685733,,,,,,,,0.06029665
103980,0.23367310,0.23297616,0.23087910,0.22736210,0.22238805,0.21589521,0.20778364,0.19788938,0.18593191,0.17139236,0.15316830,0.12815201,0.06683950,,,,,,,,0.06028067
104040,0.23354221,0.23284590,0.23075071,0.22723681,0.22226711,0.21577987,0.20767516,0.19778906,0.18584116,0.17131278,0.15310197,0.12810241,0.06682171,,,,,,,,0.06026473
104100,0.23341154,0.23271584,0.23062251,0.22711172,0.22214636,0.21566471,0.20756684,0.19768890,0.18575054,0.17123332,0.15303574,0.12805289,0.06680395,,,,,,,,0.06024883
104160,0.23328107,0.23258600,0.23049453,0.22698683,0.22202580,0.21554972,0.20745870,0.19758889,0.18566007,0.17115398,0.15296960,0.12800343,0.06678623,,,,,,,,0.06023297
104220,0.23315082,0.23245636,0.23036675,0.22686214,0.22190543,0.21543492,0.20735072,0.19748904,0.18556973,0.17107475,0.15290356,0.12795404,0.06676853,,,,,,,,0.06021714
104280,0.23302078,0.23232693,0.23023917,0.22673765,0.22178526,0.21532030,0.20724291,0.19738934,0.18547953,0.17099565,0.15283761,0.12790472,0.06675087,,,,,,,,0.06020134
104340,0.23289094,0.23219772,0.23011180,0.22661335,0.22166528,0.21520587,0.20713527,0.19728979,0.18538947,0.17091666,0.15277176,0.12785547,0.06673324,,,,,,,,0.06018559
104400,0.23276131,0.23206870,0.22998463,0.22648926,0.22154548,0.21509161,0.20702780,0.19719040,0.18529954,0.17083779,0.15270601,0.12780629,0.06671564,,,,,,,,0.06016986
104460,0.23263191,0.23193987,0.22985753,0.22636503,0.22142526,0.21497654,0.20691902,0.19708908,0.18520687,0.17075504,0.15263463,0.12774776,0.06661276,,,,,,,,0.06015434
104520,0.23250269,0.23181123,0.22973061,0.22624097,0.22130521,0.21486163,0.20681040,0.19698789,0.18511432,0.17067241,0.15256335,0.12768931,0.06651000,,,,,,,,0.06013891
104580,0.23237367,0.23168278,0.22960388,0.22611710,0.22118534,0.21474690,0.20670194,0.19688686,0.18502191,0.17058990,0.15249217,0.12763093,0.06640735,,,,,,,,0.06012353
104640,0.23224484,0.23155453,0.22947734,0.22599342,0.22106565,0.21463233,0.20659364,0.19678597,0.18492963,0.17050750,0.15242108,0.12757261,0.06630223,,,,,,,,0.06010820
104700,0.23211622,0.23142648,0.22935100,0.22586993,0.22094615,0.21451794,0.20648550,0.19668523,0.18483748,0.17042521,0.15235009,0.12751436,0.06619216,,,,,,,,0.06009290
104760,0.23198779,0.23129862,0.22922485,0.22574663,0.22082683,0.21440373,0.20637752,0.19658464,0.18474546,0.17034305,0.15227919,0.12745619,0.06608219,,,,,,,,0.06007764
104820,0.23185956,0.23117096,0.22909890,0.22562352,0.22070768,0.21428968,0.20626970,0.19648420,0.18465358,0.17026100,0.15220839,0.12739809,0.06597231,,,,,,,,0.06006242
104880,0.23173153,0.23104350,0.22897314,0.22550060,0.22058872,0.21417581,0.20616205,0.19638391,0.18456184,0.17017907,0.15213769,0.12734007,0.06586252,,,,,,,,0.06004724
104940,0.23160370,0.23091623,0.22884758,0.22537786,0.22046994,0.21406211,0.20605456,0.19628377,0.18447022,0.17009725,0.15206709,0.12728212,0.06575282,,,,,,,,0.06003209
105000,0.23147606,0.23078916,0.22872220,0.22525531,0.22035135,0.21394859,0.20594723,0.19618377,0.18437874,0.17001555,0.15199659,0.12722426,0.06564321,,,,,,,,0.06001697
105060,0.23134862,0.23066228,0.22859702,0.22513295,0.22023293,0.21383523,0.20584005,0.19608392,0.18428740,0.16993397,0.15192618,0.12716646,0.06553369,,,,,,,,0.06000189
105120,0.23122138,0.23053560,0.22847203,0.22501078,0.22011469,0.21372204,0.20573304,0.19598422,0.18419618,0.16985251,0.15185587,0.12710875,0.06542426,,,,,,,,0.05998684
105180,0.23109433,0.23040912,0.22834723,0.22488879,0.21999663,0.21360903,0.20562619,0.19588466,0.18410510,0.16977116,0.15178566,0.12705111,0.06531491,,,,,,,,0.05997183
105240,0.23096747,0.23028282,0.22822263,0.22476699,0.21987875,0.21349618,0.20551950,0.19578526,0.18401415,0.16968992,0.15171555,0.12699354,0.06520566,,,,,,,,0.05995685
105300,0.23084081,0.23015673,0.22809821,0.22464537,0.21976105,0.21338351,0.20541296,0.19568600,0.18392334,0.16960880,0.15164553,0.12693606,0.06509650,,,,,,,,0.05994190
105360,0.23071435,0.23003082,0.22797398,0.22452394,0.21964352,0.21327100,0.20530659,0.19558688,0.18383265,0.16952780,0.15157561,0.12687864,0.06498742,,,,,,,,0.05992699
105420,0.23058807,0.22990511,0.22784994,0.22440269,0.21952618,0.21315866,0.20520037,0.19548791,0.18374209,0.16944691,0.15150578,0.12682131,0.06487844,,,,,,,,0.05991211
105480,0.23046199,0.22977958,0.22772610,0.22428163,0.21940901,0.21304649,0.20509431,0.19538908,0.18365167,0.16936613,0.15143605,0.12676404,0.06476729,,,,,,,,0.05989726
105540,0.23033611,0.22965425,0.22760244,0.22416075,0.21929201,0.21293449,0.20498841,0.19529041,0.18356138,0.16928547,0.15136642,0.12670686,0.06464899,,,,,,,,0.05988245
105600,0.23021041,0.22952912,0.22747897,0.22404005,0.21917520,0.21282266,0.20488266,0.19519187,0.18347121,0.16920493,0.15129688,0.12664972,0.06453078,,,,,,,,0.05986767
105660,0.23008491,0.22940417,0.22735568,0.22391954,0.21905856,0.21271099,0.20477707,0.19509348,0.18338118,0.16912449,0.15122744,0.12659266,0.06441266,,,,,,,,0.05985292
105720,0.22995960,0.22927941,0.22723259,0.22379921,0.21894209,0.21259949,0.20467164,0.19499523,0.18329128,0.16904417,0.15115808,0.12653567,0.06429463,,,,,,,,0.05983821
105780,0.22983448,0.22915484,0.22710968,0.22367906,0.21882581,0.21248816,0.20456636,0.19489713,0.18320150,0.16896397,0.15108882,0.12647876,0.06417670,,,,,,,,0.05982352
105840,0.22970955,0.22903047,0.22698696,0.22355910,0.21870969,0.21237699,0.20446124,0.19479917,0.18311186,0.16888387,0.15101966,0.12642192,0.06405885,,,,,,,,0.05980887
105900,0.22958481,0.22890628,0.22686442,0.22343931,0.21859375,0.21226599,0.20435628,0.19470135,0.18302234,0.16880389,0.15095059,0.12636515,0.06394110,,,,,,,,0.05979425
105960,0.22946026,0.22878228,0.22674207,0.22331971,0.21847799,0.21215516,0.20425147,0.19460368,0.18293295,0.16872401,0.15088161,0.12630846,0.06382344,,,,,,,,0.05977967
106020,0.22933590,0.22865847,0.22661990,0.22320029,0.21836240,0.21204449,0.20414681,0.19450615,0.18284369,0.16864426,0.15081273,0.12625185,0.06370587,,,,,,,,0.05976511
106080,0.22921172,0.22853484,0.22649792,0.22308104,0.21824698,0.21193398,0.20404231,0.19440876,0.18275456,0.16856461,0.15074394,0.12619530,0.06358840,,,,,,,,0.05975059
106140,0.22908774,0.22841141,0.22637613,0.22296198,0.21813174,0.21182364,0.20393797,0.19431151,0.18266555,0.16848508,0.15067525,0.12613883,0.06347101,,,,,,,,0.05973610
106200,0.22896395,0.22828816,0.22625452,0.22284309,0.21801666,0.21171347,0.20383377,0.19421440,0.18257667,0.16840565,0.15060665,0.12608244,0.06335372,,,,,,,,0.05972164
106260,0.22884036,0.22816515,0.22613326,0.22272475,0.21790240,0.21160445,0.20373120,0.19411950,0.18249078,0.16833028,0.15054378,0.12603544,0.06333809,,,,,,,,0.05970705
106320,0.22871695,0.22804233,0.22601218,0.22260658,0.21778830,0.21149560,0.20362877,0.19402474,0.18240500,0.16825500,0.15048100,0.12598850,0.06332244,,,,,,,,0.05969245
106380,0.22859374,0.22791969,0.22589129,0.22248859,0.21767437,0.21138690,0.20352650,0.19393011,0.18231934,0.16817984,0.15041831,0.12594162,0.06330680,,,,,,,,0.05967785
106440,0.22847071,0.22779725,0.22577058,0.22237078,0.21756062,0.21127838,0.20342438,0.19383563,0.18223381,0.16810478,0.15035571,0.12589481,0.06329118,,,,,,,,0.05966329
106500,0.22834788,0.22767500,0.22565007,0.22225316,0.21744705,0.21117002,0.20332242,0.19374129,0.18214841,0.16802984,0.15029319,0.12584806,0.06327559,,,,,,,,0.05964874
106560,0.22822524,0.22755293,0.22552974,0.22213571,0.21733365,0.21106182,0.20322061,0.19364709,0.18206314,0.16795500,0.15023076,0.12580138,0.06326002,,,,,,,,0.05963423
106620,0.22810279,0.22743106,0.22540960,0.22201846,0.21722043,0.21095379,0.20311896,0.19355303,0.18197799,0.16788027,0.15016842,0.12575476,0.06324448,,,,,,,,0.05961975
106680,0.22798054,0.22730938,0.22528964,0.22190138,0.21710738,0.21084593,0.20301746,0.19345912,0.18189297,0.16780565,0.15010617,0.12570821,0.06322897,,,,,,,,0.05960530
106740,0.22785847,0.22718789,0.22516988,0.22178448,0.21699450,0.21073823,0.20291611,0.19336534,0.18180807,0.16773114,0.15004401,0.12566171,0.06321348,,,,,,,,0.05959087
106800,0.22773660,0.22706659,0.22505029,0.22166777,0.21688180,0.21063070,0.20281492,0.19327170,0.18172330,0.16765673,0.14998194,0.12561529,0.06319802,,,,,,,,0.05957648
106860,0.22761491,0.22694548,0.22493090,0.22155123,0.21676927,0.21052333,0.20271388,0.19317821,0.18163865,0.16758244,0.14991995,0.12556892,0.06318259,,,,,,,,0.05956212
106920,0.22749342,0.22682456,0.22481169,0.22143488,0.21665692,0.21041613,0.20261300,0.19308485,0.18155413,0.16750825,0.14985805,0.12552262,0.06316719,,,,,,,,0.05954779
106980,0.22737211,0.22670382,0.22469267,0.22131871,0.21654474,0.21030909,0.20251226,0.19299164,0.18146973,0.16743417,0.14979624,0.12547638,0.06315182,,,,,,,,0.05953349
107040,0.22725100,0.22658327,0.22457383,0.22120271,0.21643273,0.21020221,0.20241168,0.19289856,0.18138546,0.16736019,0.14973452,0.12543021,0.06313648,,,,,,,,0.05951922
107100,0.22713007,0.22646291,0.22445517,0.22108690,0.21632089,0.21009550,0.20231125,0.19280562,0.18130131,0.16728632,0.14967288,0.12538410,0.06312116,,,,,,,,0.05950499
107160,0.22700933,0.22634274,0.22433670,0.22097126,0.21620923,0.20998895,0.20221098,0.19271283,0.18121728,0.16721256,0.14961133,0.12533805,0.06310588,,,,,,,,0.05949078
107220,0.22688877,0.22622275,0.22421841,0.22085580,0.21609773,0.20988256,0.20211085,0.19262017,0.18113338,0.16713891,0.14954987,0.12529206,0.06309062,,,,,,,,0.05947661
107280,0.22676841,0.22610295,0.22410030,0.22074052,0.21598641,0.20977633,0.20201088,0.19252764,0.18104960,0.16706536,0.14948849,0.12524614,0.06307539,,,,,,,,0.05946246
107340,0.22664823,0.22598333,0.22398238,0.22062542,0.21587526,0.20967026,0.20191105,0.19243526,0.18096595,0.16699192,0.14942720,0.12520027,0.06306019,,,,,,,,0.05944835
107400,0.22652823,0.22586390,0.22386464,0.22051049,0.21576428,0.20956436,0.20181138,0.19234301,0.18088241,0.16691858,0.14936599,0.12515447,0.06304501,,,,,,,,0.05943426
107460,0.22640842,0.22574466,0.22374708,0.22039575,0.21565346,0.20945861,0.20171185,0.19225090,0.18079900,0.16684535,0.14930487,0.12510874,0.06302987,,,,,,,,0.05942021
107520,0.22628880,0.22562560,0.22362970,0.22028117,0.21554282,0.20935303,0.20161248,0.19215893,0.18071572,0.16677222,0.14924384,0.12506306,0.06301475,,,,,,,,0.05940619
107580,0.22616936,0.22550672,0.22351250,0.22016678,0.21543235,0.20924761,0.20151325,0.19206709,0.18063255,0.16669920,0.14918289,0.12501745,0.06299967,,,,,,,,0.05939220
107640,0.22605011,0.22538802,0.22339549,0.22005255,0.21532204,0.20914234,0.20141418,0.19197539,0.18054950,0.16662628,0.14912203,0.12497190,0.06298461,,,,,,,,0.05937824
107700,0.22593104,0.22526951,0.22327865,0.21993851,0.21521190,0.20903724,0.20131525,0.19188383,0.18046658,0.16655347,0.14906125,0.12492640,0.06296958,,,,,,,,0.05936431
107760,0.22581215,0.22515118,0.22316199,0.21982464,0.21510193,0.20893229,0.20121647,0.19179240,0.18038378,0.16648076,0.14900056,0.12488097,0.06295457,,,,,,,,0.05935041
107820,0.22569345,0.22503304,0.22304551,0.21971094,0.21499213,0.20882750,0.20111784,0.19170110,0.18030109,0.16640816,0.14893996,0.12483561,0.06293960,,,,,,,,0.05933654
107880,0.22557493,0.22491507,0.22292922,0.21959742,0.21488249,0.20872287,0.20101935,0.19160994,0.18021853,0.16633566,0.14887943,0.12479030,0.06292465,,,,,,,,0.05932270
107940,0.22545659,0.22479729,0.22281309,0.21948407,0.21477302,0.20861840,0.20092102,0.19151892,0.18013609,0.16626326,0.14881900,0.12474505,0.06290973,,,,,,,,0.05930889
108000,0.22533844,0.22467969,0.22269715,0.21937089,0.21466372,0.20851409,0.20082283,0.19142803,0.18005377,0.16619097,0.14875864,0.12469987,0.06289484,,,,,,,,0.05929512
108060,0.22522048,0.22456228,0.22258140,0.21925790,0.21455460,0.20840995,0.20072479,0.19133729,0.17997158,0.16611879,0.14869838,0.12465475,0.06287998,,,,,,,,0.05928137
108120,0.22510269,0.22444504,0.22246582,0.21914507,0.21444563,0.20830595,0.20062690,0.19124667,0.17988950,0.16604671,0.14863820,0.12460969,0.06286514,,,,,,,,0.05926765
108180,0.22498508,0.22432798,0.22235041,0.21903241,0.21433682,0.20820211,0.20052915,0.19115618,0.17980754,0.16597473,0.14857809,0.12456468,0.06285033,,,,,,,,0.05925396
108240,0.22486765,0.22421110,0.22223517,0.21891992,0.21422818,0.20809842,0.20043154,0.19106583,0.17972569,0.16590284,0.14851808,0.12451974,0.06283555,,,,,,,,0.05924030
108300,0.22475039,0.22409439,0.22212011,0.21880761,0.21411971,0.20799489,0.20033408,0.19097560,0.17964397,0.16583107,0.14845814,0.12447486,0.06282080,,,,,,,,0.05922667
108360,0.22463332,0.22397787,0.22200523,0.21869546,0.21401139,0.20789151,0.20023677,0.19088551,0.17956236,0.16575939,0.14839829,0.12443004,0.06280607,,,,,,,,0.05921308
108420,0.22451643,0.22386152,0.22189052,0.21858348,0.21390324,0.20778829,0.20013960,0.19079556,0.17948087,0.16568781,0.14833852,0.12438527,0.06279138,,,,,,,,0.05919951
108480,0.22439971,0.22374535,0.22177599,0.21847168,0.21379526,0.20768523,0.20004257,0.19070573,0.17939950,0.16561634,0.14827883,0.12434057,0.06277670,,,,,,,,0.05918596
108540,0.22428317,0.22362936,0.22166163,0.21836004,0.21368743,0.20758232,0.19994569,0.19061604,0.17931825,0.16554497,0.14821923,0.12429593,0.06276206,,,,,,,,0.05917245
108600,0.22416681,0.22351354,0.22154744,0.21824857,0.21357977,0.20747956,0.19984895,0.19052648,0.17923711,0.16547370,0.14815971,0.12425135,0.06274744,,,,,,,,0.05915897
108660,0.22405063,0.22339790,0.22143343,0.21813727,0.21347227,0.20737695,0.19975235,0.19043705,0.17915609,0.16540253,0.14810027,0.12420682,0.06273286,,,,,,,,0.05914552
108720,0.22393463,0.22328244,0.22131959,0.21802614,0.21336494,0.20727450,0.19965590,0.19034775,0.17907519,0.16533146,0.14804091,0.12416236,0.06271829,,,,,,,,0.05913210
108780,0.22381880,0.22316715,0.22120593,0.21791518,0.21325776,0.20717221,0.19955959,0.19025858,0.17899440,0.16526049,0.14798164,0.12411795,0.06270376,,,,,,,,0.05911870
108840,0.22370315,0.22305204,0.22109244,0.21780439,0.21315075,0.20707006,0.19946342,0.19016954,0.17891373,0.16518962,0.14792245,0.12407361,0.06268925,,,,,,,,0.05910534
108900,0.22358767,0.22293710,0.22097912,0.21769376,0.21304389,0.20696807,0.19936740,0.19008063,0.17883318,0.16511886,0.14786334,0.12402932,0.06267477,,,,,,,,0.05909200
108960,0.22347237,0.22282234,0.22086597,0.21758330,0.21293720,0.20686623,0.19927152,0.18999185,0.17875275,0.16504819,0.14780431,0.12398509,0.06266031,,,,,,,,0.05907869
109020,0.22335725,0.22270775,0.22075299,0.21747301,0.21283067,0.20676454,0.19917577,0.18990320,0.17867242,0.16497762,0.14774536,0.12394092,0.06264588,,,,,,,,0.05906541
109080,0.22324230,0.22259334,0.22064018,0.21736288,0.21272429,0.20666300,0.19908017,0.18981468,0.17859222,0.16490715,0.14768649,0.12389681,0.06263148,,,,,,,,0.05905217
109140,0.22312752,0.22247910,0.22052755,0.21725292,0.21261808,0.20656161,0.19898471,0.18972629,0.17851213,0.16483678,0.14762770,0.12385276,0.06261711,,,,,,,,0.05903894
109200,0.22301292,0.22236503,0.22041508,0.21714312,0.21251203,0.20646038,0.19888939,0.18963803,0.17843215,0.16476651,0.14756900,0.12380877,0.06260276,,,,,,,,0.05902575
109260,0.22289849,0.22225113,0.22030278,0.21703349,0.21240613,0.20635929,0.19879422,0.18954990,0.17835229,0.16469634,0.14751037,0.12376484,0.06258844,,,,,,,,0.05901259
109320,0.22278423,0.22213741,0.22019066,0.21692403,0.21230039,0.20625836,0.19869918,0.18946189,0.17827254,0.16462627,0.14745183,0.12372096,0.06257414,,,,,,,,0.05899945
109380,0.22267015,0.22202386,0.22007870,0.21681472,0.21219481,0.20615757,0.19860428,0.18937401,0.17819291,0.16455630,0.14739336,0.12367714,0.06255987,,,,,,,,0.05898634
109440,0.22255624,0.22191048,0.21996691,0.21670559,0.21208939,0.20605693,0.19850952,0.18928626,0.17811339,0.16448642,0.14733498,0.12363338,0.06254563,,,,,,,,0.05897326
109500,0.22244250,0.22179727,0.21985529,0.21659661,0.21198412,0.20595645,0.19841490,0.18919864,0.17803399,0.16441664,0.14727668,0.12358968,0.06253141,,,,,,,,0.05896021
109560,0.22232893,0.22168423,0.21974383,0.21648780,0.21187901,0.20585611,0.19832041,0.18911114,0.17795469,0.16434696,0.14721845,0.12354603,0.06251722,,,,,,,,0.05894719
109620,0.22221554,0.22157136,0.21963255,0.21637915,0.21177406,0.20575592,0.19822607,0.18902377,0.17787552,0.16427738,0.14716031,0.12350245,0.06250306,,,,,,,,0.05893419
109680,0.22210231,0.22145866,0.21952143,0.21627067,0.21166927,0.20565588,0.19813186,0.18893653,0.17779645,0.16420790,0.14710224,0.12345892,0.06248892,,,,,,,,0.05892123
109740,0.22198925,0.22134613,0.21941048,0.21616235,0.21156463,0.20555598,0.19803779,0.18884941,0.17771750,0.16413851,0.14704426,0.12341544,0.06247481,,,,,,,,0.05890829
109800,0.22187637,0.22123377,0.21929969,0.21605419,0.21146014,0.20545623,0.19794386,0.18876242,0.17763866,0.16406922,0.14698635,0.12337203,0.06246072,,,,,,,,0.05889538
109860,0.22176367,0.22112160,0.21918909,0.21594620,0.21135583,0.20535665,0.19785008,0.18867557,0.17755994,0.16400003,0.14692853,0.12332868,0.06244666,,,,,,,,0.05888249
109920,0.22165113,0.22100958,0.21907864,0.21583837,0.21125166,0.20525720,0.19775643,0.18858883,0.17748133,0.16393094,0.14687078,0.12328538,0.06243262,,,,,,,,0.05886964
109980,0.22153875,0.22089772,0.21896835,0.21573069,0.21114764,0.20515789,0.19766291,0.18850221,0.17740282,0.16386194,0.14681311,0.12324213,0.06241861,,,,,,,,0.05885681
110040,0.22142654,0.22078604,0.21885822,0.21562317,0.21104377,0.20505873,0.19756953,0.18841572,0.17732443,0.16379303,0.14675552,0.12319895,0.06240463,,,,,,,,0.05884401
110100,0.22131450,0.22067452,0.21874827,0.21551581,0.21094006,0.20495971,0.19747628,0.18832936,0.17724615,0.16372423,0.14669800,0.12315582,0.06239067,,,,,,,,0.05883123
110160,0.22120263,0.22056316,0.21863847,0.21540862,0.21083650,0.20486084,0.19738317,0.18824312,0.17716797,0.16365551,0.14664057,0.12311274,0.06237674,,,,,,,,0.05881849
110220,0.22109093,0.22045198,0.21852884,0.21530158,0.21073309,0.20476212,0.19729019,0.18815700,0.17708991,0.16358690,0.14658321,0.12306973,0.06236283,,,,,,,,0.05880577
110280,0.22097939,0.22034095,0.21841937,0.21519470,0.21062984,0.20466354,0.19719735,0.18807100,0.17701197,0.16351837,0.14652593,0.12302677,0.06234895,,,,,,,,0.05879308
110340,0.22086802,0.22023010,0.21831007,0.21508798,0.21052674,0.20456510,0.19710464,0.18798513,0.17693413,0.16344995,0.14646873,0.12298386,0.06233509,,,,,,,,0.05878041
110400,0.22075681,0.22011941,0.21820092,0.21498141,0.21042379,0.20446681,0.19701207,0.18789939,0.17685640,0.16338162,0.14641160,0.12294101,0.06232126,,,,,,,,0.05876777
110460,0.22064577,0.22000889,0.21809194,0.21487501,0.21032100,0.20436866,0.19691963,0.18781376,0.17677878,0.16331338,0.14635456,0.12289822,0.06230745,,,,,,,,0.05875516
110520,0.22053490,0.21989853,0.21798313,0.21476876,0.21021835,0.20427066,0.19682733,0.18772826,0.17670127,0.16324524,0.14629759,0.12285548,0.06229367,,,,,,,,0.05874258
110580,0.22042419,0.21978833,0.21787447,0.21466267,0.21011586,0.20417280,0.19673516,0.18764288,0.17662387,0.16317719,0.14624069,0.12281280,0.06227991,,,,,,,,0.05873002
110640,0.22031365,0.21967830,0.21776598,0.21455674,0.21001351,0.20407508,0.19664312,0.18755762,0.17654658,0.16310924,0.14618388,0.12277018,0.06226618,,,,,,,,0.05871749
110700,0.22020327,0.21956843,0.21765764,0.21445096,0.20991132,0.20397751,0.19655122,0.18747249,0.17646939,0.16304138,0.14612714,0.12272761,0.06225247,,,,,,,,0.05870498
110760,0.22009305,0.21945873,0.21754947,0.21434534,0.20980928,0.20388007,0.19645945,0.18738748,0.17639232,0.16297361,0.14607047,0.12268510,0.06223879,,,,,,,,0.05869251
110820,0.21998300,0.21934919,0.21744146,0.21423988,0.20970738,0.20378278,0.19636781,0.18730258,0.17631535,0.16290594,0.14601389,0.12264264,0.06222513,,,,,,,,0.05868005
110880,0.21987311,0.21923981,0.21733360,0.21413457,0.20960564,0.20368563,0.19627631,0.18721781,0.17623850,0.16283836,0.14595738,0.12260023,0.06221149,,,,,,,,0.05866763
110940,0.21976339,0.21913059,0.21722591,0.21402942,0.20950405,0.20358863,0.19618493,0.18713316,0.17616175,0.16277087,0.14590094,0.12255789,0.06219789,,,,,,,,0.05865523
111000,0.21965382,0.21902153,0.21711838,0.21392442,0.20940260,0.20349176,0.19609369,0.18704863,0.17608511,0.16270348,0.14584458,0.12251559,0.06218430,,,,,,,,0.05864286
111060,0.21954442,0.21891264,0.21701100,0.21381958,0.20930130,0.20339503,0.19600258,0.18696422,0.17600857,0.16263618,0.14578830,0.12247336,0.06217074,,,,,,,,0.05863051
111120,0.21943519,0.21880391,0.21690378,0.21371489,0.20920016,0.20329845,0.19591160,0.18687993,0.17593215,0.16256897,0.14573209,0.12243117,0.06215721,,,,,,,,0.05861819
111180,0.21932611,0.21869534,0.21679673,0.21361035,0.20909915,0.20320200,0.19582075,0.18679576,0.17585583,0.16250186,0.14567596,0.12238904,0.06214369,,,,,,,,0.05860590
111240,0.21921720,0.21858692,0.21668982,0.21350597,0.20899830,0.20310570,0.19573003,0.18671171,0.17577961,0.16243484,0.14561990,0.12234697,0.06213021,,,,,,,,0.05859363
111300,0.21910844,0.21847867,0.21658308,0.21340174,0.20889760,0.20300953,0.19563944,0.18662778,0.17570351,0.16236790,0.14556392,0.12230495,0.06211674,,,,,,,,0.05858139
111360,0.21899985,0.21837058,0.21647649,0.21329766,0.20879704,0.20291350,0.19554899,0.18654397,0.17562751,0.16230107,0.14550802,0.12226299,0.06210331,,,,,,,,0.05856917
111420,0.21889141,0.21826265,0.21637006,0.21319374,0.20869662,0.20281762,0.19545866,0.18646028,0.17555162,0.16223432,0.14545218,0.12222108,0.06208989,,,,,,,,0.05855698
111480,0.21878314,0.21815487,0.21626379,0.21308996,0.20859636,0.20272187,0.19536846,0.18637670,0.17547583,0.16216766,0.14539643,0.12217922,0.06207650,,,,,,,,0.05854482
111540,0.21867503,0.21804726,0.21615767,0.21298634,0.20849624,0.20262626,0.19527839,0.18629325,0.17540015,0.16210110,0.14534074,0.12213742,0.06206313,,,,,,,,0.05853268
111600,0.21856707,0.21793980,0.21605171,0.21288288,0.20839626,0.20253078,0.19518845,0.18620991,0.17532457,0.16203463,0.14528514,0.12209567,0.06204979,,,,,,,,0.05852057
111660,0.21845929,0.21783252,0.21594592,0.21277957,0.20829644,0.20243546,0.19509865,0.18612670,0.17524911,0.16196825,0.14522961,0.12205398,0.06203647,,,,,,,,0.05850848
111720,0.21835166,0.21772538,0.21584028,0.21267641,0.20819676,0.20234027,0.19500897,0.18604360,0.17517375,0.16190196,0.14517415,0.12201234,0.06202318,,,,,,,,0.05849642
111780,0.21824418,0.21761840,0.21573478,0.21257340,0.20809722,0.20224521,0.19491941,0.18596062,0.17509849,0.16183576,0.14511877,0.12197075,0.06200991,,,,,,,,0.05848438
111840,0.21813685,0.21751157,0.21562944,0.21247053,0.20799783,0.20215029,0.19482998,0.18587775,0.17502333,0.16176965,0.14506345,0.12192922,0.06199666,,,,,,,,0.05847237
111900,0.21802969,0.21740490,0.21552425,0.21236781,0.20789858,0.20205550,0.19474068,0.18579500,0.17494828,0.16170363,0.14500821,0.12188774,0.06198344,,,,,,,,0.05846038
111960,0.21792268,0.21729839,0.21541922,0.21226525,0.20779947,0.20196085,0.19465151,0.18571236,0.17487333,0.16163770,0.14495305,0.12184631,0.06197024,,,,,,,,0.05844842
112020,0.21781583,0.21719203,0.21531433,0.21216283,0.20770050,0.20186633,0.19456246,0.18562984,0.17479848,0.16157186,0.14489796,0.12180494,0.06195706,,,,,,,,0.05843648
112080,0.21770914,0.21708583,0.21520961,0.21206056,0.20760168,0.20177196,0.19447354,0.18554744,0.17472374,0.16150611,0.14484294,0.12176362,0.06194390,,,,,,,,0.05842457
112140,0.21760260,0.21697978,0.21510503,0.21195844,0.20750300,0.20167771,0.19438475,0.18546515,0.17464911,0.16144045,0.14478799,0.12172235,0.06193077,,,,,,,,0.05841269
112200,0.21749622,0.21687389,0.21500061,0.21185647,0.20740447,0.20158360,0.19429608,0.18538298,0.17457457,0.16137488,0.14473312,0.12168114,0.06191767,,,,,,,,0.05840083
112260,0.21738999,0.21676815,0.21489634,0.21175465,0.20730607,0.20148963,0.19420754,0.18530093,0.17450014,0.16130939,0.14467832,0.12163997,0.06190458,,,,,,,,0.05838899
112320,0.21728392,0.21666256,0.21479222,0.21165297,0.20720782,0.20139579,0.19411912,0.18521899,0.17442582,0.16124400,0.14462359,0.12159886,0.06189152,,,,,,,,0.05837718
112380,0.21717800,0.21655713,0.21468825,0.21155144,0.20710971,0.20130209,0.19403083,0.18513716,0.17435159,0.16117869,0.14456894,0.12155781,0.06187848,,,,,,,,0.05836539
112440,0.21707224,0.21645186,0.21458444,0.21145006,0.20701174,0.20120852,0.19394267,0.18505545,0.17427747,0.16111348,0.14451436,0.12151680,0.06186547,,,,,,,,0.05835363
112500,0.21696663,0.21634673,0.21448077,0.21134883,0.20691391,0.20111508,0.19385463,0.18497385,0.17420345,0.16104835,0.14445985,0.12147585,0.06185248,,,,,,,,0.05834189
112560,0.21686117,0.21624176,0.21437726,0.21124774,0.20681622,0.20102178,0.19376671,0.18489237,0.17412953,0.16098331,0.14440541,0.12143495,0.06183951,,,,,,,,0.05833017
112620,0.21675587,0.21613695,0.21427389,0.21114679,0.20671868,0.20092861,0.19367892,0.18481100,0.17405572,0.16091835,0.14435104,0.12139411,0.06182656,,,,,,,,0.05831848
112680,0.21665072,0.21603228,0.21417068,0.21104600,0.20662127,0.20083557,0.19359125,0.18472975,0.17398200,0.16085349,0.14429675,0.12135331,0.06181364,,,,,,,,0.05830682
112740,0.21654572,0.21592777,0.21406761,0.21094535,0.20652400,0.20074266,0.19350371,0.18464860,0.17390839,0.16078871,0.14424252,0.12131257,0.06180074,,,,,,,,0.05829518
112800,0.21644088,0.21582340,0.21396469,0.21084484,0.20642687,0.20064989,0.19341629,0.18456757,0.17383488,0.16072402,0.14418837,0.12127188,0.06178786,,,,,,,,0.05828356
112860,0.21633619,0.21571919,0.21386193,0.21074448,0.20632989,0.20055725,0.19332899,0.18448666,0.17376147,0.16065942,0.14413429,0.12123124,0.06177501,,,,,,,,0.05827197
112920,0.21623165,0.21561513,0.21375931,0.21064426,0.20623304,0.20046474,0.19324182,0.18440586,0.17368816,0.16059490,0.14408028,0.12119065,0.06176218,,,,,,,,0.05826040
112980,0.21612726,0.21551122,0.21365684,0.21054419,0.20613632,0.20037236,0.19315476,0.18432517,0.17361495,0.16053047,0.14402634,0.12115011,0.06174937,,,,,,,,0.05824886
113040,0.21602302,0.21540746,0.21355451,0.21044426,0.20603975,0.20028012,0.19306784,0.18424459,0.17354184,0.16046613,0.14397248,0.12110963,0.06173658,,,,,,,,0.05823734
113100,0.21591893,0.21530385,0.21345234,0.21034447,0.20594332,0.20018800,0.19298103,0.18416412,0.17346883,0.16040187,0.14391868,0.12106919,0.06172382,,,,,,,,0.05822584
113160,0.21581500,0.21520039,0.21335031,0.21024483,0.20584702,0.20009602,0.19289434,0.18408377,0.17339592,0.16033771,0.14386495,0.12102881,0.06171107,,,,,,,,0.05821437
113220,0.21571121,0.21509708,0.21324843,0.21014533,0.20575086,0.20000416,0.19280778,0.18400352,0.17332311,0.16027362,0.14381130,0.12098848,0.06169835,,,,,,,,0.05820292
113280,0.21560757,0.21499392,0.21314669,0.21004598,0.20565484,0.19991244,0.19272134,0.18392339,0.17325040,0.16020963,0.14375771,0.12094820,0.06168566,,,,,,,,0.05819149
113340,0.21550409,0.21489091,0.21304510,0.20994676,0.20555895,0.19982084,0.19263502,0.18384337,0.17317779,0.16014571,0.14370420,0.12090797,0.06167298,,,,,,,,0.05818009
113400,0.21540075,0.21478805,0.21294366,0.20984769,0.20546320,0.19972938,0.19254882,0.18376346,0.17310528,0.16008189,0.14365075,0.12086779,0.06166033,,,,,,,,0.05816871
113460,0.21529757,0.21468534,0.21284238,0.20974877,0.20536760,0.19963805,0.19246275,0.18368367,0.17303288,0.16001816,0.14359738,0.12082767,0.06164770,,,,,,,,0.05815736
113520,0.21519454,0.21458278,0.21274123,0.20964999,0.20527213,0.19954685,0.19237680,0.18360398,0.17296057,0.15995450,0.14354408,0.12078760,0.06163509,,,,,,,,0.05814603
113580,0.21509164,0.21448036,0.21264022,0.20955134,0.20517678,0.19945577,0.19229096,0.18352441,0.17288835,0.15989094,0.14349084,0.12074757,0.06162250,,,,,,,,0.05813472
113640,0.21498890,0.21437808,0.21253936,0.20945283,0.20508158,0.19936482,0.19220524,0.18344494,0.17281623,0.15982745,0.14343768,0.12070759,0.06160994,,,,,,,,0.05812344
113700,0.21488630,0.21427596,0.21243864,0.20935446,0.20498651,0.19927400,0.19211964,0.18336558,0.17274422,0.15976405,0.14338458,0.12066767,0.06159739,,,,,,,,0.05811217
113760,0.21478385,0.21417397,0.21233807,0.20925624,0.20489157,0.19918330,0.19203416,0.18328633,0.17267230,0.15970074,0.14333155,0.12062779,0.06158487,,,,,,,,0.05810094
113820,0.21468155,0.21407214,0.21223764,0.20915815,0.20479677,0.19909274,0.19194880,0.18320719,0.17260047,0.15963750,0.14327859,0.12058797,0.06157237,,,,,,,,0.05808972
113880,0.21457939,0.21397045,0.21213735,0.20906020,0.20470210,0.19900230,0.19186356,0.18312816,0.17252875,0.15957436,0.14322570,0.12054819,0.06155989,,,,,,,,0.05807853
113940,0.21447738,0.21386891,0.21203721,0.20896240,0.20460757,0.19891199,0.19177844,0.18304923,0.17245712,0.15951130,0.14317288,0.12050847,0.06154744,,,,,,,,0.05806736
114000,0.21437551,0.21376751,0.21193721,0.20886473,0.20451317,0.19882180,0.19169343,0.18297042,0.17238559,0.15944832,0.14312013,0.12046879,0.06153500,,,,,,,,0.05805621
114060,0.21427380,0.21366625,0.21183735,0.20876720,0.20441890,0.19873174,0.19160855,0.18289171,0.17231415,0.15938542,0.14306744,0.12042917,0.06152259,,,,,,,,0.05804509
114120,0.21417222,0.21356515,0.21173763,0.20866980,0.20432477,0.19864181,0.19152378,0.18281311,0.17224281,0.15932261,0.14301482,0.12038959,0.06151019,,,,,,,,0.05803399
114180,0.21407079,0.21346418,0.21163806,0.20857255,0.20423076,0.19855200,0.19143913,0.18273462,0.17217157,0.15925988,0.14296228,0.12035007,0.06149782,,,,,,,,0.05802291
114240,0.21396951,0.21336336,0.21153863,0.20847544,0.20413690,0.19846232,0.19135460,0.18265624,0.17210043,0.15919724,0.14290980,0.12031059,0.06148547,,,,,,,,0.05801186
114300,0.21386837,0.21326268,0.21143934,0.20837846,0.20404316,0.19837277,0.19127018,0.18257797,0.17202938,0.15913468,0.14285739,0.12027117,0.06147315,,,,,,,,0.05800083
114360,0.21376738,0.21316215,0.21134019,0.20828162,0.20394956,0.19828333,0.19118588,0.18249980,0.17195843,0.15907220,0.14280504,0.12023179,0.06146084,,,,,,,,0.05798982
114420,0.21366652,0.21306176,0.21124118,0.20818491,0.20385608,0.19819403,0.19110170,0.18242174,0.17188757,0.15900980,0.14275277,0.12019246,0.06144856,,,,,,,,0.05797883
114480,0.21356582,0.21296151,0.21114231,0.20808835,0.20376274,0.19810485,0.19101763,0.18234378,0.17181681,0.15894749,0.14270056,0.12015318,0.06143629,,,,,,,,0.05796786
114540,0.21346525,0.21286140,0.21104358,0.20799192,0.20366953,0.19801579,0.19093368,0.18226594,0.17174614,0.15888526,0.14264842,0.12011395,0.06142405,,,,,,,,0.05795692
114600,0.21336483,0.21276144,0.21094500,0.20789562,0.20357645,0.19792686,0.19084985,0.18218819,0.17167557,0.15882311,0.14259634,0.12007477,0.06141183,,,,,,,,0.05794600
114660,0.21326455,0.21266162,0.21084655,0.20779946,0.20348351,0.19783805,0.19076613,0.18211056,0.17160510,0.15876105,0.14254433,0.12003564,0.06139962,,,,,,,,0.05793510
114720,0.21316441,0.21256194,0.21074824,0.20770344,0.20339069,0.19774937,0.19068253,0.18203303,0.17153471,0.15869906,0.14249239,0.11999655,0.06138744,,,,,,,,0.05792423
114780,0.21306442,0.21246240,0.21065007,0.20760755,0.20329800,0.19766081,0.19059904,0.18195561,0.17146443,0.15863716,0.14244052,0.11995752,0.06137529,,,,,,,,0.05791337
114840,0.21296456,0.21236300,0.21055204,0.20751180,0.20320544,0.19757237,0.19051567,0.18187829,0.17139424,0.15857534,0.14238872,0.11991853,0.06136315,,,,,,,,0.05790254
114900,0.21286485,0.21226374,0.21045414,0.20741618,0.20311301,0.19748405,0.19043241,0.18180108,0.17132414,0.15851360,0.14233698,0.11987959,0.06135103,,,,,,,,0.05789173
114960,0.21276528,0.21216463,0.21035639,0.20732070,0.20302071,0.19739586,0.19034927,0.18172397,0.17125413,0.15845194,0.14228530,0.11984070,0.06133893,,,,,,,,0.05788095
115020,0.21266585,0.21206565,0.21025877,0.20722535,0.20292854,0.19730779,0.19026624,0.18164697,0.17118422,0.15839036,0.14223370,0.11980186,0.06132686,,,,,,,,0.05787018
115080,0.21256656,0.21196681,0.21016129,0.20713013,0.20283650,0.19721984,0.19018333,0.18157007,0.17111441,0.15832887,0.14218216,0.11976307,0.06131480,,,,,,,,0.05785944
115140,0.21246741,0.21186812,0.21006395,0.20703505,0.20274459,0.19713202,0.19010053,0.18149327,0.17104468,0.15826745,0.14213068,0.11972432,0.06130277,,,,,,,,0.05784871
115200,0.21236840,0.21176956,0.20996674,0.20694010,0.20265280,0.19704431,0.19001784,0.18141658,0.17097505,0.15820612,0.14207927,0.11968563,0.06129075,,,,,,,,0.05783801
115260,0.21226955,0.21167115,0.20986969,0.20684530,0.20256116,0.19695674,0.18993528,0.18134001,0.17090552,0.15814487,0.14202794,0.11964698,0.06127876,,,,,,,,0.05782734
115320,0.21217082,0.21157287,0.20977276,0.20675062,0.20246963,0.19686928,0.18985282,0.18126353,0.17083608,0.15808370,0.14197666,0.11960838,0.06126679,,,,,,,,0.05781668
115380,0.21207223,0.21147473,0.20967596,0.20665607,0.20237823,0.19678194,0.18977048,0.18118715,0.17076673,0.15802261,0.14192545,0.11956983,0.06125484,,,,,,,,0.05780605
115440,0.21197378,0.21137673,0.20957930,0.20656165,0.20228695,0.19669472,0.18968824,0.18111088,0.17069747,0.15796159,0.14187430,0.11953132,0.06124290,,,,,,,,0.05779543
115500,0.21187546,0.21127886,0.20948278,0.20646736,0.20219580,0.19660762,0.18960612,0.18103470,0.17062831,0.15790066,0.14182322,0.11949287,0.06123099,,,,,,,,0.05778484
115560,0.21177729,0.21118113,0.20938639,0.20637320,0.20210478,0.19652064,0.18952411,0.18095863,0.17055923,0.15783981,0.14177221,0.11945445,0.06121910,,,,,,,,0.05777427
115620,0.21167925,0.21108354,0.20929013,0.20627918,0.20201389,0.19643378,0.18944221,0.18088267,0.17049025,0.15777903,0.14172126,0.11941609,0.06120723,,,,,,,,0.05776372
115680,0.21158135,0.21098608,0.20919401,0.20618529,0.20192312,0.19634704,0.18936042,0.18080680,0.17042136,0.15771834,0.14167037,0.11937777,0.06119538,,,,,,,,0.05775319
115740,0.21148358,0.21088876,0.20909803,0.20609153,0.20183247,0.19626042,0.18927875,0.18073104,0.17035256,0.15765772,0.14161955,0.11933951,0.06118354,,,,,,,,0.05774268
115800,0.21138596,0.21079158,0.20900218,0.20599789,0.20174196,0.19617391,0.18919719,0.18065538,0.17028385,0.15759718,0.14156880,0.11930128,0.06117173,,,,,,,,0.05773220
115860,0.21128847,0.21069453,0.20890646,0.20590439,0.20165156,0.19608753,0.18911573,0.18057982,0.17021523,0.15753672,0.14151811,0.11926311,0.06115994,,,,,,,,0.05772173
115920,0.21119111,0.21059762,0.20881087,0.20581102,0.20156129,0.19600126,0.18903439,0.18050437,0.17014671,0.15747635,0.14146748,0.11922498,0.06114817,,,,,,,,0.05771129
115980,0.21109390,0.21050085,0.20871542,0.20571778,0.20147115,0.19591512,0.18895316,0.18042901,0.17007827,0.15741604,0.14141692,0.11918690,0.06113642,,,,,,,,0.05770087
116040,0.21099682,0.21040421,0.20862010,0.20562467,0.20138113,0.19582909,0.18887204,0.18035376,0.17000993,0.15735582,0.14136642,0.11914886,0.06112469,,,,,,,,0.05769046
116100,0.21089987,0.21030770,0.20852492,0.20553169,0.20129124,0.19574318,0.18879103,0.18027861,0.16994167,0.15729568,0.14131599,0.11911088,0.06111297,,,,,,,,0.05768008
116160,0.21080306,0.21021133,0.20842987,0.20543883,0.20120147,0.19565739,0.18871013,0.18020355,0.16987351,0.15723561,0.14126562,0.11907294,0.06110128,,,,,,,,0.05766972
116220,0.21070638,0.21011509,0.20833495,0.20534611,0.20111182,0.19557171,0.18862934,0.18012860,0.16980544,0.15717562,0.14121531,0.11903504,0.06108961,,,,,,,,0.05765938
116280,0.21060984,0.21001899,0.20824016,0.20525351,0.20102230,0.19548615,0.18854866,0.18005375,0.16973745,0.15711571,0.14116507,0.11899719,0.06107796,,,,,,,,0.05764907
116340,0.21051344,0.20992302,0.20814550,0.20516104,0.20093290,0.19540071,0.18846809,0.17997900,0.16966956,0.15705588,0.14111489,0.11895939,0.06106632,,,,,,,,0.05763877
116400,0.21041717,0.20982718,0.20805097,0.20506870,0.20084362,0.19531539,0.18838762,0.17990435,0.16960176,0.15699613,0.14106477,0.11892163,0.06105471,,,,,,,,0.05762849
116460,0.21032103,0.20973148,0.20795658,0.20497649,0.20075446,0.19523018,0.18830727,0.17982980,0.16953404,0.15693645,0.14101472,0.11888392,0.06104312,,,,,,,,0.05761823
116520,0.21022502,0.20963591,0.20786232,0.20488440,0.20066543,0.19514509,0.18822702,0.17975535,0.16946641,0.15687685,0.14096473,0.11884626,0.06103154,,,,,,,,0.05760800
116580,0.21012915,0.20954048,0.20776818,0.20479244,0.20057652,0.19506011,0.18814689,0.17968100,0.16939888,0.15681732,0.14091480,0.11880864,0.06101999,,,,,,,,0.05759778
116640,0.21003341,0.20944517,0.20767418,0.20470061,0.20048774,0.19497525,0.18806686,0.17960675,0.16933143,0.15675788,0.14086494,0.11877107,0.06100845,,,,,,,,0.05758759
116700,0.20993781,0.20935000,0.20758031,0.20460890,0.20039907,0.19489050,0.18798694,0.17953259,0.16926407,0.15669851,0.14081514,0.11873354,0.06099693,,,,,,,,0.05757741
116760,0.20984234,0.20925496,0.20748656,0.20451732,0.20031052,0.19480587,0.18790712,0.17945854,0.16919680,0.15663921,0.14076540,0.11869606,0.06098544,,,,,,,,0.05756726
116820,0.20974699,0.20916005,0.20739295,0.20442587,0.20022210,0.19472136,0.18782742,0.17938458,0.16912962,0.15658000,0.14071573,0.11865863,0.06097396,,,,,,,,0.05755712
116880,0.20965179,0.20906527,0.20729946,0.20433454,0.20013380,0.19463696,0.18774782,0.17931073,0.16906252,0.15652086,0.14066612,0.11862124,0.06096250,,,,,,,,0.05754701
116940,0.20955671,0.20897062,0.20720611,0.20424334,0.20004562,0.19455267,0.18766833,0.17923697,0.16899552,0.15646179,0.14061657,0.11858390,0.06095106,,,,,,,,0.05753691
117000,0.20946176,0.20887611,0.20711288,0.20415226,0.19995755,0.19446850,0.18758894,0.17916331,0.16892860,0.15640280,0.14056708,0.11854660,0.06093964,,,,,,,,0.05752684
117060,0.20936696,0.20878174,0.20701980,0.20406132,0.19986962,0.19438446,0.18750967,0.17908975,0.16886178,0.15634390,0.14051766,0.11850935,0.06092824,,,,,,,,0.05751679
117120,0.20927228,0.20868748,0.20692683,0.20397050,0.19978181,0.19430052,0.18743051,0.17901629,0.16879504,0.15628506,0.14046830,0.11847214,0.06091686,,,,,,,,0.05750675
117180,0.20917773,0.20859336,0.20683399,0.20387980,0.19969411,0.19421669,0.18735144,0.17894292,0.16872838,0.15622630,0.14041900,0.11843498,0.06090550,,,,,,,,0.05749674
117240,0.20908331,0.20849936,0.20674127,0.20378922,0.19960652,0.19413297,0.18727248,0.17886965,0.16866181,0.15616762,0.14036976,0.11839786,0.06089415,,,,,,,,0.05748674
117300,0.20898901,0.20840550,0.20664868,0.20369876,0.19951906,0.19404937,0.18719363,0.17879648,0.16859533,0.15610901,0.14032058,0.11836079,0.06088283,,,,,,,,0.05747677
117360,0.20889485,0.20831176,0.20655622,0.20360843,0.19943172,0.19396588,0.18711488,0.17872340,0.16852893,0.15605047,0.14027146,0.11832376,0.06087152,,,,,,,,0.05746682
117420,0.20880082,0.20821815,0.20646389,0.20351823,0.19934449,0.19388250,0.18703624,0.17865042,0.16846262,0.15599201,0.14022241,0.11828678,0.06086023,,,,,,,,0.05745688
117480,0.20870691,0.20812467,0.20637168,0.20342814,0.19925738,0.19379924,0.18695770,0.17857753,0.16839640,0.15593363,0.14017341,0.11824984,0.06084896,,,,,,,,0.05744697
117540,0.20861314,0.20803132,0.20627960,0.20333818,0.19917040,0.19371609,0.18687927,0.17850475,0.16833027,0.15587531,0.14012448,0.11821294,0.06083771,,,,,,,,0.05743707
117600,0.20851949,0.20793810,0.20618765,0.20324834,0.19908353,0.19363305,0.18680094,0.17843206,0.16826422,0.15581708,0.14007561,0.11817609,0.06082648,,,,,,,,0.05742719
117660,0.20842598,0.20784500,0.20609582,0.20315863,0.19899677,0.19355012,0.18672272,0.17835946,0.16819825,0.15575892,0.14002680,0.11813929,0.06081527,,,,,,,,0.05741734
117720,0.20833259,0.20775203,0.20600411,0.20306903,0.19891014,0.19346730,0.18664460,0.17828696,0.16813237,0.15570083,0.13997805,0.11810253,0.06080407,,,,,,,,0.05740750
117780,0.20823932,0.20765919,0.20591254,0.20297956,0.19882362,0.19338459,0.18656658,0.17821456,0.16806658,0.15564281,0.13992936,0.11806581,0.06079290,,,,,,,,0.05739768
117840,0.20814619,0.20756648,0.20582108,0.20289021,0.19873722,0.19330200,0.18648867,0.17814225,0.16800087,0.15558487,0.13988073,0.11802914,0.06078174,,,,,,,,0.05738788
117900,0.20805318,0.20747389,0.20572975,0.20280098,0.19865093,0.19321952,0.18641086,0.17807003,0.16793525,0.15552701,0.13983216,0.11799251,0.06077060,,,,,,,,0.05737810
117960,0.20796030,0.20738143,0.20563855,0.20271187,0.19856477,0.19313714,0.18633316,0.17799791,0.16786971,0.15546922,0.13978365,0.11795593,0.06075948,,,,,,,,0.05736835
118020,0.20786755,0.20728910,0.20554747,0.20262289,0.19847872,0.19305488,0.18625556,0.17792589,0.16780426,0.15541150,0.13973520,0.11791939,0.06074838,,,,,,,,0.05735860
118080,0.20777493,0.20719689,0.20545651,0.20253402,0.19839278,0.19297273,0.18617806,0.17785396,0.16773889,0.15535385,0.13968682,0.11788289,0.06073729,,,,,,,,0.05734888
118140,0.20768243,0.20710480,0.20536568,0.20244527,0.19830696,0.19289068,0.18610067,0.17778212,0.16767361,0.15529628,0.13963849,0.11784644,0.06072623,,,,,,,,0.05733918
118200,0.20759005,0.20701285,0.20527497,0.20235665,0.19822126,0.19280875,0.18602337,0.17771038,0.16760841,0.15523878,0.13959022,0.11781003,0.06071518,,,,,,,,0.05732950
118260,0.20749781,0.20692102,0.20518439,0.20226814,0.19813567,0.19272693,0.18594618,0.17763874,0.16754330,0.15518135,0.13954201,0.11777366,0.06070415,,,,,,,,0.05731983
118320,0.20740568,0.20682931,0.20509393,0.20217976,0.19805020,0.19264522,0.18586910,0.17756718,0.16747827,0.15512400,0.13949387,0.11773734,0.06069314,,,,,,,,0.05731019
118380,0.20731369,0.20673773,0.20500359,0.20209149,0.19796484,0.19256361,0.18579211,0.17749572,0.16741332,0.15506672,0.13944578,0.11770106,0.06068215,,,,,,,,0.05730056
118440,0.20722182,0.20664627,0.20491337,0.20200334,0.19787960,0.19248211,0.18571523,0.17742436,0.16734846,0.15500951,0.13939775,0.11766483,0.06067117,,,,,,,,0.05729096
118500,0.20713007,0.20655493,0.20482327,0.20191532,0.19779447,0.19240073,0.18563844,0.17735308,0.16728368,0.15495237,0.13934978,0.11762863,0.06066022,,,,,,,,0.05728137
118560,0.20703845,0.20646372,0.20473330,0.20182741,0.19770945,0.19231945,0.18556176,0.17728190,0.16721898,0.15489531,0.13930187,0.11759249,0.06064928,,,,,,,,0.05727180
118620,0.20694695,0.20637264,0.20464345,0.20173962,0.19762455,0.19223828,0.18548518,0.17721082,0.16715437,0.15483832,0.13925402,0.11755638,0.06063835,,,,,,,,0.05726225
118680,0.20685558,0.20628168,0.20455372,0.20165194,0.19753977,0.19215722,0.18540871,0.17713982,0.16708984,0.15478140,0.13920622,0.11752032,0.06062745,,,,,,,,0.05725271
118740,0.20676433,0.20619084,0.20446411,0.20156439,0.19745509,0.19207626,0.18533233,0.17706892,0.16702539,0.15472455,0.13915849,0.11748430,0.06061657,,,,,,,,0.05724320
118800,0.20667320,0.20610012,0.20437463,0.20147695,0.19737053,0.19199542,0.18525605,0.17699811,0.16696103,0.15466778,0.13911082,0.11744832,0.06060570,,,,,,,,0.05723370
118860,0.20658221,0.20600954,0.20428527,0.20138965,0.19728610,0.19191469,0.18517988,0.17692740,0.16689676,0.15461108,0.13906321,0.11741239,0.06059485,,,,,,,,0.05722423
118920,0.20649133,0.20591907,0.20419603,0.20130245,0.19720177,0.19183406,0.18510381,0.17685678,0.16683256,0.15455445,0.13901565,0.11737650,0.06058402,,,,,,,,0.05721477
118980,0.20640058,0.20582872,0.20410690,0.20121536,0.19711755,0.19175353,0.18502784,0.17678625,0.16676845,0.15449789,0.13896815,0.11734065,0.06057320,,,,,,,,0.05720533
119040,0.20630994,0.20573849,0.20401790,0.20112840,0.19703344,0.19167311,0.18495196,0.17671581,0.16670441,0.15444140,0.13892071,0.11730485,0.06056241,,,,,,,,0.05719591
119100,0.20621943,0.20564839,0.20392901,0.20104154,0.19694944,0.19159280,0.18487618,0.17664545,0.16664046,0.15438498,0.13887333,0.11726908,0.06055163,,,,,,,,0.05718651
119160,0.20612904,0.20555840,0.20384025,0.20095481,0.19686556,0.19151260,0.18480050,0.17657520,0.16657659,0.15432863,0.13882600,0.11723336,0.06054087,,,,,,,,0.05717712
119220,0.20603877,0.20546854,0.20375160,0.20086819,0.19678178,0.19143250,0.18472493,0.17650503,0.16651280,0.15427235,0.13877874,0.11719768,0.06053012,,,,,,,,0.05716776
119280,0.20594863,0.20537880,0.20366307,0.20078169,0.19669812,0.19135250,0.18464945,0.17643495,0.16644909,0.15421614,0.13873153,0.11716205,0.06051939,,,,,,,,0.05715841
119340,0.20585860,0.20528918,0.20357466,0.20069530,0.19661457,0.19127261,0.18457407,0.17636496,0.16638547,0.15416001,0.13868438,0.11712645,0.06050869,,,,,,,,0.05714908
119400,0.20576870,0.20519968,0.20348637,0.20060903,0.19653113,0.19119283,0.18449878,0.17629507,0.16632192,0.15410394,0.13863729,0.11709090,0.06049799,,,,,,,,0.05713977
119460,0.20567891,0.20511030,0.20339820,0.20052287,0.19644781,0.19111315,0.18442360,0.17622526,0.16625846,0.15404794,0.13859025,0.11705539,0.06048732,,,,,,,,0.05713047
119520,0.20558925,0.20502104,0.20331014,0.20043683,0.19636459,0.19103358,0.18434852,0.17615555,0.16619507,0.15399202,0.13854327,0.11701992,0.06047666,,,,,,,,0.05712120
119580,0.20549971,0.20493190,0.20322221,0.20035091,0.19628148,0.19095411,0.18427353,0.17608592,0.16613177,0.15393616,0.13849635,0.11698450,0.06046602,,,,,,,,0.05711194
119640,0.20541029,0.20484287,0.20313439,0.20026509,0.19619848,0.19087475,0.18419864,0.17601639,0.16606855,0.15388037,0.13844949,0.11694911,0.06045540,,,,,,,,0.05710270
119700,0.20532099,0.20475397,0.20304669,0.20017940,0.19611560,0.19079549,0.18412385,0.17594694,0.16600541,0.15382466,0.13840268,0.11691377,0.06044479,,,,,,,,0.05709348
119760,0.20523180,0.20466519,0.20295910,0.20009381,0.19603282,0.19071634,0.18404915,0.17587758,0.16594235,0.15376901,0.13835593,0.11687847,0.06043421,,,,,,,,0.05708427
119820,0.20514274,0.20457653,0.20287164,0.20000834,0.19595015,0.19063729,0.18397456,0.17580832,0.16587937,0.15371343,0.13830924,0.11684321,0.06042363,,,,,,,,0.05707509
119880,0.20505380,0.20448798,0.20278429,0.19992299,0.19586759,0.19055834,0.18390006,0.17573914,0.16581646,0.15365792,0.13826261,0.11680799,0.06041308,,,,,,,,0.05706592
119940,0.20496497,0.20439955,0.20269705,0.19983774,0.19578515,0.19047950,0.18382565,0.17567005,0.16575364,0.15360248,0.13821603,0.11677281,0.06040254,,,,,,,,0.05705677
120000,0.20487626,0.20431124,0.20260994,0.19975261,0.19570281,0.19040076,0.18375135,0.17560105,0.16569090,0.15354711,0.13816951,0.11673768,0.06039202,,,,,,,,0.05704763
120060,0.20478768,0.20422305,0.20252293,0.19966760,0.19562057,0.19032213,0.18367714,0.17553214,0.16562824,0.15349181,0.13812304,0.11670259,0.06038152,,,,,,,,0.05703852
120120,0.20469921,0.20413498,0.20243605,0.19958269,0.19553845,0.19024359,0.18360303,0.17546332,0.16556566,0.15343658,0.13807663,0.11666753,0.06037103,,,,,,,,0.05702942
120180,0.20461086,0.20404702,0.20234928,0.19949790,0.19545644,0.19016516,0.18352901,0.17539458,0.16550315,0.15338141,0.13803028,0.11663252,0.06036056,,,,,,,,0.05702034
120240,0.20452262,0.20395918,0.20226262,0.19941322,0.19537453,0.19008683,0.18345509,0.17532594,0.16544073,0.15332632,0.13798398,0.11659755,0.06035011,,,,,,,,0.05701128
120300,0.20443451,0.20387146,0.20217608,0.19932866,0.19529273,0.19000861,0.18338126,0.17525738,0.16537838,0.15327129,0.13793774,0.11656262,0.06033967,,,,,,,,0.05700223
120360,0.20434651,0.20378385,0.20208966,0.19924420,0.19521104,0.18993049,0.18330753,0.17518891,0.16531611,0.15321633,0.13789156,0.11652773,0.06032926,,,,,,,,0.05699320
120420,0.20425862,0.20369636,0.20200335,0.19915986,0.19512945,0.18985246,0.18323390,0.17512052,0.16525392,0.15316144,0.13784543,0.11649288,0.06031885,,,,,,,,0.05698419
120480,0.20417086,0.20360899,0.20191715,0.19907562,0.19504798,0.18977454,0.18316036,0.17505223,0.16519181,0.15310662,0.13779936,0.11645808,0.06030847,,,,,,,,0.05697520
120540,0.20408321,0.20352173,0.20183107,0.19899150,0.19496661,0.18969673,0.18308692,0.17498402,0.16512978,0.15305186,0.13775334,0.11642331,0.06029810,,,,,,,,0.05696622
120600,0.20399568,0.20343459,0.20174510,0.19890749,0.19488534,0.18961901,0.18301357,0.17491590,0.16506783,0.15299717,0.13770738,0.11638858,0.06028775,,,,,,,,0.05695726
120660,0.20390827,0.20334758,0.20165926,0.19882361,0.19480420,0.18954141,0.18294032,0.17484787,0.16500596,0.15294256,0.13766148,0.11635390,0.06027741,,,,,,,,0.05694832
120720,0.20382098,0.20326067,0.20157352,0.19873982,0.19472315,0.18946389,0.18286716,0.17477993,0.16494416,0.15288801,0.13761563,0.11631926,0.06026709,,,,,,,,0.05693940
120780,0.20373379,0.20317388,0.20148789,0.19865614,0.19464221,0.18938648,0.18279410,0.17471207,0.16488244,0.15283353,0.13756983,0.11628466,0.06025679,,,,,,,,0.05693049
120840,0.20364672,0.20308720,0.20140238,0.19857257,0.19456137,0.18930917,0.18272113,0.17464429,0.16482080,0.15277911,0.13752409,0.11625009,0.06024650,,,,,,,,0.05692160
120900,0.20355977,0.20300063,0.20131698,0.19848911,0.19448064,0.18923196,0.18264825,0.17457660,0.16475924,0.15272476,0.13747841,0.11621557,0.06023623,,,,,,,,0.05691273
120960,0.20347293,0.20291418,0.20123169,0.19840577,0.19440001,0.18915484,0.18257546,0.17450900,0.16469775,0.15267047,0.13743278,0.11618108,0.06022598,,,,,,,,0.05690387
121020,0.20338621,0.20282784,0.20114651,0.19832253,0.19431949,0.18907783,0.18250277,0.17444148,0.16463634,0.15261625,0.13738720,0.11614664,0.06021574,,,,,,,,0.05689503
121080,0.20329960,0.20274162,0.20106145,0.19823939,0.19423907,0.18900092,0.18243018,0.17437405,0.16457500,0.15256210,0.13734168,0.11611224,0.06020552,,,,,,,,0.05688621
121140,0.20321310,0.20265551,0.20097650,0.19815637,0.19415876,0.18892411,0.18235767,0.17430671,0.16451374,0.15250802,0.13729621,0.11607787,0.06019532,,,,,,,,0.05687740
121200,0.20312672,0.20256951,0.20089165,0.19807346,0.19407855,0.18884739,0.18228526,0.17423945,0.16445256,0.15245400,0.13725080,0.11604355,0.06018513,,,,,,,,0.05686861
121260,0.20304045,0.20248363,0.20080692,0.19799066,0.19399845,0.18877078,0.18221294,0.17417228,0.16439146,0.15240005,0.13720545,0.11600926,0.06017495,,,,,,,,0.05685984
121320,0.20295430,0.20239786,0.20072231,0.19790796,0.19391845,0.18869426,0.18214072,0.17410519,0.16433043,0.15234617,0.13716014,0.11597502,0.06016480,,,,,,,,0.05685108
121380,0.20286826,0.20231220,0.20063780,0.19782537,0.19383856,0.18861785,0.18206859,0.17403818,0.16426948,0.15229235,0.13711489,0.11594081,0.06015466,,,,,,,,0.05684234
121440,0.20278233,0.20222666,0.20055340,0.19774289,0.19375877,0.18854153,0.18199654,0.17397126,0.16420860,0.15223859,0.13706970,0.11590665,0.06014453,,,,,,,,0.05683362
121500,0.20269651,0.20214122,0.20046912,0.19766052,0.19367908,0.18846531,0.18192460,0.17390443,0.16414780,0.15218491,0.13702456,0.11587252,0.06013443,,,,,,,,0.05682492
121560,0.20261081,0.20205590,0.20038494,0.19757826,0.19359950,0.18838919,0.18185274,0.17383768,0.16408708,0.15213129,0.13697947,0.11583844,0.06012433,,,,,,,,0.05681623
121620,0.20252522,0.20197069,0.20030088,0.19749610,0.19352002,0.18831317,0.18178097,0.17377101,0.16402643,0.15207773,0.13693444,0.11580439,0.06011426,,,,,,,,0.05680755
121680,0.20243975,0.20188560,0.20021692,0.19741405,0.19344064,0.18823724,0.18170930,0.17370443,0.16396585,0.15202424,0.13688946,0.11577038,0.06010420,,,,,,,,0.05679890
121740,0.20235438,0.20180061,0.20013308,0.19733210,0.19336137,0.18816141,0.18163772,0.17363793,0.16390535,0.15197082,0.13684454,0.11573641,0.06009415,,,,,,,,0.05679026
121800,0.20226913,0.20171574,0.20004934,0.19725027,0.19328219,0.18808568,0.18156623,0.17357152,0.16384493,0.15191746,0.13679967,0.11570249,0.06008413,,,,,,,,0.05678163
121860,0.20218399,0.20163097,0.19996571,0.19716854,0.19320313,0.18801005,0.18149483,0.17350519,0.16378458,0.15186416,0.13675485,0.11566860,0.06007411,,,,,,,,0.05677303
121920,0.20209896,0.20154632,0.19988220,0.19708691,0.19312416,0.18793452,0.18142352,0.17343894,0.16372431,0.15181093,0.13671008,0.11563474,0.06006412,,,,,,,,0.05676444
121980,0.20201404,0.20146178,0.19979879,0.19700540,0.19304529,0.18785908,0.18135230,0.17337277,0.16366411,0.15175777,0.13666537,0.11560093,0.06005414,,,,,,,,0.05675586
122040,0.20192923,0.20137735,0.19971549,0.19692398,0.19296653,0.18778374,0.18128117,0.17330669,0.16360399,0.15170467,0.13662071,0.11556716,0.06004417,,,,,,,,0.05674730
122100,0.20184453,0.20129303,0.19963230,0.19684268,0.19288787,0.18770849,0.18121014,0.17324070,0.16354394,0.15165163,0.13657611,0.11553343,0.06003422,,,,,,,,0.05673876
122160,0.20175994,0.20120882,0.19954921,0.19676147,0.19280931,0.18763334,0.18113919,0.17317478,0.16348397,0.15159866,0.13653156,0.11549973,0.06002429,,,,,,,,0.05673023
122220,0.20167547,0.20112472,0.19946624,0.19668038,0.19273085,0.18755829,0.18106833,0.17310895,0.16342407,0.15154575,0.13648706,0.11546607,0.06001437,,,,,,,,0.05672172
122280,0.20159110,0.20104072,0.19938337,0.19659939,0.19265249,0.18748333,0.18099757,0.17304320,0.16336424,0.15149291,0.13644261,0.11543245,0.06000447,,,,,,,,0.05671323
122340,0.20150684,0.20095684,0.19930061,0.19651850,0.19257424,0.18740847,0.18092689,0.17297753,0.16330449,0.15144013,0.13639822,0.11539887,0.05999458,,,,,,,,0.05670475
122400,0.20142270,0.20087307,0.19921796,0.19643772,0.19249608,0.18733371,0.18085630,0.17291195,0.16324481,0.15138742,0.13635388,0.11536533,0.05998471,,,,,,,,0.05669629
122460,0.20133867,0.20078941,0.19913542,0.19635705,0.19241803,0.18725905,0.18078581,0.17284645,0.16318521,0.15133477,0.13630959,0.11533183,0.05997485,,,,,,,,0.05668784
122520,0.20125475,0.20070586,0.19905299,0.19627648,0.19234008,0.18718448,0.18071540,0.17278104,0.16312568,0.15128219,0.13626536,0.11529837,0.05996501,,,,,,,,0.05667941
122580,0.20117093,0.20062241,0.19897066,0.19619601,0.19226223,0.18711000,0.18064508,0.17271570,0.16306622,0.15122967,0.13622117,0.11526494,0.05995519,,,,,,,,0.05667100
122640,0.20108722,0.20053908,0.19888843,0.19611565,0.19218447,0.18703561,0.18057485,0.17265044,0.16300684,0.15117721,0.13617704,0.11523156,0.05994538,,,,,,,,0.05666260
122700,0.20100362,0.20045584,0.19880631,0.19603539,0.19210682,0.18696132,0.18050471,0.17258526,0.16294753,0.15112481,0.13613296,0.11519821,0.05993559,,,,,,,,0.05665422
122760,0.20092012,0.20037272,0.19872430,0.19595523,0.19202926,0.18688713,0.18043465,0.17252017,0.16288829,0.15107248,0.13608894,0.11516489,0.05992581,,,,,,,,0.05664585
122820,0.20083674,0.20028970,0.19864239,0.19587517,0.19195180,0.18681303,0.18036469,0.17245515,0.16282912,0.15102021,0.13604496,0.11513162,0.05991604,,,,,,,,0.05663750
122880,0.20075346,0.20020680,0.19856059,0.19579522,0.19187445,0.18673902,0.18029481,0.17239022,0.16277003,0.15096800,0.13600104,0.11509838,0.05990629,,,,,,,,0.05662916
122940,0.20067029,0.20012399,0.19847890,0.19571537,0.19179719,0.18666511,0.18022502,0.17232537,0.16271101,0.15091586,0.13595716,0.11506519,0.05989656,,,,,,,,0.05662084
123000,0.20058723,0.20004130,0.19839731,0.19563562,0.19172003,0.18659129,0.18015532,0.17226060,0.16265206,0.15086378,0.13591334,0.11503203,0.05988684,,,,,,,,0.05661254
123060,0.20050427,0.19995871,0.19831582,0.19555598,0.19164297,0.18651756,0.18008570,0.17219591,0.16259318,0.15081176,0.13586957,0.11499890,0.05987714,,,,,,,,0.05660425
123120,0.20042142,0.19987623,0.19823444,0.19547644,0.19156600,0.18644393,0.18001617,0.17213130,0.16253438,0.15075981,0.13582586,0.11496582,0.05986745,,,,,,,,0.05659598
123180,0.20033868,0.19979386,0.19815317,0.19539700,0.19148914,0.18637039,0.17994673,0.17206677,0.16247564,0.15070791,0.13578219,0.11493277,0.05985778,,,,,,,,0.05658772
123240,0.20025605,0.19971159,0.19807200,0.19531766,0.19141237,0.18629695,0.17987738,0.17200232,0.16241698,0.15065608,0.13573858,0.11489976,0.05984812,,,,,,,,0.05657948
123300,0.20017352,0.19962943,0.19799093,0.19523842,0.19133570,0.18622360,0.17980812,0.17193795,0.16235840,0.15060431,0.13569501,0.11486679,0.05983848,,,,,,,,0.05657125
123360,0.20009110,0.19954737,0.19790997,0.19515929,0.19125913,0.18615034,0.17973894,0.17187366,0.16229988,0.15055261,0.13565150,0.11483385,0.05982885,,,,,,,,0.05656304
123420,0.20000878,0.19946542,0.19782911,0.19508025,0.19118265,0.18607717,0.17966984,0.17180945,0.16224143,0.15050096,0.13560804,0.11480096,0.05981924,,,,,,,,0.05655484
123480,0.19992657,0.19938357,0.19774835,0.19500132,0.19110628,0.18600409,0.17960084,0.17174532,0.16218306,0.15044938,0.13556463,0.11476810,0.05980964,,,,,,,,0.05654666
123540,0.19984447,0.19930183,0.19766770,0.19492249,0.19103000,0.18593111,0.17953192,0.17168126,0.16212476,0.15039786,0.13552127,0.11473527,0.05980005,,,,,,,,0.05653849
123600,0.19976247,0.19922019,0.19758716,0.19484375,0.19095381,0.18585822,0.17946308,0.17161729,0.16206652,0.15034640,0.13547796,0.11470249,0.05979049,,,,,,,,0.05653034
123660,0.19968058,0.19913866,0.19750671,0.19476512,0.19087773,0.18578542,0.17939434,0.17155340,0.16200836,0.15029501,0.13543470,0.11466974,0.05978093,,,,,,,,0.05652221
123720,0.19959879,0.19905724,0.19742637,0.19468659,0.19080174,0.18571271,0.17932568,0.17148958,0.16195027,0.15024367,0.13539149,0.11463703,0.05977139,,,,,,,,0.05651409
123780,0.19951711,0.19897591,0.19734613,0.19460816,0.19072584,0.18564010,0.17925710,0.17142585,0.16189225,0.15019240,0.13534833,0.11460435,0.05976187,,,,,,,,0.05650598
123840,0.19943553,0.19889470,0.19726599,0.19452983,0.19065005,0.18556757,0.17918861,0.17136219,0.16183430,0.15014118,0.13530523,0.11457171,0.05975236,,,,,,,,0.05649789
123900,0.19935405,0.19881358,0.19718596,0.19445160,0.19057434,0.18549514,0.17912020,0.17129861,0.16177643,0.15009003,0.13526217,0.11453911,0.05974287,,,,,,,,0.05648982
123960,0.19927268,0.19873257,0.19710603,0.19437346,0.19049874,0.18542280,0.17905188,0.17123511,0.16171862,0.15003894,0.13521916,0.11450655,0.05973339,,,,,,,,0.05648176
124020,0.19919142,0.19865166,0.19702620,0.19429543,0.19042323,0.18535055,0.17898365,0.17117169,0.16166088,0.14998791,0.13517621,0.11447402,0.05972392,,,,,,,,0.05647371
124080,0.19911026,0.19857086,0.19694647,0.19421750,0.19034781,0.18527839,0.17891550,0.17110834,0.16160321,0.14993694,0.13513330,0.11444153,0.05971447,,,,,,,,0.05646568
124140,0.19902920,0.19849016,0.19686684,0.19413966,0.19027249,0.18520632,0.17884743,0.17104508,0.16154561,0.14988603,0.13509044,0.11440907,0.05970503,,,,,,,,0.05645766
124200,0.19894824,0.19840956,0.19678731,0.19406192,0.19019727,0.18513434,0.17877945,0.17098189,0.16148808,0.14983519,0.13504764,0.11437665,0.05969561,,,,,,,,0.05644966
124260,0.19886740,0.19832904,0.19670778,0.19398402,0.19012165,0.18506167,0.17871039,0.17091711,0.16142831,0.14978116,0.13500017,0.11433635,0.05959549,,,,,,,,0.05644179
124320,0.19878665,0.19824862,0.19662833,0.19390620,0.19004612,0.18498908,0.17864140,0.17085241,0.16136859,0.14972719,0.13495276,0.11429609,0.05949388,,,,,,,,0.05643396
124380,0.19870599,0.19816829,0.19654898,0.19382848,0.18997068,0.18491657,0.17857250,0.17078778,0.16130895,0.14967329,0.13490540,0.11425587,0.05938299,,,,,,,,0.05642616
124440,0.19862543,0.19808806,0.19646972,0.19375085,0.18989532,0.18484415,0.17850367,0.17072322,0.16124937,0.14961944,0.13485809,0.11421569,0.05927220,,,,,,,,0.05641838
124500,0.19854497,0.19800792,0.19639056,0.19367331,0.18982006,0.18477182,0.17843492,0.17065874,0.16118986,0.14956565,0.13481083,0.11417554,0.05916152,,,,,,,,0.05641062
124560,0.19846461,0.19792788,0.19631149,0.19359587,0.18974489,0.18469957,0.17836626,0.17059434,0.16113042,0.14951192,0.13476363,0.11413542,0.05905094,,,,,,,,0.05640287
124620,0.19838434,0.19784794,0.19623252,0.19351852,0.18966981,0.18462741,0.17829768,0.17053001,0.16107105,0.14945826,0.13471647,0.11409534,0.05894045,,,,,,,,0.05639513
124680,0.19830418,0.19776809,0.19615365,0.19344126,0.18959482,0.18455533,0.17822917,0.17046576,0.16101174,0.14940465,0.13466936,0.11405531,0.05883007,,,,,,,,0.05638741
124740,0.19822411,0.19768835,0.19607487,0.19336410,0.18951991,0.18448334,0.17816075,0.17040158,0.16095251,0.14935110,0.13462230,0.11401531,0.05871979,,,,,,,,0.05637971
124800,0.19814413,0.19760870,0.19599619,0.19328703,0.18944510,0.18441144,0.17809241,0.17033747,0.16089334,0.14929762,0.13457530,0.11397536,0.05860960,,,,,,,,0.05637202
124860,0.19806426,0.19752914,0.19591760,0.19321005,0.18937038,0.18433962,0.17802415,0.17027344,0.16083424,0.14924419,0.13452834,0.11393544,0.05849952,,,,,,,,0.05636434
124920,0.19798448,0.19744968,0.19583911,0.19313316,0.18929575,0.18426788,0.17795597,0.17020949,0.16077521,0.14919082,0.13448143,0.11389557,0.05838953,,,,,,,,0.05635668
124980,0.19790479,0.19737032,0.19576071,0.19305637,0.18922120,0.18419623,0.17788788,0.17014561,0.16071624,0.14913751,0.13443458,0.11385574,0.05827964,,,,,,,,0.05634904
125040,0.19782521,0.19729106,0.19568240,0.19297967,0.18914675,0.18412467,0.17781986,0.17008180,0.16065734,0.14908426,0.13438778,0.11381595,0.05816985,,,,,,,,0.05634140
125100,0.19774572,0.19721189,0.19560419,0.19290306,0.18907238,0.18405319,0.17775192,0.17001807,0.16059851,0.14903107,0.13434102,0.11377620,0.05806015,,,,,,,,0.05633378
125160,0.19766632,0.19713281,0.19552608,0.19282655,0.18899811,0.18398180,0.17768406,0.16995441,0.16053975,0.14897794,0.13429432,0.11373649,0.05794956,,,,,,,,0.05632618
125220,0.19758703,0.19705383,0.19544806,0.19275012,0.18892392,0.18391049,0.17761628,0.16989083,0.16048105,0.14892487,0.13424767,0.11369682,0.05782535,,,,,,,,0.05631859
125280,0.19750782,0.19697495,0.19537013,0.19267379,0.18884982,0.18383926,0.17754858,0.16982732,0.16042242,0.14887186,0.13420107,0.11365720,0.05770125,,,,,,,,0.05631101
125340,0.19742872,0.19689616,0.19529230,0.19259755,0.18877581,0.18376812,0.17748096,0.16976388,0.16036385,0.14881891,0.13415452,0.11361761,0.05757727,,,,,,,,0.05630345
125400,0.19734971,0.19681747,0.19521456,0.19252140,0.18870188,0.18369707,0.17741342,0.16970052,0.16030536,0.14876601,0.13410802,0.11357806,0.05745341,,,,,,,,0.05629590
125460,0.19727079,0.19673887,0.19513691,0.19244534,0.18862805,0.18362610,0.17734595,0.16963723,0.16024693,0.14871318,0.13406157,0.11353853,0.05732966,,,,,,,,0.05628836
125520,0.19719197,0.19666037,0.19505936,0.19236937,0.18855430,0.18355521,0.17727857,0.16957401,0.16018856,0.14866040,0.13401517,0.11349904,0.05720602,,,,,,,,0.05628083
125580,0.19711324,0.19658196,0.19498190,0.19229349,0.18848064,0.18348440,0.17721127,0.16951086,0.16013026,0.14860769,0.13396882,0.11345960,0.05708251,,,,,,,,0.05627332
125640,0.19703461,0.19650364,0.19490453,0.19221771,0.18840707,0.18341368,0.17714404,0.16944779,0.16007203,0.14855503,0.13392252,0.11342019,0.05695910,,,,,,,,0.05626583
125700,0.19695607,0.19642542,0.19482726,0.19214201,0.18833358,0.18334304,0.17707689,0.16938479,0.16001387,0.14850243,0.13387626,0.11338082,0.05683582,,,,,,,,0.05625834
125760,0.19687763,0.19634729,0.19475007,0.19206641,0.18826019,0.18327249,0.17700982,0.16932186,0.15995577,0.14844989,0.13383006,0.11334150,0.05671265,,,,,,,,0.05625088
125820,0.19679928,0.19626926,0.19467298,0.19199089,0.18818688,0.18320202,0.17694283,0.16925901,0.15989773,0.14839741,0.13378390,0.11330221,0.05658959,,,,,,,,0.05624342
125880,0.19672103,0.19619132,0.19459599,0.19191547,0.18811365,0.18313163,0.17687592,0.16919623,0.15983977,0.14834498,0.13373779,0.11326296,0.05646666,,,,,,,,0.05623597
125940,0.19664287,0.19611347,0.19451908,0.19184013,0.18804052,0.18306132,0.17680909,0.16913352,0.15978186,0.14829262,0.13369173,0.11322376,0.05634383,,,,,,,,0.05622854
126000,0.19656480,0.19603572,0.19444227,0.19176489,0.18796747,0.18299110,0.17674233,0.16907088,0.15972403,0.14824031,0.13364573,0.11318459,0.05622113,,,,,,,,0.05622113
126060,0.19648684,0.19595810,0.19436568,0.19169001,0.18789500,0.18292175,0.17667681,0.16900996,0.15966855,0.14819126,0.13360443,0.11315334,0.05621362,,,,,,,,0.05621362
126120,0.19640897,0.19588057,0.19428918,0.19161522,0.18782262,0.18285247,0.17661137,0.16894912,0.15961314,0.14814227,0.13356318,0.11312212,0.05620609,,,,,,,,0.05620609
126180,0.19633119,0.19580313,0.19421277,0.19154052,0.18775032,0.18278328,0.17654601,0.16888835,0.15955780,0.14809334,0.13352197,0.11309093,0.05619856,,,,,,,,0.05619856
126240,0.19625351,0.19572580,0.19413645,0.19146592,0.18767811,0.18271417,0.17648073,0.16882765,0.15950251,0.14804446,0.13348081,0.11305977,0.05619104,,,,,,,,0.05619104
126300,0.19617593,0.19564855,0.19406023,0.19139140,0.18760599,0.18264515,0.17641552,0.16876702,0.15944730,0.14799563,0.13343969,0.11302865,0.05618353,,,,,,,,0.05618353
126360,0.19609845,0.19557141,0.19398411,0.19131698,0.18753397,0.18257621,0.17635040,0.16870646,0.15939215,0.14794687,0.13339863,0.11299757,0.05617603,,,,,,,,0.05617603
126420,0.19602106,0.19549436,0.19390808,0.19124265,0.18746203,0.18250736,0.17628535,0.16864598,0.15933706,0.14789816,0.13335761,0.11296652,0.05616855,,,,,,,,0.05616855
126480,0.19594377,0.19541741,0.19383214,0.19116842,0.18739017,0.18243859,0.17622038,0.16858557,0.15928204,0.14784951,0.13331663,0.11293550,0.05616108,,,,,,,,0.05616108
126540,0.19586657,0.19534055,0.19375630,0.19109427,0.18731841,0.18236991,0.17615549,0.16852523,0.15922709,0.14780091,0.13327571,0.11290452,0.05615362,,,,,,,,0.05615362
126600,0.19578947,0.19526379,0.19368055,0.19102022,0.18724674,0.18230131,0.17609068,0.16846497,0.15917220,0.14775237,0.13323483,0.11287357,0.05614617,,,,,,,,0.05614617
126660,0.19571247,0.19518712,0.19360490,0.19094626,0.18717515,0.18223279,0.17602595,0.16840478,0.15911737,0.14770389,0.13319399,0.11284266,0.05613874,,,,,,,,0.05613874
126720,0.19563556,0.19511055,0.19352934,0.19087239,0.18710365,0.18216436,0.17596130,0.16834466,0.15906261,0.14765546,0.13315321,0.11281178,0.05613132,,,,,,,,0.05613132
126780,0.19555875,0.19503408,0.19345388,0.19079861,0.18703224,0.18209601,0.17589672,0.16828461,0.15900791,0.14760709,0.13311246,0.11278093,0.05612391,,,,,,,,0.05612391
126840,0.19548203,0.19495770,0.19337851,0.19072492,0.18696092,0.18202774,0.17583223,0.16822463,0.15895328,0.14755878,0.13307177,0.11275012,0.05611651,,,,,,,,0.05611651
126900,0.19540541,0.19488141,0.19330323,0.19065133,0.18688968,0.18195956,0.17576781,0.16816473,0.15889872,0.14751052,0.13303112,0.11271934,0.05610913,,,,,,,,0.05610913
126960,0.19532888,0.19480522,0.19322804,0.19057782,0.18681854,0.18189146,0.17570347,0.16810489,0.15884421,0.14746232,0.13299052,0.11268859,0.05610176,,,,,,,,0.05610176
127020,0.19525245,0.19472912,0.19315295,0.19050440,0.18674748,0.18182344,0.17563920,0.16804513,0.15878978,0.14741417,0.13294996,0.11265788,0.05609440,,,,,,,,0.05609440
127080,0.19517612,0.19465312,0.19307795,0.19043108,0.18667650,0.18175551,0.17557502,0.16798544,0.15873540,0.14736608,0.13290945,0.11262720,0.05608706,,,,,,,,0.05608706
127140,0.19509988,0.19457721,0.19300305,0.19035785,0.18660562,0.18168766,0.17551091,0.16792582,0.15868109,0.14731805,0.13286898,0.11259656,0.05607973,,,,,,,,0.05607973
127200,0.19502373,0.19450140,0.19292823,0.19028470,0.18653482,0.18161989,0.17544688,0.16786628,0.15862684,0.14727007,0.13282856,0.11256595,0.05607241,,,,,,,,0.05607241
127260,0.19494768,0.19442568,0.19285351,0.19021165,0.18646410,0.18155221,0.17538292,0.16780680,0.15857266,0.14722214,0.13278819,0.11253537,0.05606511,,,,,,,,0.05606511
127320,0.19487172,0.19435005,0.19277888,0.19013868,0.18639348,0.18148460,0.17531905,0.16774739,0.15851854,0.14717427,0.13274786,0.11250482,0.05605782,,,,,,,,0.05605782
127380,0.19479585,0.19427452,0.19270434,0.19006581,0.18632294,0.18141708,0.17525525,0.16768806,0.15846449,0.14712646,0.13270757,0.11247431,0.05605054,,,,,,,,0.05605054
127440,0.19472008,0.19419908,0.19262990,0.18999302,0.18625248,0.18134964,0.17519152,0.16762879,0.15841049,0.14707870,0.13266734,0.11244384,0.05604327,,,,,,,,0.05604327
127500,0.19464440,0.19412373,0.19255554,0.18992033,0.18618212,0.18128228,0.17512788,0.16756960,0.15835657,0.14703100,0.13262714,0.11241339,0.05603602,,,,,,,,0.05603602
127560,0.19456882,0.19404848,0.19248128,0.18984772,0.18611183,0.18121500,0.17506431,0.16751047,0.15830270,0.14698335,0.13258700,0.11238298,0.05602878,,,,,,,,0.05602878
127620,0.19449333,0.19397332,0.19240711,0.18977520,0.18604164,0.18114781,0.17500081,0.16745142,0.15824890,0.14693575,0.13254689,0.11235260,0.05602156,,,,,,,,0.05602156
127680,0.19441793,0.19389825,0.19233303,0.18970277,0.18597153,0.18108069,0.17493739,0.16739243,0.15819516,0.14688821,0.13250684,0.11232225,0.05601434,,,,,,,,0.05601434
127740,0.19434262,0.19382327,0.19225904,0.18963043,0.18590150,0.18101366,0.17487405,0.16733352,0.15814148,0.14684073,0.13246682,0.11229194,0.05600714,,,,,,,,0.05600714
127800,0.19426741,0.19374839,0.19218514,0.18955818,0.18583156,0.18094671,0.17481078,0.16727467,0.15808787,0.14679330,0.13242686,0.11226166,0.05599995,,,,,,,,0.05599995
127860,0.19419230,0.19367360,0.19211134,0.18948602,0.18576171,0.18087985,0.17474760,0.16721591,0.15803432,0.14674593,0.13238694,0.11223142,0.05599278,,,,,,,,0.05599278
127920,0.19411727,0.19359891,0.19203763,0.18941395,0.18569195,0.18081306,0.17468449,0.16715720,0.15798083,0.14669861,0.13234706,0.11220120,0.05598562,,,,,,,,0.05598562
127980,0.19404234,0.19352430,0.19196400,0.18934196,0.18562226,0.18074635,0.17462145,0.16709857,0.15792741,0.14665134,0.13230723,0.11217102,0.05597847,,,,,,,,0.05597847
128040,0.19396749,0.19344978,0.19189047,0.18927006,0.18555266,0.18067972,0.17455849,0.16704000,0.15787404,0.14660413,0.13226744,0.11214087,0.05597133,,,,,,,,0.05597133
128100,0.19389274,0.19337535,0.19181702,0.18919825,0.18548314,0.18061317,0.17449560,0.16698150,0.15782074,0.14655697,0.13222770,0.11211076,0.05596421,,,,,,,,0.05596421
128160,0.19381808,0.19330102,0.19174366,0.18912652,0.18541371,0.18054670,0.17443278,0.16692308,0.15776750,0.14650986,0.13218800,0.11208067,0.05595709,,,,,,,,0.05595709
128220,0.19374351,0.19322677,0.19167039,0.18905489,0.18534436,0.18048031,0.17437005,0.16686472,0.15771432,0.14646281,0.13214834,0.11205062,0.05595000,,,,,,,,0.05595000
128280,0.19366903,0.19315262,0.19159721,0.18898333,0.18527509,0.18041400,0.17430738,0.16680643,0.15766121,0.14641582,0.13210873,0.11202060,0.05594291,,,,,,,,0.05594291
128340,0.19359465,0.19307856,0.19152412,0.18891187,0.18520591,0.18034777,0.17424479,0.16674820,0.15760815,0.14636887,0.13206916,0.11199062,0.05593584,,,,,,,,0.05593584
128400,0.19352035,0.19300459,0.19145112,0.18884049,0.18513682,0.18028162,0.17418228,0.16669005,0.15755516,0.14632198,0.13202964,0.11196066,0.05592877,,,,,,,,0.05592877
128460,0.19344615,0.19293071,0.19137821,0.18876920,0.18506780,0.18021555,0.17411983,0.16663197,0.15750223,0.14627514,0.13199016,0.11193074,0.05592173,,,,,,,,0.05592173
128520,0.19337203,0.19285691,0.19130539,0.18869800,0.18499887,0.18014956,0.17405747,0.16657395,0.15744936,0.14622836,0.13195073,0.11190085,0.05591469,,,,,,,,0.05591469
128580,0.19329801,0.19278321,0.19123266,0.18862688,0.18493002,0.18008365,0.17399518,0.16651600,0.15739655,0.14618163,0.13191133,0.11187099,0.05590767,,,,,,,,0.05590767
128640,0.19322407,0.19270960,0.19116001,0.18855585,0.18486126,0.18001781,0.17393296,0.16645812,0.15734380,0.14613495,0.13187199,0.11184116,0.05590065,,,,,,,,0.05590065
128700,0.19315023,0.19263608,0.19108746,0.18848491,0.18479258,0.17995206,0.17387081,0.16640031,0.15729111,0.14608833,0.13183268,0.11181137,0.05589365,,,,,,,,0.05589365
128760,0.19307648,0.19256265,0.19101499,0.18841405,0.18472398,0.17988638,0.17380874,0.16634256,0.15723849,0.14604176,0.13179342,0.11178161,0.05588667,,,,,,,,0.05588667
128820,0.19300281,0.19248930,0.19094261,0.18834327,0.18465546,0.17982078,0.17374674,0.16628488,0.15718592,0.14599524,0.13175421,0.11175188,0.05587969,,,,,,,,0.05587969
128880,0.19292924,0.19241605,0.19087031,0.18827258,0.18458703,0.17975526,0.17368482,0.16622727,0.15713342,0.14594878,0.13171503,0.11172218,0.05587273,,,,,,,,0.05587273
128940,0.19285575,0.19234288,0.19079811,0.18820198,0.18451868,0.17968982,0.17362297,0.16616973,0.15708097,0.14590236,0.13167591,0.11169252,0.05586578,,,,,,,,0.05586578
129000,0.19278236,0.19226981,0.19072599,0.18813146,0.18445041,0.17962446,0.17356119,0.16611226,0.15702859,0.14585600,0.13163682,0.11166288,0.05585885,,,,,,,,0.05585885
129060,0.19270905,0.19219682,0.19065396,0.18806103,0.18438222,0.17955917,0.17349949,0.16605485,0.15697627,0.14580970,0.13159778,0.11163328,0.05585192,,,,,,,,0.05585192
129120,0.19263583,0.19212392,0.19058202,0.18799068,0.18431411,0.17949397,0.17343786,0.16599751,0.15692400,0.14576344,0.13155878,0.11160371,0.05584501,,,,,,,,0.05584501
129180,0.19256271,0.19205111,0.19051016,0.18792042,0.18424609,0.17942884,0.17337630,0.16594024,0.15687180,0.14571724,0.13151982,0.11157417,0.05583811,,,,,,,,0.05583811
129240,0.19248967,0.19197839,0.19043839,0.18785024,0.18417815,0.17936378,0.17331481,0.16588303,0.15681966,0.14567109,0.13148091,0.11154466,0.05583122,,,,,,,,0.05583122
129300,0.19241671,0.19190575,0.19036671,0.18778015,0.18411029,0.17929881,0.17325340,0.16582589,0.15676758,0.14562499,0.13144204,0.11151518,0.05582434,,,,,,,,0.05582434
129360,0.19234385,0.19183320,0.19029511,0.18771014,0.18404251,0.17923391,0.17319205,0.16576882,0.15671556,0.14557894,0.13140321,0.11148574,0.05581748,,,,,,,,0.05581748
129420,0.19227108,0.19176075,0.19022360,0.18764021,0.18397481,0.17916909,0.17313079,0.16571181,0.15666359,0.14553295,0.13136442,0.11145633,0.05581063,,,,,,,,0.05581063
129480,0.19219839,0.19168837,0.19015218,0.18757037,0.18390719,0.17910435,0.17306959,0.16565487,0.15661169,0.14548701,0.13132568,0.11142694,0.05580379,,,,,,,,0.05580379
129540,0.19212579,0.19161609,0.19008084,0.18750062,0.18383965,0.17903968,0.17300846,0.16559799,0.15655985,0.14544112,0.13128698,0.11139759,0.05579696,,,,,,,,0.05579696
129600,0.19205328,0.19154389,0.19000959,0.18743094,0.18377219,0.17897509,0.17294741,0.16554119,0.15650806,0.14539528,0.13124833,0.11136827,0.05579014,,,,,,,,0.05579014
129660,0.19198086,0.19147179,0.18993843,0.18736136,0.18370483,0.17891058,0.17288644,0.16548445,0.15645635,0.14534950,0.13120972,0.11133899,0.05578334,,,,,,,,0.05578334
129720,0.19190853,0.19139977,0.18986735,0.18729186,0.18363753,0.17884615,0.17282553,0.16542778,0.15640468,0.14530377,0.13117115,0.11130973,0.05577655,,,,,,,,0.05577655
129780,0.19183628,0.19132784,0.18979636,0.18722244,0.18357032,0.17878179,0.17276469,0.16537117,0.15635308,0.14525808,0.13113262,0.11128051,0.05576977,,,,,,,,0.05576977
129840,0.19176412,0.19125599,0.18972545,0.18715310,0.18350318,0.17871751,0.17270392,0.16531462,0.15630153,0.14521245,0.13109413,0.11125131,0.05576300,,,,,,,,0.05576300
129900,0.19169204,0.19118422,0.18965463,0.18708384,0.18343613,0.17865330,0.17264323,0.16525814,0.15625004,0.14516687,0.13105569,0.11122215,0.05575624,,,,,,,,0.05575624
129960,0.19162005,0.19111255,0.18958389,0.18701466,0.18336915,0.17858916,0.17258260,0.16520173,0.15619861,0.14512134,0.13101729,0.11119302,0.05574950,,,,,,,,0.05574950
130020,0.19154815,0.19104096,0.18951323,0.18694557,0.18330225,0.17852511,0.17252205,0.16514538,0.15614724,0.14507586,0.13097893,0.11116391,0.05574276,,,,,,,,0.05574276
130080,0.19147633,0.19096945,0.18944266,0.18687656,0.18323544,0.17846112,0.17246157,0.16508910,0.15609593,0.14503043,0.13094061,0.11113484,0.05573604,,,,,,,,0.05573604
130140,0.19140460,0.19089803,0.18937218,0.18680763,0.18316870,0.17839722,0.17240115,0.16503288,0.15604468,0.14498506,0.13090233,0.11110580,0.05572933,,,,,,,,0.05572933
130200,0.19133296,0.19082670,0.18930177,0.18673879,0.18310204,0.17833339,0.17234081,0.16497673,0.15599348,0.14493973,0.13086410,0.11107679,0.05572264,,,,,,,,0.05572264
130260,0.19126140,0.19075545,0.18923146,0.18667003,0.18303546,0.17826963,0.17228054,0.16492064,0.15594235,0.14489445,0.13082590,0.11104781,0.05571595,,,,,,,,0.05571595
130320,0.19118993,0.19068429,0.18916122,0.18660135,0.18296896,0.17820595,0.17222034,0.16486461,0.15589127,0.14484923,0.13078775,0.11101886,0.05570928,,,,,,,,0.05570928
130380,0.19111854,0.19061321,0.18909107,0.18653275,0.18290254,0.17814235,0.17216021,0.16480865,0.15584025,0.14480405,0.13074965,0.11098995,0.05570261,,,,,,,,0.05570261
130440,0.19104724,0.19054222,0.18902101,0.18646423,0.18283620,0.17807881,0.17210015,0.16475276,0.15578929,0.14475893,0.13071158,0.11096106,0.05569596,,,,,,,,0.05569596
130500,0.19097603,0.19047131,0.18895103,0.18639579,0.18276993,0.17801536,0.17204016,0.16469693,0.15573838,0.14471386,0.13067355,0.11093220,0.05568932,,,,,,,,0.05568932
130560,0.19090490,0.19040049,0.18888113,0.18632744,0.18270375,0.17795198,0.17198024,0.16464116,0.15568754,0.14466884,0.13063557,0.11090338,0.05568270,,,,,,,,0.05568270
130620,0.19083385,0.19032975,0.18881131,0.18625916,0.18263764,0.17788867,0.17192039,0.16458546,0.15563675,0.14462386,0.13059762,0.11087458,0.05567608,,,,,,,,0.05567608
130680,0.19076289,0.19025910,0.18874158,0.18619097,0.18257161,0.17782544,0.17186061,0.16452983,0.15558602,0.14457894,0.13055972,0.11084582,0.05566948,,,,,,,,0.05566948
130740,0.19069201,0.19018853,0.18867193,0.18612286,0.18250566,0.17776228,0.17180089,0.16447425,0.15553534,0.14453407,0.13052186,0.11081708,0.05566288,,,,,,,,0.05566288
130800,0.19062122,0.19011804,0.18860237,0.18605483,0.18243978,0.17769919,0.17174125,0.16441874,0.15548473,0.14448924,0.13048404,0.11078838,0.05565630,,,,,,,,0.05565630
130860,0.19055051,0.19004764,0.18853288,0.18598688,0.18237398,0.17763618,0.17168168,0.16436330,0.15543417,0.14444447,0.13044627,0.11075970,0.05564973,,,,,,,,0.05564973
130920,0.19047989,0.18997732,0.18846348,0.18591901,0.18230827,0.17757324,0.17162217,0.16430791,0.15538367,0.14439975,0.13040853,0.11073106,0.05564317,,,,,,,,0.05564317
130980,0.19040935,0.18990709,0.18839416,0.18585122,0.18224262,0.17751038,0.17156274,0.16425259,0.15533322,0.14435508,0.13037083,0.11070244,0.05563662,,,,,,,,0.05563662
131040,0.19033890,0.18983694,0.18832493,0.18578351,0.18217706,0.17744759,0.17150337,0.16419734,0.15528283,0.14431045,0.13033318,0.11067386,0.05563009,,,,,,,,0.05563009
131100,0.19026853,0.18976687,0.18825577,0.18571588,0.18211157,0.17738487,0.17144407,0.16414215,0.15523250,0.14426588,0.13029556,0.11064530,0.05562356,,,,,,,,0.05562356
131160,0.19019824,0.18969689,0.18818670,0.18564833,0.18204616,0.17732223,0.17138484,0.16408702,0.15518223,0.14422135,0.13025799,0.11061678,0.05561705,,,,,,,,0.05561705
131220,0.19012803,0.18962699,0.18811771,0.18558086,0.18198083,0.17725966,0.17132568,0.16403195,0.15513201,0.14417688,0.13022046,0.11058828,0.05561055,,,,,,,,0.05561055
131280,0.19005791,0.18955717,0.18804880,0.18551347,0.18191557,0.17719716,0.17126659,0.16397695,0.15508185,0.14413245,0.13018297,0.11055982,0.05560406,,,,,,,,0.05560406
131340,0.18998788,0.18948743,0.18797997,0.18544616,0.18185039,0.17713473,0.17120757,0.16392201,0.15503175,0.14408808,0.13014551,0.11053138,0.05559758,,,,,,,,0.05559758
131400,0.18991792,0.18941778,0.18791123,0.18537893,0.18178528,0.17707238,0.17114861,0.16386713,0.15498170,0.14404375,0.13010810,0.11050298,0.05559111,,,,,,,,0.05559111
131460,0.18984806,0.18934822,0.18784257,0.18531178,0.18172026,0.17701011,0.17108973,0.16381232,0.15493172,0.14399948,0.13007074,0.11047461,0.05558465,,,,,,,,0.05558465
131520,0.18977827,0.18927874,0.18777399,0.18524471,0.18165532,0.17694790,0.17103091,0.16375757,0.15488179,0.14395525,0.13003341,0.11044626,0.05557821,,,,,,,,0.05557821
131580,0.18970857,0.18920933,0.18770549,0.18517772,0.18159044,0.17688577,0.17097216,0.16370288,0.15483191,0.14391107,0.12999612,0.11041795,0.05557177,,,,,,,,0.05557177
131640,0.18963894,0.18914001,0.18763707,0.18511080,0.18152564,0.17682371,0.17091348,0.16364826,0.15478208,0.14386694,0.12995887,0.11038966,0.05556535,,,,,,,,0.05556535
131700,0.18956940,0.18907076,0.18756873,0.18504396,0.18146092,0.17676172,0.17085486,0.16359369,0.15473232,0.14382285,0.12992166,0.11036140,0.05555894,,,,,,,,0.05555894
131760,0.18949994,0.18900160,0.18750047,0.18497720,0.18139627,0.17669980,0.17079631,0.16353919,0.15468261,0.14377882,0.12988449,0.11033317,0.05555253,,,,,,,,0.05555253
131820,0.18943056,0.18893253,0.18743228,0.18491052,0.18133169,0.17663795,0.17073783,0.16348475,0.15463295,0.14373483,0.12984736,0.11030498,0.05554614,,,,,,,,0.05554614
131880,0.18936127,0.18886353,0.18736418,0.18484392,0.18126720,0.17657617,0.17067941,0.16343037,0.15458335,0.14369090,0.12981027,0.11027681,0.05553976,,,,,,,,0.05553976
131940,0.18929205,0.18879461,0.18729616,0.18477740,0.18120277,0.17651447,0.17062106,0.16337605,0.15453381,0.14364701,0.12977322,0.11024867,0.05553340,,,,,,,,0.05553340
132000,0.18922292,0.18872578,0.18722822,0.18471095,0.18113842,0.17645284,0.17056278,0.16332179,0.15448432,0.14360317,0.12973621,0.11022056,0.05552704,,,,,,,,0.05552704
132060,0.18915387,0.18865702,0.18716036,0.18464458,0.18107415,0.17639128,0.17050457,0.16326760,0.15443489,0.14355937,0.12969924,0.11019248,0.05552069,,,,,,,,0.05552069
132120,0.18908490,0.18858835,0.18709258,0.18457829,0.18100995,0.17632978,0.17044642,0.16321346,0.15438551,0.14351563,0.12966231,0.11016442,0.05551436,,,,,,,,0.05551436
132180,0.18901601,0.18851976,0.18702488,0.18451208,0.18094583,0.17626837,0.17038834,0.16315939,0.15433619,0.14347193,0.12962542,0.11013640,0.05550803,,,,,,,,0.05550803
132240,0.18894720,0.18845125,0.18695726,0.18444594,0.18088178,0.17620702,0.17033032,0.16310538,0.15428692,0.14342828,0.12958857,0.11010841,0.05550172,,,,,,,,0.05550172
132300,0.18887848,0.18838282,0.18688972,0.18437988,0.18081781,0.17614574,0.17027238,0.16305143,0.15423771,0.14338468,0.12955176,0.11008044,0.05549541,,,,,,,,0.05549541
132360,0.18880983,0.18831447,0.18682225,0.18431390,0.18075391,0.17608453,0.17021449,0.16299754,0.15418855,0.14334113,0.12951499,0.11005251,0.05548912,,,,,,,,0.05548912
132420,0.18874126,0.18824619,0.18675487,0.18424799,0.18069008,0.17602340,0.17015668,0.16294372,0.15413945,0.14329762,0.12947825,0.11002460,0.05548284,,,,,,,,0.05548284
132480,0.18867278,0.18817800,0.18668756,0.18418216,0.18062633,0.17596233,0.17009893,0.16288995,0.15409040,0.14325417,0.12944156,0.10999672,0.05547657,,,,,,,,0.05547657
132540,0.18860437,0.18810989,0.18662033,0.18411641,0.18056265,0.17590133,0.17004124,0.16283624,0.15404141,0.14321076,0.12940491,0.10996887,0.05547031,,,,,,,,0.05547031
132600,0.18853605,0.18804186,0.18655318,0.18405074,0.18049905,0.17584041,0.16998363,0.16278260,0.15399247,0.14316740,0.12936829,0.10994105,0.05546406,,,,,,,,0.05546406
132660,0.18846780,0.18797391,0.18648611,0.18398514,0.18043551,0.17577955,0.16992607,0.16272901,0.15394358,0.14312408,0.12933172,0.10991326,0.05545782,,,,,,,,0.05545782
132720,0.18839964,0.18790604,0.18641912,0.18391962,0.18037206,0.17571877,0.16986859,0.16267549,0.15389475,0.14308081,0.12929518,0.10988550,0.05545159,,,,,,,,0.05545159
132780,0.18833155,0.18783824,0.18635221,0.18385417,0.18030867,0.17565805,0.16981116,0.16262202,0.15384598,0.14303759,0.12925868,0.10985777,0.05544537,,,,,,,,0.05544537
132840,0.18826355,0.18777053,0.18628537,0.18378880,0.18024536,0.17559740,0.16975381,0.16256862,0.15379726,0.14299442,0.12922222,0.10983006,0.05543917,,,,,,,,0.05543917
132900,0.18819562,0.18770290,0.18621861,0.18372350,0.18018212,0.17553683,0.16969652,0.16251527,0.15374859,0.14295129,0.12918580,0.10980238,0.05543297,,,,,,,,0.05543297
132960,0.18812777,0.18763534,0.18615193,0.18365828,0.18011896,0.17547632,0.16963929,0.16246199,0.15369997,0.14290821,0.12914942,0.10977474,0.05542679,,,,,,,,0.05542679
133020,0.18806000,0.18756786,0.18608533,0.18359314,0.18005587,0.17541588,0.16958213,0.16240877,0.15365141,0.14286518,0.12911308,0.10974712,0.05542061,,,,,,,,0.05542061
133080,0.18799231,0.18750046,0.18601880,0.18352807,0.17999285,0.17535551,0.16952503,0.16235560,0.15360291,0.14282220,0.12907678,0.10971952,0.05541445,,,,,,,,0.05541445
133140,0.18792470,0.18743314,0.18595235,0.18346308,0.17992990,0.17529521,0.16946800,0.16230250,0.15355446,0.14277926,0.12904051,0.10969196,0.05540829,,,,,,,,0.05540829
133200,0.18785717,0.18736590,0.18588598,0.18339816,0.17986703,0.17523498,0.16941104,0.16224945,0.15350606,0.14273637,0.12900428,0.10966443,0.05540215,,,,,,,,0.05540215
133260,0.18778973,0.18729875,0.18581970,0.18333333,0.17980423,0.17517483,0.16935414,0.16219647,0.15345772,0.14269352,0.12896810,0.10963692,0.05539602,,,,,,,,0.05539602
133320,0.18772236,0.18723166,0.18575348,0.18326856,0.17974151,0.17511474,0.16929731,0.16214355,0.15340943,0.14265073,0.12893195,0.10960945,0.05538989,,,,,,,,0.05538989
133380,0.18765506,0.18716466,0.18568734,0.18320387,0.17967885,0.17505471,0.16924053,0.16209068,0.15336119,0.14260798,0.12889584,0.10958200,0.05538378,,,,,,,,0.05538378
133440,0.18758784,0.18709773,0.18562128,0.18313925,0.17961626,0.17499476,0.16918382,0.16203787,0.15331301,0.14256527,0.12885977,0.10955458,0.05537768,,,,,,,,0.05537768
133500,0.18752070,0.18703087,0.18555529,0.18307471,0.17955375,0.17493487,0.16912718,0.16198512,0.15326487,0.14252261,0.12882373,0.10952718,0.05537159,,,,,,,,0.05537159
133560,0.18745364,0.18696410,0.18548938,0.18301024,0.17949131,0.17487505,0.16907060,0.16193243,0.15321680,0.14248000,0.12878774,0.10949982,0.05536551,,,,,,,,0.05536551
133620,0.18738665,0.18689740,0.18542354,0.18294585,0.17942893,0.17481530,0.16901408,0.16187980,0.15316877,0.14243743,0.12875178,0.10947248,0.05535944,,,,,,,,0.05535944
133680,0.18731975,0.18683078,0.18535778,0.18288152,0.17936664,0.17475562,0.16895763,0.16182723,0.15312080,0.14239491,0.12871586,0.10944517,0.05535337,,,,,,,,0.05535337
133740,0.18725292,0.18676424,0.18529210,0.18281728,0.17930441,0.17469600,0.16890124,0.16177471,0.15307288,0.14235243,0.12867998,0.10941789,0.05534732,,,,,,,,0.05534732
133800,0.18718616,0.18669777,0.18522649,0.18275310,0.17924225,0.17463645,0.16884491,0.16172226,0.15302501,0.14231000,0.12864413,0.10939064,0.05534128,,,,,,,,0.05534128
133860,0.18711949,0.18663138,0.18516096,0.18268901,0.17918016,0.17457697,0.16878865,0.16166986,0.15297719,0.14226762,0.12860832,0.10936341,0.05533525,,,,,,,,0.05533525
133920,0.18705289,0.18656507,0.18509550,0.18262498,0.17911815,0.17451756,0.16873245,0.16161752,0.15292943,0.14222528,0.12857256,0.10933621,0.05532923,,,,,,,,0.05532923
133980,0.18698637,0.18649883,0.18503012,0.18256103,0.17905621,0.17445821,0.16867631,0.16156524,0.15288172,0.14218299,0.12853682,0.10930904,0.05532322,,,,,,,,0.05532322
134040,0.18691992,0.18643267,0.18496482,0.18249715,0.17899433,0.17439893,0.16862024,0.16151302,0.15283406,0.14214074,0.12850113,0.10928190,0.05531723,,,,,,,,0.05531723
134100,0.18685356,0.18636659,0.18489959,0.18243334,0.17893253,0.17433972,0.16856423,0.16146086,0.15278646,0.14209854,0.12846547,0.10925478,0.05531124,,,,,,,,0.05531124
134160,0.18678726,0.18630058,0.18483443,0.18236961,0.17887080,0.17428058,0.16850828,0.16140875,0.15273890,0.14205639,0.12842986,0.10922770,0.05530526,,,,,,,,0.05530526
134220,0.18672105,0.18623465,0.18476935,0.18230595,0.17880914,0.17422150,0.16845240,0.16135670,0.15269140,0.14201428,0.12839427,0.10920064,0.05529929,,,,,,,,0.05529929
134280,0.18665491,0.18616879,0.18470434,0.18224236,0.17874754,0.17416249,0.16839657,0.16130471,0.15264395,0.14197221,0.12835873,0.10917361,0.05529333,,,,,,,,0.05529333
134340,0.18658885,0.18610301,0.18463941,0.18217885,0.17868602,0.17410355,0.16834081,0.16125278,0.15259656,0.14193019,0.12832322,0.10914660,0.05528738,,,,,,,,0.05528738
134400,0.18652286,0.18603731,0.18457455,0.18211541,0.17862457,0.17404467,0.16828512,0.16120090,0.15254921,0.14188822,0.12828776,0.10911963,0.05528144,,,,,,,,0.05528144
134460,0.18645695,0.18597168,0.18450977,0.18205204,0.17856319,0.17398586,0.16822948,0.16114908,0.15250192,0.14184629,0.12825232,0.10909268,0.05527551,,,,,,,,0.05527551
134520,0.18639111,0.18590612,0.18444506,0.18198874,0.17850188,0.17392712,0.16817391,0.16109732,0.15245468,0.14180441,0.12821693,0.10906575,0.05526959,,,,,,,,0.05526959
134580,0.18632535,0.18584065,0.18438043,0.18192552,0.17844063,0.17386844,0.16811840,0.16104562,0.15240749,0.14176257,0.12818157,0.10903886,0.05526368,,,,,,,,0.05526368
134640,0.18625967,0.18577524,0.18431587,0.18186237,0.17837946,0.17380983,0.16806295,0.16099397,0.15236035,0.14172077,0.12814625,0.10901199,0.05525778,,,,,,,,0.05525778
134700,0.18619406,0.18570991,0.18425138,0.18179929,0.17831836,0.17375128,0.16800757,0.16094238,0.15231326,0.14167902,0.12811097,0.10898515,0.05525190,,,,,,,,0.05525190
134760,0.18612853,0.18564466,0.18418697,0.18173628,0.17825732,0.17369280,0.16795224,0.16089085,0.15226622,0.14163732,0.12807572,0.10895834,0.05524602,,,,,,,,0.05524602
134820,0.18606307,0.18557948,0.18412263,0.18167334,0.17819636,0.17363439,0.16789698,0.16083938,0.15221924,0.14159566,0.12804051,0.10893155,0.05524015,,,,,,,,0.05524015
134880,0.18599769,0.18551438,0.18405836,0.18161048,0.17813546,0.17357604,0.16784178,0.16078796,0.15217230,0.14155404,0.12800534,0.10890479,0.05523429,,,,,,,,0.05523429
134940,0.18593238,0.18544935,0.18399417,0.18154768,0.17807463,0.17351776,0.16778664,0.16073660,0.15212542,0.14151247,0.12797020,0.10887806,0.05522844,,,,,,,,0.05522844
135000,0.18586714,0.18538439,0.18393005,0.18148496,0.17801387,0.17345954,0.16773156,0.16068529,0.15207859,0.14147094,0.12793510,0.10885136,0.05522260,,,,,,,,0.05522260
135060,0.18580199,0.18531952,0.18386601,0.18142232,0.17795319,0.17340140,0.16767655,0.16063405,0.15203181,0.14142946,0.12790005,0.10882468,0.05521677,,,,,,,,0.05521677
135120,0.18573691,0.18525471,0.18380204,0.18135974,0.17789257,0.17334331,0.16762160,0.16058286,0.15198509,0.14138803,0.12786502,0.10879803,0.05521095,,,,,,,,0.05521095
135180,0.18567190,0.18518998,0.18373814,0.18129723,0.17783202,0.17328529,0.16756670,0.16053172,0.15193841,0.14134663,0.12783003,0.10877141,0.05520514,,,,,,,,0.05520514
135240,0.18560696,0.18512532,0.18367432,0.18123479,0.17777154,0.17322733,0.16751187,0.16048064,0.15189178,0.14130528,0.12779508,0.10874481,0.05519934,,,,,,,,0.05519934
135300,0.18554210,0.18506073,0.18361056,0.18117242,0.17771112,0.17316944,0.16745710,0.16042962,0.15184520,0.14126398,0.12776016,0.10871824,0.05519354,,,,,,,,0.05519354
135360,0.18547731,0.18499622,0.18354688,0.18111013,0.17765077,0.17311162,0.16740238,0.16037865,0.15179867,0.14122272,0.12772528,0.10869170,0.05518776,,,,,,,,0.05518776
135420,0.18541259,0.18493178,0.18348327,0.18104790,0.17759049,0.17305385,0.16734773,0.16032774,0.15175219,0.14118150,0.12769044,0.10866518,0.05518199,,,,,,,,0.05518199
135480,0.18534795,0.18486741,0.18341973,0.18098574,0.17753028,0.17299616,0.16729314,0.16027688,0.15170577,0.14114032,0.12765563,0.10863869,0.05517623,,,,,,,,0.05517623
135540,0.18528338,0.18480312,0.18335626,0.18092366,0.17747013,0.17293852,0.16723861,0.16022608,0.15165939,0.14109919,0.12762086,0.10861223,0.05517047,,,,,,,,0.05517047
135600,0.18521889,0.18473890,0.18329287,0.18086164,0.17741005,0.17288095,0.16718414,0.16017534,0.15161306,0.14105811,0.12758612,0.10858579,0.05516473,,,,,,,,0.05516473
135660,0.18515447,0.18467475,0.18322954,0.18079970,0.17735004,0.17282345,0.16712973,0.16012465,0.15156678,0.14101706,0.12755142,0.10855938,0.05515900,,,,,,,,0.05515900
135720,0.18509012,0.18461068,0.18316629,0.18073782,0.17729010,0.17276601,0.16707538,0.16007401,0.15152056,0.14097606,0.12751676,0.10853300,0.05515327,,,,,,,,0.05515327
135780,0.18502584,0.18454668,0.18310311,0.18067602,0.17723023,0.17270863,0.16702109,0.16002344,0.15147438,0.14093511,0.12748213,0.10850664,0.05514756,,,,,,,,0.05514756
135840,0.18496164,0.18448275,0.18304000,0.18061428,0.17717042,0.17265132,0.16696686,0.15997291,0.15142825,0.14089420,0.12744754,0.10848031,0.05514185,,,,,,,,0.05514185
135900,0.18489751,0.18441889,0.18297697,0.18055261,0.17711068,0.17259407,0.16691269,0.15992244,0.15138217,0.14085333,0.12741298,0.10845400,0.05513616,,,,,,,,0.05513616
135960,0.18483345,0.18435511,0.18291400,0.18049101,0.17705100,0.17253689,0.16685858,0.15987203,0.15133615,0.14081250,0.12737846,0.10842773,0.05513047,,,,,,,,0.05513047
136020,0.18476947,0.18429140,0.18285111,0.18042949,0.17699139,0.17247976,0.16680453,0.15982167,0.15129017,0.14077172,0.12734398,0.10840148,0.05512480,,,,,,,,0.05512480
136080,0.18470556,0.18422775,0.18278828,0.18036803,0.17693185,0.17242271,0.16675054,0.15977137,0.15124424,0.14073098,0.12730953,0.10837525,0.05511913,,,,,,,,0.05511913
136140,0.18464172,0.18416419,0.18272553,0.18030664,0.17687238,0.17236571,0.16669661,0.15972112,0.15119836,0.14069028,0.12727512,0.10834905,0.05511347,,,,,,,,0.05511347
136200,0.18457795,0.18410069,0.18266285,0.18024532,0.17681297,0.17230878,0.16664274,0.15967093,0.15115253,0.14064963,0.12724074,0.10832288,0.05510782,,,,,,,,0.05510782
136260,0.18451425,0.18403726,0.18260024,0.18018406,0.17675363,0.17225191,0.16658893,0.15962079,0.15110675,0.14060902,0.12720640,0.10829673,0.05510218,,,,,,,,0.05510218
136320,0.18445063,0.18397391,0.18253770,0.18012288,0.17669435,0.17219511,0.16653517,0.15957071,0.15106102,0.14056845,0.12717209,0.10827061,0.05509655,,,,,,,,0.05509655
136380,0.18438708,0.18391063,0.18247523,0.18006176,0.17663515,0.17213836,0.16648148,0.15952068,0.15101533,0.14052792,0.12713782,0.10824452,0.05509093,,,,,,,,0.05509093
136440,0.18432360,0.18384742,0.18241283,0.18000072,0.17657600,0.17208168,0.16642784,0.15947070,0.15096970,0.14048744,0.12710358,0.10821845,0.05508532,,,,,,,,0.05508532
136500,0.18426019,0.18378428,0.18235049,0.17993974,0.17651692,0.17202507,0.16637427,0.15942078,0.15092411,0.14044700,0.12706938,0.10819240,0.05507972,,,,,,,,0.05507972
136560,0.18419685,0.18372121,0.18228823,0.17987883,0.17645791,0.17196851,0.16632075,0.15937091,0.15087858,0.14040660,0.12703522,0.10816639,0.05507413,,,,,,,,0.05507413
136620,0.18413358,0.18365821,0.18222604,0.17981799,0.17639897,0.17191202,0.16626729,0.15932110,0.15083309,0.14036625,0.12700108,0.10814040,0.05506854,,,,,,,,0.05506854
136680,0.18407039,0.18359528,0.18216392,0.17975721,0.17634009,0.17185559,0.16621389,0.15927134,0.15078765,0.14032593,0.12696699,0.10811443,0.05506297,,,,,,,,0.05506297
136740,0.18400726,0.18353243,0.18210187,0.17969651,0.17628127,0.17179922,0.16616055,0.15922163,0.15074226,0.14028566,0.12693293,0.10808849,0.05505740,,,,,,,,0.05505740
136800,0.18394421,0.18346964,0.18203989,0.17963587,0.17622252,0.17174292,0.16610726,0.15917198,0.15069692,0.14024544,0.12689890,0.10806258,0.05505185,,,,,,,,0.05505185
136860,0.18388123,0.18340693,0.18197799,0.17957531,0.17616384,0.17168668,0.16605404,0.15912239,0.15065163,0.14020526,0.12686492,0.10803669,0.05504630,,,,,,,,0.05504630
136920,0.18381832,0.18334429,0.18191615,0.17951481,0.17610523,0.17163051,0.16600088,0.15907285,0.15060639,0.14016511,0.12683096,0.10801083,0.05504076,,,,,,,,0.05504076
136980,0.18375548,0.18328172,0.18185437,0.17945437,0.17604667,0.17157439,0.16594777,0.15902336,0.15056119,0.14012501,0.12679704,0.10798500,0.05503523,,,,,,,,0.05503523
137040,0.18369271,0.18321921,0.18179267,0.17939400,0.17598818,0.17151833,0.16589472,0.15897392,0.15051604,0.14008495,0.12676316,0.10795919,0.05502971,,,,,,,,0.05502971
137100,0.18363001,0.18315678,0.18173103,0.17933370,0.17592976,0.17146234,0.16584173,0.15892454,0.15047094,0.14004494,0.12672930,0.10793340,0.05502420,,,,,,,,0.05502420
137160,0.18356738,0.18309441,0.18166946,0.17927347,0.17587140,0.17140640,0.16578879,0.15887521,0.15042589,0.14000496,0.12669549,0.10790764,0.05501870,,,,,,,,0.05501870
137220,0.18350482,0.18303212,0.18160797,0.17921330,0.17581310,0.17135053,0.16573591,0.15882593,0.15038088,0.13996503,0.12666170,0.10788191,0.05501321,,,,,,,,0.05501321
137280,0.18344233,0.18296989,0.18154654,0.17915320,0.17575487,0.17129472,0.16568309,0.15877671,0.15033592,0.13992513,0.12662796,0.10785620,0.05500773,,,,,,,,0.05500773
137340,0.18337991,0.18290774,0.18148517,0.17909317,0.17569671,0.17123897,0.16563033,0.15872754,0.15029101,0.13988528,0.12659424,0.10783052,0.05500225,,,,,,,,0.05500225
137400,0.18331756,0.18284565,0.18142388,0.17903320,0.17563860,0.17118328,0.16557762,0.15867842,0.15024615,0.13984548,0.12656056,0.10780486,0.05499679,,,,,,,,0.05499679
137460,0.18325527,0.18278363,0.18136266,0.17897330,0.17558057,0.17112765,0.16552497,0.15862935,0.15020134,0.13980571,0.12652692,0.10777923,0.05499133,,,,,,,,0.05499133
137520,0.18319306,0.18272168,0.18130150,0.17891346,0.17552259,0.17107209,0.16547238,0.15858034,0.15015657,0.13976598,0.12649331,0.10775362,0.05498588,,,,,,,,0.05498588
137580,0.18313092,0.18265980,0.18124041,0.17885370,0.17546468,0.17101658,0.16541985,0.15853138,0.15011185,0.13972630,0.12645973,0.10772804,0.05498044,,,,,,,,0.05498044
137640,0.18306885,0.18259799,0.18117939,0.17879399,0.17540683,0.17096113,0.16536737,0.15848247,0.15006718,0.13968666,0.12642619,0.10770248,0.05497501,,,,,,,,0.05497501
137700,0.18300684,0.18253625,0.18111843,0.17873436,0.17534905,0.17090575,0.16531495,0.15843362,0.15002256,0.13964705,0.12639268,0.10767695,0.05496959,,,,,,,,0.05496959
137760,0.18294491,0.18247458,0.18105755,0.17867479,0.17529133,0.17085043,0.16526259,0.15838482,0.14997798,0.13960749,0.12635921,0.10765145,0.05496418,,,,,,,,0.05496418
137820,0.18288304,0.18241297,0.18099673,0.17861528,0.17523368,0.17079516,0.16521028,0.15833607,0.14993345,0.13956797,0.12632577,0.10762596,0.05495878,,,,,,,,0.05495878
137880,0.18282124,0.18235144,0.18093598,0.17855585,0.17517608,0.17073996,0.16515803,0.15828737,0.14988897,0.13952850,0.12629236,0.10760051,0.05495338,,,,,,,,0.05495338
137940,0.18275951,0.18228997,0.18087530,0.17849647,0.17511855,0.17068482,0.16510584,0.15823872,0.14984453,0.13948906,0.12625899,0.10757508,0.05494800,,,,,,,,0.05494800
138000,0.18269785,0.18222857,0.18081468,0.17843717,0.17506109,0.17062973,0.16505370,0.15819013,0.14980014,0.13944966,0.12622566,0.10754967,0.05494262,,,,,,,,0.05494262
138060,0.18263626,0.18216724,0.18075413,0.17837793,0.17500368,0.17057471,0.16500162,0.15814159,0.14975580,0.13941031,0.12619235,0.10752429,0.05493725,,,,,,,,0.05493725
138120,0.18257473,0.18210597,0.18069365,0.17831875,0.17494634,0.17051975,0.16494960,0.15809310,0.14971151,0.13937099,0.12615908,0.10749893,0.05493189,,,,,,,,0.05493189
138180,0.18251328,0.18204478,0.18063323,0.17825964,0.17488907,0.17046485,0.16489763,0.15804466,0.14966726,0.13933172,0.12612584,0.10747360,0.05492654,,,,,,,,0.05492654
138240,0.18245189,0.18198365,0.18057288,0.17820059,0.17483185,0.17041000,0.16484572,0.15799627,0.14962306,0.13929248,0.12609264,0.10744830,0.05492120,,,,,,,,0.05492120
138300,0.18239057,0.18192259,0.18051260,0.17814161,0.17477470,0.17035522,0.16479386,0.15794794,0.14957890,0.13925329,0.12605947,0.10742302,0.05491587,,,,,,,,0.05491587
138360,0.18232932,0.18186159,0.18045239,0.17808269,0.17471761,0.17030050,0.16474206,0.15789965,0.14953479,0.13921414,0.12602634,0.10739776,0.05491054,,,,,,,,0.05491054
138420,0.18226813,0.18180067,0.18039224,0.17802384,0.17466058,0.17024583,0.16469032,0.15785142,0.14949073,0.13917503,0.12599323,0.10737253,0.05490523,,,,,,,,0.05490523
138480,0.18220702,0.18173981,0.18033215,0.17796506,0.17460362,0.17019123,0.16463863,0.15780324,0.14944671,0.13913596,0.12596017,0.10734732,0.05489992,,,,,,,,0.05489992
138540,0.18214597,0.18167902,0.18027214,0.17790633,0.17454672,0.17013668,0.16458699,0.15775511,0.14940274,0.13909693,0.12592713,0.10732214,0.05489462,,,,,,,,0.05489462
138600,0.18208498,0.18161829,0.18021219,0.17784767,0.17448988,0.17008219,0.16453542,0.15770703,0.14935882,0.13905793,0.12589413,0.10729698,0.05488933,,,,,,,,0.05488933
138660,0.18202408,0.18155764,0.18015231,0.17778909,0.17443310,0.17002777,0.16448390,0.15765901,0.14931495,0.13901899,0.12586116,0.10727185,0.05488405,,,,,,,,0.05488405
138720,0.18196323,0.18149706,0.18009249,0.17773056,0.17437639,0.16997341,0.16443244,0.15761104,0.14927112,0.13898008,0.12582823,0.10724674,0.05487878,,,,,,,,0.05487878
138780,0.18190245,0.18143653,0.18003274,0.17767210,0.17431974,0.16991910,0.16438103,0.15756312,0.14922733,0.13894121,0.12579533,0.10722166,0.05487352,,,,,,,,0.05487352
138840,0.18184174,0.18137607,0.17997305,0.17761370,0.17426314,0.16986485,0.16432967,0.15751524,0.14918359,0.13890238,0.12576246,0.10719660,0.05486826,,,,,,,,0.05486826
138900,0.18178109,0.18131568,0.17991343,0.17755536,0.17420661,0.16981065,0.16427837,0.15746742,0.14913990,0.13886359,0.12572962,0.10717156,0.05486301,,,,,,,,0.05486301
138960,0.18172051,0.18125536,0.17985387,0.17749708,0.17415014,0.16975652,0.16422712,0.15741965,0.14909625,0.13882484,0.12569682,0.10714655,0.05485777,,,,,,,,0.05485777
139020,0.18166000,0.18119510,0.17979438,0.17743887,0.17409373,0.16970244,0.16417593,0.15737192,0.14905264,0.13878613,0.12566405,0.10712156,0.05485254,,,,,,,,0.05485254
139080,0.18159955,0.18113491,0.17973496,0.17738073,0.17403739,0.16964843,0.16412479,0.15732425,0.14900909,0.13874746,0.12563131,0.10709660,0.05484732,,,,,,,,0.05484732
139140,0.18153917,0.18107478,0.17967560,0.17732264,0.17398110,0.16959447,0.16407371,0.15727663,0.14896558,0.13870883,0.12559861,0.10707166,0.05484211,,,,,,,,0.05484211
139200,0.18147886,0.18101472,0.17961630,0.17726462,0.17392487,0.16954057,0.16402268,0.15722906,0.14892211,0.13867024,0.12556594,0.10704675,0.05483690,,,,,,,,0.05483690
139260,0.18141861,0.18095473,0.17955707,0.17720667,0.17386871,0.16948672,0.16397171,0.15718154,0.14887869,0.13863169,0.12553330,0.10702186,0.05483171,,,,,,,,0.05483171
139320,0.18135843,0.18089480,0.17949790,0.17714877,0.17381261,0.16943294,0.16392079,0.15713407,0.14883531,0.13859317,0.12550069,0.10699700,0.05482652,,,,,,,,0.05482652
139380,0.18129831,0.18083494,0.17943880,0.17709094,0.17375657,0.16937921,0.16386993,0.15708665,0.14879198,0.13855470,0.12546812,0.10697215,0.05482134,,,,,,,,0.05482134
139440,0.18123826,0.18077514,0.17937976,0.17703317,0.17370058,0.16932554,0.16381912,0.15703928,0.14874870,0.13851627,0.12543558,0.10694734,0.05481617,,,,,,,,0.05481617
139500,0.18117827,0.18071541,0.17932079,0.17697547,0.17364466,0.16927193,0.16376836,0.15699196,0.14870546,0.13847787,0.12540307,0.10692254,0.05481100,,,,,,,,0.05481100
139560,0.18111835,0.18065574,0.17926188,0.17691783,0.17358880,0.16921838,0.16371766,0.15694469,0.14866226,0.13843952,0.12537059,0.10689777,0.05480585,,,,,,,,0.05480585
139620,0.18105850,0.18059614,0.17920303,0.17686025,0.17353300,0.16916488,0.16366701,0.15689747,0.14861911,0.13840120,0.12533815,0.10687303,0.05480070,,,,,,,,0.05480070
139680,0.18099871,0.18053660,0.17914425,0.17680273,0.17347726,0.16911144,0.16361642,0.15685030,0.14857601,0.13836293,0.12530574,0.10684831,0.05479556,,,,,,,,0.05479556
139740,0.18093899,0.18047713,0.17908554,0.17674528,0.17342158,0.16905806,0.16356588,0.15680318,0.14853294,0.13832469,0.12527336,0.10682361,0.05479043,,,,,,,,0.05479043
139800,0.18087933,0.18041772,0.17902688,0.17668788,0.17336596,0.16900474,0.16351539,0.15675611,0.14848993,0.13828649,0.12524102,0.10679894,0.05478531,,,,,,,,0.05478531
139860,0.18081974,0.18035838,0.17896830,0.17663055,0.17331040,0.16895147,0.16346496,0.15670909,0.14844696,0.13824833,0.12520870,0.10677429,0.05478020,,,,,,,,0.05478020
139920,0.18076021,0.18029910,0.17890977,0.17657329,0.17325490,0.16889826,0.16341458,0.15666212,0.14840403,0.13821021,0.12517642,0.10674966,0.05477509,,,,,,,,0.05477509
139980,0.18070075,0.18023989,0.17885131,0.17651608,0.17319946,0.16884511,0.16336426,0.15661519,0.14836115,0.13817213,0.12514417,0.10672506,0.05476999,,,,,,,,0.05476999
140040,0.18064135,0.18018074,0.17879291,0.17645894,0.17314408,0.16879201,0.16331399,0.15656832,0.14831831,0.13813409,0.12511195,0.10670048,0.05476490,,,,,,,,0.05476490
140100,0.18058201,0.18012166,0.17873458,0.17640185,0.17308876,0.16873897,0.16326377,0.15652149,0.14827552,0.13809608,0.12507977,0.10667593,0.05475982,,,,,,,,0.05475982
140160,0.18052274,0.18006264,0.17867630,0.17634483,0.17303350,0.16868599,0.16321360,0.15647472,0.14823277,0.13805812,0.12504762,0.10665140,0.05475475,,,,,,,,0.05475475
140220,0.18046354,0.18000368,0.17861810,0.17628787,0.17297830,0.16863306,0.16316349,0.15642799,0.14819006,0.13802019,0.12501549,0.10662689,0.05474969,,,,,,,,0.05474969
140280,0.18040440,0.17994479,0.17855995,0.17623098,0.17292315,0.16858019,0.16311343,0.15638131,0.14814740,0.13798230,0.12498341,0.10660241,0.05474463,,,,,,,,0.05474463
140340,0.18034532,0.17988596,0.17850187,0.17617414,0.17286807,0.16852738,0.16306342,0.15633469,0.14810478,0.13794445,0.12495135,0.10657795,0.05473958,,,,,,,,0.05473958
140400,0.18028631,0.17982719,0.17844385,0.17611737,0.17281305,0.16847462,0.16301347,0.15628811,0.14806221,0.13790664,0.12491932,0.10655351,0.05473454,,,,,,,,0.05473454
140460,0.18022737,0.17976850,0.17838590,0.17606066,0.17275809,0.16842193,0.16296357,0.15624158,0.14801969,0.13786888,0.12488733,0.10652910,0.05472951,,,,,,,,0.05472951
140520,0.18016849,0.17970987,0.17832801,0.17600401,0.17270318,0.16836929,0.16291373,0.15619510,0.14797720,0.13783114,0.12485537,0.10650471,0.05472448,,,,,,,,0.05472448
140580,0.18010967,0.17965129,0.17827018,0.17594742,0.17264834,0.16831670,0.16286393,0.15614867,0.14793476,0.13779345,0.12482344,0.10648034,0.05471947,,,,,,,,0.05471947
140640,0.18005091,0.17959278,0.17821241,0.17589089,0.17259355,0.16826417,0.16281419,0.15610228,0.14789236,0.13775579,0.12479154,0.10645600,0.05471446,,,,,,,,0.05471446
140700,0.17999222,0.17953434,0.17815470,0.17583442,0.17253882,0.16821169,0.16276450,0.15605594,0.14785001,0.13771817,0.12475968,0.10643168,0.05470946,,,,,,,,0.05470946
140760,0.17993359,0.17947595,0.17809705,0.17577801,0.17248415,0.16815927,0.16271486,0.15600966,0.14780770,0.13768059,0.12472784,0.10640739,0.05470447,,,,,,,,0.05470447
140820,0.17987502,0.17941763,0.17803947,0.17572166,0.17242953,0.16810690,0.16266527,0.15596341,0.14776543,0.13764304,0.12469604,0.10638311,0.05469948,,,,,,,,0.05469948
140880,0.17981651,0.17935937,0.17798195,0.17566537,0.17237498,0.16805459,0.16261574,0.15591722,0.14772321,0.13760554,0.12466426,0.10635886,0.05469450,,,,,,,,0.05469450
140940,0.17975807,0.17930118,0.17792449,0.17560914,0.17232048,0.16800234,0.16256626,0.15587108,0.14768103,0.13756807,0.12463252,0.10633464,0.05468954,,,,,,,,0.05468954
141000,0.17969970,0.17924304,0.17786709,0.17555297,0.17226604,0.16795014,0.16251683,0.15582498,0.14763889,0.13753064,0.12460081,0.10631043,0.05468457,,,,,,,,0.05468457
141060,0.17964138,0.17918497,0.17780976,0.17549687,0.17221166,0.16789799,0.16246745,0.15577893,0.14759680,0.13749324,0.12456913,0.10628625,0.05467962,,,,,,,,0.05467962
141120,0.17958313,0.17912697,0.17775249,0.17544082,0.17215734,0.16784591,0.16241813,0.15573293,0.14755475,0.13745589,0.12453748,0.10626210,0.05467468,,,,,,,,0.05467468
141180,0.17952494,0.17906902,0.17769527,0.17538483,0.17210307,0.16779387,0.16236885,0.15568698,0.14751274,0.13741857,0.12450587,0.10623796,0.05466974,,,,,,,,0.05466974
141240,0.17946681,0.17901114,0.17763812,0.17532890,0.17204887,0.16774189,0.16231963,0.15564107,0.14747077,0.13738129,0.12447428,0.10621385,0.05466481,,,,,,,,0.05466481
141300,0.17940875,0.17895332,0.17758103,0.17527304,0.17199472,0.16768997,0.16227046,0.15559522,0.14742885,0.13734405,0.12444273,0.10618976,0.05465989,,,,,,,,0.05465989
141360,0.17935075,0.17889556,0.17752400,0.17521723,0.17194062,0.16763810,0.16222134,0.15554941,0.14738697,0.13730685,0.12441121,0.10616570,0.05465497,,,,,,,,0.05465497
141420,0.17929281,0.17883786,0.17746704,0.17516148,0.17188659,0.16758629,0.16217227,0.15550364,0.14734514,0.13726968,0.12437971,0.10614166,0.05465007,,,,,,,,0.05465007
141480,0.17923493,0.17878023,0.17741013,0.17510579,0.17183261,0.16753453,0.16212325,0.15545793,0.14730335,0.13723255,0.12434825,0.10611764,0.05464517,,,,,,,,0.05464517
141540,0.17917712,0.17872266,0.17735329,0.17505016,0.17177869,0.16748282,0.16207429,0.15541226,0.14726159,0.13719546,0.12431682,0.10609364,0.05464028,,,,,,,,0.05464028
141600,0.17911936,0.17866514,0.17729650,0.17499459,0.17172483,0.16743117,0.16202537,0.15536664,0.14721989,0.13715840,0.12428542,0.10606967,0.05463540,,,,,,,,0.05463540
141660,0.17906167,0.17860769,0.17723978,0.17493908,0.17167102,0.16737958,0.16197651,0.15532107,0.14717822,0.13712138,0.12425405,0.10604572,0.05463052,,,,,,,,0.05463052
141720,0.17900404,0.17855031,0.17718311,0.17488363,0.17161728,0.16732803,0.16192770,0.15527554,0.14713660,0.13708440,0.12422272,0.10602179,0.05462565,,,,,,,,0.05462565
141780,0.17894648,0.17849298,0.17712651,0.17482823,0.17156358,0.16727655,0.16187894,0.15523006,0.14709502,0.13704746,0.12419141,0.10599789,0.05462079,,,,,,,,0.05462079
141840,0.17888897,0.17843572,0.17706997,0.17477290,0.17150995,0.16722511,0.16183023,0.15518463,0.14705348,0.13701055,0.12416013,0.10597400,0.05461594,,,,,,,,0.05461594
141900,0.17883153,0.17837851,0.17701349,0.17471762,0.17145637,0.16717373,0.16178157,0.15513924,0.14701198,0.13697368,0.12412889,0.10595014,0.05461110,,,,,,,,0.05461110
141960,0.17877414,0.17832137,0.17695706,0.17466241,0.17140285,0.16712241,0.16173296,0.15509390,0.14697053,0.13693685,0.12409767,0.10592631,0.05460626,,,,,,,,0.05460626
142020,0.17871682,0.17826429,0.17690070,0.17460725,0.17134938,0.16707114,0.16168440,0.15504861,0.14692912,0.13690005,0.12406649,0.10590249,0.05460143,,,,,,,,0.05460143
142080,0.17865956,0.17820726,0.17684440,0.17455215,0.17129598,0.16701992,0.16163589,0.15500336,0.14688775,0.13686329,0.12403533,0.10587870,0.05459661,,,,,,,,0.05459661
142140,0.17860236,0.17815030,0.17678816,0.17449711,0.17124262,0.16696876,0.16158743,0.15495817,0.14684642,0.13682657,0.12400421,0.10585493,0.05459179,,,,,,,,0.05459179
142200,0.17854522,0.17809340,0.17673198,0.17444212,0.17118933,0.16691765,0.16153903,0.15491301,0.14680514,0.13678988,0.12397312,0.10583118,0.05458699,,,,,,,,0.05458699
142260,0.17848815,0.17803657,0.17667586,0.17438721,0.17113610,0.16686660,0.16149068,0.15486791,0.14676390,0.13675323,0.12394206,0.10580746,0.05458219,,,,,,,,0.05458219
142320,0.17843114,0.17797980,0.17661980,0.17433234,0.17108291,0.16681559,0.16144237,0.15482285,0.14672270,0.13671662,0.12391102,0.10578376,0.05457740,,,,,,,,0.05457740
142380,0.17837418,0.17792308,0.17656380,0.17427754,0.17102979,0.16676465,0.16139412,0.15477784,0.14668154,0.13668005,0.12388002,0.10576008,0.05457261,,,,,,,,0.05457261
142440,0.17831729,0.17786642,0.17650786,0.17422279,0.17097672,0.16671375,0.16134591,0.15473287,0.14664042,0.13664351,0.12384905,0.10573642,0.05456784,,,,,,,,0.05456784
142500,0.17826045,0.17780982,0.17645197,0.17416809,0.17092370,0.16666291,0.16129775,0.15468795,0.14659935,0.13660700,0.12381811,0.10571279,0.05456307,,,,,,,,0.05456307
142560,0.17820368,0.17775329,0.17639615,0.17411346,0.17087074,0.16661211,0.16124965,0.15464308,0.14655831,0.13657053,0.12378720,0.10568918,0.05455831,,,,,,,,0.05455831
142620,0.17814696,0.17769681,0.17634038,0.17405888,0.17081784,0.16656138,0.16120159,0.15459825,0.14651732,0.13653410,0.12375631,0.10566558,0.05455355,,,,,,,,0.05455355
142680,0.17809031,0.17764039,0.17628467,0.17400436,0.17076499,0.16651069,0.16115358,0.15455347,0.14647637,0.13649771,0.12372546,0.10564202,0.05454881,,,,,,,,0.05454881
142740,0.17803371,0.17758403,0.17622902,0.17394990,0.17071219,0.16646006,0.16110562,0.15450873,0.14643545,0.13646135,0.12369464,0.10561847,0.05454407,,,,,,,,0.05454407
142800,0.17797718,0.17752774,0.17617344,0.17389549,0.17065945,0.16640948,0.16105772,0.15446404,0.14639458,0.13642503,0.12366385,0.10559495,0.05453934,,,,,,,,0.05453934
142860,0.17792071,0.17747150,0.17611790,0.17384115,0.17060677,0.16635896,0.16100986,0.15441939,0.14635376,0.13638874,0.12363309,0.10557144,0.05453461,,,,,,,,0.05453461
142920,0.17786429,0.17741532,0.17606243,0.17378686,0.17055414,0.16630848,0.16096205,0.15437479,0.14631297,0.13635249,0.12360235,0.10554797,0.05452989,,,,,,,,0.05452989
142980,0.17780794,0.17735920,0.17600702,0.17373262,0.17050157,0.16625806,0.16091429,0.15433023,0.14627222,0.13631627,0.12357165,0.10552451,0.05452518,,,,,,,,0.05452518
143040,0.17775164,0.17730314,0.17595166,0.17367845,0.17044905,0.16620769,0.16086658,0.15428573,0.14623152,0.13628009,0.12354098,0.10550107,0.05452048,,,,,,,,0.05452048
143100,0.17769541,0.17724714,0.17589637,0.17362433,0.17039659,0.16615738,0.16081892,0.15424126,0.14619085,0.13624395,0.12351033,0.10547766,0.05451579,,,,,,,,0.05451579
143160,0.17763923,0.17719120,0.17584113,0.17357027,0.17034418,0.16610711,0.16077131,0.15419684,0.14615023,0.13620784,0.12347972,0.10545427,0.05451110,,,,,,,,0.05451110
143220,0.17758311,0.17713531,0.17578595,0.17351626,0.17029183,0.16605690,0.16072374,0.15415247,0.14610965,0.13617177,0.12344914,0.10543090,0.05450642,,,,,,,,0.05450642
143280,0.17752706,0.17707949,0.17573083,0.17346231,0.17023953,0.16600674,0.16067623,0.15410814,0.14606911,0.13613574,0.12341858,0.10540755,0.05450175,,,,,,,,0.05450175
143340,0.17747106,0.17702372,0.17567576,0.17340842,0.17018729,0.16595663,0.16062876,0.15406386,0.14602861,0.13609974,0.12338806,0.10538422,0.05449708,,,,,,,,0.05449708
143400,0.17741512,0.17696802,0.17562076,0.17335458,0.17013510,0.16590658,0.16058135,0.15401962,0.14598815,0.13606377,0.12335756,0.10536092,0.05449242,,,,,,,,0.05449242
143460,0.17735924,0.17691237,0.17556581,0.17330081,0.17008297,0.16585657,0.16053398,0.15397543,0.14594773,0.13602784,0.12332710,0.10533764,0.05448777,,,,,,,,0.05448777
143520,0.17730342,0.17685678,0.17551092,0.17324708,0.17003088,0.16580662,0.16048666,0.15393128,0.14590735,0.13599195,0.12329666,0.10531438,0.05448313,,,,,,,,0.05448313
143580,0.17724765,0.17680125,0.17545609,0.17319342,0.16997886,0.16575672,0.16043939,0.15388717,0.14586701,0.13595609,0.12326625,0.10529114,0.05447849,,,,,,,,0.05447849
143640,0.17719195,0.17674578,0.17540131,0.17313981,0.16992689,0.16570687,0.16039217,0.15384312,0.14582671,0.13592026,0.12323588,0.10526792,0.05447386,,,,,,,,0.05447386
143700,0.17713630,0.17669036,0.17534659,0.17308625,0.16987497,0.16565707,0.16034499,0.15379910,0.14578646,0.13588448,0.12320553,0.10524472,0.05446924,,,,,,,,0.05446924
143760,0.17708072,0.17663501,0.17529193,0.17303275,0.16982310,0.16560733,0.16029787,0.15375513,0.14574624,0.13584872,0.12317521,0.10522155,0.05446462,,,,,,,,0.05446462
143820,0.17702519,0.17657971,0.17523733,0.17297931,0.16977129,0.16555763,0.16025079,0.15371121,0.14570606,0.13581301,0.12314492,0.10519840,0.05446001,,,,,,,,0.05446001
143880,0.17696972,0.17652447,0.17518278,0.17292592,0.16971954,0.16550799,0.16020376,0.15366733,0.14566592,0.13577732,0.12311466,0.10517527,0.05445541,,,,,,,,0.05445541
143940,0.17691431,0.17646929,0.17512829,0.17287259,0.16966783,0.16545840,0.16015678,0.15362349,0.14562583,0.13574168,0.12308442,0.10515216,0.05445082,,,,,,,,0.05445082
144000,0.17685895,0.17641417,0.17507386,0.17281931,0.16961619,0.16540886,0.16010985,0.15357970,0.14558577,0.13570606,0.12305422,0.10512907,0.05444623,,,,,,,,0.05444623
144060,0.17680366,0.17635911,0.17501949,0.17276610,0.16956460,0.16535937,0.16006297,0.15353596,0.14554576,0.13567049,0.12302405,0.10510601,0.05444165,,,,,,,,0.05444165
144120,0.17674843,0.17630410,0.17496518,0.17271294,0.16951306,0.16530994,0.16001613,0.15349226,0.14550578,0.13563495,0.12299391,0.10508297,0.05443708,,,,,,,,0.05443708
144180,0.17669325,0.17624915,0.17491092,0.17265983,0.16946157,0.16526055,0.15996934,0.15344860,0.14546585,0.13559944,0.12296379,0.10505994,0.05443252,,,,,,,,0.05443252
144240,0.17663812,0.17619426,0.17485671,0.17260678,0.16941013,0.16521121,0.15992260,0.15340498,0.14542595,0.13556397,0.12293370,0.10503694,0.05442796,,,,,,,,0.05442796
144300,0.17658306,0.17613942,0.17480256,0.17255378,0.16935875,0.16516192,0.15987591,0.15336141,0.14538609,0.13552853,0.12290365,0.10501396,0.05442341,,,,,,,,0.05442341
144360,0.17652805,0.17608464,0.17474847,0.17250083,0.16930742,0.16511269,0.15982926,0.15331789,0.14534627,0.13549313,0.12287362,0.10499100,0.05441886,,,,,,,,0.05441886
144420,0.17647310,0.17602992,0.17469444,0.17244794,0.16925615,0.16506350,0.15978266,0.15327440,0.14530650,0.13545776,0.12284362,0.10496806,0.05441432,,,,,,,,0.05441432
144480,0.17641821,0.17597526,0.17464046,0.17239511,0.16920492,0.16501437,0.15973611,0.15323096,0.14526676,0.13542242,0.12281364,0.10494515,0.05440979,,,,,,,,0.05440979
144540,0.17636337,0.17592065,0.17458653,0.17234233,0.16915375,0.16496528,0.15968961,0.15318757,0.14522706,0.13538712,0.12278370,0.10492225,0.05440527,,,,,,,,0.05440527
144600,0.17630860,0.17586610,0.17453267,0.17228960,0.16910263,0.16491625,0.15964315,0.15314422,0.14518740,0.13535186,0.12275378,0.10489938,0.05440075,,,,,,,,0.05440075
144660,0.17625387,0.17581160,0.17447885,0.17223693,0.16905157,0.16486726,0.15959674,0.15310091,0.14514778,0.13531663,0.12272390,0.10487652,0.05439624,,,,,,,,0.05439624
144720,0.17619921,0.17575717,0.17442510,0.17218432,0.16900056,0.16481833,0.15955038,0.15305764,0.14510820,0.13528143,0.12269404,0.10485369,0.05439174,,,,,,,,0.05439174
144780,0.17614460,0.17570279,0.17437140,0.17213176,0.16894960,0.16476945,0.15950406,0.15301442,0.14506865,0.13524627,0.12266421,0.10483088,0.05438725,,,,,,,,0.05438725
144840,0.17609005,0.17564846,0.17431775,0.17207925,0.16889869,0.16472061,0.15945779,0.15297124,0.14502915,0.13521114,0.12263441,0.10480809,0.05438276,,,,,,,,0.05438276
144900,0.17603556,0.17559419,0.17426417,0.17202680,0.16884784,0.16467183,0.15941157,0.15292811,0.14498969,0.13517605,0.12260464,0.10478532,0.05437828,,,,,,,,0.05437828
144960,0.17598112,0.17553998,0.17421063,0.17197440,0.16879703,0.16462309,0.15936540,0.15288502,0.14495026,0.13514099,0.12257489,0.10476258,0.05437380,,,,,,,,0.05437380
145020,0.17592674,0.17548583,0.17415716,0.17192205,0.16874628,0.16457441,0.15931927,0.15284197,0.14491088,0.13510596,0.12254518,0.10473985,0.05436933,,,,,,,,0.05436933
145080,0.17587242,0.17543173,0.17410373,0.17186976,0.16869558,0.16452577,0.15927319,0.15279896,0.14487153,0.13507097,0.12251549,0.10471714,0.05436487,,,,,,,,0.05436487
145140,0.17581815,0.17537769,0.17405037,0.17181753,0.16864494,0.16447719,0.15922715,0.15275600,0.14483222,0.13503601,0.12248583,0.10469446,0.05436042,,,,,,,,0.05436042
145200,0.17576394,0.17532370,0.17399706,0.17176534,0.16859434,0.16442865,0.15918116,0.15271308,0.14479295,0.13500109,0.12245620,0.10467180,0.05435597,,,,,,,,0.05435597
145260,0.17570978,0.17526977,0.17394380,0.17171322,0.16854380,0.16438017,0.15913522,0.15267021,0.14475372,0.13496620,0.12242660,0.10464915,0.05435153,,,,,,,,0.05435153
145320,0.17565568,0.17521589,0.17389060,0.17166114,0.16849331,0.16433173,0.15908933,0.15262737,0.14471453,0.13493134,0.12239702,0.10462653,0.05434709,,,,,,,,0.05434709
145380,0.17560164,0.17516207,0.17383745,0.17160912,0.16844287,0.16428334,0.15904348,0.15258458,0.14467538,0.13489652,0.12236748,0.10460393,0.05434267,,,,,,,,0.05434267
145440,0.17554765,0.17510831,0.17378436,0.17155715,0.16839248,0.16423500,0.15899768,0.15254183,0.14463626,0.13486173,0.12233796,0.10458135,0.05433825,,,,,,,,0.05433825
145500,0.17549372,0.17505460,0.17373132,0.17150524,0.16834215,0.16418671,0.15895192,0.15249913,0.14459719,0.13482698,0.12230847,0.10455879,0.05433383,,,,,,,,0.05433383
145560,0.17543985,0.17500095,0.17367834,0.17145337,0.16829186,0.16413847,0.15890621,0.15245647,0.14455815,0.13479226,0.12227900,0.10453625,0.05432943,,,,,,,,0.05432943
145620,0.17538603,0.17494735,0.17362542,0.17140157,0.16824163,0.16409028,0.15886054,0.15241385,0.14451915,0.13475757,0.12224957,0.10451373,0.05432503,,,,,,,,0.05432503
145680,0.17533226,0.17489381,0.17357254,0.17134981,0.16819145,0.16404214,0.15881492,0.15237127,0.14448019,0.13472292,0.12222016,0.10449124,0.05432063,,,,,,,,0.05432063
145740,0.17527855,0.17484033,0.17351972,0.17129811,0.16814132,0.16399405,0.15876935,0.15232873,0.14444127,0.13468829,0.12219078,0.10446876,0.05431625,,,,,,,,0.05431625
145800,0.17522490,0.17478689,0.17346696,0.17124646,0.16809124,0.16394600,0.15872383,0.15228624,0.14440238,0.13465371,0.12216143,0.10444630,0.05431187,,,,,,,,0.05431187
145860,0.17517131,0.17473352,0.17341426,0.17119487,0.16804122,0.16389801,0.15867835,0.15224380,0.14436354,0.13461916,0.12213211,0.10442387,0.05430749,,,,,,,,0.05430749
145920,0.17511777,0.17468021,0.17336160,0.17114333,0.16799124,0.16385007,0.15863292,0.15220139,0.14432474,0.13458464,0.12210281,0.10440146,0.05430313,,,,,,,,0.05430313
145980,0.17506428,0.17462694,0.17330900,0.17109184,0.16794132,0.16380217,0.15858753,0.15215902,0.14428597,0.13455015,0.12207355,0.10437906,0.05429877,,,,,,,,0.05429877
146040,0.17501085,0.17457373,0.17325645,0.17104040,0.16789144,0.16375432,0.15854218,0.15211670,0.14424724,0.13451570,0.12204431,0.10435669,0.05429441,,,,,,,,0.05429441
146100,0.17495747,0.17452057,0.17320396,0.17098902,0.16784162,0.16370652,0.15849688,0.15207442,0.14420854,0.13448128,0.12201509,0.10433433,0.05429007,,,,,,,,0.05429007
146160,0.17490414,0.17446747,0.17315152,0.17093769,0.16779184,0.16365876,0.15845163,0.15203218,0.14416989,0.13444689,0.12198591,0.10431200,0.05428572,,,,,,,,0.05428572
146220,0.17485088,0.17441442,0.17309913,0.17088641,0.16774212,0.16361106,0.15840642,0.15198998,0.14413127,0.13441254,0.12195675,0.10428969,0.05428139,,,,,,,,0.05428139
146280,0.17479766,0.17436143,0.17304680,0.17083518,0.16769245,0.16356340,0.15836126,0.15194782,0.14409269,0.13437822,0.12192762,0.10426739,0.05427706,,,,,,,,0.05427706
146340,0.17474450,0.17430849,0.17299452,0.17078400,0.16764282,0.16351579,0.15831614,0.15190571,0.14405414,0.13434393,0.12189851,0.10424512,0.05427274,,,,,,,,0.05427274
146400,0.17469140,0.17425560,0.17294230,0.17073288,0.16759325,0.16346823,0.15827107,0.15186363,0.14401564,0.13430967,0.12186944,0.10422287,0.05426843,,,,,,,,0.05426843
146460,0.17463835,0.17420277,0.17289012,0.17068181,0.16754373,0.16342071,0.15822604,0.15182160,0.14397717,0.13427545,0.12184039,0.10420064,0.05426412,,,,,,,,0.05426412
146520,0.17458535,0.17414999,0.17283800,0.17063079,0.16749426,0.16337325,0.15818106,0.15177961,0.14393874,0.13424126,0.12181137,0.10417843,0.05425982,,,,,,,,0.05425982
146580,0.17453241,0.17409727,0.17278594,0.17057982,0.16744484,0.16332583,0.15813612,0.15173766,0.14390035,0.13420711,0.12178237,0.10415624,0.05425553,,,,,,,,0.05425553
146640,0.17447952,0.17404460,0.17273393,0.17052890,0.16739546,0.16327846,0.15809123,0.15169576,0.14386200,0.13417298,0.12175341,0.10413406,0.05425124,,,,,,,,0.05425124
146700,0.17442669,0.17399199,0.17268197,0.17047804,0.16734614,0.16323114,0.15804638,0.15165389,0.14382368,0.13413889,0.12172447,0.10411191,0.05424696,,,,,,,,0.05424696
146760,0.17437391,0.17393942,0.17263006,0.17042723,0.16729687,0.16318386,0.15800158,0.15161207,0.14378540,0.13410483,0.12169555,0.10408978,0.05424268,,,,,,,,0.05424268
146820,0.17432119,0.17388692,0.17257821,0.17037647,0.16724765,0.16313664,0.15795682,0.15157028,0.14374715,0.13407081,0.12166667,0.10406767,0.05423841,,,,,,,,0.05423841
146880,0.17426851,0.17383446,0.17252640,0.17032576,0.16719848,0.16308945,0.15791210,0.15152854,0.14370895,0.13403681,0.12163781,0.10404558,0.05423415,,,,,,,,0.05423415
146940,0.17421590,0.17378206,0.17247466,0.17027510,0.16714935,0.16304232,0.15786744,0.15148684,0.14367078,0.13400285,0.12160898,0.10402351,0.05422990,,,,,,,,0.05422990
147000,0.17416333,0.17372971,0.17242296,0.17022450,0.16710028,0.16299524,0.15782281,0.15144518,0.14363265,0.13396892,0.12158017,0.10400146,0.05422565,,,,,,,,0.05422565
147060,0.17411082,0.17367742,0.17237132,0.17017394,0.16705126,0.16294820,0.15777823,0.15140356,0.14359455,0.13393503,0.12155139,0.10397943,0.05422140,,,,,,,,0.05422140
147120,0.17405836,0.17362518,0.17231973,0.17012344,0.16700228,0.16290121,0.15773369,0.15136198,0.14355650,0.13390117,0.12152264,0.10395742,0.05421717,,,,,,,,0.05421717
147180,0.17400596,0.17357299,0.17226819,0.17007298,0.16695336,0.16285426,0.15768920,0.15132045,0.14351848,0.13386733,0.12149392,0.10393543,0.05421294,,,,,,,,0.05421294
147240,0.17395361,0.17352086,0.17221670,0.17002258,0.16690448,0.16280737,0.15764475,0.15127895,0.14348049,0.13383354,0.12146522,0.10391346,0.05420871,,,,,,,,0.05420871
147300,0.17390131,0.17346878,0.17216527,0.16997223,0.16685566,0.16276052,0.15760035,0.15123749,0.14344255,0.13379977,0.12143655,0.10389151,0.05420450,,,,,,,,0.05420450
147360,0.17384907,0.17341675,0.17211389,0.16992193,0.16680688,0.16271371,0.15755599,0.15119608,0.14340464,0.13376603,0.12140791,0.10386958,0.05420029,,,,,,,,0.05420029
147420,0.17379688,0.17336477,0.17206256,0.16987168,0.16675815,0.16266695,0.15751167,0.15115470,0.14336676,0.13373233,0.12137929,0.10384767,0.05419608,,,,,,,,0.05419608
147480,0.17374474,0.17331285,0.17201128,0.16982149,0.16670947,0.16262024,0.15746740,0.15111337,0.14332892,0.13369866,0.12135070,0.10382577,0.05419188,,,,,,,,0.05419188
147540,0.17369266,0.17326098,0.17196006,0.16977134,0.16666084,0.16257358,0.15742317,0.15107208,0.14329112,0.13366502,0.12132214,0.10380390,0.05418769,,,,,,,,0.05418769
147600,0.17364062,0.17320916,0.17190888,0.16972124,0.16661226,0.16252696,0.15737899,0.15103082,0.14325336,0.13363142,0.12129360,0.10378205,0.05418351,,,,,,,,0.05418351
147660,0.17358865,0.17315740,0.17185777,0.16967120,0.16656373,0.16248040,0.15733485,0.15098962,0.14321564,0.13359785,0.12126509,0.10376022,0.05417933,,,,,,,,0.05417933
147720,0.17353673,0.17310569,0.17180670,0.16962121,0.16651525,0.16243388,0.15729076,0.15094845,0.14317795,0.13356431,0.12123661,0.10373841,0.05417515,,,,,,,,0.05417515
147780,0.17348485,0.17305403,0.17175568,0.16957126,0.16646682,0.16238740,0.15724670,0.15090732,0.14314030,0.13353080,0.12120815,0.10371662,0.05417099,,,,,,,,0.05417099
147840,0.17343303,0.17300243,0.17170471,0.16952137,0.16641843,0.16234097,0.15720269,0.15086622,0.14310268,0.13349732,0.12117972,0.10369484,0.05416683,,,,,,,,0.05416683
147900,0.17338126,0.17295087,0.17165380,0.16947152,0.16637009,0.16229458,0.15715872,0.15082517,0.14306510,0.13346387,0.12115132,0.10367309,0.05416267,,,,,,,,0.05416267
147960,0.17332955,0.17289937,0.17160293,0.16942173,0.16632180,0.16224824,0.15711480,0.15078416,0.14302755,0.13343045,0.12112294,0.10365136,0.05415852,,,,,,,,0.05415852
148020,0.17327788,0.17284791,0.17155212,0.16937198,0.16627356,0.16220195,0.15707092,0.15074319,0.14299004,0.13339707,0.12109458,0.10362964,0.05415438,,,,,,,,0.05415438
148080,0.17322627,0.17279651,0.17150136,0.16932229,0.16622536,0.16215570,0.15702708,0.15070226,0.14295257,0.13336372,0.12106626,0.10360795,0.05415025,,,,,,,,0.05415025
148140,0.17317471,0.17274517,0.17145065,0.16927264,0.16617722,0.16210950,0.15698329,0.15066137,0.14291513,0.13333040,0.12103796,0.10358627,0.05414612,,,,,,,,0.05414612
148200,0.17312320,0.17269387,0.17139999,0.16922304,0.16612912,0.16206335,0.15693954,0.15062051,0.14287773,0.13329711,0.12100969,0.10356462,0.05414199,,,,,,,,0.05414199
148260,0.17307175,0.17264262,0.17134938,0.16917350,0.16608107,0.16201724,0.15689583,0.15057970,0.14284036,0.13326385,0.12098144,0.10354298,0.05413788,,,,,,,,0.05413788
148320,0.17302034,0.17259143,0.17129882,0.16912400,0.16603307,0.16197117,0.15685217,0.15053893,0.14280303,0.13323062,0.12095322,0.10352136,0.05413376,,,,,,,,0.05413376
148380,0.17296899,0.17254029,0.17124831,0.16907456,0.16598512,0.16192515,0.15680854,0.15049820,0.14276574,0.13319743,0.12092502,0.10349976,0.05412966,,,,,,,,0.05412966
148440,0.17291769,0.17248920,0.17119786,0.16902516,0.16593721,0.16187918,0.15676496,0.15045750,0.14272848,0.13316427,0.12089685,0.10347819,0.05412556,,,,,,,,0.05412556
148500,0.17286644,0.17243816,0.17114745,0.16897581,0.16588935,0.16183325,0.15672143,0.15041685,0.14269126,0.13313113,0.12086871,0.10345663,0.05412147,,,,,,,,0.05412147
148560,0.17281524,0.17238717,0.17109710,0.16892651,0.16584154,0.16178737,0.15667793,0.15037624,0.14265407,0.13309803,0.12084059,0.10343509,0.05411738,,,,,,,,0.05411738
148620,0.17276409,0.17233624,0.17104679,0.16887726,0.16579378,0.16174154,0.15663448,0.15033566,0.14261692,0.13306496,0.12081250,0.10341357,0.05411330,,,,,,,,0.05411330
148680,0.17271300,0.17228535,0.17099654,0.16882806,0.16574606,0.16169574,0.15659107,0.15029513,0.14257981,0.13303192,0.12078444,0.10339206,0.05410923,,,,,,,,0.05410923
148740,0.17266196,0.17223452,0.17094633,0.16877891,0.16569839,0.16165000,0.15654771,0.15025463,0.14254273,0.13299892,0.12075640,0.10337058,0.05410516,,,,,,,,0.05410516
148800,0.17261096,0.17218374,0.17089618,0.16872981,0.16565077,0.16160430,0.15650439,0.15021417,0.14250568,0.13296594,0.12072838,0.10334912,0.05410109,,,,,,,,0.05410109
148860,0.17256002,0.17213300,0.17084608,0.16868076,0.16560320,0.16155864,0.15646110,0.15017375,0.14246867,0.13293299,0.12070039,0.10332768,0.05409704,,,,,,,,0.05409704
148920,0.17250913,0.17208232,0.17079602,0.16863175,0.16555567,0.16151303,0.15641787,0.15013338,0.14243170,0.13290008,0.12067243,0.10330625,0.05409299,,,,,,,,0.05409299
148980,0.17245829,0.17203169,0.17074602,0.16858280,0.16550819,0.16146746,0.15637467,0.15009304,0.14239476,0.13286720,0.12064450,0.10328485,0.05408894,,,,,,,,0.05408894
149040,0.17240750,0.17198111,0.17069607,0.16853389,0.16546076,0.16142194,0.15633151,0.15005274,0.14235786,0.13283434,0.12061658,0.10326346,0.05408491,,,,,,,,0.05408491
149100,0.17235677,0.17193058,0.17064616,0.16848503,0.16541337,0.16137647,0.15628840,0.15001247,0.14232099,0.13280152,0.12058870,0.10324209,0.05408087,,,,,,,,0.05408087
149160,0.17230608,0.17188010,0.17059631,0.16843623,0.16536603,0.16133103,0.15624533,0.14997225,0.14228416,0.13276873,0.12056084,0.10322074,0.05407685,,,,,,,,0.05407685
149220,0.17225544,0.17182968,0.17054650,0.16838746,0.16531874,0.16128565,0.15620230,0.14993207,0.14224736,0.13273597,0.12053301,0.10319941,0.05407283,,,,,,,,0.05407283
149280,0.17220486,0.17177930,0.17049675,0.16833875,0.16527150,0.16124030,0.15615932,0.14989192,0.14221060,0.13270324,0.12050520,0.10317810,0.05406881,,,,,,,,0.05406881
149340,0.17215432,0.17172897,0.17044704,0.16829009,0.16522430,0.16119501,0.15611637,0.14985182,0.14217387,0.13267054,0.12047741,0.10315681,0.05406480,,,,,,,,0.05406480
149400,0.17210384,0.17167869,0.17039739,0.16824147,0.16517715,0.16114975,0.15607347,0.14981175,0.14213718,0.13263787,0.12044966,0.10313554,0.05406080,,,,,,,,0.05406080
149460,0.17205341,0.17162847,0.17034779,0.16819291,0.16513005,0.16110455,0.15603061,0.14977172,0.14210052,0.13260524,0.12042193,0.10311429,0.05405680,,,,,,,,0.05405680
149520,0.17200303,0.17157830,0.17029823,0.16814440,0.16508299,0.16105939,0.15598780,0.14973173,0.14206390,0.13257263,0.12039422,0.10309305,0.05405281,,,,,,,,0.05405281
149580,0.17195270,0.17152817,0.17024873,0.16809592,0.16503598,0.16101427,0.15594502,0.14969178,0.14202731,0.13254006,0.12036654,0.10307184,0.05404883,,,,,,,,0.05404883
149640,0.17190241,0.17147809,0.17019927,0.16804750,0.16498901,0.16096919,0.15590228,0.14965187,0.14199076,0.13250751,0.12033888,0.10305064,0.05404485,,,,,,,,0.05404485
149700,0.17185218,0.17142807,0.17014986,0.16799913,0.16494209,0.16092416,0.15585959,0.14961199,0.14195424,0.13247499,0.12031125,0.10302946,0.05404088,,,,,,,,0.05404088
149760,0.17180200,0.17137809,0.17010050,0.16795080,0.16489522,0.16087917,0.15581694,0.14957216,0.14191776,0.13244251,0.12028365,0.10300830,0.05403691,,,,,,,,0.05403691
149820,0.17175186,0.17132816,0.17005119,0.16790252,0.16484839,0.16083423,0.15577432,0.14953236,0.14188131,0.13241005,0.12025607,0.10298716,0.05403295,,,,,,,,0.05403295
149880,0.17170178,0.17127828,0.17000193,0.16785429,0.16480161,0.16078933,0.15573175,0.14949260,0.14184489,0.13237763,0.12022851,0.10296604,0.05402899,,,,,,,,0.05402899
149940,0.17165175,0.17122845,0.16995271,0.16780610,0.16475488,0.16074447,0.15568922,0.14945287,0.14180851,0.13234523,0.12020098,0.10294494,0.05402504,,,,,,,,0.05402504
150000,0.17160176,0.17117867,0.16990355,0.16775797,0.16470819,0.16069966,0.15564674,0.14941319,0.14177217,0.13231287,0.12017348,0.10292385,0.05402110,,,,,,,,0.05402110
150060,0.17155183,0.17112894,0.16985443,0.16770988,0.16466154,0.16065489,0.15560429,0.14937354,0.14173586,0.13228053,0.12014600,0.10290279,0.05401716,,,,,,,,0.05401716
150120,0.17150194,0.17107926,0.16980536,0.16766183,0.16461495,0.16061016,0.15556188,0.14933393,0.14169958,0.13224823,0.12011854,0.10288174,0.05401323,,,,,,,,0.05401323
150180,0.17145211,0.17102963,0.16975634,0.16761384,0.16456839,0.16056548,0.15551952,0.14929436,0.14166333,0.13221595,0.12009111,0.10286071,0.05400930,,,,,,,,0.05400930
150240,0.17140232,0.17098005,0.16970737,0.16756589,0.16452189,0.16052084,0.15547719,0.14925483,0.14162713,0.13218371,0.12006371,0.10283970,0.05400538,,,,,,,,0.05400538
150300,0.17135258,0.17093051,0.16965845,0.16751799,0.16447543,0.16047625,0.15543491,0.14921533,0.14159095,0.13215149,0.12003633,0.10281871,0.05400147,,,,,,,,0.05400147
150360,0.17130289,0.17088103,0.16960958,0.16747014,0.16442901,0.16043170,0.15539267,0.14917588,0.14155481,0.13211931,0.12000897,0.10279773,0.05399756,,,,,,,,0.05399756
150420,0.17125326,0.17083159,0.16956075,0.16742233,0.16438264,0.16038719,0.15535047,0.14913646,0.14151870,0.13208715,0.11998164,0.10277678,0.05399365,,,,,,,,0.05399365
150480,0.17120367,0.17078220,0.16951197,0.16737457,0.16433631,0.16034272,0.15530831,0.14909708,0.14148263,0.13205503,0.11995433,0.10275584,0.05398976,,,,,,,,0.05398976
150540,0.17115413,0.17073287,0.16946324,0.16732686,0.16429004,0.16029830,0.15526619,0.14905773,0.14144659,0.13202293,0.11992705,0.10273492,0.05398586,,,,,,,,0.05398586
150600,0.17110463,0.17068358,0.16941456,0.16727920,0.16424380,0.16025392,0.15522411,0.14901842,0.14141059,0.13199087,0.11989980,0.10271402,0.05398198,,,,,,,,0.05398198
150660,0.17105519,0.17063434,0.16936593,0.16723158,0.16419761,0.16020959,0.15518207,0.14897915,0.14137462,0.13195883,0.11987257,0.10269314,0.05397810,,,,,,,,0.05397810
150720,0.17100580,0.17058514,0.16931734,0.16718401,0.16415147,0.16016530,0.15514007,0.14893992,0.14133868,0.13192683,0.11984536,0.10267228,0.05397422,,,,,,,,0.05397422
150780,0.17095645,0.17053600,0.16926881,0.16713648,0.16410537,0.16012105,0.15509811,0.14890073,0.14130278,0.13189485,0.11981818,0.10265144,0.05397035,,,,,,,,0.05397035
150840,0.17090715,0.17048690,0.16922031,0.16708900,0.16405931,0.16007684,0.15505619,0.14886157,0.14126691,0.13186290,0.11979102,0.10263061,0.05396649,,,,,,,,0.05396649
150900,0.17085791,0.17043786,0.16917187,0.16704157,0.16401331,0.16003268,0.15501431,0.14882245,0.14123107,0.13183098,0.11976389,0.10260980,0.05396263,,,,,,,,0.05396263
150960,0.17080871,0.17038886,0.16912348,0.16699419,0.16396734,0.15998856,0.15497248,0.14878337,0.14119527,0.13179910,0.11973678,0.10258901,0.05395878,,,,,,,,0.05395878
151020,0.17075955,0.17033991,0.16907513,0.16694685,0.16392142,0.15994448,0.15493068,0.14874432,0.14115950,0.13176724,0.11970969,0.10256824,0.05395493,,,,,,,,0.05395493
151080,0.17071045,0.17029101,0.16902683,0.16689955,0.16387555,0.15990044,0.15488892,0.14870531,0.14112377,0.13173541,0.11968263,0.10254749,0.05395109,,,,,,,,0.05395109
151140,0.17066140,0.17024215,0.16897858,0.16685231,0.16382972,0.15985645,0.15484720,0.14866634,0.14108806,0.13170361,0.11965560,0.10252675,0.05394725,,,,,,,,0.05394725
151200,0.17061239,0.17019334,0.16893037,0.16680511,0.16378393,0.15981250,0.15480553,0.14862741,0.14105240,0.13167184,0.11962859,0.10250603,0.05394342,,,,,,,,0.05394342
151260,0.17056344,0.17014459,0.16888222,0.16675796,0.16373819,0.15976859,0.15476390,0.14858851,0.14101677,0.13164010,0.11960160,0.10248534,0.05393960,,,,,,,,0.05393960
151320,0.17051453,0.17009588,0.16883411,0.16671085,0.16369250,0.15972473,0.15472230,0.14854965,0.14098117,0.13160839,0.11957464,0.10246466,0.05393578,,,,,,,,0.05393578
151380,0.17046567,0.17004722,0.16878605,0.16666379,0.16364685,0.15968091,0.15468074,0.14851083,0.14094560,0.13157670,0.11954771,0.10244399,0.05393197,,,,,,,,0.05393197
151440,0.17041685,0.16999861,0.16873803,0.16661677,0.16360124,0.15963713,0.15463922,0.14847204,0.14091006,0.13154505,0.11952079,0.10242335,0.05392816,,,,,,,,0.05392816
151500,0.17036809,0.16995004,0.16869006,0.16656980,0.16355568,0.15959339,0.15459775,0.14843329,0.14087456,0.13151343,0.11949390,0.10240272,0.05392436,,,,,,,,0.05392436
151560,0.17031937,0.16990152,0.16864213,0.16652288,0.16351016,0.15954969,0.15455631,0.14839458,0.14083909,0.13148183,0.11946704,0.10238211,0.05392056,,,,,,,,0.05392056
151620,0.17027070,0.16985304,0.16859426,0.16647600,0.16346468,0.15950604,0.15451491,0.14835590,0.14080366,0.13145026,0.11944020,0.10236152,0.05391677,,,,,,,,0.05391677
151680,0.17022207,0.16980462,0.16854643,0.16642916,0.16341925,0.15946242,0.15447355,0.14831726,0.14076826,0.13141873,0.11941338,0.10234095,0.05391298,,,,,,,,0.05391298
151740,0.17017350,0.16975624,0.16849864,0.16638237,0.16337386,0.15941885,0.15443223,0.14827865,0.14073289,0.13138722,0.11938659,0.10232040,0.05390920,,,,,,,,0.05390920
151800,0.17012497,0.16970791,0.16845091,0.16633563,0.16332852,0.15937532,0.15439095,0.14824008,0.14069755,0.13135574,0.11935982,0.10229986,0.05390543,,,,,,,,0.05390543
151860,0.17007649,0.16965963,0.16840322,0.16628893,0.16328322,0.15933184,0.15434971,0.14820155,0.14066225,0.13132428,0.11933307,0.10227934,0.05390166,,,,,,,,0.05390166
151920,0.17002805,0.16961139,0.16835557,0.16624228,0.16323796,0.15928839,0.15430850,0.14816306,0.14062698,0.13129286,0.11930635,0.10225884,0.05389790,,,,,,,,0.05389790
151980,0.16997967,0.16956320,0.16830798,0.16619567,0.16319275,0.15924499,0.15426734,0.14812460,0.14059174,0.13126147,0.11927965,0.10223836,0.05389414,,,,,,,,0.05389414
152040,0.16993133,0.16951506,0.16826043,0.16614911,0.16314758,0.15920162,0.15422622,0.14808617,0.14055653,0.13123010,0.11925298,0.10221789,0.05389039,,,,,,,,0.05389039
152100,0.16988303,0.16946696,0.16821292,0.16610259,0.16310245,0.15915830,0.15418513,0.14804779,0.14052136,0.13119877,0.11922633,0.10219744,0.05388664,,,,,,,,0.05388664
152160,0.16983479,0.16941891,0.16816546,0.16605612,0.16305737,0.15911502,0.15414409,0.14800944,0.14048622,0.13116746,0.11919971,0.10217701,0.05388290,,,,,,,,0.05388290
152220,0.16978659,0.16937091,0.16811805,0.16600970,0.16301233,0.15907178,0.15410308,0.14797112,0.14045111,0.13113618,0.11917310,0.10215660,0.05387916,,,,,,,,0.05387916
152280,0.16973844,0.16932295,0.16807068,0.16596331,0.16296734,0.15902859,0.15406211,0.14793284,0.14041604,0.13110493,0.11914653,0.10213620,0.05387543,,,,,,,,0.05387543
152340,0.16969033,0.16927505,0.16802336,0.16591698,0.16292238,0.15898543,0.15402118,0.14789460,0.14038100,0.13107371,0.11911997,0.10211583,0.05387170,,,,,,,,0.05387170
152400,0.16964228,0.16922718,0.16797609,0.16587068,0.16287747,0.15894232,0.15398029,0.14785639,0.14034599,0.13104251,0.11909344,0.10209547,0.05386798,,,,,,,,0.05386798
152460,0.16959426,0.16917937,0.16792886,0.16582444,0.16283261,0.15889925,0.15393944,0.14781822,0.14031101,0.13101135,0.11906694,0.10207513,0.05386427,,,,,,,,0.05386427
152520,0.16954630,0.16913160,0.16788167,0.16577823,0.16278779,0.15885621,0.15389863,0.14778009,0.14027607,0.13098021,0.11904045,0.10205480,0.05386056,,,,,,,,0.05386056
152580,0.16949838,0.16908387,0.16783454,0.16573208,0.16274301,0.15881322,0.15385785,0.14774199,0.14024115,0.13094910,0.11901399,0.10203450,0.05385685,,,,,,,,0.05385685
152640,0.16945051,0.16903620,0.16778744,0.16568596,0.16269827,0.15877027,0.15381712,0.14770392,0.14020627,0.13091802,0.11898756,0.10201421,0.05385315,,,,,,,,0.05385315
152700,0.16940268,0.16898857,0.16774040,0.16563989,0.16265358,0.15872737,0.15377642,0.14766590,0.14017143,0.13088697,0.11896115,0.10199394,0.05384946,,,,,,,,0.05384946
152760,0.16935491,0.16894098,0.16769340,0.16559387,0.16260893,0.15868450,0.15373576,0.14762790,0.14013661,0.13085595,0.11893476,0.10197368,0.05384577,,,,,,,,0.05384577
152820,0.16930717,0.16889344,0.16764644,0.16554789,0.16256432,0.15864167,0.15369514,0.14758995,0.14010183,0.13082495,0.11890839,0.10195344,0.05384209,,,,,,,,0.05384209
152880,0.16925949,0.16884595,0.16759953,0.16550195,0.16251975,0.15859889,0.15365456,0.14755202,0.14006707,0.13079399,0.11888205,0.10193323,0.05383841,,,,,,,,0.05383841
152940,0.16921185,0.16879850,0.16755267,0.16545606,0.16247523,0.15855614,0.15361402,0.14751414,0.14003236,0.13076305,0.11885573,0.10191302,0.05383474,,,,,,,,0.05383474
153000,0.16916425,0.16875110,0.16750585,0.16541021,0.16243075,0.15851343,0.15357351,0.14747629,0.13999767,0.13073214,0.11882944,0.10189284,0.05383107,,,,,,,,0.05383107
153060,0.16911671,0.16870375,0.16745908,0.16536441,0.16238632,0.15847078,0.15353305,0.14743848,0.13996302,0.13070126,0.11880317,0.10187268,0.05382741,,,,,,,,0.05382741
153120,0.16906921,0.16865645,0.16741235,0.16531865,0.16234193,0.15842815,0.15349262,0.14740070,0.13992840,0.13067040,0.11877692,0.10185253,0.05382375,,,,,,,,0.05382375
153180,0.16902175,0.16860918,0.16736567,0.16527294,0.16229757,0.15838557,0.15345223,0.14736295,0.13989380,0.13063958,0.11875069,0.10183240,0.05382010,,,,,,,,0.05382010
153240,0.16897434,0.16856196,0.16731903,0.16522727,0.16225326,0.15834303,0.15341188,0.14732524,0.13985924,0.13060878,0.11872449,0.10181228,0.05381646,,,,,,,,0.05381646
153300,0.16892698,0.16851479,0.16727243,0.16518164,0.16220900,0.15830053,0.15337157,0.14728757,0.13982472,0.13057801,0.11869831,0.10179218,0.05381282,,,,,,,,0.05381282
153360,0.16887966,0.16846766,0.16722588,0.16513605,0.16216477,0.15825806,0.15333129,0.14724993,0.13979022,0.13054726,0.11867216,0.10177210,0.05380918,,,,,,,,0.05380918
153420,0.16883238,0.16842058,0.16717937,0.16509051,0.16212059,0.15821564,0.15329105,0.14721232,0.13975576,0.13051655,0.11864603,0.10175204,0.05380555,,,,,,,,0.05380555
153480,0.16878516,0.16837355,0.16713291,0.16504501,0.16207645,0.15817326,0.15325085,0.14717475,0.13972132,0.13048586,0.11861992,0.10173199,0.05380192,,,,,,,,0.05380192
153540,0.16873797,0.16832655,0.16708650,0.16499956,0.16203235,0.15813092,0.15321068,0.14713722,0.13968692,0.13045520,0.11859383,0.10171197,0.05379830,,,,,,,,0.05379830
153600,0.16869084,0.16827961,0.16704013,0.16495415,0.16198829,0.15808862,0.15317056,0.14709972,0.13965255,0.13042457,0.11856777,0.10169195,0.05379469,,,,,,,,0.05379469
153660,0.16864374,0.16823271,0.16699380,0.16490878,0.16194427,0.15804635,0.15313047,0.14706226,0.13961821,0.13039396,0.11854173,0.10167196,0.05379108,,,,,,,,0.05379108
153720,0.16859670,0.16818585,0.16694752,0.16486346,0.16190030,0.15800413,0.15309042,0.14702483,0.13958391,0.13036338,0.11851571,0.10165198,0.05378747,,,,,,,,0.05378747
153780,0.16854970,0.16813904,0.16690128,0.16481818,0.16185637,0.15796195,0.15305041,0.14698743,0.13954963,0.13033283,0.11848972,0.10163202,0.05378387,,,,,,,,0.05378387
153840,0.16850274,0.16809227,0.16685508,0.16477294,0.16181248,0.15791981,0.15301043,0.14695007,0.13951539,0.13030231,0.11846374,0.10161208,0.05378028,,,,,,,,0.05378028
153900,0.16845583,0.16804555,0.16680893,0.16472774,0.16176863,0.15787771,0.15297049,0.14691274,0.13948117,0.13027182,0.11843780,0.10159216,0.05377669,,,,,,,,0.05377669
153960,0.16840896,0.16799888,0.16676283,0.16468259,0.16172482,0.15783564,0.15293059,0.14687545,0.13944699,0.13024135,0.11841187,0.10157225,0.05377311,,,,,,,,0.05377311
154020,0.16836214,0.16795224,0.16671677,0.16463749,0.16168106,0.15779362,0.15289073,0.14683819,0.13941284,0.13021091,0.11838597,0.10155235,0.05376953,,,,,,,,0.05376953
154080,0.16831536,0.16790566,0.16667075,0.16459242,0.16163733,0.15775164,0.15285090,0.14680097,0.13937872,0.13018050,0.11836009,0.10153248,0.05376595,,,,,,,,0.05376595
154140,0.16826863,0.16785911,0.16662477,0.16454740,0.16159365,0.15770969,0.15281111,0.14676378,0.13934464,0.13015011,0.11833423,0.10151262,0.05376239,,,,,,,,0.05376239
154200,0.16822194,0.16781262,0.16657885,0.16450242,0.16155001,0.15766779,0.15277136,0.14672663,0.13931058,0.13011975,0.11830840,0.10149278,0.05375882,,,,,,,,0.05375882
154260,0.16817530,0.16776616,0.16653296,0.16445748,0.16150641,0.15762592,0.15273165,0.14668951,0.13927655,0.13008942,0.11828258,0.10147296,0.05375526,,,,,,,,0.05375526
154320,0.16812870,0.16771975,0.16648712,0.16441259,0.16146285,0.15758410,0.15269197,0.14665242,0.13924256,0.13005912,0.11825680,0.10145315,0.05375171,,,,,,,,0.05375171
154380,0.16808215,0.16767339,0.16644132,0.16436774,0.16141933,0.15754231,0.15265233,0.14661537,0.13920860,0.13002884,0.11823103,0.10143336,0.05374816,,,,,,,,0.05374816
154440,0.16803564,0.16762707,0.16639556,0.16432293,0.16137586,0.15750057,0.15261272,0.14657836,0.13917466,0.12999860,0.11820529,0.10141359,0.05374462,,,,,,,,0.05374462
154500,0.16798918,0.16758079,0.16634985,0.16427816,0.16133242,0.15745886,0.15257316,0.14654137,0.13914076,0.12996837,0.11817956,0.10139383,0.05374108,,,,,,,,0.05374108
154560,0.16794275,0.16753456,0.16630418,0.16423344,0.16128903,0.15741719,0.15253363,0.14650442,0.13910689,0.12993818,0.11815387,0.10137409,0.05373754,,,,,,,,0.05373754
154620,0.16789638,0.16748837,0.16625856,0.16418876,0.16124567,0.15737556,0.15249413,0.14646751,0.13907305,0.12990801,0.11812819,0.10135437,0.05373402,,,,,,,,0.05373402
154680,0.16785005,0.16744223,0.16621298,0.16414412,0.16120236,0.15733397,0.15245467,0.14643063,0.13903924,0.12987787,0.11810254,0.10133466,0.05373049,,,,,,,,0.05373049
154740,0.16780376,0.16739612,0.16616744,0.16409952,0.16115909,0.15729242,0.15241525,0.14639378,0.13900546,0.12984776,0.11807690,0.10131497,0.05372697,,,,,,,,0.05372697
154800,0.16775752,0.16735007,0.16612195,0.16405497,0.16111586,0.15725090,0.15237587,0.14635697,0.13897171,0.12981767,0.11805130,0.10129530,0.05372346,,,,,,,,0.05372346
154860,0.16771132,0.16730406,0.16607650,0.16401046,0.16107268,0.15720943,0.15233653,0.14632019,0.13893800,0.12978761,0.11802571,0.10127565,0.05371995,,,,,,,,0.05371995
154920,0.16766517,0.16725809,0.16603109,0.16396599,0.16102953,0.15716800,0.15229722,0.14628345,0.13890432,0.12975758,0.11800015,0.10125601,0.05371645,,,,,,,,0.05371645
154980,0.16761906,0.16721217,0.16598573,0.16392156,0.16098642,0.15712661,0.15225795,0.14624674,0.13887066,0.12972757,0.11797461,0.10123639,0.05371295,,,,,,,,0.05371295
155040,0.16757299,0.16716629,0.16594041,0.16387718,0.16094335,0.15708525,0.15221871,0.14621006,0.13883703,0.12969759,0.11794909,0.10121678,0.05370946,,,,,,,,0.05370946
155100,0.16752696,0.16712045,0.16589513,0.16383283,0.16090032,0.15704393,0.15217951,0.14617342,0.13880344,0.12966764,0.11792359,0.10119719,0.05370597,,,,,,,,0.05370597
155160,0.16748098,0.16707465,0.16584989,0.16378853,0.16085734,0.15700265,0.15214034,0.14613681,0.13876987,0.12963771,0.11789812,0.10117762,0.05370248,,,,,,,,0.05370248
155220,0.16743505,0.16702890,0.16580470,0.16374427,0.16081439,0.15696141,0.15210121,0.14610023,0.13873634,0.12960781,0.11787266,0.10115806,0.05369901,,,,,,,,0.05369901
155280,0.16738915,0.16698319,0.16575955,0.16370005,0.16077148,0.15692020,0.15206212,0.14606369,0.13870284,0.12957794,0.11784723,0.10113852,0.05369553,,,,,,,,0.05369553
155340,0.16734330,0.16693753,0.16571444,0.16365587,0.16072862,0.15687904,0.15202307,0.14602718,0.13866936,0.12954809,0.11782183,0.10111900,0.05369206,,,,,,,,0.05369206
155400,0.16729750,0.16689191,0.16566937,0.16361173,0.16068579,0.15683791,0.15198405,0.14599070,0.13863592,0.12951827,0.11779644,0.10109949,0.05368860,,,,,,,,0.05368860
155460,0.16725173,0.16684633,0.16562435,0.16356764,0.16064300,0.15679682,0.15194506,0.14595426,0.13860250,0.12948848,0.11777108,0.10108000,0.05368514,,,,,,,,0.05368514
155520,0.16720601,0.16680079,0.16557937,0.16352359,0.16060026,0.15675577,0.15190611,0.14591785,0.13856912,0.12945871,0.11774573,0.10106053,0.05368168,,,,,,,,0.05368168
155580,0.16716034,0.16675530,0.16553443,0.16347958,0.16055755,0.15671476,0.15186720,0.14588147,0.13853577,0.12942897,0.11772041,0.10104107,0.05367824,,,,,,,,0.05367824
155640,0.16711470,0.16670985,0.16548953,0.16343561,0.16051488,0.15667378,0.15182832,0.14584513,0.13850245,0.12939926,0.11769512,0.10102163,0.05367479,,,,,,,,0.05367479
155700,0.16706911,0.16666445,0.16544468,0.16339168,0.16047226,0.15663285,0.15178948,0.14580881,0.13846915,0.12936957,0.11766984,0.10100221,0.05367135,,,,,,,,0.05367135
155760,0.16702356,0.16661908,0.16539987,0.16334779,0.16042967,0.15659195,0.15175068,0.14577254,0.13843589,0.12933991,0.11764459,0.10098280,0.05366792,,,,,,,,0.05366792
155820,0.16697806,0.16657376,0.16535510,0.16330394,0.16038712,0.15655109,0.15171191,0.14573629,0.13840266,0.12931027,0.11761935,0.10096341,0.05366449,,,,,,,,0.05366449
155880,0.16693260,0.16652848,0.16531037,0.16326014,0.16034462,0.15651027,0.15167318,0.14570008,0.13836945,0.12928066,0.11759414,0.10094403,0.05366106,,,,,,,,0.05366106
155940,0.16688718,0.16648325,0.16526569,0.16321637,0.16030215,0.15646948,0.15163448,0.14566390,0.13833628,0.12925108,0.11756895,0.10092468,0.05365764,,,,,,,,0.05365764
156000,0.16684180,0.16643805,0.16522104,0.16317265,0.16025972,0.15642874,0.15159582,0.14562776,0.13830314,0.12922153,0.11754379,0.10090533,0.05365422,,,,,,,,0.05365422
156060,0.16679647,0.16639290,0.16517644,0.16312897,0.16021733,0.15638803,0.15155719,0.14559165,0.13827002,0.12919199,0.11751864,0.10088601,0.05365081,,,,,,,,0.05365081
156120,0.16675118,0.16634780,0.16513188,0.16308533,0.16017499,0.15634736,0.15151860,0.14555557,0.13823694,0.12916249,0.11749352,0.10086670,0.05364741,,,,,,,,0.05364741
156180,0.16670593,0.16630273,0.16508737,0.16304173,0.16013268,0.15630672,0.15148004,0.14551952,0.13820388,0.12913301,0.11746842,0.10084740,0.05364400,,,,,,,,0.05364400
156240,0.16666073,0.16625771,0.16504289,0.16299817,0.16009041,0.15626613,0.15144152,0.14548351,0.13817086,0.12910356,0.11744334,0.10082812,0.05364061,,,,,,,,0.05364061
156300,0.16661556,0.16621273,0.16499846,0.16295465,0.16004818,0.15622557,0.15140304,0.14544752,0.13813786,0.12907413,0.11741828,0.10080886,0.05363722,,,,,,,,0.05363722
156360,0.16657044,0.16616779,0.16495406,0.16291117,0.16000598,0.15618505,0.15136459,0.14541157,0.13810490,0.12904473,0.11739324,0.10078962,0.05363383,,,,,,,,0.05363383
156420,0.16652537,0.16612289,0.16490971,0.16286773,0.15996383,0.15614457,0.15132617,0.14537566,0.13807196,0.12901536,0.11736823,0.10077039,0.05363045,,,,,,,,0.05363045
156480,0.16648033,0.16607804,0.16486540,0.16282433,0.15992172,0.15610412,0.15128779,0.14533978,0.13803906,0.12898601,0.11734324,0.10075118,0.05362707,,,,,,,,0.05362707
156540,0.16643534,0.16603322,0.16482114,0.16278098,0.15987964,0.15606371,0.15124945,0.14530392,0.13800618,0.12895669,0.11731827,0.10073198,0.05362370,,,,,,,,0.05362370
156600,0.16639038,0.16598845,0.16477691,0.16273766,0.15983761,0.15602334,0.15121114,0.14526811,0.13797333,0.12892739,0.11729332,0.10071280,0.05362033,,,,,,,,0.05362033
156660,0.16634548,0.16594373,0.16473273,0.16269439,0.15979562,0.15598301,0.15117287,0.14523232,0.13794052,0.12889812,0.11726839,0.10069363,0.05361696,,,,,,,,0.05361696
156720,0.16630062,0.16589905,0.16468859,0.16265115,0.15975366,0.15594271,0.15113463,0.14519657,0.13790773,0.12886888,0.11724348,0.10067449,0.05361361,,,,,,,,0.05361361
156780,0.16625579,0.16585440,0.16464449,0.16260796,0.15971175,0.15590245,0.15109643,0.14516085,0.13787497,0.12883966,0.11721860,0.10065535,0.05361025,,,,,,,,0.05361025
156840,0.16621101,0.16580980,0.16460042,0.16256480,0.15966987,0.15586223,0.15105826,0.14512516,0.13784224,0.12881046,0.11719373,0.10063624,0.05360690,,,,,,,,0.05360690
156900,0.16616627,0.16576524,0.16455640,0.16252169,0.15962803,0.15582205,0.15102013,0.14508950,0.13780954,0.12878130,0.11716889,0.10061714,0.05360356,,,,,,,,0.05360356
156960,0.16612157,0.16572072,0.16451242,0.16247861,0.15958622,0.15578190,0.15098203,0.14505388,0.13777687,0.12875215,0.11714407,0.10059805,0.05360022,,,,,,,,0.05360022
157020,0.16607691,0.16567624,0.16446849,0.16243558,0.15954446,0.15574178,0.15094396,0.14501829,0.13774422,0.12872304,0.11711927,0.10057898,0.05359688,,,,,,,,0.05359688
157080,0.16603229,0.16563180,0.16442459,0.16239258,0.15950274,0.15570171,0.15090593,0.14498273,0.13771161,0.12869394,0.11709449,0.10055993,0.05359355,,,,,,,,0.05359355
157140,0.16598772,0.16558741,0.16438073,0.16234963,0.15946105,0.15566167,0.15086793,0.14494720,0.13767902,0.12866488,0.11706973,0.10054089,0.05359022,,,,,,,,0.05359022
157200,0.16594318,0.16554305,0.16433692,0.16230671,0.15941940,0.15562167,0.15082997,0.14491170,0.13764647,0.12863584,0.11704500,0.10052187,0.05358690,,,,,,,,0.05358690
157260,0.16589869,0.16549874,0.16429314,0.16226383,0.15937779,0.15558170,0.15079205,0.14487624,0.13761394,0.12860682,0.11702028,0.10050286,0.05358359,,,,,,,,0.05358359
157320,0.16585424,0.16545447,0.16424941,0.16222100,0.15933622,0.15554177,0.15075415,0.14484080,0.13758144,0.12857783,0.11699559,0.10048387,0.05358027,,,,,,,,0.05358027
157380,0.16580983,0.16541024,0.16420571,0.16217820,0.15929469,0.15550188,0.15071630,0.14480540,0.13754897,0.12854887,0.11697091,0.10046490,0.05357697,,,,,,,,0.05357697
157440,0.16576547,0.16536605,0.16416206,0.16213544,0.15925319,0.15546203,0.15067847,0.14477004,0.13751653,0.12851993,0.11694626,0.10044594,0.05357366,,,,,,,,0.05357366
157500,0.16572114,0.16532190,0.16411845,0.16209273,0.15921174,0.15542221,0.15064068,0.14473470,0.13748412,0.12849101,0.11692163,0.10042700,0.05357036,,,,,,,,0.05357036
157560,0.16567686,0.16527780,0.16407487,0.16205005,0.15917032,0.15538242,0.15060293,0.14469939,0.13745174,0.12846212,0.11689702,0.10040807,0.05356707,,,,,,,,0.05356707
157620,0.16563261,0.16523373,0.16403134,0.16200741,0.15912894,0.15534268,0.15056521,0.14466412,0.13741939,0.12843326,0.11687243,0.10038916,0.05356378,,,,,,,,0.05356378
157680,0.16558841,0.16518970,0.16398785,0.16196481,0.15908760,0.15530297,0.15052752,0.14462888,0.13738706,0.12840442,0.11684787,0.10037027,0.05356049,,,,,,,,0.05356049
157740,0.16554425,0.16514572,0.16394440,0.16192225,0.15904629,0.15526329,0.15048987,0.14459367,0.13735476,0.12837561,0.11682332,0.10035139,0.05355721,,,,,,,,0.05355721
157800,0.16550013,0.16510178,0.16390099,0.16187973,0.15900503,0.15522366,0.15045225,0.14455849,0.13732250,0.12834682,0.11679879,0.10033252,0.05355394,,,,,,,,0.05355394
157860,0.16545605,0.16505787,0.16385762,0.16183725,0.15896380,0.15518406,0.15041467,0.14452334,0.13729026,0.12831806,0.11677429,0.10031367,0.05355067,,,,,,,,0.05355067
157920,0.16541201,0.16501401,0.16381429,0.16179481,0.15892261,0.15514449,0.15037712,0.14448823,0.13725805,0.12828932,0.11674981,0.10029484,0.05354740,,,,,,,,0.05354740
157980,0.16536801,0.16497019,0.16377100,0.16175240,0.15888146,0.15510496,0.15033960,0.14445314,0.13722586,0.12826061,0.11672534,0.10027602,0.05354414,,,,,,,,0.05354414
158040,0.16532405,0.16492641,0.16372774,0.16171004,0.15884034,0.15506547,0.15030212,0.14441809,0.13719371,0.12823192,0.11670090,0.10025722,0.05354088,,,,,,,,0.05354088
158100,0.16528014,0.16488267,0.16368453,0.16166772,0.15879926,0.15502601,0.15026467,0.14438307,0.13716158,0.12820326,0.11667648,0.10023844,0.05353763,,,,,,,,0.05353763
158160,0.16523626,0.16483897,0.16364136,0.16162543,0.15875822,0.15498659,0.15022726,0.14434808,0.13712949,0.12817462,0.11665208,0.10021967,0.05353438,,,,,,,,0.05353438
158220,0.16519243,0.16479531,0.16359823,0.16158318,0.15871722,0.15494720,0.15018988,0.14431312,0.13709742,0.12814600,0.11662770,0.10020091,0.05353113,,,,,,,,0.05353113
158280,0.16514863,0.16475169,0.16355514,0.16154097,0.15867626,0.15490785,0.15015253,0.14427819,0.13706538,0.12811742,0.11660334,0.10018217,0.05352789,,,,,,,,0.05352789
158340,0.16510488,0.16470811,0.16351209,0.16149880,0.15863533,0.15486854,0.15011522,0.14424329,0.13703336,0.12808885,0.11657900,0.10016345,0.05352466,,,,,,,,0.05352466
158400,0.16506116,0.16466457,0.16346908,0.16145667,0.15859444,0.15482926,0.15007794,0.14420843,0.13700138,0.12806031,0.11655468,0.10014474,0.05352143,,,,,,,,0.05352143
158460,0.16501749,0.16462108,0.16342611,0.16141459,0.15855359,0.15479002,0.15004069,0.14417360,0.13696943,0.12803180,0.11653039,0.10012605,0.05351820,,,,,,,,0.05351820
158520,0.16497386,0.16457762,0.16338318,0.16137253,0.15851278,0.15475082,0.15000348,0.14413880,0.13693750,0.12800331,0.11650611,0.10010737,0.05351498,,,,,,,,0.05351498
158580,0.16493027,0.16453421,0.16334029,0.16133052,0.15847200,0.15471165,0.14996630,0.14410402,0.13690560,0.12797485,0.11648186,0.10008871,0.05351176,,,,,,,,0.05351176
158640,0.16488672,0.16449083,0.16329743,0.16128854,0.15843126,0.15467251,0.14992916,0.14406928,0.13687373,0.12794641,0.11645762,0.10007006,0.05350855,,,,,,,,0.05350855
158700,0.16484320,0.16444749,0.16325462,0.16124660,0.15839056,0.15463341,0.14989205,0.14403457,0.13684189,0.12791799,0.11643341,0.10005143,0.05350534,,,,,,,,0.05350534
158760,0.16479973,0.16440419,0.16321184,0.16120470,0.15834989,0.15459435,0.14985497,0.14399989,0.13681007,0.12788960,0.11640921,0.10003281,0.05350213,,,,,,,,0.05350213
158820,0.16475630,0.16436093,0.16316911,0.16116284,0.15830926,0.15455532,0.14981792,0.14396524,0.13677828,0.12786124,0.11638504,0.10001421,0.05349893,,,,,,,,0.05349893
158880,0.16471291,0.16431771,0.16312641,0.16112102,0.15826867,0.15451632,0.14978091,0.14393063,0.13674652,0.12783289,0.11636089,0.09999563,0.05349574,,,,,,,,0.05349574
158940,0.16466955,0.16427453,0.16308375,0.16107923,0.15822812,0.15447736,0.14974393,0.14389604,0.13671479,0.12780458,0.11633675,0.09997706,0.05349255,,,,,,,,0.05349255
159000,0.16462624,0.16423139,0.16304113,0.16103749,0.15818760,0.15443844,0.14970698,0.14386148,0.13668308,0.12777628,0.11631264,0.09995850,0.05348936,,,,,,,,0.05348936
159060,0.16458297,0.16418829,0.16299855,0.16099578,0.15814712,0.15439955,0.14967007,0.14382696,0.13665141,0.12774801,0.11628855,0.09993996,0.05348618,,,,,,,,0.05348618
159120,0.16453973,0.16414523,0.16295601,0.16095411,0.15810667,0.15436070,0.14963319,0.14379246,0.13661976,0.12771977,0.11626448,0.09992144,0.05348300,,,,,,,,0.05348300
159180,0.16449654,0.16410221,0.16291351,0.16091247,0.15806626,0.15432188,0.14959634,0.14375800,0.13658814,0.12769155,0.11624043,0.09990293,0.05347983,,,,,,,,0.05347983
159240,0.16445338,0.16405923,0.16287105,0.16087088,0.15802589,0.15428309,0.14955953,0.14372356,0.13655654,0.12766335,0.11621640,0.09988443,0.05347666,,,,,,,,0.05347666
159300,0.16441027,0.16401628,0.16282862,0.16082932,0.15798555,0.15424435,0.14952275,0.14368916,0.13652498,0.12763518,0.11619238,0.09986595,0.05347349,,,,,,,,0.05347349
159360,0.16436719,0.16397338,0.16278624,0.16078780,0.15794526,0.15420563,0.14948600,0.14365478,0.13649344,0.12760704,0.11616839,0.09984749,0.05347033,,,,,,,,0.05347033
159420,0.16432416,0.16393052,0.16274389,0.16074632,0.15790499,0.15416695,0.14944928,0.14362044,0.13646193,0.12757891,0.11614442,0.09982904,0.05346717,,,,,,,,0.05346717
159480,0.16428116,0.16388769,0.16270158,0.16070488,0.15786477,0.15412831,0.14941260,0.14358613,0.13643045,0.12755081,0.11612047,0.09981061,0.05346402,,,,,,,,0.05346402
159540,0.16423820,0.16384491,0.16265931,0.16066347,0.15782458,0.15408970,0.14937595,0.14355185,0.13639899,0.12752274,0.11609654,0.09979219,0.05346087,,,,,,,,0.05346087
159600,0.16419528,0.16380216,0.16261708,0.16062211,0.15778443,0.15405112,0.14933933,0.14351760,0.13636756,0.12749469,0.11607263,0.09977378,0.05345773,,,,,,,,0.05345773
159660,0.16415241,0.16375945,0.16257489,0.16058077,0.15774431,0.15401258,0.14930275,0.14348337,0.13633616,0.12746666,0.11604874,0.09975539,0.05345459,,,,,,,,0.05345459
159720,0.16410957,0.16371678,0.16253273,0.16053948,0.15770423,0.15397408,0.14926620,0.14344918,0.13630479,0.12743866,0.11602487,0.09973702,0.05345146,,,,,,,,0.05345146
159780,0.16406676,0.16367415,0.16249062,0.16049823,0.15766419,0.15393561,0.14922968,0.14341502,0.13627344,0.12741068,0.11600102,0.09971866,0.05344833,,,,,,,,0.05344833
159840,0.16402400,0.16363156,0.16244854,0.16045701,0.15762418,0.15389717,0.14919319,0.14338089,0.13624212,0.12738273,0.11597719,0.09970032,0.05344520,,,,,,,,0.05344520
159900,0.16398128,0.16358901,0.16240650,0.16041583,0.15758421,0.15385877,0.14915674,0.14334679,0.13621083,0.12735480,0.11595338,0.09968199,0.05344208,,,,,,,,0.05344208
159960,0.16393860,0.16354650,0.16236450,0.16037468,0.15754427,0.15382040,0.14912032,0.14331272,0.13617957,0.12732689,0.11592959,0.09966367,0.05343896,,,,,,,,0.05343896
160020,0.16389595,0.16350402,0.16232254,0.16033358,0.15750437,0.15378207,0.14908393,0.14327868,0.13614833,0.12729901,0.11590583,0.09964538,0.05343585,,,,,,,,0.05343585
160080,0.16385335,0.16346159,0.16228061,0.16029251,0.15746451,0.15374377,0.14904757,0.14324467,0.13611712,0.12727115,0.11588208,0.09962709,0.05343274,,,,,,,,0.05343274
160140,0.16381078,0.16341919,0.16223873,0.16025148,0.15742468,0.15370551,0.14901124,0.14321068,0.13608594,0.12724332,0.11585835,0.09960882,0.05342963,,,,,,,,0.05342963
160200,0.16376825,0.16337683,0.16219688,0.16021048,0.15738489,0.15366728,0.14897495,0.14317673,0.13605478,0.12721550,0.11583464,0.09959057,0.05342653,,,,,,,,0.05342653
160260,0.16372576,0.16333452,0.16215507,0.16016953,0.15734514,0.15362908,0.14893869,0.14314282,0.13602366,0.12718772,0.11581095,0.09957233,0.05342343,,,,,,,,0.05342343
160320,0.16368332,0.16329224,0.16211330,0.16012861,0.15730542,0.15359092,0.14890247,0.14310893,0.13599256,0.12715996,0.11578728,0.09955411,0.05342034,,,,,,,,0.05342034
160380,0.16364090,0.16324999,0.16207157,0.16008773,0.15726573,0.15355280,0.14886627,0.14307506,0.13596148,0.12713222,0.11576363,0.09953590,0.05341725,,,,,,,,0.05341725
160440,0.16359853,0.16320779,0.16202987,0.16004688,0.15722608,0.15351470,0.14883011,0.14304123,0.13593043,0.12710450,0.11574000,0.09951770,0.05341417,,,,,,,,0.05341417
160500,0.16355619,0.16316562,0.16198821,0.16000607,0.15718647,0.15347664,0.14879398,0.14300743,0.13589941,0.12707681,0.11571639,0.09949952,0.05341109,,,,,,,,0.05341109
160560,0.16351390,0.16312349,0.16194659,0.15996530,0.15714689,0.15343862,0.14875788,0.14297366,0.13586842,0.12704914,0.11569279,0.09948136,0.05340801,,,,,,,,0.05340801
160620,0.16347164,0.16308140,0.16190501,0.15992456,0.15710735,0.15340063,0.14872181,0.14293991,0.13583745,0.12702149,0.11566922,0.09946320,0.05340494,,,,,,,,0.05340494
160680,0.16342942,0.16303935,0.16186346,0.15988386,0.15706784,0.15336267,0.14868577,0.14290620,0.13580651,0.12699387,0.11564567,0.09944507,0.05340187,,,,,,,,0.05340187
160740,0.16338723,0.16299734,0.16182195,0.15984320,0.15702837,0.15332474,0.14864977,0.14287252,0.13577560,0.12696627,0.11562214,0.09942695,0.05339881,,,,,,,,0.05339881
160800,0.16334509,0.16295536,0.16178048,0.15980257,0.15698893,0.15328685,0.14861379,0.14283886,0.13574471,0.12693870,0.11559863,0.09940884,0.05339575,,,,,,,,0.05339575
160860,0.16330298,0.16291342,0.16173905,0.15976198,0.15694953,0.15324900,0.14857785,0.14280524,0.13571385,0.12691115,0.11557513,0.09939075,0.05339269,,,,,,,,0.05339269
160920,0.16326091,0.16287152,0.16169765,0.15972142,0.15691017,0.15321117,0.14854194,0.14277164,0.13568302,0.12688362,0.11555166,0.09937267,0.05338964,,,,,,,,0.05338964
160980,0.16321888,0.16282966,0.16165629,0.15968091,0.15687084,0.15317338,0.14850607,0.14273807,0.13565221,0.12685611,0.11552820,0.09935461,0.05338660,,,,,,,,0.05338660
161040,0.16317689,0.16278783,0.16161497,0.15964043,0.15683154,0.15313563,0.14847022,0.14270454,0.13562143,0.12682863,0.11550477,0.09933656,0.05338355,,,,,,,,0.05338355
161100,0.16313494,0.16274604,0.16157368,0.15959998,0.15679228,0.15309791,0.14843441,0.14267103,0.13559067,0.12680117,0.11548135,0.09931853,0.05338051,,,,,,,,0.05338051
161160,0.16309302,0.16270430,0.16153243,0.15955957,0.15675306,0.15306022,0.14839862,0.14263755,0.13555995,0.12677374,0.11545796,0.09930051,0.05337748,,,,,,,,0.05337748
161220,0.16305114,0.16266258,0.16149122,0.15951920,0.15671387,0.15302256,0.14836287,0.14260410,0.13552924,0.12674633,0.11543458,0.09928250,0.05337445,,,,,,,,0.05337445
161280,0.16300930,0.16262091,0.16145005,0.15947887,0.15667471,0.15298494,0.14832715,0.14257068,0.13549857,0.12671894,0.11541122,0.09926451,0.05337142,,,,,,,,0.05337142
161340,0.16296750,0.16257927,0.16140891,0.15943857,0.15663559,0.15294735,0.14829146,0.14253729,0.13546792,0.12669157,0.11538789,0.09924654,0.05336840,,,,,,,,0.05336840
161400,0.16292573,0.16253767,0.16136781,0.15939830,0.15659651,0.15290979,0.14825581,0.14250392,0.13543730,0.12666423,0.11536457,0.09922857,0.05336538,,,,,,,,0.05336538
161460,0.16288400,0.16249611,0.16132675,0.15935807,0.15655745,0.15287227,0.14822018,0.14247059,0.13540670,0.12663691,0.11534127,0.09921063,0.05336237,,,,,,,,0.05336237
161520,0.16284231,0.16245459,0.16128572,0.15931788,0.15651844,0.15283478,0.14818459,0.14243729,0.13537613,0.12660962,0.11531799,0.09919270,0.05335936,,,,,,,,0.05335936
161580,0.16280066,0.16241310,0.16124474,0.15927773,0.15647946,0.15279733,0.14814902,0.14240401,0.13534559,0.12658235,0.11529473,0.09917478,0.05335635,,,,,,,,0.05335635
161640,0.16275904,0.16237165,0.16120378,0.15923761,0.15644051,0.15275991,0.14811349,0.14237076,0.13531507,0.12655510,0.11527149,0.09915687,0.05335335,,,,,,,,0.05335335
161700,0.16271747,0.16233024,0.16116287,0.15919752,0.15640160,0.15272252,0.14807799,0.14233755,0.13528458,0.12652787,0.11524827,0.09913899,0.05335035,,,,,,,,0.05335035
161760,0.16267592,0.16228886,0.16112199,0.15915748,0.15636272,0.15268516,0.14804252,0.14230436,0.13525412,0.12650067,0.11522506,0.09912111,0.05334736,,,,,,,,0.05334736
161820,0.16263442,0.16224752,0.16108115,0.15911746,0.15632388,0.15264784,0.14800708,0.14227120,0.13522368,0.12647348,0.11520188,0.09910325,0.05334437,,,,,,,,0.05334437
161880,0.16259295,0.16220622,0.16104034,0.15907749,0.15628507,0.15261054,0.14797167,0.14223807,0.13519327,0.12644633,0.11517872,0.09908540,0.05334138,,,,,,,,0.05334138
161940,0.16255153,0.16216495,0.16099957,0.15903755,0.15624630,0.15257329,0.14793630,0.14220496,0.13516288,0.12641919,0.11515557,0.09906757,0.05333840,,,,,,,,0.05333840
162000,0.16251013,0.16212373,0.16095884,0.15899764,0.15620756,0.15253606,0.14790095,0.14217189,0.13513252,0.12639208,0.11513245,0.09904976,0.05333542,,,,,,,,0.05333542
162060,0.16246878,0.16208254,0.16091815,0.15895777,0.15616886,0.15249887,0.14786564,0.14213885,0.13510219,0.12636499,0.11510934,0.09903195,0.05333245,,,,,,,,0.05333245
162120,0.16242747,0.16204139,0.16087749,0.15891794,0.15613019,0.15246172,0.14783036,0.14210583,0.13507188,0.12633793,0.11508625,0.09901417,0.05332948,,,,,,,,0.05332948
162180,0.16238619,0.16200027,0.16083686,0.15887814,0.15609155,0.15242459,0.14779511,0.14207285,0.13504160,0.12631089,0.11506319,0.09899639,0.05332651,,,,,,,,0.05332651
162240,0.16234494,0.16195919,0.16079628,0.15883838,0.15605295,0.15238750,0.14775988,0.14203989,0.13501134,0.12628386,0.11504014,0.09897863,0.05332355,,,,,,,,0.05332355
162300,0.16230374,0.16191815,0.16075572,0.15879865,0.15601438,0.15235043,0.14772469,0.14200695,0.13498111,0.12625687,0.11501710,0.09896089,0.05332059,,,,,,,,0.05332059
162360,0.16226256,0.16187714,0.16071521,0.15875896,0.15597585,0.15231341,0.14768953,0.14197405,0.13495091,0.12622989,0.11499409,0.09894315,0.05331764,,,,,,,,0.05331764
162420,0.16222143,0.16183617,0.16067473,0.15871930,0.15593735,0.15227641,0.14765440,0.14194118,0.13492073,0.12620294,0.11497110,0.09892544,0.05331469,,,,,,,,0.05331469
162480,0.16218033,0.16179524,0.16063429,0.15867968,0.15589888,0.15223945,0.14761930,0.14190833,0.13489057,0.12617601,0.11494812,0.09890773,0.05331174,,,,,,,,0.05331174
162540,0.16213927,0.16175434,0.16059388,0.15864009,0.15586045,0.15220251,0.14758423,0.14187551,0.13486045,0.12614910,0.11492517,0.09889004,0.05330880,,,,,,,,0.05330880
162600,0.16209825,0.16171348,0.16055351,0.15860054,0.15582205,0.15216562,0.14754919,0.14184272,0.13483034,0.12612221,0.11490223,0.09887237,0.05330586,,,,,,,,0.05330586
162660,0.16205726,0.16167265,0.16051317,0.15856102,0.15578369,0.15212875,0.14751418,0.14180996,0.13480027,0.12609535,0.11487932,0.09885471,0.05330293,,,,,,,,0.05330293
162720,0.16201631,0.16163187,0.16047287,0.15852154,0.15574536,0.15209191,0.14747921,0.14177723,0.13477022,0.12606851,0.11485642,0.09883706,0.05329999,,,,,,,,0.05329999
162780,0.16197540,0.16159111,0.16043261,0.15848209,0.15570706,0.15205511,0.14744426,0.14174453,0.13474019,0.12604169,0.11483354,0.09881943,0.05329707,,,,,,,,0.05329707
162840,0.16193452,0.16155040,0.16039238,0.15844268,0.15566880,0.15201834,0.14740934,0.14171185,0.13471019,0.12601490,0.11481067,0.09880181,0.05329414,,,,,,,,0.05329414
162900,0.16189368,0.16150972,0.16035219,0.15840330,0.15563057,0.15198160,0.14737446,0.14167920,0.13468022,0.12598813,0.11478783,0.09878420,0.05329123,,,,,,,,0.05329123
162960,0.16185287,0.16146908,0.16031203,0.15836396,0.15559237,0.15194490,0.14733960,0.14164658,0.13465027,0.12596138,0.11476501,0.09876661,0.05328831,,,,,,,,0.05328831
163020,0.16181210,0.16142847,0.16027191,0.15832465,0.15555421,0.15190823,0.14730477,0.14161399,0.13462034,0.12593465,0.11474220,0.09874904,0.05328540,,,,,,,,0.05328540
163080,0.16177137,0.16138790,0.16023182,0.15828538,0.15551608,0.15187158,0.14726998,0.14158142,0.13459044,0.12590794,0.11471942,0.09873147,0.05328249,,,,,,,,0.05328249
163140,0.16173067,0.16134736,0.16019177,0.15824614,0.15547799,0.15183497,0.14723521,0.14154889,0.13456057,0.12588126,0.11469665,0.09871392,0.05327959,,,,,,,,0.05327959
163200,0.16169001,0.16130686,0.16015176,0.15820693,0.15543992,0.15179840,0.14720048,0.14151638,0.13453072,0.12585460,0.11467390,0.09869639,0.05327669,,,,,,,,0.05327669
163260,0.16164939,0.16126640,0.16011178,0.15816776,0.15540190,0.15176185,0.14716577,0.14148390,0.13450090,0.12582796,0.11465117,0.09867887,0.05327379,,,,,,,,0.05327379
163320,0.16160880,0.16122597,0.16007183,0.15812863,0.15536390,0.15172534,0.14713110,0.14145144,0.13447110,0.12580134,0.11462846,0.09866136,0.05327090,,,,,,,,0.05327090
163380,0.16156825,0.16118558,0.16003193,0.15808953,0.15532594,0.15168886,0.14709645,0.14141902,0.13444133,0.12577475,0.11460576,0.09864387,0.05326801,,,,,,,,0.05326801
163440,0.16152773,0.16114522,0.15999205,0.15805046,0.15528801,0.15165241,0.14706183,0.14138662,0.13441158,0.12574817,0.11458309,0.09862639,0.05326513,,,,,,,,0.05326513
163500,0.16148725,0.16110490,0.15995221,0.15801143,0.15525012,0.15161599,0.14702725,0.14135425,0.13438186,0.12572162,0.11456043,0.09860892,0.05326225,,,,,,,,0.05326225
163560,0.16144681,0.16106462,0.15991241,0.15797243,0.15521226,0.15157960,0.14699269,0.14132191,0.13435217,0.12569510,0.11453779,0.09859147,0.05325937,,,,,,,,0.05325937
163620,0.16140640,0.16102437,0.15987264,0.15793347,0.15517443,0.15154325,0.14695817,0.14128960,0.13432250,0.12566859,0.11451517,0.09857403,0.05325650,,,,,,,,0.05325650
163680,0.16136602,0.16098416,0.15983291,0.15789454,0.15513663,0.15150692,0.14692367,0.14125731,0.13429285,0.12564211,0.11449257,0.09855661,0.05325363,,,,,,,,0.05325363
163740,0.16132569,0.16094398,0.15979321,0.15785565,0.15509887,0.15147063,0.14688920,0.14122505,0.13426323,0.12561564,0.11446999,0.09853920,0.05325076,,,,,,,,0.05325076
163800,0.16128538,0.16090384,0.15975355,0.15781679,0.15506114,0.15143437,0.14685477,0.14119282,0.13423363,0.12558920,0.11444742,0.09852180,0.05324790,,,,,,,,0.05324790
163860,0.16124512,0.16086373,0.15971393,0.15777796,0.15502345,0.15139815,0.14682036,0.14116062,0.13420406,0.12556279,0.11442488,0.09850442,0.05324505,,,,,,,,0.05324505
163920,0.16120489,0.16082366,0.15967433,0.15773917,0.15498579,0.15136195,0.14678599,0.14112844,0.13417452,0.12553639,0.11440235,0.09848705,0.05324219,,,,,,,,0.05324219
163980,0.16116470,0.16078363,0.15963478,0.15770042,0.15494816,0.15132579,0.14675164,0.14109630,0.13414500,0.12551002,0.11437985,0.09846970,0.05323934,,,,,,,,0.05323934
164040,0.16112454,0.16074363,0.15959525,0.15766169,0.15491056,0.15128965,0.14671732,0.14106417,0.13411550,0.12548367,0.11435735,0.09845235,0.05323650,,,,,,,,0.05323650
164100,0.16108441,0.16070366,0.15955576,0.15762300,0.15487299,0.15125355,0.14668303,0.14103208,0.13408603,0.12545734,0.11433488,0.09843503,0.05323365,,,,,,,,0.05323365
164160,0.16104432,0.16066373,0.15951631,0.15758434,0.15483546,0.15121748,0.14664878,0.14100001,0.13405658,0.12543103,0.11431243,0.09841771,0.05323081,,,,,,,,0.05323081
164220,0.16100427,0.16062383,0.15947689,0.15754572,0.15479796,0.15118144,0.14661455,0.14096797,0.13402716,0.12540474,0.11428999,0.09840041,0.05322798,,,,,,,,0.05322798
164280,0.16096425,0.16058397,0.15943750,0.15750713,0.15476049,0.15114543,0.14658035,0.14093596,0.13399776,0.12537847,0.11426757,0.09838312,0.05322515,,,,,,,,0.05322515
164340,0.16092427,0.16054415,0.15939815,0.15746858,0.15472306,0.15110945,0.14654617,0.14090398,0.13396839,0.12535223,0.11424517,0.09836585,0.05322232,,,,,,,,0.05322232
164400,0.16088432,0.16050436,0.15935884,0.15743006,0.15468566,0.15107350,0.14651203,0.14087202,0.13393904,0.12532601,0.11422279,0.09834859,0.05321950,,,,,,,,0.05321950
164460,0.16084440,0.16046460,0.15931956,0.15739157,0.15464829,0.15103758,0.14647792,0.14084009,0.13390971,0.12529981,0.11420042,0.09833134,0.05321668,,,,,,,,0.05321668
164520,0.16080453,0.16042488,0.15928031,0.15735311,0.15461095,0.15100170,0.14644384,0.14080818,0.13388042,0.12527363,0.11417808,0.09831411,0.05321386,,,,,,,,0.05321386
164580,0.16076468,0.16038519,0.15924110,0.15731469,0.15457365,0.15096584,0.14640978,0.14077631,0.13385114,0.12524747,0.11415575,0.09829689,0.05321105,,,,,,,,0.05321105
164640,0.16072487,0.16034554,0.15920192,0.15727631,0.15453637,0.15093002,0.14637576,0.14074446,0.13382189,0.12522134,0.11413344,0.09827969,0.05320824,,,,,,,,0.05320824
164700,0.16068510,0.16030593,0.15916277,0.15723795,0.15449913,0.15089423,0.14634176,0.14071263,0.13379267,0.12519522,0.11411115,0.09826250,0.05320543,,,,,,,,0.05320543
164760,0.16064536,0.16026634,0.15912366,0.15719963,0.15446193,0.15085847,0.14630779,0.14068084,0.13376346,0.12516913,0.11408888,0.09824532,0.05320263,,,,,,,,0.05320263
164820,0.16060566,0.16022680,0.15908459,0.15716134,0.15442475,0.15082274,0.14627386,0.14064907,0.13373429,0.12514306,0.11406662,0.09822815,0.05319983,,,,,,,,0.05319983
164880,0.16056599,0.16018728,0.15904555,0.15712309,0.15438761,0.15078704,0.14623995,0.14061733,0.13370513,0.12511701,0.11404438,0.09821100,0.05319704,,,,,,,,0.05319704
164940,0.16052635,0.16014781,0.15900654,0.15708487,0.15435050,0.15075137,0.14620607,0.14058561,0.13367601,0.12509098,0.11402216,0.09819386,0.05319425,,,,,,,,0.05319425
165000,0.16048675,0.16010836,0.15896756,0.15704668,0.15431342,0.15071573,0.14617222,0.14055392,0.13364690,0.12506497,0.11399996,0.09817674,0.05319146,,,,,,,,0.05319146
165060,0.16044719,0.16006895,0.15892863,0.15700853,0.15427637,0.15068012,0.14613840,0.14052226,0.13361782,0.12503899,0.11397778,0.09815963,0.05318868,,,,,,,,0.05318868
165120,0.16040766,0.16002958,0.15888972,0.15697041,0.15423936,0.15064454,0.14610460,0.14049063,0.13358877,0.12501302,0.11395561,0.09814253,0.05318590,,,,,,,,0.05318590
165180,0.16036816,0.15999024,0.15885085,0.15693232,0.15420238,0.15060900,0.14607084,0.14045902,0.13355974,0.12498708,0.11393346,0.09812544,0.05318312,,,,,,,,0.05318312
165240,0.16032870,0.15995093,0.15881201,0.15689426,0.15416542,0.15057348,0.14603710,0.14042744,0.13353073,0.12496116,0.11391133,0.09810837,0.05318035,,,,,,,,0.05318035
165300,0.16028927,0.15991166,0.15877321,0.15685624,0.15412851,0.15053799,0.14600340,0.14039588,0.13350175,0.12493526,0.11388922,0.09809131,0.05317758,,,,,,,,0.05317758
165360,0.16024988,0.15987242,0.15873443,0.15681825,0.15409162,0.15050254,0.14596972,0.14036435,0.13347279,0.12490938,0.11386712,0.09807427,0.05317481,,,,,,,,0.05317481
165420,0.16021052,0.15983322,0.15869570,0.15678030,0.15405476,0.15046711,0.14593607,0.14033285,0.13344386,0.12488352,0.11384505,0.09805724,0.05317205,,,,,,,,0.05317205
165480,0.16017120,0.15979405,0.15865699,0.15674238,0.15401794,0.15043172,0.14590245,0.14030138,0.13341495,0.12485769,0.11382299,0.09804022,0.05316929,,,,,,,,0.05316929
165540,0.16013191,0.15975491,0.15861833,0.15670449,0.15398115,0.15039636,0.14586886,0.14026993,0.13338606,0.12483187,0.11380095,0.09802322,0.05316654,,,,,,,,0.05316654
165600,0.16009265,0.15971581,0.15857969,0.15666663,0.15394439,0.15036102,0.14583529,0.14023851,0.13335720,0.12480608,0.11377892,0.09800622,0.05316379,,,,,,,,0.05316379
165660,0.16005343,0.15967675,0.15854109,0.15662881,0.15390767,0.15032572,0.14580176,0.14020711,0.13332836,0.12478031,0.11375692,0.09798925,0.05316104,,,,,,,,0.05316104
165720,0.16001425,0.15963772,0.15850252,0.15659102,0.15387097,0.15029045,0.14576826,0.14017575,0.13329955,0.12475456,0.11373493,0.09797228,0.05315830,,,,,,,,0.05315830
165780,0.15997509,0.15959872,0.15846399,0.15655326,0.15383431,0.15025521,0.14573478,0.14014440,0.13327076,0.12472883,0.11371296,0.09795533,0.05315556,,,,,,,,0.05315556
165840,0.15993597,0.15955976,0.15842549,0.15651553,0.15379767,0.15021999,0.14570133,0.14011309,0.13324199,0.12470312,0.11369100,0.09793839,0.05315282,,,,,,,,0.05315282
165900,0.15989689,0.15952082,0.15838702,0.15647784,0.15376107,0.15018481,0.14566791,0.14008180,0.13321325,0.12467743,0.11366907,0.09792147,0.05315009,,,,,,,,0.05315009
165960,0.15985784,0.15948193,0.15834858,0.15644018,0.15372450,0.15014966,0.14563451,0.14005053,0.13318453,0.12465176,0.11364715,0.09790456,0.05314736,,,,,,,,0.05314736
166020,0.15981882,0.15944306,0.15831018,0.15640255,0.15368796,0.15011454,0.14560115,0.14001930,0.13315584,0.12462611,0.11362525,0.09788766,0.05314463,,,,,,,,0.05314463
166080,0.15977983,0.15940423,0.15827181,0.15636495,0.15365145,0.15007944,0.14556781,0.13998808,0.13312717,0.12460049,0.11360337,0.09787077,0.05314191,,,,,,,,0.05314191
166140,0.15974088,0.15936543,0.15823348,0.15632739,0.15361498,0.15004438,0.14553450,0.13995690,0.13309852,0.12457488,0.11358150,0.09785390,0.05313919,,,,,,,,0.05313919
166200,0.15970197,0.15932667,0.15819517,0.15628985,0.15357853,0.15000935,0.14550122,0.13992574,0.13306990,0.12454930,0.11355965,0.09783704,0.05313648,,,,,,,,0.05313648
166260,0.15966308,0.15928794,0.15815690,0.15625235,0.15354212,0.14997434,0.14546797,0.13989461,0.13304130,0.12452373,0.11353782,0.09782019,0.05313376,,,,,,,,0.05313376
166320,0.15962423,0.15924924,0.15811867,0.15621489,0.15350573,0.14993937,0.14543475,0.13986350,0.13301272,0.12449819,0.11351601,0.09780336,0.05313106,,,,,,,,0.05313106
166380,0.15958542,0.15921058,0.15808046,0.15617745,0.15346938,0.14990442,0.14540155,0.13983242,0.13298417,0.12447267,0.11349421,0.09778654,0.05312835,,,,,,,,0.05312835
166440,0.15954664,0.15917195,0.15804229,0.15614005,0.15343306,0.14986951,0.14536838,0.13980136,0.13295564,0.12444717,0.11347243,0.09776973,0.05312565,,,,,,,,0.05312565
166500,0.15950789,0.15913336,0.15800415,0.15610268,0.15339677,0.14983463,0.14533524,0.13977033,0.13292713,0.12442169,0.11345067,0.09775294,0.05312295,,,,,,,,0.05312295
166560,0.15946917,0.15909479,0.15796605,0.15606534,0.15336051,0.14979977,0.14530213,0.13973933,0.13289865,0.12439623,0.11342893,0.09773616,0.05312026,,,,,,,,0.05312026
166620,0.15943049,0.15905626,0.15792798,0.15602803,0.15332429,0.14976495,0.14526905,0.13970835,0.13287019,0.12437079,0.11340720,0.09771939,0.05311757,,,,,,,,0.05311757
166680,0.15939184,0.15901777,0.15788994,0.15599076,0.15328809,0.14973015,0.14523599,0.13967740,0.13284176,0.12434537,0.11338549,0.09770263,0.05311488,,,,,,,,0.05311488
166740,0.15935323,0.15897930,0.15785193,0.15595352,0.15325192,0.14969538,0.14520296,0.13964647,0.13281334,0.12431997,0.11336380,0.09768589,0.05311219,,,,,,,,0.05311219
166800,0.15931465,0.15894087,0.15781396,0.15591631,0.15321579,0.14966065,0.14516996,0.13961557,0.13278496,0.12429460,0.11334212,0.09766916,0.05310951,,,,,,,,0.05310951
166860,0.15927610,0.15890248,0.15777602,0.15587913,0.15317969,0.14962594,0.14513699,0.13958470,0.13275659,0.12426924,0.11332046,0.09765244,0.05310684,,,,,,,,0.05310684
166920,0.15923758,0.15886411,0.15773811,0.15584198,0.15314361,0.14959126,0.14510405,0.13955385,0.13272825,0.12424390,0.11329882,0.09763574,0.05310416,,,,,,,,0.05310416
166980,0.15919910,0.15882578,0.15770023,0.15580486,0.15310757,0.14955661,0.14507113,0.13952303,0.13269993,0.12421859,0.11327720,0.09761905,0.05310149,,,,,,,,0.05310149
167040,0.15916065,0.15878748,0.15766239,0.15576778,0.15307156,0.14952199,0.14503824,0.13949223,0.13267164,0.12419329,0.11325559,0.09760237,0.05309883,,,,,,,,0.05309883
167100,0.15912223,0.15874922,0.15762457,0.15573073,0.15303558,0.14948741,0.14500538,0.13946146,0.13264336,0.12416802,0.11323400,0.09758571,0.05309616,,,,,,,,0.05309616
167160,0.15908385,0.15871099,0.15758680,0.15569371,0.15299963,0.14945284,0.14497254,0.13943071,0.13261512,0.12414277,0.11321243,0.09756905,0.05309350,,,,,,,,0.05309350
167220,0.15904550,0.15867279,0.15754905,0.15565672,0.15296371,0.14941831,0.14493973,0.13939999,0.13258689,0.12411753,0.11319088,0.09755242,0.05309085,,,,,,,,0.05309085
167280,0.15900718,0.15863462,0.15751134,0.15561976,0.15292782,0.14938381,0.14490695,0.13936930,0.13255869,0.12409232,0.11316934,0.09753579,0.05308820,,,,,,,,0.05308820
167340,0.15896890,0.15859649,0.15747365,0.15558284,0.15289196,0.14934934,0.14487420,0.13933863,0.13253051,0.12406713,0.11314782,0.09751917,0.05308555,,,,,,,,0.05308555
167400,0.15893065,0.15855839,0.15743600,0.15554594,0.15285613,0.14931489,0.14484148,0.13930799,0.13250235,0.12404195,0.11312631,0.09750257,0.05308290,,,,,,,,0.05308290
167460,0.15889243,0.15852032,0.15739839,0.15550909,0.15282034,0.14928048,0.14480878,0.13927737,0.13247422,0.12401680,0.11310483,0.09748599,0.05308026,,,,,,,,0.05308026
167520,0.15885425,0.15848229,0.15736081,0.15547226,0.15278457,0.14924610,0.14477612,0.13924678,0.13244612,0.12399167,0.11308336,0.09746941,0.05307762,,,,,,,,0.05307762
167580,0.15881610,0.15844428,0.15732326,0.15543546,0.15274883,0.14921174,0.14474347,0.13921621,0.13241803,0.12396656,0.11306191,0.09745285,0.05307498,,,,,,,,0.05307498
167640,0.15877798,0.15840631,0.15728573,0.15539869,0.15271313,0.14917742,0.14471086,0.13918567,0.13238997,0.12394147,0.11304047,0.09743630,0.05307235,,,,,,,,0.05307235
167700,0.15873989,0.15836838,0.15724824,0.15536195,0.15267745,0.14914312,0.14467827,0.13915515,0.13236192,0.12391640,0.11301905,0.09741976,0.05306972,,,,,,,,0.05306972
167760,0.15870183,0.15833047,0.15721079,0.15532525,0.15264180,0.14910885,0.14464571,0.13912466,0.13233391,0.12389135,0.11299765,0.09740324,0.05306710,,,,,,,,0.05306710
167820,0.15866381,0.15829260,0.15717336,0.15528857,0.15260619,0.14907460,0.14461318,0.13909419,0.13230591,0.12386632,0.11297627,0.09738673,0.05306447,,,,,,,,0.05306447
167880,0.15862582,0.15825475,0.15713597,0.15525193,0.15257060,0.14904039,0.14458067,0.13906375,0.13227794,0.12384131,0.11295490,0.09737023,0.05306185,,,,,,,,0.05306185
167940,0.15858786,0.15821695,0.15709861,0.15521532,0.15253504,0.14900621,0.14454819,0.13903333,0.13224999,0.12381632,0.11293355,0.09735374,0.05305924,,,,,,,,0.05305924
168000,0.15854994,0.15817917,0.15706128,0.15517873,0.15249952,0.14897205,0.14451574,0.13900294,0.13222206,0.12379134,0.11291221,0.09733727,0.05305663,,,,,,,,0.05305663
168060,0.15851205,0.15814142,0.15702398,0.15514218,0.15246402,0.14893793,0.14448331,0.13897258,0.13219416,0.12376639,0.11289089,0.09732081,0.05305402,,,,,,,,0.05305402
168120,0.15847418,0.15810371,0.15698671,0.15510566,0.15242856,0.14890383,0.14445092,0.13894223,0.13216628,0.12374146,0.11286959,0.09730436,0.05305141,,,,,,,,0.05305141
168180,0.15843636,0.15806603,0.15694948,0.15506918,0.15239312,0.14886976,0.14441854,0.13891192,0.13213842,0.12371655,0.11284831,0.09728792,0.05304881,,,,,,,,0.05304881
168240,0.15839856,0.15802838,0.15691228,0.15503272,0.15235771,0.14883572,0.14438620,0.13888163,0.13211058,0.12369166,0.11282704,0.09727150,0.05304621,,,,,,,,0.05304621
168300,0.15836080,0.15799077,0.15687511,0.15499629,0.15232234,0.14880171,0.14435388,0.13885136,0.13208277,0.12366679,0.11280579,0.09725509,0.05304362,,,,,,,,0.05304362
168360,0.15832306,0.15795318,0.15683797,0.15495990,0.15228699,0.14876772,0.14432159,0.13882112,0.13205498,0.12364194,0.11278455,0.09723869,0.05304102,,,,,,,,0.05304102
168420,0.15828536,0.15791563,0.15680086,0.15492353,0.15225167,0.14873377,0.14428933,0.13879090,0.13202721,0.12361711,0.11276334,0.09722230,0.05303843,,,,,,,,0.05303843
168480,0.15824770,0.15787811,0.15676378,0.15488720,0.15221639,0.14869984,0.14425709,0.13876071,0.13199947,0.12359230,0.11274214,0.09720593,0.05303585,,,,,,,,0.05303585
168540,0.15821006,0.15784062,0.15672674,0.15485090,0.15218113,0.14866594,0.14422488,0.13873054,0.13197175,0.12356751,0.11272095,0.09718957,0.05303327,,,,,,,,0.05303327
168600,0.15817246,0.15780317,0.15668972,0.15481462,0.15214590,0.14863207,0.14419270,0.13870040,0.13194405,0.12354274,0.11269978,0.09717322,0.05303069,,,,,,,,0.05303069
168660,0.15813488,0.15776574,0.15665274,0.15477838,0.15211070,0.14859823,0.14416054,0.13867029,0.13191637,0.12351799,0.11267863,0.09715688,0.05302811,,,,,,,,0.05302811
168720,0.15809735,0.15772835,0.15661579,0.15474217,0.15207553,0.14856442,0.14412841,0.13864019,0.13188871,0.12349325,0.11265750,0.09714056,0.05302554,,,,,,,,0.05302554
168780,0.15805984,0.15769099,0.15657887,0.15470599,0.15204039,0.14853063,0.14409631,0.13861013,0.13186108,0.12346854,0.11263638,0.09712425,0.05302297,,,,,,,,0.05302297
168840,0.15802236,0.15765366,0.15654198,0.15466984,0.15200528,0.14849688,0.14406423,0.13858008,0.13183347,0.12344385,0.11261528,0.09710795,0.05302040,,,,,,,,0.05302040
168900,0.15798492,0.15761636,0.15650512,0.15463372,0.15197020,0.14846315,0.14403218,0.13855006,0.13180588,0.12341918,0.11259419,0.09709166,0.05301784,,,,,,,,0.05301784
168960,0.15794750,0.15757909,0.15646830,0.15459763,0.15193515,0.14842945,0.14400016,0.13852007,0.13177832,0.12339453,0.11257313,0.09707539,0.05301528,,,,,,,,0.05301528
169020,0.15791012,0.15754186,0.15643150,0.15456157,0.15190013,0.14839578,0.14396816,0.13849010,0.13175077,0.12336989,0.11255207,0.09705913,0.05301273,,,,,,,,0.05301273
169080,0.15787277,0.15750466,0.15639474,0.15452554,0.15186514,0.14836213,0.14393619,0.13846016,0.13172325,0.12334528,0.11253104,0.09704288,0.05301017,,,,,,,,0.05301017
169140,0.15783546,0.15746748,0.15635801,0.15448954,0.15183018,0.14832852,0.14390425,0.13843024,0.13169575,0.12332069,0.11251002,0.09702664,0.05300762,,,,,,,,0.05300762
169200,0.15779817,0.15743034,0.15632130,0.15445357,0.15179524,0.14829493,0.14387233,0.13840034,0.13166828,0.12329611,0.11248902,0.09701042,0.05300508,,,,,,,,0.05300508
169260,0.15776092,0.15739324,0.15628464,0.15441764,0.15176034,0.14826137,0.14384044,0.13837047,0.13164083,0.12327156,0.11246803,0.09699421,0.05300253,,,,,,,,0.05300253
169320,0.15772370,0.15735616,0.15624800,0.15438174,0.15172547,0.14822784,0.14380858,0.13834063,0.13161339,0.12324703,0.11244706,0.09697801,0.05299999,,,,,,,,0.05299999
169380,0.15768651,0.15731912,0.15621139,0.15434586,0.15169063,0.14819434,0.14377674,0.13831080,0.13158598,0.12322251,0.11242611,0.09696182,0.05299746,,,,,,,,0.05299746
169440,0.15764935,0.15728210,0.15617481,0.15431001,0.15165581,0.14816086,0.14374493,0.13828101,0.13155860,0.12319801,0.11240517,0.09694565,0.05299492,,,,,,,,0.05299492
169500,0.15761222,0.15724512,0.15613826,0.15427419,0.15162102,0.14812741,0.14371314,0.13825123,0.13153123,0.12317354,0.11238425,0.09692948,0.05299239,,,,,,,,0.05299239
169560,0.15757512,0.15720817,0.15610175,0.15423841,0.15158626,0.14809399,0.14368138,0.13822148,0.13150389,0.12314908,0.11236335,0.09691333,0.05298987,,,,,,,,0.05298987
169620,0.15753805,0.15717124,0.15606526,0.15420265,0.15155153,0.14806059,0.14364965,0.13819176,0.13147657,0.12312464,0.11234246,0.09689719,0.05298734,,,,,,,,0.05298734
169680,0.15750102,0.15713435,0.15602881,0.15416692,0.15151683,0.14802723,0.14361794,0.13816206,0.13144927,0.12310022,0.11232159,0.09688107,0.05298482,,,,,,,,0.05298482
169740,0.15746401,0.15709749,0.15599238,0.15413122,0.15148216,0.14799389,0.14358626,0.13813238,0.13142199,0.12307582,0.11230073,0.09686495,0.05298230,,,,,,,,0.05298230
169800,0.15742704,0.15706067,0.15595599,0.15409556,0.15144752,0.14796058,0.14355460,0.13810273,0.13139473,0.12305144,0.11227989,0.09684885,0.05297979,,,,,,,,0.05297979
169860,0.15739010,0.15702387,0.15591962,0.15405992,0.15141291,0.14792730,0.14352297,0.13807310,0.13136750,0.12302708,0.11225907,0.09683276,0.05297728,,,,,,,,0.05297728
169920,0.15735319,0.15698710,0.15588329,0.15402431,0.15137832,0.14789404,0.14349137,0.13804349,0.13134029,0.12300274,0.11223826,0.09681668,0.05297477,,,,,,,,0.05297477
169980,0.15731631,0.15695037,0.15584699,0.15398873,0.15134376,0.14786081,0.14345979,0.13801391,0.13131310,0.12297842,0.11221747,0.09680062,0.05297227,,,,,,,,0.05297227
170040,0.15727946,0.15691366,0.15581071,0.15395318,0.15130924,0.14782761,0.14342824,0.13798436,0.13128593,0.12295412,0.11219669,0.09678456,0.05296976,,,,,,,,0.05296976
170100,0.15724264,0.15687699,0.15577447,0.15391767,0.15127474,0.14779444,0.14339671,0.13795483,0.13125878,0.12292983,0.11217593,0.09676852,0.05296727,,,,,,,,0.05296727
170160,0.15720585,0.15684034,0.15573826,0.15388218,0.15124027,0.14776129,0.14336521,0.13792532,0.13123166,0.12290557,0.11215519,0.09675249,0.05296477,,,,,,,,0.05296477
170220,0.15716910,0.15680373,0.15570208,0.15384672,0.15120583,0.14772818,0.14333373,0.13789583,0.13120455,0.12288133,0.11213446,0.09673648,0.05296228,,,,,,,,0.05296228
170280,0.15713237,0.15676715,0.15566593,0.15381129,0.15117141,0.14769508,0.14330229,0.13786637,0.13117747,0.12285710,0.11211375,0.09672047,0.05295979,,,,,,,,0.05295979
170340,0.15709568,0.15673060,0.15562981,0.15377589,0.15113703,0.14766202,0.14327086,0.13783694,0.13115041,0.12283289,0.11209306,0.09670448,0.05295730,,,,,,,,0.05295730
170400,0.15705901,0.15669408,0.15559372,0.15374052,0.15110267,0.14762898,0.14323947,0.13780752,0.13112338,0.12280870,0.11207238,0.09668850,0.05295482,,,,,,,,0.05295482
170460,0.15702238,0.15665759,0.15555766,0.15370517,0.15106835,0.14759598,0.14320809,0.13777813,0.13109636,0.12278454,0.11205171,0.09667253,0.05295234,,,,,,,,0.05295234
170520,0.15698578,0.15662113,0.15552163,0.15366986,0.15103405,0.14756299,0.14317675,0.13774877,0.13106937,0.12276039,0.11203107,0.09665657,0.05294986,,,,,,,,0.05294986
170580,0.15694921,0.15658470,0.15548563,0.15363458,0.15099978,0.14753004,0.14314543,0.13771943,0.13104239,0.12273626,0.11201044,0.09664063,0.05294739,,,,,,,,0.05294739
170640,0.15691267,0.15654830,0.15544966,0.15359933,0.15096553,0.14749711,0.14311413,0.13769011,0.13101544,0.12271214,0.11198982,0.09662469,0.05294492,,,,,,,,0.05294492
170700,0.15687616,0.15651193,0.15541372,0.15356410,0.15093132,0.14746421,0.14308286,0.13766082,0.13098851,0.12268805,0.11196922,0.09660877,0.05294245,,,,,,,,0.05294245
170760,0.15683968,0.15647559,0.15537780,0.15352891,0.15089714,0.14743134,0.14305162,0.13763155,0.13096160,0.12266398,0.11194864,0.09659286,0.05293999,,,,,,,,0.05293999
170820,0.15680323,0.15643929,0.15534192,0.15349374,0.15086298,0.14739849,0.14302040,0.13760230,0.13093472,0.12263992,0.11192807,0.09657697,0.05293753,,,,,,,,0.05293753
170880,0.15676681,0.15640301,0.15530607,0.15345861,0.15082885,0.14736567,0.14298921,0.13757308,0.13090785,0.12261589,0.11190752,0.09656108,0.05293507,,,,,,,,0.05293507
170940,0.15673042,0.15636676,0.15527025,0.15342350,0.15079475,0.14733288,0.14295804,0.13754388,0.13088101,0.12259187,0.11188698,0.09654521,0.05293261,,,,,,,,0.05293261
171000,0.15669406,0.15633055,0.15523446,0.15338842,0.15076068,0.14730011,0.14292690,0.13751470,0.13085418,0.12256787,0.11186646,0.09652935,0.05293016,,,,,,,,0.05293016
171060,0.15665774,0.15629436,0.15519871,0.15335338,0.15072664,0.14726738,0.14289579,0.13748555,0.13082739,0.12254390,0.11184596,0.09651350,0.05292771,,,,,,,,0.05292771
171120,0.15662144,0.15625821,0.15516298,0.15331836,0.15069262,0.14723467,0.14286470,0.13745643,0.13080061,0.12251994,0.11182548,0.09649766,0.05292527,,,,,,,,0.05292527
171180,0.15658517,0.15622208,0.15512727,0.15328337,0.15065863,0.14720198,0.14283363,0.13742732,0.13077385,0.12249600,0.11180500,0.09648184,0.05292283,,,,,,,,0.05292283
171240,0.15654894,0.15618599,0.15509160,0.15324841,0.15062467,0.14716933,0.14280259,0.13739824,0.13074711,0.12247207,0.11178455,0.09646602,0.05292039,,,,,,,,0.05292039
171300,0.15651273,0.15614992,0.15505596,0.15321347,0.15059074,0.14713669,0.14277158,0.13736918,0.13072040,0.12244817,0.11176411,0.09645022,0.05291795,,,,,,,,0.05291795
171360,0.15647655,0.15611388,0.15502035,0.15317857,0.15055684,0.14710409,0.14274059,0.13734015,0.13069370,0.12242428,0.11174368,0.09643443,0.05291552,,,,,,,,0.05291552
171420,0.15644040,0.15607788,0.15498476,0.15314369,0.15052296,0.14707151,0.14270962,0.13731113,0.13066703,0.12240042,0.11172327,0.09641865,0.05291309,,,,,,,,0.05291309
171480,0.15640429,0.15604190,0.15494921,0.15310885,0.15048911,0.14703896,0.14267868,0.13728215,0.13064038,0.12237657,0.11170288,0.09640288,0.05291066,,,,,,,,0.05291066
171540,0.15636820,0.15600595,0.15491369,0.15307403,0.15045529,0.14700643,0.14264777,0.13725318,0.13061375,0.12235274,0.11168250,0.09638713,0.05290823,,,,,,,,0.05290823
171600,0.15633214,0.15597004,0.15487819,0.15303924,0.15042150,0.14697394,0.14261688,0.13722424,0.13058714,0.12232893,0.11166213,0.09637139,0.05290581,,,,,,,,0.05290581
171660,0.15629612,0.15593415,0.15484272,0.15300448,0.15038773,0.14694146,0.14258601,0.13719532,0.13056055,0.12230514,0.11164179,0.09635566,0.05290340,,,,,,,,0.05290340
171720,0.15626012,0.15589829,0.15480729,0.15296975,0.15035399,0.14690902,0.14255517,0.13716643,0.13053398,0.12228136,0.11162146,0.09633994,0.05290098,,,,,,,,0.05290098
171780,0.15622415,0.15586246,0.15477188,0.15293505,0.15032028,0.14687660,0.14252436,0.13713755,0.13050743,0.12225761,0.11160114,0.09632423,0.05289857,,,,,,,,0.05289857
171840,0.15618821,0.15582667,0.15473650,0.15290037,0.15028660,0.14684421,0.14249357,0.13710870,0.13048091,0.12223387,0.11158084,0.09630853,0.05289616,,,,,,,,0.05289616
171900,0.15615230,0.15579090,0.15470116,0.15286573,0.15025295,0.14681184,0.14246280,0.13707988,0.13045440,0.12221015,0.11156055,0.09629285,0.05289375,,,,,,,,0.05289375
171960,0.15611643,0.15575516,0.15466584,0.15283111,0.15021932,0.14677950,0.14243206,0.13705108,0.13042792,0.12218645,0.11154028,0.09627717,0.05289135,,,,,,,,0.05289135
172020,0.15608058,0.15571945,0.15463055,0.15279652,0.15018572,0.14674719,0.14240135,0.13702230,0.13040146,0.12216277,0.11152003,0.09626151,0.05288895,,,,,,,,0.05288895
172080,0.15604476,0.15568377,0.15459528,0.15276196,0.15015215,0.14671490,0.14237066,0.13699354,0.13037501,0.12213911,0.11149979,0.09624586,0.05288655,,,,,,,,0.05288655
172140,0.15600897,0.15564812,0.15456005,0.15272743,0.15011860,0.14668264,0.14233999,0.13696481,0.13034859,0.12211547,0.11147957,0.09623022,0.05288416,,,,,,,,0.05288416
172200,0.15597321,0.15561250,0.15452485,0.15269293,0.15008509,0.14665041,0.14230935,0.13693610,0.13032219,0.12209184,0.11145936,0.09621460,0.05288177,,,,,,,,0.05288177
172260,0.15593748,0.15557691,0.15448968,0.15265845,0.15005160,0.14661820,0.14227874,0.13690741,0.13029581,0.12206823,0.11143917,0.09619898,0.05287938,,,,,,,,0.05287938
172320,0.15590178,0.15554135,0.15445453,0.15262400,0.15001814,0.14658602,0.14224814,0.13687874,0.13026946,0.12204465,0.11141899,0.09618338,0.05287699,,,,,,,,0.05287699
172380,0.15586611,0.15550581,0.15441941,0.15258959,0.14998470,0.14655386,0.14221758,0.13685010,0.13024312,0.12202107,0.11139883,0.09616779,0.05287461,,,,,,,,0.05287461
172440,0.15583047,0.15547031,0.15438433,0.15255519,0.14995129,0.14652173,0.14218704,0.13682148,0.13021680,0.12199752,0.11137868,0.09615221,0.05287223,,,,,,,,0.05287223
172500,0.15579485,0.15543484,0.15434927,0.15252083,0.14991791,0.14648963,0.14215652,0.13679289,0.13019050,0.12197399,0.11135855,0.09613664,0.05286985,,,,,,,,0.05286985
172560,0.15575927,0.15539939,0.15431424,0.15248650,0.14988456,0.14645755,0.14212603,0.13676431,0.13016423,0.12195047,0.11133844,0.09612108,0.05286748,,,,,,,,0.05286748
172620,0.15572372,0.15536398,0.15427924,0.15245219,0.14985123,0.14642550,0.14209556,0.13673576,0.13013797,0.12192698,0.11131834,0.09610554,0.05286511,,,,,,,,0.05286511
172680,0.15568819,0.15532859,0.15424427,0.15241791,0.14981793,0.14639347,0.14206511,0.13670723,0.13011174,0.12190350,0.11129825,0.09609000,0.05286274,,,,,,,,0.05286274
172740,0.15565270,0.15529323,0.15420932,0.15238367,0.14978466,0.14636147,0.14203469,0.13667873,0.13008553,0.12188004,0.11127818,0.09607448,0.05286038,,,,,,,,0.05286038
172800,0.15561723,0.15525790,0.15417441,0.15234944,0.14975142,0.14632950,0.14200430,0.13665025,0.13005933,0.12185659,0.11125813,0.09605897,0.05285802,,,,,,,,0.05285802
172860,0.15558180,0.15522261,0.15413953,0.15231525,0.14971821,0.14629755,0.14197393,0.13662179,0.13003317,0.12183317,0.11123809,0.09604347,0.05285566,,,,,,,,0.05285566
172920,0.15554639,0.15518734,0.15410467,0.15228109,0.14968502,0.14626563,0.14194359,0.13659335,0.13000702,0.12180977,0.11121807,0.09602798,0.05285330,,,,,,,,0.05285330
172980,0.15551101,0.15515210,0.15406984,0.15224695,0.14965185,0.14623374,0.14191327,0.13656494,0.12998089,0.12178638,0.11119806,0.09601251,0.05285095,,,,,,,,0.05285095
173040,0.15547566,0.15511689,0.15403504,0.15221284,0.14961872,0.14620187,0.14188297,0.13653655,0.12995477,0.12176301,0.11117807,0.09599704,0.05284860,,,,,,,,0.05284860
173100,0.15544034,0.15508170,0.15400027,0.15217876,0.14958561,0.14617002,0.14185270,0.13650818,0.12992868,0.12173965,0.11115809,0.09598159,0.05284625,,,,,,,,0.05284625
173160,0.15540505,0.15504655,0.15396553,0.15214471,0.14955253,0.14613820,0.14182245,0.13647983,0.12990262,0.12171632,0.11113812,0.09596615,0.05284391,,,,,,,,0.05284391
173220,0.15536979,0.15501142,0.15393081,0.15211068,0.14951947,0.14610641,0.14179222,0.13645151,0.12987657,0.12169300,0.11111818,0.09595071,0.05284156,,,,,,,,0.05284156
173280,0.15533456,0.15497632,0.15389613,0.15207668,0.14948644,0.14607464,0.14176202,0.13642320,0.12985054,0.12166971,0.11109824,0.09593529,0.05283923,,,,,,,,0.05283923
173340,0.15529935,0.15494126,0.15386147,0.15204271,0.14945344,0.14604290,0.14173184,0.13639493,0.12982453,0.12164643,0.11107833,0.09591989,0.05283689,,,,,,,,0.05283689
173400,0.15526417,0.15490622,0.15382684,0.15200877,0.14942046,0.14601118,0.14170169,0.13636667,0.12979854,0.12162316,0.11105842,0.09590449,0.05283456,,,,,,,,0.05283456
173460,0.15522903,0.15487120,0.15379224,0.15197485,0.14938751,0.14597949,0.14167156,0.13633843,0.12977257,0.12159992,0.11103853,0.09588910,0.05283223,,,,,,,,0.05283223
173520,0.15519391,0.15483622,0.15375766,0.15194096,0.14935459,0.14594782,0.14164146,0.13631022,0.12974663,0.12157669,0.11101866,0.09587373,0.05282990,,,,,,,,0.05282990
173580,0.15515882,0.15480127,0.15372312,0.15190710,0.14932170,0.14591618,0.14161138,0.13628203,0.12972070,0.12155348,0.11099880,0.09585837,0.05282758,,,,,,,,0.05282758
173640,0.15512376,0.15476634,0.15368860,0.15187327,0.14928883,0.14588457,0.14158132,0.13625386,0.12969479,0.12153029,0.11097896,0.09584301,0.05282526,,,,,,,,0.05282526
173700,0.15508872,0.15473145,0.15365411,0.15183946,0.14925599,0.14585298,0.14155129,0.13622572,0.12966891,0.12150712,0.11095913,0.09582767,0.05282294,,,,,,,,0.05282294
173760,0.15505372,0.15469658,0.15361965,0.15180568,0.14922317,0.14582142,0.14152128,0.13619759,0.12964304,0.12148396,0.11093932,0.09581234,0.05282062,,,,,,,,0.05282062
173820,0.15501874,0.15466174,0.15358522,0.15177193,0.14919038,0.14578988,0.14149130,0.13616949,0.12961719,0.12146083,0.11091952,0.09579703,0.05281831,,,,,,,,0.05281831
173880,0.15498380,0.15462693,0.15355081,0.15173821,0.14915762,0.14575837,0.14146134,0.13614141,0.12959137,0.12143771,0.11089974,0.09578172,0.05281600,,,,,,,,0.05281600
173940,0.15494888,0.15459214,0.15351644,0.15170451,0.14912488,0.14572688,0.14143140,0.13611336,0.12956556,0.12141461,0.11087997,0.09576642,0.05281369,,,,,,,,0.05281369
174000,0.15491399,0.15455739,0.15348209,0.15167084,0.14909217,0.14569541,0.14140149,0.13608532,0.12953978,0.12139152,0.11086022,0.09575114,0.05281139,,,,,,,,0.05281139
174060,0.15487913,0.15452266,0.15344777,0.15163720,0.14905949,0.14566398,0.14137160,0.13605731,0.12951401,0.12136846,0.11084048,0.09573587,0.05280909,,,,,,,,0.05280909
174120,0.15484429,0.15448796,0.15341347,0.15160359,0.14902683,0.14563257,0.14134174,0.13602932,0.12948827,0.12134541,0.11082076,0.09572061,0.05280679,,,,,,,,0.05280679
174180,0.15480949,0.15445329,0.15337921,0.15157000,0.14899420,0.14560118,0.14131190,0.13600135,0.12946254,0.12132238,0.11080105,0.09570535,0.05280449,,,,,,,,0.05280449
174240,0.15477471,0.15441865,0.15334497,0.15153644,0.14896160,0.14556982,0.14128208,0.13597341,0.12943684,0.12129936,0.11078135,0.09569012,0.05280220,,,,,,,,0.05280220
174300,0.15473996,0.15438404,0.15331076,0.15150291,0.14892902,0.14553848,0.14125229,0.13594548,0.12941115,0.12127637,0.11076167,0.09567489,0.05279991,,,,,,,,0.05279991
174360,0.15470524,0.15434945,0.15327658,0.15146940,0.14889647,0.14550717,0.14122252,0.13591758,0.12938548,0.12125339,0.11074201,0.09565967,0.05279762,,,,,,,,0.05279762
174420,0.15467055,0.15431489,0.15324243,0.15143592,0.14886394,0.14547588,0.14119277,0.13588970,0.12935984,0.12123043,0.11072236,0.09564446,0.05279534,,,,,,,,0.05279534
174480,0.15463589,0.15428036,0.15320830,0.15140247,0.14883144,0.14544462,0.14116305,0.13586184,0.12933421,0.12120749,0.11070273,0.09562927,0.05279305,,,,,,,,0.05279305
174540,0.15460125,0.15424586,0.15317420,0.15136905,0.14879897,0.14541338,0.14113335,0.13583400,0.12930861,0.12118456,0.11068311,0.09561408,0.05279077,,,,,,,,0.05279077
174600,0.15456665,0.15421139,0.15314013,0.15133565,0.14876652,0.14538217,0.14110367,0.13580619,0.12928302,0.12116165,0.11066350,0.09559891,0.05278850,,,,,,,,0.05278850
174660,0.15453207,0.15417695,0.15310609,0.15130228,0.14873410,0.14535099,0.14107402,0.13577840,0.12925746,0.12113877,0.11064391,0.09558375,0.05278623,,,,,,,,0.05278623
174720,0.15449752,0.15414253,0.15307208,0.15126894,0.14870171,0.14531983,0.14104440,0.13575063,0.12923191,0.12111590,0.11062434,0.09556860,0.05278395,,,,,,,,0.05278395
174780,0.15446300,0.15410814,0.15303809,0.15123562,0.14866934,0.14528869,0.14101479,0.13572288,0.12920639,0.12109304,0.11060478,0.09555346,0.05278169,,,,,,,,0.05278169
174840,0.15442850,0.15407378,0.15300413,0.15120233,0.14863700,0.14525758,0.14098521,0.13569515,0.12918088,0.12107020,0.11058523,0.09553833,0.05277942,,,,,,,,0.05277942
174900,0.15439403,0.15403944,0.15297019,0.15116907,0.14860468,0.14522649,0.14095565,0.13566745,0.12915540,0.12104738,0.11056570,0.09552322,0.05277716,,,,,,,,0.05277716
174960,0.15435960,0.15400514,0.15293629,0.15113583,0.14857239,0.14519543,0.14092611,0.13563976,0.12912993,0.12102458,0.11054618,0.09550811,0.05277490,,,,,,,,0.05277490
175020,0.15432518,0.15397086,0.15290241,0.15110262,0.14854012,0.14516439,0.14089660,0.13561210,0.12910448,0.12100179,0.11052668,0.09549301,0.05277264,,,,,,,,0.05277264
175080,0.15429080,0.15393661,0.15286856,0.15106944,0.14850788,0.14513338,0.14086711,0.13558446,0.12907905,0.12097903,0.11050719,0.09547793,0.05277039,,,,,,,,0.05277039
175140,0.15425644,0.15390238,0.15283473,0.15103629,0.14847567,0.14510239,0.14083765,0.13555684,0.12905365,0.12095627,0.11048771,0.09546286,0.05276814,,,,,,,,0.05276814
175200,0.15422211,0.15386819,0.15280093,0.15100316,0.14844348,0.14507143,0.14080821,0.13552924,0.12902826,0.12093354,0.11046826,0.09544779,0.05276589,,,,,,,,0.05276589
175260,0.15418781,0.15383402,0.15276716,0.15097005,0.14841132,0.14504049,0.14077879,0.13550167,0.12900289,0.12091082,0.11044881,0.09543274,0.05276364,,,,,,,,0.05276364
175320,0.15415354,0.15379988,0.15273342,0.15093698,0.14837918,0.14500957,0.14074939,0.13547411,0.12897754,0.12088813,0.11042938,0.09541770,0.05276140,,,,,,,,0.05276140
175380,0.15411930,0.15376577,0.15269971,0.15090393,0.14834707,0.14497868,0.14072002,0.13544658,0.12895221,0.12086544,0.11040996,0.09540267,0.05275916,,,,,,,,0.05275916
175440,0.15408508,0.15373168,0.15266602,0.15087090,0.14831498,0.14494781,0.14069067,0.13541907,0.12892690,0.12084278,0.11039056,0.09538765,0.05275692,,,,,,,,0.05275692
175500,0.15405089,0.15369762,0.15263235,0.15083790,0.14828292,0.14491697,0.14066135,0.13539158,0.12890161,0.12082013,0.11037118,0.09537264,0.05275469,,,,,,,,0.05275469
175560,0.15401672,0.15366359,0.15259872,0.15080493,0.14825089,0.14488616,0.14063204,0.13536411,0.12887634,0.12079750,0.11035180,0.09535765,0.05275245,,,,,,,,0.05275245
175620,0.15398259,0.15362959,0.15256511,0.15077199,0.14821888,0.14485536,0.14060276,0.13533666,0.12885109,0.12077489,0.11033245,0.09534266,0.05275022,,,,,,,,0.05275022
175680,0.15394848,0.15359561,0.15253153,0.15073907,0.14818690,0.14482460,0.14057351,0.13530923,0.12882585,0.12075229,0.11031310,0.09532768,0.05274800,,,,,,,,0.05274800
175740,0.15391440,0.15356166,0.15249798,0.15070618,0.14815494,0.14479385,0.14054427,0.13528183,0.12880064,0.12072971,0.11029377,0.09531272,0.05274577,,,,,,,,0.05274577
175800,0.15388035,0.15352774,0.15246445,0.15067331,0.14812300,0.14476313,0.14051506,0.13525445,0.12877545,0.12070715,0.11027446,0.09529777,0.05274355,,,,,,,,0.05274355
175860,0.15384632,0.15349385,0.15243095,0.15064048,0.14809110,0.14473244,0.14048587,0.13522708,0.12875027,0.12068461,0.11025516,0.09528282,0.05274133,,,,,,,,0.05274133
175920,0.15381233,0.15345998,0.15239748,0.15060766,0.14805922,0.14470177,0.14045671,0.13519974,0.12872512,0.12066208,0.11023587,0.09526789,0.05273912,,,,,,,,0.05273912
175980,0.15377835,0.15342614,0.15236403,0.15057488,0.14802736,0.14467112,0.14042757,0.13517242,0.12869998,0.12063957,0.11021660,0.09525297,0.05273690,,,,,,,,0.05273690
176040,0.15374441,0.15339233,0.15233061,0.15054212,0.14799553,0.14464050,0.14039845,0.13514513,0.12867487,0.12061708,0.11019734,0.09523806,0.05273469,,,,,,,,0.05273469
176100,0.15371049,0.15335854,0.15229722,0.15050938,0.14796372,0.14460990,0.14036935,0.13511785,0.12864977,0.12059460,0.11017810,0.09522316,0.05273249,,,,,,,,0.05273249
176160,0.15367660,0.15332478,0.15226386,0.15047667,0.14793194,0.14457933,0.14034028,0.13509059,0.12862469,0.12057214,0.11015887,0.09520827,0.05273028,,,,,,,,0.05273028
176220,0.15364274,0.15329105,0.15223052,0.15044399,0.14790019,0.14454878,0.14031122,0.13506336,0.12859963,0.12054970,0.11013966,0.09519339,0.05272808,,,,,,,,0.05272808
176280,0.15360891,0.15325735,0.15219720,0.15041133,0.14786846,0.14451825,0.14028220,0.13503615,0.12857460,0.12052727,0.11012046,0.09517852,0.05272588,,,,,,,,0.05272588
176340,0.15357510,0.15322367,0.15216392,0.15037870,0.14783675,0.14448775,0.14025319,0.13500895,0.12854958,0.12050487,0.11010127,0.09516367,0.05272368,,,,,,,,0.05272368
176400,0.15354132,0.15319002,0.15213066,0.15034610,0.14780507,0.14445727,0.14022421,0.13498178,0.12852457,0.12048247,0.11008210,0.09514882,0.05272148,,,,,,,,0.05272148
176460,0.15350757,0.15315640,0.15209743,0.15031353,0.14777342,0.14442682,0.14019525,0.13495463,0.12849960,0.12046010,0.11006294,0.09513399,0.05271929,,,,,,,,0.05271929
176520,0.15347384,0.15312280,0.15206423,0.15028098,0.14774179,0.14439639,0.14016631,0.13492751,0.12847463,0.12043775,0.11004380,0.09511916,0.05271710,,,,,,,,0.05271710
176580,0.15344015,0.15308923,0.15203105,0.15024845,0.14771019,0.14436599,0.14013740,0.13490040,0.12844969,0.12041540,0.11002467,0.09510435,0.05271492,,,,,,,,0.05271492
176640,0.15340647,0.15305569,0.15199789,0.15021595,0.14767861,0.14433561,0.14010851,0.13487331,0.12842477,0.12039308,0.11000555,0.09508954,0.05271273,,,,,,,,0.05271273
176700,0.15337283,0.15302218,0.15196477,0.15018347,0.14764705,0.14430525,0.14007964,0.13484625,0.12839986,0.12037077,0.10998645,0.09507475,0.05271055,,,,,,,,0.05271055
176760,0.15333921,0.15298869,0.15193167,0.15015102,0.14761552,0.14427492,0.14005079,0.13481920,0.12837498,0.12034848,0.10996736,0.09505997,0.05270837,,,,,,,,0.05270837
176820,0.15330561,0.15295522,0.15189859,0.15011860,0.14758402,0.14424461,0.14002197,0.13479218,0.12835011,0.12032621,0.10994829,0.09504520,0.05270620,,,,,,,,0.05270620
176880,0.15327205,0.15292179,0.15186554,0.15008620,0.14755254,0.14421432,0.13999316,0.13476517,0.12832526,0.12030395,0.10992923,0.09503044,0.05270402,,,,,,,,0.05270402
176940,0.15323851,0.15288838,0.15183252,0.15005383,0.14752108,0.14418406,0.13996438,0.13473819,0.12830043,0.12028171,0.10991019,0.09501569,0.05270185,,,,,,,,0.05270185
177000,0.15320500,0.15285499,0.15179953,0.15002149,0.14748965,0.14415382,0.13993563,0.13471123,0.12827562,0.12025949,0.10989116,0.09500095,0.05269968,,,,,,,,0.05269968
177060,0.15317151,0.15282164,0.15176656,0.14998917,0.14745825,0.14412360,0.13990689,0.13468429,0.12825083,0.12023728,0.10987214,0.09498622,0.05269752,,,,,,,,0.05269752
177120,0.15313805,0.15278831,0.15173361,0.14995687,0.14742687,0.14409341,0.13987818,0.13465736,0.12822606,0.12021509,0.10985314,0.09497150,0.05269535,,,,,,,,0.05269535
177180,0.15310462,0.15275500,0.15170070,0.14992460,0.14739551,0.14406324,0.13984949,0.13463046,0.12820130,0.12019292,0.10983415,0.09495679,0.05269319,,,,,,,,0.05269319
177240,0.15307122,0.15272173,0.15166781,0.14989236,0.14736418,0.14403310,0.13982082,0.13460359,0.12817657,0.12017076,0.10981517,0.09494209,0.05269103,,,,,,,,0.05269103
177300,0.15303784,0.15268848,0.15163494,0.14986014,0.14733287,0.14400298,0.13979217,0.13457673,0.12815185,0.12014862,0.10979621,0.09492741,0.05268888,,,,,,,,0.05268888
177360,0.15300449,0.15265525,0.15160210,0.14982795,0.14730159,0.14397288,0.13976355,0.13454989,0.12812715,0.12012650,0.10977726,0.09491273,0.05268673,,,,,,,,0.05268673
177420,0.15297116,0.15262205,0.15156929,0.14979578,0.14727033,0.14394281,0.13973495,0.13452307,0.12810248,0.12010439,0.10975833,0.09489806,0.05268458,,,,,,,,0.05268458
177480,0.15293786,0.15258888,0.15153650,0.14976364,0.14723910,0.14391276,0.13970637,0.13449628,0.12807782,0.12008230,0.10973941,0.09488341,0.05268243,,,,,,,,0.05268243
177540,0.15290459,0.15255574,0.15150374,0.14973152,0.14720789,0.14388273,0.13967781,0.13446950,0.12805318,0.12006022,0.10972051,0.09486876,0.05268028,,,,,,,,0.05268028
177600,0.15287134,0.15252262,0.15147101,0.14969943,0.14717671,0.14385273,0.13964928,0.13444275,0.12802855,0.12003817,0.10970161,0.09485413,0.05267814,,,,,,,,0.05267814
177660,0.15283812,0.15248953,0.15143830,0.14966736,0.14714555,0.14382275,0.13962076,0.13441601,0.12800395,0.12001613,0.10968274,0.09483950,0.05267600,,,,,,,,0.05267600
177720,0.15280493,0.15245646,0.15140562,0.14963532,0.14711442,0.14379279,0.13959227,0.13438930,0.12797936,0.11999410,0.10966387,0.09482489,0.05267386,,,,,,,,0.05267386
177780,0.15277176,0.15242342,0.15137296,0.14960331,0.14708331,0.14376286,0.13956380,0.13436260,0.12795480,0.11997209,0.10964502,0.09481029,0.05267173,,,,,,,,0.05267173
177840,0.15273862,0.15239040,0.15134033,0.14957132,0.14705222,0.14373295,0.13953536,0.13433593,0.12793025,0.11995010,0.10962619,0.09479569,0.05266960,,,,,,,,0.05266960
177900,0.15270550,0.15235742,0.15130772,0.14953935,0.14702116,0.14370306,0.13950693,0.13430928,0.12790572,0.11992813,0.10960736,0.09478111,0.05266747,,,,,,,,0.05266747
177960,0.15267241,0.15232445,0.15127514,0.14950741,0.14699012,0.14367320,0.13947853,0.13428264,0.12788121,0.11990617,0.10958856,0.09476654,0.05266534,,,,,,,,0.05266534
178020,0.15263935,0.15229152,0.15124259,0.14947549,0.14695911,0.14364336,0.13945015,0.13425603,0.12785672,0.11988422,0.10956976,0.09475198,0.05266321,,,,,,,,0.05266321
178080,0.15260631,0.15225861,0.15121006,0.14944361,0.14692812,0.14361354,0.13942179,0.13422944,0.12783224,0.11986230,0.10955098,0.09473743,0.05266109,,,,,,,,0.05266109
178140,0.15257330,0.15222572,0.15117756,0.14941174,0.14689715,0.14358375,0.13939345,0.13420287,0.12780779,0.11984039,0.10953221,0.09472289,0.05265897,,,,,,,,0.05265897
178200,0.15254032,0.15219287,0.15114508,0.14937990,0.14686621,0.14355398,0.13936514,0.13417632,0.12778335,0.11981849,0.10951346,0.09470836,0.05265685,,,,,,,,0.05265685
178260,0.15250736,0.15216004,0.15111263,0.14934809,0.14683530,0.14352424,0.13933685,0.13414979,0.12775894,0.11979662,0.10949472,0.09469384,0.05265474,,,,,,,,0.05265474
178320,0.15247443,0.15212723,0.15108021,0.14931630,0.14680441,0.14349451,0.13930858,0.13412328,0.12773454,0.11977476,0.10947599,0.09467933,0.05265263,,,,,,,,0.05265263
178380,0.15244153,0.15209445,0.15104781,0.14928454,0.14677354,0.14346481,0.13928033,0.13409679,0.12771016,0.11975292,0.10945728,0.09466483,0.05265052,,,,,,,,0.05265052
178440,0.15240865,0.15206170,0.15101543,0.14925280,0.14674270,0.14343514,0.13925210,0.13407032,0.12768580,0.11973109,0.10943858,0.09465034,0.05264841,,,,,,,,0.05264841
178500,0.15237579,0.15202897,0.15098308,0.14922108,0.14671188,0.14340548,0.13922390,0.13404387,0.12766145,0.11970927,0.10941990,0.09463586,0.05264631,,,,,,,,0.05264631
178560,0.15234296,0.15199627,0.15095076,0.14918939,0.14668108,0.14337585,0.13919571,0.13401744,0.12763713,0.11968748,0.10940123,0.09462139,0.05264421,,,,,,,,0.05264421
178620,0.15231016,0.15196359,0.15091846,0.14915773,0.14665031,0.14334624,0.13916755,0.13399103,0.12761282,0.11966570,0.10938257,0.09460693,0.05264211,,,,,,,,0.05264211
178680,0.15227738,0.15193094,0.15088619,0.14912609,0.14661957,0.14331666,0.13913941,0.13396464,0.12758853,0.11964393,0.10936392,0.09459248,0.05264001,,,,,,,,0.05264001
178740,0.15224463,0.15189831,0.15085394,0.14909447,0.14658884,0.14328709,0.13911129,0.13393827,0.12756426,0.11962219,0.10934529,0.09457805,0.05263791,,,,,,,,0.05263791
178800,0.15221190,0.15186571,0.15082171,0.14906288,0.14655814,0.14325755,0.13908319,0.13391192,0.12754000,0.11960046,0.10932667,0.09456362,0.05263582,,,,,,,,0.05263582
178860,0.15217920,0.15183314,0.15078952,0.14903131,0.14652747,0.14322803,0.13905511,0.13388560,0.12751577,0.11957874,0.10930807,0.09454920,0.05263373,,,,,,,,0.05263373
178920,0.15214653,0.15180059,0.15075734,0.14899977,0.14649681,0.14319854,0.13902706,0.13385929,0.12749155,0.11955704,0.10928948,0.09453479,0.05263164,,,,,,,,0.05263164
178980,0.15211388,0.15176807,0.15072520,0.14896825,0.14646619,0.14316907,0.13899903,0.13383300,0.12746735,0.11953536,0.10927090,0.09452040,0.05262956,,,,,,,,0.05262956
179040,0.15208126,0.15173557,0.15069308,0.14893676,0.14643558,0.14313962,0.13897102,0.13380673,0.12744317,0.11951369,0.10925234,0.09450601,0.05262748,,,,,,,,0.05262748
179100,0.15204866,0.15170310,0.15066098,0.14890529,0.14640500,0.14311019,0.13894303,0.13378048,0.12741901,0.11949204,0.10923379,0.09449163,0.05262540,,,,,,,,0.05262540
179160,0.15201609,0.15167065,0.15062891,0.14887385,0.14637444,0.14308079,0.13891506,0.13375425,0.12739487,0.11947040,0.10921525,0.09447727,0.05262332,,,,,,,,0.05262332
179220,0.15198354,0.15163823,0.15059686,0.14884243,0.14634391,0.14305141,0.13888711,0.13372804,0.12737074,0.11944879,0.10919673,0.09446291,0.05262125,,,,,,,,0.05262125
179280,0.15195102,0.15160583,0.15056484,0.14881104,0.14631340,0.14302205,0.13885918,0.13370185,0.12734664,0.11942718,0.10917822,0.09444856,0.05261917,,,,,,,,0.05261917
179340,0.15191853,0.15157346,0.15053284,0.14877967,0.14628292,0.14299272,0.13883128,0.13367568,0.12732255,0.11940559,0.10915972,0.09443423,0.05261710,,,,,,,,0.05261710
179400,0.15188606,0.15154111,0.15050087,0.14874832,0.14625245,0.14296340,0.13880340,0.13364953,0.12729847,0.11938402,0.10914124,0.09441990,0.05261504,,,,,,,,0.05261504
179460,0.15185361,0.15150879,0.15046892,0.14871700,0.14622201,0.14293411,0.13877553,0.13362340,0.12727442,0.11936247,0.10912277,0.09440559,0.05261297,,,,,,,,0.05261297
179520,0.15182119,0.15147650,0.15043700,0.14868570,0.14619160,0.14290485,0.13874769,0.13359729,0.12725039,0.11934093,0.10910431,0.09439128,0.05261091,,,,,,,,0.05261091
179580,0.15178880,0.15144423,0.15040510,0.14865443,0.14616121,0.14287560,0.13871987,0.13357120,0.12722637,0.11931941,0.10908587,0.09437698,0.05260885,,,,,,,,0.05260885
179640,0.15175643,0.15141199,0.15037323,0.14862318,0.14613084,0.14284638,0.13869208,0.13354513,0.12720237,0.11929790,0.10906744,0.09436270,0.05260679,,,,,,,,0.05260679
179700,0.15172409,0.15137977,0.15034138,0.14859196,0.14610050,0.14281718,0.13866430,0.13351908,0.12717839,0.11927641,0.10904903,0.09434842,0.05260474,,,,,,,,0.05260474
179760,0.15169177,0.15134757,0.15030956,0.14856076,0.14607017,0.14278800,0.13863654,0.13349305,0.12715442,0.11925493,0.10903062,0.09433416,0.05260268,,,,,,,,0.05260268
179820,0.15165948,0.15131540,0.15027776,0.14852958,0.14603988,0.14275885,0.13860881,0.13346704,0.12713048,0.11923347,0.10901223,0.09431990,0.05260063,,,,,,,,0.05260063
179880,0.15162721,0.15128326,0.15024599,0.14849843,0.14600960,0.14272971,0.13858110,0.13344105,0.12710655,0.11921202,0.10899386,0.09430566,0.05259858,,,,,,,,0.05259858
179940,0.15159497,0.15125114,0.15021424,0.14846730,0.14597935,0.14270060,0.13855340,0.13341507,0.12708264,0.11919060,0.10897549,0.09429142,0.05259654,,,,,,,,0.05259654
180000,0.15156275,0.15121904,0.15018252,0.14843620,0.14594912,0.14267151,0.13852573,0.13338912,0.12705875,0.11916918,0.10895714,0.09427720,0.05259450,,,,,,,,0.05259450
180060,0.15153056,0.15118698,0.15015082,0.14840513,0.14591892,0.14264245,0.13849809,0.13336319,0.12703488,0.11914779,0.10893881,0.09426298,0.05259246,,,,,,,,0.05259246
180120,0.15149840,0.15115494,0.15011915,0.14837407,0.14588875,0.14261341,0.13847046,0.13333728,0.12701102,0.11912641,0.10892049,0.09424878,0.05259042,,,,,,,,0.05259042
180180,0.15146626,0.15112292,0.15008750,0.14834304,0.14585859,0.14258439,0.13844285,0.13331138,0.12698718,0.11910504,0.10890218,0.09423458,0.05258838,,,,,,,,0.05258838
180240,0.15143414,0.15109092,0.15005588,0.14831203,0.14582845,0.14255539,0.13841526,0.13328551,0.12696336,0.11908369,0.10888388,0.09422040,0.05258635,,,,,,,,0.05258635
180300,0.15140205,0.15105895,0.15002428,0.14828105,0.14579834,0.14252641,0.13838770,0.13325965,0.12693956,0.11906236,0.10886560,0.09420622,0.05258432,,,,,,,,0.05258432
180360,0.15136998,0.15102701,0.14999270,0.14825009,0.14576825,0.14249746,0.13836015,0.13323382,0.12691577,0.11904104,0.10884733,0.09419205,0.05258229,,,,,,,,0.05258229
180420,0.15133794,0.15099509,0.14996115,0.14821916,0.14573819,0.14246853,0.13833263,0.13320800,0.12689201,0.11901974,0.10882907,0.09417790,0.05258026,,,,,,,,0.05258026
180480,0.15130592,0.15096320,0.14992962,0.14818825,0.14570815,0.14243961,0.13830513,0.13318221,0.12686825,0.11899845,0.10881082,0.09416375,0.05257824,,,,,,,,0.05257824
180540,0.15127393,0.15093133,0.14989812,0.14815736,0.14567813,0.14241073,0.13827764,0.13315643,0.12684452,0.11897718,0.10879259,0.09414962,0.05257621,,,,,,,,0.05257621
180600,0.15124196,0.15089948,0.14986664,0.14812650,0.14564813,0.14238186,0.13825018,0.13313067,0.12682081,0.11895592,0.10877437,0.09413549,0.05257420,,,,,,,,0.05257420
180660,0.15121002,0.15086766,0.14983519,0.14809566,0.14561816,0.14235302,0.13822274,0.13310493,0.12679711,0.11893468,0.10875617,0.09412137,0.05257218,,,,,,,,0.05257218
180720,0.15117810,0.15083586,0.14980376,0.14806484,0.14558821,0.14232419,0.13819532,0.13307921,0.12677343,0.11891345,0.10873798,0.09410727,0.05257016,,,,,,,,0.05257016
180780,0.15114620,0.15080409,0.14977235,0.14803405,0.14555829,0.14229539,0.13816792,0.13305351,0.12674977,0.11889224,0.10871980,0.09409317,0.05256815,,,,,,,,0.05256815
180840,0.15111434,0.15077234,0.14974097,0.14800328,0.14552838,0.14226662,0.13814054,0.13302783,0.12672612,0.11887105,0.10870163,0.09407909,0.05256614,,,,,,,,0.05256614
180900,0.15108249,0.15074062,0.14970961,0.14797254,0.14549850,0.14223786,0.13811319,0.13300217,0.12670250,0.11884987,0.10868348,0.09406501,0.05256413,,,,,,,,0.05256413
180960,0.15105067,0.15070892,0.14967828,0.14794182,0.14546864,0.14220912,0.13808585,0.13297653,0.12667889,0.11882871,0.10866534,0.09405094,0.05256213,,,,,,,,0.05256213
181020,0.15101888,0.15067725,0.14964697,0.14791112,0.14543881,0.14218041,0.13805853,0.13295091,0.12665529,0.11880756,0.10864721,0.09403688,0.05256013,,,,,,,,0.05256013
181080,0.15098711,0.15064560,0.14961569,0.14788044,0.14540900,0.14215172,0.13803124,0.13292530,0.12663172,0.11878643,0.10862910,0.09402284,0.05255813,,,,,,,,0.05255813
181140,0.15095536,0.15061398,0.14958443,0.14784979,0.14537921,0.14212305,0.13800396,0.13289972,0.12660816,0.11876531,0.10861100,0.09400880,0.05255613,,,,,,,,0.05255613
181200,0.15092364,0.15058238,0.14955319,0.14781917,0.14534944,0.14209441,0.13797671,0.13287415,0.12658462,0.11874421,0.10859291,0.09399477,0.05255413,,,,,,,,0.05255413
181260,0.15089194,0.15055080,0.14952198,0.14778856,0.14531970,0.14206578,0.13794947,0.13284861,0.12656110,0.11872312,0.10857483,0.09398075,0.05255214,,,,,,,,0.05255214
181320,0.15086027,0.15051925,0.14949079,0.14775798,0.14528998,0.14203718,0.13792226,0.13282308,0.12653760,0.11870205,0.10855677,0.09396675,0.05255015,,,,,,,,0.05255015
181380,0.15082862,0.15048772,0.14945963,0.14772743,0.14526028,0.14200860,0.13789507,0.13279757,0.12651411,0.11868100,0.10853872,0.09395275,0.05254816,,,,,,,,0.05254816
181440,0.15079700,0.15045622,0.14942849,0.14769690,0.14523060,0.14198004,0.13786789,0.13277208,0.12649064,0.11865996,0.10852069,0.09393876,0.05254617,,,,,,,,0.05254617
181500,0.15076540,0.15042474,0.14939737,0.14766639,0.14520095,0.14195150,0.13784074,0.13274661,0.12646719,0.11863893,0.10850266,0.09392478,0.05254419,,,,,,,,0.05254419
181560,0.15073383,0.15039329,0.14936628,0.14763590,0.14517132,0.14192298,0.13781361,0.13272116,0.12644375,0.11861792,0.10848465,0.09391081,0.05254221,,,,,,,,0.05254221
181620,0.15070228,0.15036186,0.14933521,0.14760544,0.14514171,0.14189449,0.13778650,0.13269573,0.12642033,0.11859693,0.10846665,0.09389685,0.05254023,,,,,,,,0.05254023
181680,0.15067075,0.15033045,0.14930417,0.14757500,0.14511213,0.14186601,0.13775941,0.13267031,0.12639693,0.11857595,0.10844867,0.09388290,0.05253825,,,,,,,,0.05253825
181740,0.15063925,0.15029907,0.14927315,0.14754458,0.14508256,0.14183756,0.13773234,0.13264492,0.12637355,0.11855498,0.10843070,0.09386896,0.05253627,,,,,,,,0.05253627
181800,0.15060777,0.15026771,0.14924215,0.14751419,0.14505302,0.14180913,0.13770529,0.13261954,0.12635018,0.11853404,0.10841274,0.09385503,0.05253430,,,,,,,,0.05253430
181860,0.15057632,0.15023638,0.14921118,0.14748382,0.14502351,0.14178072,0.13767826,0.13259419,0.12632683,0.11851310,0.10839479,0.09384111,0.05253233,,,,,,,,0.05253233
181920,0.15054489,0.15020507,0.14918023,0.14745348,0.14499402,0.14175234,0.13765126,0.13256886,0.12630350,0.11849219,0.10837686,0.09382720,0.05253036,,,,,,,,0.05253036
181980,0.15051349,0.15017379,0.14914931,0.14742316,0.14496455,0.14172397,0.13762427,0.13254354,0.12628019,0.11847128,0.10835894,0.09381330,0.05252840,,,,,,,,0.05252840
182040,0.15048211,0.15014253,0.14911841,0.14739286,0.14493510,0.14169563,0.13759730,0.13251824,0.12625689,0.11845040,0.10834103,0.09379941,0.05252643,,,,,,,,0.05252643
182100,0.15045075,0.15011129,0.14908753,0.14736258,0.14490567,0.14166731,0.13757035,0.13249296,0.12623361,0.11842952,0.10832313,0.09378553,0.05252447,,,,,,,,0.05252447
182160,0.15041942,0.15008008,0.14905667,0.14733233,0.14487626,0.14163900,0.13754342,0.13246769,0.12621034,0.11840867,0.10830525,0.09377165,0.05252251,,,,,,,,0.05252251
182220,0.15038811,0.15004889,0.14902584,0.14730210,0.14484688,0.14161072,0.13751651,0.13244245,0.12618710,0.11838782,0.10828738,0.09375779,0.05252056,,,,,,,,0.05252056
182280,0.15035683,0.15001772,0.14899503,0.14727189,0.14481752,0.14158246,0.13748963,0.13241723,0.12616387,0.11836699,0.10826952,0.09374394,0.05251860,,,,,,,,0.05251860
182340,0.15032556,0.14998658,0.14896425,0.14724170,0.14478818,0.14155423,0.13746276,0.13239202,0.12614066,0.11834618,0.10825168,0.09373009,0.05251665,,,,,,,,0.05251665
182400,0.15029433,0.14995546,0.14893349,0.14721154,0.14475886,0.14152601,0.13743591,0.13236683,0.12611746,0.11832538,0.10823385,0.09371626,0.05251470,,,,,,,,0.05251470
182460,0.15026311,0.14992437,0.14890275,0.14718140,0.14472957,0.14149782,0.13740908,0.13234166,0.12609428,0.11830460,0.10821603,0.09370243,0.05251275,,,,,,,,0.05251275
182520,0.15023193,0.14989330,0.14887204,0.14715129,0.14470030,0.14146964,0.13738228,0.13231651,0.12607112,0.11828383,0.10819822,0.09368862,0.05251081,,,,,,,,0.05251081
182580,0.15020076,0.14986225,0.14884135,0.14712120,0.14467105,0.14144149,0.13735549,0.13229138,0.12604798,0.11826308,0.10818042,0.09367481,0.05250886,,,,,,,,0.05250886
182640,0.15016962,0.14983123,0.14881068,0.14709113,0.14464182,0.14141336,0.13732872,0.13226627,0.12602485,0.11824234,0.10816264,0.09366102,0.05250692,,,,,,,,0.05250692
182700,0.15013850,0.14980023,0.14878004,0.14706108,0.14461261,0.14138525,0.13730197,0.13224118,0.12600174,0.11822162,0.10814487,0.09364723,0.05250498,,,,,,,,0.05250498
182760,0.15010741,0.14976925,0.14874942,0.14703106,0.14458343,0.14135716,0.13727525,0.13221610,0.12597864,0.11820091,0.10812712,0.09363345,0.05250305,,,,,,,,0.05250305
182820,0.15007634,0.14973830,0.14871882,0.14700105,0.14455427,0.14132909,0.13724854,0.13219104,0.12595557,0.11818022,0.10810937,0.09361968,0.05250111,,,,,,,,0.05250111
182880,0.15004529,0.14970737,0.14868825,0.14697108,0.14452513,0.14130104,0.13722185,0.13216600,0.12593251,0.11815954,0.10809164,0.09360593,0.05249918,,,,,,,,0.05249918
182940,0.15001427,0.14967647,0.14865770,0.14694112,0.14449601,0.14127302,0.13719518,0.13214098,0.12590946,0.11813888,0.10807392,0.09359218,0.05249725,,,,,,,,0.05249725
183000,0.14998327,0.14964559,0.14862717,0.14691119,0.14446692,0.14124501,0.13716854,0.13211598,0.12588644,0.11811823,0.10805622,0.09357844,0.05249533,,,,,,,,0.05249533
183060,0.14995229,0.14961473,0.14859667,0.14688128,0.14443785,0.14121703,0.13714191,0.13209100,0.12586343,0.11809760,0.10803852,0.09356471,0.05249340,,,,,,,,0.05249340
183120,0.14992134,0.14958389,0.14856619,0.14685139,0.14440879,0.14118907,0.13711530,0.13206603,0.12584043,0.11807698,0.10802084,0.09355099,0.05249148,,,,,,,,0.05249148
183180,0.14989041,0.14955308,0.14853573,0.14682152,0.14437976,0.14116113,0.13708871,0.13204109,0.12581746,0.11805638,0.10800317,0.09353728,0.05248956,,,,,,,,0.05248956
