time_s,r_0.0_cm,r_0.1_cm,r_0.2_cm,r_0.3_cm,r_0.4_cm,r_0.5_cm,r_0.6_cm,r_0.7_cm,r_0.8_cm,r_0.9_cm,r_1.0_cm,r_1.1_cm,r_1.2_cm,r_1.3_cm,r_1.4_cm,r_1.5_cm,r_1.6_cm,r_1.7_cm,r_1.8_cm,r_1.9_cm,r_2.0_cm
60,2.55000000,2.55000000,2.55000000,2.55000000,2.55000000,2.55000000,2.55000000,2.55000000,2.55000000,2.55000000,2.55000000,2.55000000,2.55000000,2.55000000,2.55000000,2.55000000,2.54999992,2.54997973,2.54850415,2.51847289,2.32708491
120,2.55000000,2.55000000,2.55000000,2.55000000,2.55000000,2.55000000,2.55000000,2.55000000,2.55000000,2.55000000,2.55000000,2.55000000,2.55000000,2.55000000,2.54999998,2.54999824,2.54993215,2.54863301,2.53539198,2.46324906,2.24209664
180,2.55000000,2.55000000,2.55000000,2.55000000,2.55000000,2.55000000,2.55000000,2.55000000,2.55000000,2.55000000,2.55000000,2.55000000,2.55000000,2.54999989,2.54999669,2.54993513,2.54918179,2.54327882,2.51328620,2.41235458,2.17983860
240,2.55000000,2.55000000,2.55000000,2.55000000,2.55000000,2.55000000,2.55000000,2.55000000,2.55000000,2.55000000,2.55000000,2.54999999,2.54999983,2.54999675,2.54995539,2.54956089,2.54687831,2.53379147,2.48750472,2.36683851,2.12928737
300,2.55000000,2.55000000,2.55000000,2.55000000,2.55000000,2.55000000,2.55000000,2.55000000,2.55000000,2.55000000,2.54999999,2.54999983,2.54999756,2.54997314,2.54977379,2.54853483,2.54265317,2.52120212,2.46055312,2.32582419,2.08635674
360,2.55000000,2.55000000,2.55000000,2.55000000,2.55000000,2.55000000,2.55000000,2.55000000,2.55000000,2.54999999,2.54999986,2.54999839,2.54998484,2.54988543,2.54930527,2.54660571,2.53655723,2.50648058,2.43352030,2.28849635,2.04887566
420,2.55000000,2.55000000,2.55000000,2.55000000,2.55000000,2.55000000,2.55000000,2.55000000,2.54999999,2.54999990,2.54999902,2.54999173,2.54994234,2.54966738,2.54840813,2.54365464,2.52881894,2.49035522,2.40694615,2.25425273,2.01546268
480,2.55000000,2.55000000,2.55000000,2.55000000,2.55000000,2.55000000,2.55000000,2.54999999,2.54999994,2.54999943,2.54999557,2.54997101,2.54983928,2.54924399,2.54697488,2.53966561,2.51971136,2.47334431,2.38108146,2.22260699,1.98522563
540,2.55000000,2.55000000,2.55000000,2.55000000,2.55000000,2.55000000,2.55000000,2.54999996,2.54999967,2.54999765,2.54998539,2.54992163,2.54963693,2.54854451,2.54493915,2.53468656,2.50949697,2.45581490,2.35604052,2.19316686,1.95764213
600,2.55000000,2.55000000,2.55000000,2.55000000,2.55000000,2.55000000,2.54999998,2.54999982,2.54999875,2.54999259,2.54996143,2.54982379,2.54929349,2.54751015,2.54227031,2.52879669,2.49839889,2.43800678,2.33183085,2.16563020,1.93233370
660,2.55000000,2.55000000,2.55000000,2.55000000,2.55000000,2.54999999,2.54999990,2.54999934,2.54999622,2.54998083,2.54991358,2.54965400,2.54876832,2.54609657,2.53896399,2.52208627,2.48660113,2.42008738,2.30844868,2.13977083,1.90899245
720,2.55000000,2.55000000,2.55000000,2.55000000,2.54999999,2.54999994,2.54999965,2.54999805,2.54999036,2.54995716,2.54982898,2.54938686,2.54802460,2.54427336,2.53503359,2.51464532,2.47425113,2.40216963,2.28586603,2.11541203,1.88732202
780,2.55000000,2.55000000,2.55000000,2.54999999,2.54999997,2.54999981,2.54999898,2.54999509,2.54997850,2.54991460,2.54969253,2.54899667,2.54703084,2.54202235,2.53050444,2.50656149,2.46147529,2.38434893,2.26407548,2.09240178,1.86709013
840,2.55000000,2.55000000,2.55000000,2.54999998,2.54999989,2.54999946,2.54999746,2.54998907,2.54995688,2.54984452,2.54948783,2.54845885,2.54576169,2.53933584,2.52540956,2.49791660,2.44837704,2.36669005,2.24304169,2.07060487,1.84812395
900,2.55000000,2.55000000,2.54999999,2.54999994,2.54999970,2.54999866,2.54999435,2.54997795,2.54992060,2.54973683,2.54919773,2.54775072,2.54419773,2.53621441,2.51978660,2.48878724,2.43504608,2.34924818,2.22274450,2.04990975,1.83024099
960,2.55000000,2.54999999,2.54999996,2.54999983,2.54999927,2.54999702,2.54998854,2.54995896,2.54986364,2.54958037,2.54880511,2.54685226,2.54232537,2.53266547,2.51367587,2.47924328,2.42155532,2.33205632,2.20313808,2.03019490,1.81340873
1020,2.54999999,2.54999997,2.54999990,2.54999959,2.54999838,2.54999392,2.54997847,2.54992859,2.54977900,2.54936325,2.54829342,2.54574627,2.54013591,2.52870059,2.50711612,2.46934327,2.40795758,2.31512693,2.18417655,2.01139391,1.79749111
1080,2.54999996,2.54999992,2.54999975,2.54999909,2.54999669,2.54998849,2.54996208,2.54988251,2.54965883,2.54907321,2.54764705,2.54441842,2.53762480,2.52433457,2.50014578,2.45914155,2.39430233,2.29847994,2.16583716,1.99342451,1.78248579
1140,2.54999989,2.54999981,2.54999944,2.54999812,2.54999367,2.54997949,2.54993674,2.54981571,2.54949461,2.54869794,2.54685161,2.54285715,2.53479098,2.51958393,2.49279973,2.44868069,2.38061831,2.28210688,2.14806456,1.97623855,1.76830834
1200,2.54999974,2.54999958,2.54999884,2.54999637,2.54998861,2.54996533,2.54989928,2.54972246,2.54927729,2.54822523,2.54589397,2.54105321,2.53163566,2.51446563,2.48511035,2.43800008,2.36693776,2.26602165,2.13085734,1.95979330,1.75483757
1260,2.54999944,2.54999913,2.54999775,2.54999340,2.54998051,2.54994402,2.54984595,2.54959644,2.54899752,2.54764330,2.54476244,2.53899984,2.52816281,2.50899842,2.47710997,2.42713718,2.35328994,2.25023303,2.11419244,1.94403477,1.74197026
1320,2.54999887,2.54999830,2.54999587,2.54998858,2.54996810,2.54991312,2.54977244,2.54943084,2.54864575,2.54694091,2.54344691,2.53669255,2.52437864,2.50320214,2.46883014,2.41612770,2.33970332,2.23474981,2.09804696,1.92889220,1.72973802
1380,2.54999783,2.54999685,2.54999276,2.54998107,2.54994980,2.54986972,2.54967395,2.54921844,2.54821249,2.54610758,2.54193881,2.53412892,2.52029080,2.49709588,2.46029786,2.40499722,2.32618881,2.21955479,2.08237182,1.91433916,1.71813374
1440,2.54999605,2.54999441,2.54998783,2.54996979,2.54992363,2.54981050,2.54954519,2.54895169,2.54768831,2.54513350,2.54023082,2.53130774,2.51590732,2.49069756,2.45153773,2.39377033,2.31276298,2.20465263,2.06716882,1.90035868,1.70699734
1500,2.54999311,2.54999051,2.54998032,2.54995340,2.54988729,2.54973167,2.54938051,2.54862292,2.54706408,2.54400978,2.53831707,2.52822954,2.51123783,2.48402637,2.44257566,2.38247361,2.29944606,2.19005273,2.05242940,1.88690327,1.69624995
1560,2.54998845,2.54998448,2.54996921,2.54993025,2.54983808,2.54962905,2.54917385,2.54822428,2.54633099,2.54272845,2.53619322,2.52489677,2.50629388,2.47710313,2.43343884,2.37113501,2.28625985,2.17576234,2.03813305,1.87391460,1.68592527
1620,2.54998133,2.54997544,2.54995324,2.54989835,2.54977290,2.54949803,2.54891891,2.54774800,2.54548076,2.54128266,2.53385651,2.52131343,2.50108777,2.46994747,2.42415001,2.35977311,2.27320960,2.16176386,2.02423805,1.86137205,1.67600177
1680,2.54997077,2.54996228,2.54993088,2.54985538,2.54968829,2.54933369,2.54860920,2.54718642,2.54450567,2.53966652,2.53130527,2.51748426,2.49563158,2.46257768,2.41473020,2.34840651,2.26030581,2.14805691,2.01073858,1.84925003,1.66643907
1740,2.54995553,2.54994362,2.54990025,2.54979869,2.54958042,2.54913078,2.54823811,2.54653207,2.54339860,2.53787513,2.52853904,2.51341507,2.48993798,2.45501168,2.40519836,2.33704863,2.24754905,2.13462367,1.99759566,1.83751401,1.65732724
1800,2.54993409,2.54991776,2.54985919,2.54972523,2.54944511,2.54888382,2.54779897,2.54577774,2.54215306,2.53590443,2.52555806,2.50911166,2.48401805,2.44726345,2.39556676,2.32570417,2.23493141,2.12144294,1.98478773,1.82617331,1.64861747
1860,2.54990459,2.54988269,2.54980513,2.54963162,2.54927787,2.54858710,2.54728509,2.54491646,2.54076299,2.53375091,2.52236289,2.50457957,2.47788198,2.43934584,2.38584763,2.31438126,2.22245530,2.10851501,1.97232009,1.81521503,1.64024389
1920,2.54986485,2.54983602,2.54973520,2.54951412,2.54907388,2.54823472,2.54668979,2.54394153,2.53922288,2.53141175,2.51895486,2.49982504,2.47154054,2.43127237,2.37605434,2.30309010,2.21012665,2.09584294,1.96019116,1.80462570,1.63210715
1980,2.54981228,2.54977501,2.54964611,2.54936864,2.54882805,2.54782063,2.54600647,2.54284659,2.53752786,2.52888502,2.51533628,2.49485543,2.46500595,2.42305894,2.36620468,2.29184892,2.19796349,2.08344275,1.94840451,1.79435967,1.62417977
2040,2.54974393,2.54969651,2.54953420,2.54919074,2.54853505,2.54733874,2.54522871,2.54162581,2.53567392,2.52616996,2.51151091,2.48967959,2.45829168,2.41472179,2.35631455,2.28066932,2.18596811,2.07129956,1.93691890,1.78438229,1.61652603
2100,2.54965643,2.54959701,2.54939548,2.54897570,2.54818938,2.54678293,2.54435036,2.54027388,2.53365780,2.52326659,2.50748294,2.48430599,2.45140940,2.40627361,2.34639471,2.26955690,2.17413767,2.05940042,1.92572054,1.77469538,1.60909062
2160,2.54954602,2.54947257,2.54922555,2.54871850,2.54778536,2.54614714,2.54336551,2.53878594,2.53147682,2.52017548,2.50325689,2.47874309,2.44437071,2.39772746,2.33645757,2.25852108,2.16247672,2.04774558,1.91480689,1.76527880,1.60185183
2220,2.54940856,2.54931890,2.54901974,2.54841391,2.54731724,2.54542540,2.54226858,2.53715772,2.52912901,2.51689797,2.49883802,2.47300002,2.43718760,2.38909636,2.32651443,2.24756822,2.15098367,2.03632301,1.90415293,1.75610962,1.59487539
2280,2.54923953,2.54913136,2.54877304,2.54805646,2.54677920,2.54461185,2.54105433,2.53538544,2.52661303,2.51343594,2.49423176,2.46708532,2.42987036,2.38039000,2.31657143,2.23669797,2.13964979,2.02511640,1.89374459,1.74719835,1.58810303
2340,2.54903402,2.54890493,2.54848015,2.54764052,2.54616539,2.54370082,2.53971785,2.53346575,2.52392794,2.50979149,2.48944340,2.46100701,2.42242861,2.37161798,2.30663644,2.22591527,2.12847707,2.01412723,1.88358368,1.73851960,1.58152553
2400,2.54878680,2.54863430,2.54813555,2.54716030,2.54546995,2.54268677,2.53825454,2.53139577,2.52107333,2.50596721,2.48447866,2.45477335,2.41487184,2.36278898,2.29671485,2.21521984,2.11745829,2.00334101,1.87364900,1.73007114,1.57514478
2460,2.54849235,2.54831386,2.54773346,2.54660993,2.54468708,2.54156437,2.53666018,2.52917306,2.51804916,2.50196588,2.47934306,2.44839200,2.40720867,2.35391119,2.28681321,2.20461614,2.10659634,1.99276055,1.86394501,1.72183997,1.56894933
2520,2.54814483,2.54793776,2.54726795,2.54598343,2.54381102,2.54032852,2.53493086,2.52679560,2.51485590,2.49779075,2.47404255,2.44187096,2.39944793,2.34499250,2.27693648,2.19410437,2.09588537,1.98237332,1.85445328,1.71382269,1.56292907
2580,2.54773819,2.54749992,2.54673291,2.54527481,2.54283612,2.53897435,2.53306307,2.52426177,2.51149433,2.49344523,2.46858291,2.43521767,2.39159762,2.33604034,2.26709074,2.18368932,2.08533011,1.97218661,1.84518631,1.70601288,1.55699100
2640,2.54726618,2.54699407,2.54612216,2.54447807,2.54175688,2.53749725,2.53105364,2.52157045,2.50796580,2.48893336,2.46297079,2.42844093,2.38366797,2.32706543,2.25728631,2.17338000,2.07493703,1.96220114,1.83612784,1.69836915,1.55120608
2700,2.54672236,2.54641385,2.54542942,2.54358725,2.54056796,2.53589298,2.52889995,2.51872116,2.50427236,2.48425984,2.45721324,2.42154929,2.37566759,2.31807454,2.24752576,2.16317229,2.06469271,1.95239150,1.82724657,1.69089975,1.54559037
2760,2.54610025,2.54575280,2.54464846,2.54259653,2.53926430,2.53415765,2.52659975,2.51571370,2.50041611,2.47942895,2.45131617,2.41454937,2.36760263,2.30907224,2.23781150,2.15306664,2.05459690,1.94276153,1.81855979,1.68361137,1.54004158
2820,2.54539329,2.54500445,2.54377305,2.54150020,2.53784103,2.53228764,2.52415110,2.51254819,2.49639942,2.47444529,2.44528615,2.40744919,2.35948202,2.30006786,2.22815288,2.14307218,2.04465885,1.93332037,1.81006688,1.67647253,1.53455306
2880,2.54459492,2.54416234,2.54279706,2.54029271,2.53629354,2.53027972,2.52155260,2.50922539,2.49222547,2.46931446,2.43913086,2.40025795,2.35131550,2.29107041,2.21855660,2.13319155,2.03487485,1.92405337,1.80173773,1.66946031,1.52920172
2940,2.54369867,2.54322011,2.54171451,2.53896879,2.53461763,2.52813115,2.51880336,2.50574661,2.48789783,2.46404205,2.43285736,2.39298308,2.34310950,2.28208368,2.20902222,2.12341880,2.02523263,1.91494357,1.79356318,1.66259800,1.52394129
3000,2.54269819,2.54217156,2.54051962,2.53752341,2.53280940,2.52583955,2.51590282,2.50211329,2.48341993,2.45863323,2.42647196,2.38563139,2.33487062,2.27311370,2.19955530,2.11375961,2.01573939,1.90600300,1.78555880,1.65586401,1.51870923
3060,2.54158730,2.54101066,2.53920685,2.53595185,2.53086531,2.52340289,2.51285083,2.49832734,2.47879578,2.45309390,2.41998211,2.37821119,2.32660722,2.26416773,2.19016059,2.10421474,2.00639071,1.89721952,1.77769911,1.64924152,1.51357281
3120,2.54036007,2.53973165,2.53777094,2.53424972,2.52878220,2.52081964,2.50964772,2.49439112,2.47402970,2.44743005,2.41339480,2.37072968,2.31832562,2.25525011,2.18083952,2.09478198,1.99717982,1.88858093,1.76997051,1.64272510,1.50857707
3180,2.53901082,2.53832904,2.53620695,2.53241300,2.52655736,2.51808867,2.50629417,2.49030718,2.46912593,2.44164714,2.40671595,2.36319205,2.31002887,2.24636013,2.17158589,2.08544817,1.98808623,1.88006250,1.76235678,1.63634018,1.50373448
3240,2.53753422,2.53679766,2.53451028,2.53043800,2.52418832,2.51520902,2.50279085,2.48607773,2.46408794,2.43574930,2.39994959,2.35560141,2.30171845,2.23749742,2.16239804,2.07621210,1.97911271,1.87167776,1.75488661,1.63009055,1.49894657
3300,2.53592513,2.53513258,2.53267654,2.52832125,2.52167281,2.51217984,2.49913847,2.48170501,2.45891927,2.42974108,2.39310082,2.34796295,2.29339921,2.22866610,2.15327916,2.06707617,1.97026178,1.86342839,1.74755073,1.62395090,1.49423070
3360,2.53417880,2.53332924,2.53070172,2.52605962,2.51900892,2.50900064,2.49533806,2.47719156,2.45362381,2.42362735,2.38617499,2.34028185,2.28507555,2.21986924,2.14423084,2.05804100,1.96153349,1.85531288,1.74034578,1.61791903,1.48953857
3420,2.53229072,2.53138331,2.52858207,2.52365029,2.51619504,2.50567126,2.49139102,2.47254029,2.44820579,2.41741330,2.37917780,2.33256389,2.27675290,2.21111188,2.13525795,2.04911161,1.95293278,1.84733448,1.73326803,1.61197122,1.48488220
3480,2.53025682,2.52929091,2.52631428,2.52109088,2.51323000,2.50219197,2.48729915,2.46775453,2.44266986,2.41110457,2.37211545,2.32481522,2.26843678,2.20239824,2.12636281,2.04028759,1.94445525,1.83948298,1.72630316,1.60610904,1.48024328
3540,2.52807348,2.52704863,2.52389553,2.51837949,2.51011313,2.49856350,2.48306467,2.46283789,2.43702079,2.40470676,2.36499383,2.31704157,2.26013241,2.19373293,2.11754949,2.03157257,1.93610399,1.83176128,1.71945290,1.60031584,1.47561754
3600,2.52573759,2.52465355,2.52132346,2.51551468,2.50684419,2.49478700,2.47869018,2.45779434,2.43126376,2.39822585,2.35781934,2.30924922,2.25184534,2.18511995,2.10881932,2.02296365,1.92786983,1.82415120,1.71268934,1.59458048,1.47109362
3660,2.52324657,2.52210329,2.51859627,2.51249555,2.50342344,2.49086403,2.47417857,2.45262796,2.42540364,2.39166701,2.35059666,2.30144147,2.24357639,2.17655657,2.10016495,2.01444810,1.91973485,1.81663338,1.70600655,1.58893365,1.46665702
3720,2.52059839,2.51939600,2.51571265,2.50932162,2.49985142,2.48679626,2.46953253,2.44734222,2.41944430,2.38503395,2.34332878,2.29362009,2.23532593,2.16804186,2.09158483,2.00602509,1.91170181,1.80921955,1.69942605,1.58337171,1.46225013
3780,2.51779136,2.51653016,2.51267155,2.50599260,2.49612877,2.48258533,2.46475466,2.44194051,2.41338966,2.37833079,2.33601973,2.28578872,2.22709687,2.15957768,2.08307938,1.99769360,1.90376861,1.80190522,1.69293462,1.57788068,1.45791768
3840,2.51482419,2.51350463,2.50947230,2.50250852,2.49225643,2.47823313,2.45984778,2.43642642,2.40724375,2.37156166,2.32867321,2.27795010,2.21889046,2.15116339,2.07464609,1.98944966,1.89593054,1.79468564,1.68653162,1.57246838,1.45361328
3900,2.51169598,2.51031866,2.50611458,2.49886974,2.48823557,2.47374172,2.45481475,2.43080340,2.40101036,2.36473028,2.32129255,2.27010685,2.21070850,2.14280013,2.06628591,1.98129493,1.88819086,1.78756653,1.68022170,1.56711986,1.44931521
3960,2.50840620,2.50697188,2.50259844,2.49507692,2.48406762,2.46911334,2.44965859,2.42507511,2.39469357,2.35784092,2.31388191,2.26226278,2.20255427,2.13449056,2.05800093,1.97323082,1.88054988,1.78054483,1.67399479,1.56182615,1.44504854
4020,2.50495477,2.50346434,2.49892429,2.49113108,2.47975435,2.46435055,2.44438260,2.41924546,2.38829766,2.35089792,2.30644535,2.25442137,2.19443034,2.12623617,2.04979143,1.96525634,1.87300489,1.77361600,1.66784741,1.55658855,1.44077682
4080,2.50134209,2.49979654,2.49509303,2.48703369,2.47529790,2.45945624,2.43899033,2.41331852,2.38182700,2.34390565,2.29898699,2.24658620,2.18633974,2.11803948,2.04165965,1.95737363,1.86555818,1.76678275,1.66178039,1.55139317,1.43647960
4140,2.49756898,2.49596945,2.49110596,2.48278655,2.47070072,2.45443351,2.43348554,2.40729855,2.37528617,2.33686883,2.29151143,2.23876164,2.17828637,2.10990376,2.03360783,1.94958321,1.85820728,1.76003695,1.65577639,1.54622602,1.43224222
4200,2.49363682,2.49198455,2.48696487,2.47839197,2.46596572,2.44928593,2.42787236,2.40119012,2.36867989,2.32979196,2.28402254,2.23095031,2.17027095,2.10182701,2.02563039,1.94187503,1.85093701,1.75335986,1.64982525,1.54111344,1.42804674
4260,2.48954745,2.48784378,2.48267200,2.47385260,2.46109604,2.44401707,2.42215467,2.39499715,2.36201183,2.32267808,2.27652232,2.22315294,2.16229288,2.09380750,2.01772500,1.93424709,1.84374771,1.74675843,1.64394078,1.53604573,1.42386791
4320,2.48530304,2.48354940,2.47822981,2.46917122,2.45609482,2.43863041,2.41633616,2.38872338,2.35528555,2.31553033,2.26901331,2.21537123,2.15435276,2.08584436,2.00988884,1.92669431,1.83663197,1.74022165,1.63810598,1.53101996,1.41977961
4380,2.48090600,2.47910386,2.47364096,2.46435076,2.45096528,2.43312940,2.41042040,2.38237230,2.34850413,2.30835106,2.26149670,2.20760478,2.14644821,2.07793306,2.00211539,1.91920903,1.82958274,1.73374697,1.63233282,1.52606350,1.41568291
4440,2.47635893,2.47450983,2.46890825,2.45939420,2.44571058,2.42751731,2.40441062,2.37594686,2.34167012,2.30114224,2.25397386,2.19985461,2.13858044,2.07007594,1.99440967,1.91180082,1.82261636,1.72735852,1.62664080,1.52114209,1.41152416
4500,2.47166451,2.46977003,2.46403452,2.45430456,2.44033394,2.42179756,2.39831039,2.36945083,2.33478743,2.29390796,2.24644916,2.19212540,2.13075442,2.06227809,1.98677634,1.90447304,1.81573247,1.72104513,1.62099915,1.51623477,1.40739756
4560,2.46682578,2.46488756,2.45902302,2.44908532,2.43483911,2.41597416,2.39212399,2.36288858,2.32786037,2.28665223,2.23892591,2.18441931,2.12297065,2.05453780,1.97921102,1.89721781,1.80891820,1.71478916,1.61539709,1.51136195,1.40331889
4620,2.46184623,2.45986594,2.45387738,2.44374030,2.42923007,2.41005120,2.38585542,2.35626388,2.32089220,2.27937747,2.23140542,2.17673629,2.11522761,2.04685216,1.97170951,1.89002968,1.80216766,1.70858782,1.60983923,1.50652556,1.39928394
4680,2.45672960,2.45470893,2.44860144,2.43827335,2.42351069,2.40403247,2.37950830,2.34957992,2.31388549,2.27208540,2.22388833,2.16907574,2.10752331,2.03921760,1.96426648,1.88290180,1.79547365,1.70243586,1.60432497,1.50173674,1.39529567
4740,2.45147966,2.44942032,2.44319897,2.43268825,2.41768469,2.39792150,2.37308581,2.34283941,2.30684224,2.26477719,2.21637488,2.16143698,2.09985634,2.03163241,1.95688060,1.87583439,1.78883960,1.69634138,1.59886500,1.49699090,1.39132605
4800,2.44610015,2.44400383,2.43767368,2.42698866,2.41175559,2.39172165,2.36659102,2.33604502,2.29976467,2.25745449,2.20886614,2.15382051,2.09222658,2.02409581,1.94955053,1.86882573,1.78226359,1.69030138,1.59345300,1.49228291,1.38735949
4860,2.44059477,2.43846317,2.43202927,2.42117822,2.40572696,2.38543629,2.36002705,2.32919948,2.29265501,2.25011896,2.20136315,2.14622674,2.08463405,2.01660782,1.94227699,1.86187812,1.77575018,1.68432257,1.58809520,1.48760466,1.38336030
4920,2.43496731,2.43280211,2.42626947,2.41526061,2.39960237,2.37906886,2.35339711,2.32230576,2.28551593,2.24277301,2.19386811,2.13865786,2.07708106,2.00917112,1.93506313,1.85499492,1.76930162,1.67840268,1.58277901,1.48293940,1.37939583
4980,2.42922169,2.42702458,2.42039819,2.40923973,2.39338566,2.37262309,2.34670479,2.31536722,2.27835049,2.23541925,2.18638303,2.13111500,2.06956759,2.00178415,1.92790536,1.84816989,1.76290836,1.67252978,1.57750041,1.47831308,1.37541877
5040,2.42336208,2.42113473,2.41441958,2.40311962,2.38708077,2.36610272,2.33995352,2.30838684,2.27116113,2.22805952,2.17890919,2.12359910,2.06209478,1.99444903,1.92080781,1.84141025,1.75658220,1.66672230,1.57227766,1.47369995,1.37137252
5100,2.41739277,2.41513684,2.40833784,2.39690445,2.38069172,2.35951163,2.33314702,2.30136822,2.26395137,2.22069736,2.17145028,2.11611415,2.05466679,1.98716978,1.91377360,1.83471708,1.75032016,1.66096807,1.56708353,1.46908459,1.36733860
5160,2.41131831,2.40903545,2.40215753,2.39059872,2.37422298,2.35285419,2.32628952,2.29431538,2.25672488,2.21333594,2.16400871,2.10866145,2.04728345,1.97994421,1.90679789,1.82808194,1.74410877,1.65524871,1.56190373,1.46447866,1.36338097
5220,2.40514358,2.40283542,2.39588343,2.38420712,2.36767905,2.34613462,2.31938480,2.28723145,2.24948393,2.20597635,2.15658409,2.10123872,2.03994015,1.97276501,1.89987030,1.82149134,1.73793286,1.64955321,1.55674459,1.45991523,1.35946028
5280,2.39887341,2.39654155,2.38952021,2.37773404,2.36106395,2.33935637,2.31243559,2.28011825,2.24222926,2.19861816,2.14917482,2.09384347,2.03263403,1.96562973,1.89299009,1.81494834,1.73180296,1.64390402,1.55163483,1.45538336,1.35548154
5340,2.39251224,2.39015821,2.38307206,2.37118342,2.35438120,2.33252254,2.30544447,2.27297786,2.23496254,2.19126284,2.14178246,2.08647763,2.02536768,1.95854188,1.88616183,1.80845879,1.72572558,1.63830293,1.54655810,1.45085447,1.35152880
5400,2.38606428,2.38368959,2.37654307,2.36455917,2.34763454,2.32563658,2.29841462,2.26581320,2.22768640,2.18391267,2.13440878,2.07914224,2.01814104,1.95149986,1.87938210,1.80201695,1.71969134,1.63273593,1.54150522,1.44635060,1.34756787
5460,2.37953387,2.37713999,2.36993746,2.35786535,2.34082776,2.31870198,2.29134912,2.25862679,2.22040273,2.17656878,2.12705415,2.07183695,2.01095332,1.94450297,1.87265082,1.79562385,1.71370287,1.62720866,1.53648121,1.44185349,1.34364430
5520,2.37292537,2.37051372,2.36325940,2.35110593,2.33396457,2.31172207,2.28425089,2.25142109,2.21311343,2.16923249,2.11971918,2.06456155,2.00380319,1.93754831,1.86596293,1.78927158,1.70774898,1.62170667,1.53147596,1.43739007,1.33975250
5580,2.36624305,2.36381502,2.35651301,2.34428479,2.32704850,2.30469996,2.27712243,2.24419790,2.20581950,2.16190389,2.11240305,2.05731441,1.99668859,1.93063403,1.85931777,1.78296202,1.70183620,1.61624471,1.52651024,1.43294741,1.33581475
5640,2.35949099,2.35704791,2.34970213,2.33740553,2.32008279,2.29763846,2.26996611,2.23695913,2.19852243,2.15458418,2.10510685,2.05009672,1.98961101,1.92376201,1.85271763,1.77669787,1.69596719,1.61082203,1.52157190,1.42851100,1.33187971
5700,2.35267312,2.35021628,2.34283055,2.33047172,2.31307080,2.29054063,2.26278466,2.22970716,2.19122425,2.14727503,2.09783190,2.04290944,1.98257100,1.91693240,1.84616218,1.77047803,1.69013891,1.60543201,1.51665356,1.42408363,1.32796539
5760,2.34579344,2.34332409,2.33590211,2.32348706,2.30601594,2.28340957,2.25558080,2.22244425,2.18392670,2.13997755,2.09057855,2.03575202,1.97556696,1.91014234,1.83964711,1.76429643,1.68434358,1.60006726,1.51175431,1.41967899,1.32406887
5820,2.33885594,2.33637529,2.32892064,2.31645511,2.29892148,2.27624811,2.24835684,2.21517210,2.17663079,2.13269207,2.08334651,2.02862374,1.96859812,1.90339157,1.83317339,1.75815623,1.67858822,1.59474068,1.50689063,1.41529143,1.32011293
5880,2.33186444,2.32937366,2.32188975,2.30937928,2.29179049,2.26905897,2.24111512,2.20789271,2.16933826,2.12542021,2.07613748,2.02152664,1.96166701,1.89668323,1.82674472,1.75206158,1.67287665,1.58945244,1.50205042,1.41089939,1.31616021
5940,2.32482273,2.32232293,2.31481310,2.30226306,2.28462628,2.26184525,2.23385850,2.20060872,2.16205152,2.11816412,2.06895330,2.01446205,1.95477425,1.89001678,1.82035878,1.74600730,1.66719876,1.58418513,1.49721405,1.40650903,1.31228038
6000,2.31773474,2.31522703,2.30769450,2.29511009,2.27743225,2.25461001,2.22658961,2.19332214,2.15477180,2.11092399,2.06179277,2.00742697,1.94791447,1.88338396,1.81400388,1.73997784,1.66153592,1.57892225,1.49238192,1.40215586,1.30848102
6060,2.31060431,2.30808970,2.30053751,2.28792361,2.27021116,2.24735536,2.21930973,2.18603327,2.14749823,2.10369769,2.05465252,2.00041703,1.94108285,1.87678035,1.80767734,1.73397442,1.65589718,1.57368651,1.48758900,1.39784414,1.30464645
6120,2.30343458,2.30091404,2.29334500,2.28070612,2.26296501,2.24008275,2.21201970,2.17874239,2.14023068,2.09648493,2.04753248,1.99343283,1.93428115,1.87020941,1.80138494,1.72800615,1.65029576,1.56849193,1.48283545,1.39354324,1.30074363
6180,2.29622825,2.29370269,2.28611947,2.27345992,2.25569589,2.23279400,2.20472119,2.17145109,2.13297081,2.08928765,2.04043504,1.98647739,1.92751318,1.86367585,1.79513238,1.72207923,1.64473575,1.56333370,1.47809952,1.38922829,1.29687884
6240,2.28898812,2.28645843,2.27886367,2.26618770,2.24840638,2.22549164,2.19741661,2.16416168,2.12572080,2.08210771,2.03336152,1.97955109,1.92077777,1.85717625,1.78891297,1.71618218,1.63919872,1.55818697,1.47336637,1.38493719,1.29305735
6300,2.28171733,2.27918436,2.27158060,2.25889227,2.24109906,2.21817788,2.19010772,2.15687528,2.11848093,2.07494447,2.02631026,1.97265134,1.91407185,1.85070768,1.78272482,1.71031521,1.63368955,1.55306719,1.46866280,1.38066683,1.28921161
6360,2.27441881,2.27188338,2.26427299,2.25157612,2.23377607,2.21085445,2.18279579,2.14959275,2.11125175,2.06779828,2.01928170,1.96577896,1.90739684,1.84427231,1.77657082,1.70448211,1.62821320,1.54797835,1.46398408,1.37640316,1.28532044
6420,2.26709525,2.26455812,2.25694338,2.24424164,2.22643959,2.20352331,2.17548255,2.14231563,2.10403467,2.06067053,2.01227729,1.95893560,1.90075468,1.83787249,1.77045394,1.69868656,1.62277345,1.54292211,1.45932612,1.37213412,1.28140278
6480,2.25974942,2.25721135,2.24959445,2.23689137,2.21909203,2.19618673,2.16817016,2.13504598,2.09683168,2.05356322,2.00529908,1.95212336,1.89414751,1.83151035,1.76437604,1.69292962,1.61736928,1.53789375,1.45468206,1.36786117,1.27745422
6540,2.25238427,2.24984598,2.24222908,2.22952813,2.21173609,2.18884727,2.16086102,2.12778603,2.08964486,2.04647821,1.99834868,1.94534354,1.88757621,1.82518605,1.75833608,1.68720807,1.61199401,1.53288233,1.45003717,1.36357622,1.27358444
6600,2.24500298,2.24246518,2.23485035,2.22215486,2.20437456,2.18150748,2.15355735,2.12053759,2.08247543,2.03941596,1.99142548,1.93859404,1.88103665,1.81889278,1.75232383,1.68150780,1.60663031,1.52787182,1.44539351,1.35932522,1.26973224
6660,2.23760864,2.23507198,2.22746114,2.21477419,2.19700965,2.17416906,2.14626022,2.11330092,2.07532277,2.03237491,1.98452710,1.93187198,1.87452603,1.81262879,1.74634003,1.67583421,1.60129208,1.52288956,1.44078343,1.35508745,1.26582552
6720,2.23020377,2.22766883,2.22006375,2.20738814,2.18964306,2.16683333,2.13897061,2.10607678,2.06818758,2.02535597,1.97765498,1.92517964,1.86804766,1.80639844,1.74039000,1.67019354,1.59598536,1.51793529,1.43618963,1.35084467,1.26191393
6780,2.22279062,2.22025800,2.21266034,2.19999878,2.18227675,2.15950218,2.13169032,2.09886693,2.06107160,2.01836085,1.97081066,1.91851815,1.86160196,1.80020110,1.73447171,1.66458166,1.59070214,1.51299560,1.43159871,1.34660216,1.25803720
6840,2.21537164,2.21284188,2.20525329,2.19260839,2.17491286,2.15217753,2.12442101,2.09167267,2.05397565,2.01138972,1.96399350,1.91188589,1.85518627,1.79403306,1.72858050,1.65899302,1.58543684,1.50806831,1.42701936,1.34237842,1.25414926
6900,2.20794923,2.20542284,2.19784482,2.18521901,2.16755316,2.14486081,2.11716370,2.08449456,2.04689983,2.00444225,1.95720289,1.90528225,1.84880031,1.78789485,1.72271814,1.65343116,1.58019542,1.50316163,1.42245436,1.33815363,1.25029738
6960,2.20052549,2.19800296,2.19043692,2.17783246,2.16019925,2.13755337,2.10991950,2.07733346,2.03984473,1.99751876,1.95043875,1.89870654,1.84244236,1.78178314,1.71687893,1.64788731,1.57496530,1.49825874,1.41789087,1.33395332,1.24649116
7020,2.19310238,2.19058414,2.18303140,2.17045034,2.15285249,2.13025624,2.10268899,2.07018939,2.03280970,1.99061784,1.94369890,1.89215586,1.83610918,1.77569489,1.71106107,1.64236232,1.56975221,1.49337436,1.41335202,1.32977322,1.24266027
7080,2.18568146,2.18316792,2.17562963,2.16307385,2.14551378,2.12296999,2.09547239,2.06306227,2.02579447,1.98373914,1.93698314,1.88563047,1.82980169,1.76963201,1.70526770,1.63686088,1.56456262,1.48851414,1.40883482,1.32560116,1.23880269
7140,2.17826402,2.17575556,2.16823282,2.15570406,2.13818406,2.11569543,2.08827041,2.05595278,2.01879972,1.97688351,1.93029258,1.87913182,1.82352191,1.76359723,1.69950244,1.63138744,1.55940052,1.48367881,1.40433354,1.32142729,1.23494959
7200,2.17085141,2.16834838,2.16084226,2.14834225,2.13086458,2.10843378,2.08108427,2.04886210,2.01182667,1.97005214,1.92362832,1.87266086,1.81727038,1.75759042,1.69376402,1.62593869,1.55425930,1.47885780,1.39983878,1.31725888,1.23109287
7260,2.16344524,2.16094800,2.15345954,2.14098993,2.12355677,2.10118635,2.07391510,2.04179117,2.00487594,1.96324527,1.91699021,1.86621700,1.81104618,1.75161043,1.68805114,1.62051328,1.54913805,1.47405243,1.39535444,1.31309255,1.22724055
7320,2.15604704,2.15355591,2.14608607,2.13364839,2.11626174,2.09395402,2.06676353,2.03474034,1.99794763,1.95646277,1.91037791,1.85979983,1.80484887,1.74565687,1.68236353,1.61511126,1.54403768,1.46926510,1.39088586,1.30893810,1.22334882
7380,2.14865831,2.14617360,2.13872328,2.12631896,2.10898068,2.08673786,2.05963048,2.02771040,1.99104246,1.94970545,1.90379251,1.85341090,1.79868081,1.73973318,1.67670601,1.60973902,1.53896595,1.46450332,1.38643264,1.30477334,1.21946054
7440,2.14128053,2.13880254,2.13137261,2.11900304,2.10171496,2.07953920,2.05251732,2.02070279,1.98416198,1.94297495,1.89723566,1.84705170,1.79254290,1.73383911,1.67107638,1.60439142,1.53391346,1.45975234,1.38198183,1.30061657,1.21556691
7500,2.13391539,2.13144440,2.12403570,2.11170223,2.09446611,2.07235946,2.04542528,2.01371851,1.97730689,1.93627157,1.89070726,1.84072172,1.78643438,1.72797391,1.66547426,1.59906885,1.52888215,1.45501759,1.37754032,1.29645487,1.21169490
7560,2.12656457,2.12410086,2.11671417,2.10441803,2.08723550,2.06519984,2.03835538,2.00675838,1.97047778,1.92959568,1.88420733,1.83442051,1.78035403,1.72213511,1.65989534,1.59376463,1.52386264,1.45028706,1.37309927,1.29230863,1.20784600
7620,2.11922966,2.11677345,2.10940948,2.09715179,2.08002427,2.05806123,2.03130818,1.99982256,1.96367434,1.92294642,1.87773448,1.82814620,1.77429970,1.71632074,1.65433855,1.58847968,1.51885976,1.44557265,1.36867649,1.28817212,1.20396112
7680,2.11191191,2.10946343,2.10212277,2.08990449,2.07283321,2.05094421,2.02428404,1.99291121,1.95689664,1.91632391,1.87128902,1.82189950,1.76827268,1.71053279,1.64880671,1.58321788,1.51387824,1.44087726,1.36426610,1.28403389,1.20007590
7740,2.10461239,2.10217181,2.09485504,2.08267706,2.06566319,2.04384957,2.01728373,1.98602512,1.95014548,1.90972898,1.86487181,1.81568122,1.76227360,1.70477155,1.64329952,1.57797777,1.50891412,1.43619256,1.35985763,1.27989657,1.19623400
7800,2.09733220,2.09489972,2.08760738,2.07547055,2.05851519,2.03677821,2.01030801,1.97916484,1.94342113,1.90316147,1.85848208,1.80948974,1.75629975,1.69903298,1.63781141,1.57275211,1.50395897,1.43151200,1.35545483,1.27577891,1.19238275
7860,2.09007242,2.08764820,2.08038074,2.06828579,2.05138985,2.02973052,2.00335694,1.97233005,1.93672287,1.89662028,1.85211845,1.80332363,1.75035008,1.69331695,1.63234383,1.56754472,1.49902008,1.42684673,1.35106430,1.27165925,1.18857028
7920,2.08283380,2.08041796,2.07317578,2.06112332,2.04428756,2.02270673,1.99643059,1.96552071,1.93005053,1.89010510,1.84578040,1.79718201,1.74442295,1.68762053,1.62689190,1.56234818,1.49408683,1.42218218,1.34667571,1.26756711,1.18478824
7980,2.07561688,2.07320954,2.06599296,2.05398348,2.03720850,2.01570679,1.98952864,1.95873612,1.92340297,1.88361435,1.83946598,1.79106276,1.73851655,1.68194301,1.62145721,1.55716796,1.48917075,1.41753952,1.34231607,1.26349028,1.18095432
8040,2.06842189,2.06602315,2.05883242,2.04686631,2.03015260,2.00873052,1.98265085,1.95197607,1.91678023,1.87714849,1.83317631,1.78496792,1.73263404,1.67628876,1.61604522,1.55201021,1.48427742,1.41291849,1.33796919,1.25940735,1.17712881
8100,2.06124907,2.05885900,2.05169440,2.03977208,2.02312019,2.00177834,1.97579777,1.94524129,1.91018315,1.87070849,1.82691240,1.77889833,1.72677588,1.67065758,1.61065479,1.54687239,1.47940177,1.40831125,1.33363230,1.25533827,1.17329620
8160,2.05409891,2.05171763,2.04457943,2.03270134,2.01611179,1.99485079,1.96896990,1.93853224,1.90361217,1.86429475,1.82067466,1.77285466,1.72094323,1.66505147,1.60528898,1.54175842,1.47454831,1.40372271,1.32930581,1.25126106,1.16949312
8220,2.04697211,2.04459969,2.03748817,2.02565473,2.00912808,1.98794852,1.96216791,1.93184956,1.89706788,1.85790770,1.81446322,1.76683628,1.71513415,1.65946629,1.59994032,1.53665645,1.46970002,1.39913149,1.32497478,1.24720574,1.16572071
8280,2.03986939,2.03750592,2.03042130,2.01863284,2.00216949,1.98107174,1.95539167,1.92519269,1.89054914,1.85154560,1.80827571,1.76084049,1.70934606,1.65390042,1.59460932,1.53157068,1.46486741,1.39455833,1.32066648,1.24316212,1.16194557
8340,2.03279114,2.03043667,2.02337909,2.01163584,1.99523600,1.97422028,1.94864087,1.91856125,1.88405566,1.84520837,1.80211245,1.75486808,1.70358020,1.64835530,1.58929732,1.52650218,1.46005090,1.39000077,1.31637359,1.23913488,1.15813296
8400,2.02573756,2.02339214,2.01636171,2.00466384,1.98832773,1.96739422,1.94191562,1.91195540,1.87758770,1.83889645,1.79597421,1.74892034,1.69783869,1.64283440,1.58400975,1.52145882,1.45526066,1.38546960,1.31209939,1.23509625,1.15431487
8460,2.01870894,2.01637260,2.00936948,1.99771720,1.98144510,1.96059411,1.93521663,1.90537610,1.87114649,1.83261138,1.78986272,1.74299899,1.69212284,1.63733790,1.57874466,1.51643509,1.45048530,1.38094484,1.30782161,1.23106306,1.15053202
8520,2.01170588,2.00937870,2.00240304,1.99079660,1.97458879,1.95382062,1.92854448,1.89882375,1.86473213,1.82635279,1.78377699,1.73710228,1.68643009,1.63186253,1.57349823,1.51142672,1.44572088,1.37642651,1.30354891,1.22703798,1.14678236
8580,2.00472903,2.00241102,1.99546294,1.98390248,1.96775911,1.94707387,1.92189907,1.89229795,1.85834390,1.82011959,1.77771553,1.73122829,1.68075803,1.62640527,1.56826667,1.50642938,1.44096362,1.37191330,1.29928520,1.22303568,1.14303595
8640,1.99777867,1.99546987,1.98854938,1.97703493,1.96095599,1.94035356,1.91527987,1.88579793,1.85198080,1.81391063,1.77167721,1.72537617,1.67510645,1.62096712,1.56305302,1.50144931,1.43622443,1.36742136,1.29504547,1.21904399,1.13926984
8700,1.99085480,1.98855519,1.98166229,1.97019383,1.95417925,1.93365951,1.90868672,1.87932368,1.84564310,1.80772661,1.76566329,1.71954783,1.66947799,1.61555134,1.55786106,1.49649051,1.43150642,1.36294954,1.29082059,1.21505588,1.13547956
8760,1.98395744,1.98166703,1.97480174,1.96337929,1.94742909,1.92699204,1.90212011,1.87287587,1.83933167,1.80156859,1.75967502,1.71374468,1.66387412,1.61015951,1.55269235,1.49155423,1.42680958,1.35849542,1.28660514,1.21106284,1.13169036
8820,1.97708694,1.97480575,1.96796812,1.95659175,1.94070603,1.92035174,1.89558071,1.86645525,1.83304730,1.79543740,1.75371313,1.70796725,1.65829506,1.60479124,1.54754558,1.48663748,1.42212834,1.35405052,1.28239119,1.20707016,1.12791281
8880,1.97024385,1.96797191,1.96116200,1.94983179,1.93401060,1.91373912,1.88906896,1.86006212,1.82679010,1.78933281,1.74777702,1.70221444,1.65273909,1.59944412,1.54241743,1.48173603,1.41745808,1.34961192,1.27818126,1.20308717,1.12416527
8940,1.96342872,1.96116602,1.95438383,1.94309979,1.92734311,1.90715432,1.88258481,1.85369623,1.82055958,1.78325414,1.74186583,1.69648532,1.64720539,1.59411764,1.53730810,1.47685141,1.41280289,1.34518817,1.27398915,1.19912126,1.12037975
9000,1.95664182,1.95438836,1.94763387,1.93639593,1.92070365,1.90059739,1.87612827,1.84735759,1.81435586,1.77720171,1.73598025,1.69078112,1.64169583,1.58881440,1.53222086,1.47198738,1.40816640,1.34077984,1.26980289,1.19514341,1.11664706
9060,1.94988340,1.94763918,1.94091237,1.92972048,1.91409252,1.89406865,1.86969972,1.84104662,1.80817932,1.77117573,1.73012004,1.68510070,1.63620775,1.58352938,1.52714742,1.46713142,1.40353068,1.33636389,1.26560793,1.19119273,1.11300194
9120,1.94315374,1.94091874,1.93421954,1.92307359,1.90750974,1.88756790,1.86329860,1.83476226,1.80202827,1.76517372,1.72428185,1.67943992,1.63073655,1.57825824,1.52208487,1.46228385,1.39890278,1.33196132,1.26144295,1.18728028,1.10929511
9180,1.93645267,1.93422683,1.92755509,1.91645480,1.90095464,1.88109427,1.85692387,1.82850341,1.79590169,1.75919507,1.71846591,1.67380037,1.62528580,1.57300716,1.51704263,1.45745806,1.39430035,1.32758926,1.25730397,1.18335596,1.10555365
9240,1.92977972,1.92756299,1.92091858,1.90986373,1.89442695,1.87464768,1.85057576,1.82227071,1.78980075,1.75324151,1.71267442,1.66818451,1.61985776,1.56777757,1.51202053,1.45265112,1.38971488,1.32322883,1.25316639,1.17943399,1.10182584
9300,1.92313480,1.92092717,1.91431001,1.90330047,1.88792690,1.86822848,1.84425470,1.81606462,1.78372586,1.74731332,1.70690747,1.66259225,1.61445233,1.56256973,1.50701955,1.44786464,1.38514833,1.31888400,1.24903913,1.17551333,1.09812810
9360,1.91651815,1.91431959,1.90772962,1.89676528,1.88145475,1.86183694,1.83796099,1.80988546,1.77767735,1.74141076,1.70116519,1.65702341,1.60906875,1.55738175,1.50203588,1.44309206,1.38059107,1.31454322,1.24491493,1.17161094,1.09443152
9420,1.90993002,1.90774051,1.90117765,1.89025837,1.87501065,1.85547312,1.83169452,1.80373291,1.77165462,1.73553294,1.69544643,1.65147674,1.60370594,1.55221315,1.49707023,1.43833613,1.37604940,1.31021821,1.24080595,1.16771024,1.09074445
9480,1.90337050,1.90119000,1.89465414,1.88377972,1.86859453,1.84913689,1.82545514,1.79760680,1.76565754,1.72967985,1.68975129,1.64595237,1.59836384,1.54706331,1.49212086,1.43359346,1.37151748,1.30589869,1.23669939,1.16382358,1.08709795
9540,1.89683960,1.89466807,1.88815907,1.87732930,1.86220629,1.84282808,1.81924257,1.79150672,1.75968551,1.72385059,1.68407852,1.64044867,1.59304048,1.54193003,1.48718575,1.42886274,1.36699555,1.30158894,1.23260639,1.15995468,1.08345816
9600,1.89033715,1.88817454,1.88169224,1.87090682,1.85584559,1.83654626,1.81305626,1.78543201,1.75373779,1.71804441,1.67842747,1.63496519,1.58773575,1.53681382,1.48226630,1.42414683,1.36248887,1.29729701,1.22853502,1.15610420,1.07978512
9660,1.88386283,1.88170907,1.87525330,1.86451193,1.84951207,1.83029106,1.80689593,1.77938254,1.74781450,1.71226183,1.67279922,1.62950384,1.58245268,1.53171909,1.47736859,1.41945342,1.35800579,1.29302830,1.22447849,1.15224445,1.07613423
9720,1.87741641,1.87527147,1.86884209,1.85814456,1.84320576,1.82406272,1.80076203,1.77335899,1.74191656,1.70650391,1.66719477,1.62406516,1.57719078,1.52664357,1.47248757,1.41477356,1.35353193,1.28876265,1.22042178,1.14840182,1.07247641
9780,1.87099801,1.86886184,1.86245873,1.85180485,1.83692681,1.81786132,1.79465452,1.76736114,1.73604345,1.70076981,1.66161300,1.61864802,1.57194941,1.52158793,1.46762636,1.41011408,1.34907984,1.28452164,1.21639060,1.14456112,1.06878047
9840,1.86460765,1.86248021,1.85610326,1.84549279,1.83067522,1.81168691,1.78857356,1.76138936,1.73019592,1.69506082,1.65605595,1.61325529,1.56673224,1.51655630,1.46278882,1.40547746,1.34464856,1.28029577,1.21236198,1.14071386,1.06512427
9900,1.85824555,1.85612682,1.84977592,1.83920874,1.82445145,1.80554007,1.78251986,1.75544447,1.72437479,1.68937762,1.65052387,1.60788641,1.56153742,1.51154499,1.45796883,1.40085452,1.34022542,1.27607114,1.20833201,1.13687984,1.06148277
9960,1.85191212,1.84980205,1.84347713,1.83295306,1.81825578,1.79942096,1.77649339,1.74952611,1.71857934,1.68371900,1.64501507,1.60253931,1.55636268,1.50655185,1.45316482,1.39624494,1.33581284,1.27185548,1.20431152,1.13305404,1.05788442
10020,1.84560751,1.84350607,1.83720695,1.82672574,1.81208809,1.79332931,1.77049371,1.74363373,1.71280885,1.67808415,1.63952860,1.59721286,1.55120654,1.50157479,1.44837377,1.39164467,1.33140588,1.26764296,1.20029697,1.12925164,1.05430740
10080,1.83933157,1.83723868,1.83096519,1.82052649,1.80594798,1.78726459,1.76452013,1.73776643,1.70706221,1.67247172,1.63406292,1.59190535,1.54606736,1.49661263,1.44359567,1.38705599,1.32701082,1.26344613,1.19630520,1.12546948,1.05071160
10140,1.83308385,1.83099945,1.82475133,1.81435476,1.79983486,1.78122617,1.75857202,1.73192365,1.70133907,1.66688170,1.62861858,1.58661819,1.54094766,1.49166929,1.43883609,1.38248620,1.32263591,1.25927041,1.19232992,1.12168761,1.04713248
10200,1.82686389,1.82478789,1.81856497,1.80821021,1.79374847,1.77521395,1.75264948,1.72610572,1.69563997,1.66131483,1.62319635,1.58135187,1.53584724,1.48674334,1.43409179,1.37792948,1.31827157,1.25510202,1.18836067,1.11792360,1.04354981
10260,1.82067146,1.81860382,1.81240591,1.80209267,1.78768869,1.76922779,1.74675234,1.72031239,1.68996454,1.65577058,1.61779561,1.57610593,1.53076623,1.48183623,1.42936635,1.37339234,1.31392825,1.25095672,1.18441339,1.11415830,1.03993326
10320,1.81450640,1.81244707,1.80627400,1.79600201,1.78165541,1.76326768,1.74088070,1.71454395,1.68431337,1.65024991,1.61241775,1.57088214,1.52570664,1.47694972,1.42466057,1.36887368,1.30960146,1.24682354,1.18046991,1.11039605,1.03634385
10380,1.80836873,1.80631764,1.80016930,1.78993833,1.77564882,1.75733385,1.73503487,1.70880078,1.67868681,1.64475310,1.60706292,1.56568049,1.52066824,1.47208345,1.41997399,1.36437274,1.30528979,1.24270126,1.17653273,1.10663706,1.03278063
10440,1.80225859,1.80021572,1.79409197,1.78390181,1.76966907,1.75142648,1.72921499,1.70308291,1.67308476,1.63927985,1.60173047,1.56049976,1.51564896,1.46723406,1.41530150,1.35988238,1.30098464,1.23858220,1.17260099,1.10289966,1.02921579
10500,1.79617608,1.79414137,1.78804205,1.77789242,1.76371606,1.74554530,1.72342061,1.69738970,1.66750639,1.63382916,1.59641943,1.55533936,1.51064914,1.46240364,1.41064797,1.35541171,1.29670119,1.23448892,1.16869715,1.09916627,1.02559608
10560,1.79012106,1.78809446,1.78201939,1.77191001,1.75778964,1.73969024,1.71765183,1.69172155,1.66195253,1.62840252,1.59113205,1.55020233,1.50567248,1.45759609,1.40601683,1.35096261,1.29243761,1.23041045,1.16479519,1.09542427,1.02202953
10620,1.78409360,1.78207505,1.77602413,1.76595482,1.75189019,1.73386185,1.71190934,1.68607924,1.65642400,1.62300056,1.58586853,1.54508807,1.50071708,1.45280775,1.40140212,1.34652601,1.28818064,1.22633052,1.16088761,1.09169623,1.01853089
10680,1.77809399,1.77608347,1.77005656,1.76002711,1.74601789,1.72806016,1.70619296,1.68046224,1.65091974,1.61762153,1.58062626,1.53999293,1.49577818,1.44803275,1.39679691,1.34209437,1.28392397,1.22224923,1.15698727,1.08800005,1.01508038
10740,1.77212221,1.77011964,1.76411654,1.75412657,1.74017223,1.72228437,1.70050153,1.67486902,1.64543785,1.61226322,1.57540283,1.53491460,1.49085394,1.44327023,1.39220214,1.33767175,1.27967701,1.21818320,1.15311324,1.08433225,1.01160657
10800,1.76617763,1.76418293,1.75820335,1.74825241,1.73435231,1.71653352,1.69483406,1.66929865,1.63997758,1.60692524,1.57019839,1.52985393,1.48594609,1.43852291,1.38762171,1.33326353,1.27544632,1.21413671,1.14925796,1.08066819,1.00812282
10860,1.76025949,1.75827256,1.75231626,1.74240394,1.72855753,1.71080711,1.68919023,1.66375102,1.63453905,1.60160793,1.56501348,1.52481157,1.48105525,1.43379132,1.38305599,1.32886958,1.27122991,1.21010347,1.14541193,1.07701117,1.00465798
10920,1.75436722,1.75238800,1.74645477,1.73658072,1.72278751,1.70510485,1.68356981,1.65822593,1.62912210,1.59631113,1.55984792,1.51978732,1.47618131,1.42907561,1.37850556,1.32449090,1.26702911,1.20608615,1.14158259,1.07336952,1.00117553
10980,1.74850045,1.74652887,1.74061850,1.73078239,1.71704193,1.69942647,1.67797260,1.65272331,1.62372682,1.59103515,1.55470238,1.51478241,1.47132627,1.42437880,1.37397460,1.32013280,1.26285029,1.20209171,1.13777311,1.06973201,0.99767439
11040,1.74265891,1.74069492,1.73480727,1.72500883,1.71132078,1.69377211,1.67239896,1.64724377,1.61835412,1.58578132,1.54957859,1.50979897,1.46649258,1.41970338,1.36946510,1.31579597,1.25869140,1.19811282,1.13396959,1.06609244,0.99421153
11100,1.73684271,1.73488627,1.72902122,1.71926030,1.70562443,1.68814224,1.66684946,1.64178795,1.61300465,1.58055010,1.54447669,1.50483652,1.46167876,1.41504640,1.36497212,1.31147285,1.25454194,1.19413776,1.13016783,1.06246798,0.99076524
11160,1.73105214,1.72910321,1.72326065,1.71353705,1.69995305,1.68253696,1.66132401,1.63635552,1.60767775,1.57534048,1.53939528,1.49989337,1.45688301,1.41040626,1.36049474,1.30716400,1.25040570,1.19017664,1.12638335,1.05885756,0.98730930
11220,1.72528726,1.72334579,1.71752557,1.70783900,1.69430651,1.67695602,1.65582231,1.63094616,1.60237318,1.57015243,1.53433471,1.49497043,1.45210699,1.40578551,1.35603655,1.30287437,1.24628917,1.18623599,1.12261750,1.05525212,0.98380630
11280,1.71954800,1.71761395,1.71181590,1.70216614,1.68868483,1.67139955,1.65034465,1.62556036,1.59709170,1.56498705,1.52929646,1.49006953,1.44735277,1.40118630,1.35159946,1.29860509,1.24219134,1.18230950,1.11885413,1.05163492,0.98036605
11340,1.71383451,1.71190783,1.70613186,1.69651873,1.68308836,1.66586799,1.64489153,1.62019868,1.59183383,1.55984466,1.52428040,1.48518975,1.44261824,1.39660483,1.34717753,1.29434746,1.23810025,1.17838379,1.11509210,1.04804576,0.97694757
11400,1.70814704,1.70622769,1.70047367,1.69089695,1.67751720,1.66036130,1.63946272,1.61486062,1.58659875,1.55472407,1.51928505,1.48032953,1.43790206,1.39204051,1.34277151,1.29010434,1.23402250,1.17447220,1.11134649,1.04446297,0.97354870
11460,1.70248557,1.70057350,1.69484126,1.68530067,1.67197115,1.65487922,1.63405792,1.60954584,1.58138612,1.54962500,1.51431012,1.47548840,1.43320334,1.38749157,1.33837827,1.28587109,1.22995196,1.17056619,1.10760859,1.04090343,0.97014779
11520,1.69684993,1.69494507,1.68923442,1.67972965,1.66644990,1.64942138,1.62867663,1.60425375,1.57619523,1.54454663,1.50935481,1.47066586,1.42852232,1.38295975,1.33400210,1.28165580,1.22590182,1.16668509,1.10389808,1.03734896,0.96670200
11580,1.69123977,1.68934207,1.68365282,1.67418356,1.66095320,1.64398759,1.62331887,1.59898462,1.57102678,1.53949021,1.50442105,1.46586451,1.42386216,1.37844839,1.32964593,1.27745985,1.22186963,1.16281730,1.10018844,1.03378392,0.96330009
11640,1.68565501,1.68376441,1.67809644,1.66866249,1.65548123,1.63857818,1.61798508,1.59373898,1.56588120,1.53445591,1.49950843,1.46108302,1.41922016,1.37395306,1.32530316,1.27327412,1.21784347,1.15895058,1.09648024,1.03024052,0.95990978
11700,1.68009571,1.67821218,1.67256534,1.66316645,1.65003393,1.63319297,1.61267486,1.58851615,1.56075755,1.52944253,1.49461563,1.45632024,1.41459590,1.36947482,1.32097725,1.26910548,1.21383540,1.15510489,1.09279624,1.02670492,0.95648663
11760,1.67456175,1.67268521,1.66705935,1.65769524,1.64461109,1.62783176,1.60738813,1.58331625,1.55565625,1.52445094,1.48974407,1.45157818,1.40999184,1.36501611,1.31666997,1.26495413,1.20984261,1.15127037,1.08911449,1.02316826,0.95312179
11820,1.66905303,1.66718346,1.66157843,1.65224889,1.63921282,1.62249475,1.60212515,1.57813957,1.55057752,1.51948110,1.48489328,1.44685564,1.40540569,1.36057327,1.31237593,1.26081269,1.20585540,1.14743655,1.08543373,1.01965370,0.94982055
11880,1.66356960,1.66170694,1.65612259,1.64682736,1.63383899,1.61718167,1.59688544,1.57298532,1.54552019,1.51453143,1.48006114,1.44215000,1.40083445,1.35614315,1.30809233,1.25667953,1.20187526,1.14361244,1.08177367,1.01617134,0.94648498
11940,1.65811116,1.65625534,1.65069146,1.64143019,1.62848902,1.61189182,1.59166818,1.56785262,1.54048340,1.50960123,1.47524746,1.43746190,1.39628006,1.35172958,1.30382552,1.25256437,1.19791622,1.13981454,1.07814002,1.01268952,0.94312517
12000,1.65267719,1.65082814,1.64528455,1.63605694,1.62316256,1.60662498,1.58647339,1.56274181,1.53546794,1.50469182,1.47045404,1.43279355,1.39174487,1.34733454,1.29957649,1.24846620,1.19397287,1.13602801,1.07450756,1.00920530,0.93980615
12060,1.64726750,1.64542519,1.63990174,1.63070756,1.61785967,1.60138133,1.58130131,1.55765314,1.53047393,1.49980300,1.46568014,1.42814338,1.38722620,1.34295402,1.29533966,1.24437747,1.19003520,1.13224251,1.07087533,1.00573895,0.93655501
12120,1.64188204,1.64004640,1.63454294,1.62538192,1.61258013,1.59616048,1.57615135,1.55258573,1.52550011,1.49493310,1.46092366,1.42350893,1.38272140,1.33858550,1.29111306,1.24029737,1.18610533,1.12846704,1.06726307,1.00230440,0.93327436
12180,1.63652041,1.63469138,1.62920770,1.62007948,1.60732328,1.59096169,1.57102265,1.54753866,1.52054561,1.49008145,1.45618438,1.41889074,1.37823221,1.33423235,1.28690217,1.23623432,1.18219565,1.12471720,1.06367836,0.99887416,0.92994459
12240,1.63118203,1.62935955,1.62389545,1.61479972,1.60208869,1.58578465,1.56591516,1.54251224,1.51561122,1.48524945,1.45146445,1.41429180,1.37376242,1.32989909,1.28271210,1.23219360,1.17831004,1.12099073,1.06010783,0.99543946,0.92660902
12300,1.62586669,1.62405071,1.61860608,1.60954266,1.59687658,1.58062983,1.56082961,1.53750748,1.51069828,1.48043871,1.44676564,1.40971392,1.36931368,1.32558692,1.27854317,1.22817377,1.17444357,1.11727799,1.05654145,0.99200428,0.92330292
12360,1.62057466,1.61876517,1.61333995,1.60430873,1.59168747,1.57549784,1.55576668,1.53252511,1.50580740,1.47564966,1.44208806,1.40515668,1.36488484,1.32129373,1.27439196,1.22416953,1.17058901,1.11357197,1.05297885,0.98857989,0.92000637
12420,1.61530639,1.61350336,1.60809747,1.59909834,1.58652170,1.57038893,1.55072650,1.52756504,1.50093830,1.47088175,1.43743085,1.40061895,1.36047457,1.31701799,1.27025669,1.22017904,1.16674514,1.10987349,1.04942145,0.98515848,0.91674211
12480,1.61006213,1.60826552,1.60287885,1.59391162,1.58137931,1.56530304,1.54570886,1.52262692,1.49609041,1.46613415,1.43279290,1.39609919,1.35608069,1.31275665,1.26613331,1.21619737,1.16290690,1.10617856,1.04587076,0.98176125,0.91349768
12540,1.60484184,1.60305159,1.59768399,1.58874837,1.57626002,1.56023972,1.54071314,1.51770994,1.49126277,1.46140583,1.42817319,1.39159667,1.35170311,1.30851081,1.26202477,1.21223025,1.15908382,1.10250141,1.04234087,0.97837347,0.91024245
12600,1.59964519,1.59786125,1.59251253,1.58360824,1.57116345,1.55519864,1.53573908,1.51281399,1.48645547,1.45669711,1.42357231,1.38711210,1.34734241,1.30428045,1.25792995,1.20827475,1.15527014,1.09883075,1.03881342,0.97499587,0.90705746
12660,1.59447189,1.59269420,1.58736421,1.57849098,1.56608936,1.55017954,1.53078640,1.50793870,1.48166798,1.45200720,1.41898906,1.38264378,1.34299635,1.30006293,1.25384609,1.20432851,1.15146443,1.09516837,1.03530062,0.97164727,0.90387782
12720,1.58932158,1.58755009,1.58223863,1.57339614,1.56103727,1.54518187,1.52585446,1.50308333,1.47689948,1.44733527,1.41442268,1.37819118,1.33866489,1.29585903,1.24977520,1.20039521,1.14767305,1.09152429,1.03181080,0.96831196,0.90065456
12780,1.58419377,1.58242841,1.57713529,1.56832324,1.55600668,1.54020519,1.52094291,1.49824768,1.47215002,1.44268169,1.40987403,1.37375576,1.33435021,1.29167171,1.24572100,1.19647924,1.14390013,1.08789858,1.02833213,0.96496986,0.89746299
12840,1.57908808,1.57732880,1.57205388,1.56327203,1.55099746,1.53524948,1.51605187,1.49343205,1.46742000,1.43804690,1.40534339,1.36933742,1.33005142,1.28749884,1.24167957,1.19257404,1.14013509,1.08427604,1.02485367,0.96164628,0.89432010
12900,1.57400434,1.57225109,1.56699423,1.55824234,1.54600942,1.53031451,1.51118101,1.48863589,1.46270861,1.43342974,1.40082924,1.36493429,1.32576657,1.28333872,1.23764991,1.18867983,1.13638058,1.08066537,1.02139312,0.95834641,0.89119744
12960,1.56894225,1.56719498,1.56195600,1.55323378,1.54104212,1.52539975,1.50632974,1.48385860,1.45801528,1.42882976,1.39633137,1.36054658,1.32149636,1.27919266,1.23363399,1.18479951,1.13264115,1.07707293,1.01795552,0.95506726,0.88802471
13020,1.56390138,1.56216003,1.55693877,1.54824595,1.53609517,1.52050491,1.50149786,1.47910015,1.45334024,1.42424757,1.39185089,1.35617609,1.31724351,1.27506452,1.22963711,1.18094011,1.12892541,1.07350661,1.01453914,0.95178136,0.88482930
13080,1.55888148,1.55714601,1.55194237,1.54327877,1.53116866,1.51563024,1.49668591,1.47436138,1.44868468,1.41968473,1.38738972,1.35182492,1.31301003,1.27095576,1.22565949,1.17709941,1.12522629,1.06995042,1.01111995,0.94849007,0.88170677
13140,1.55388274,1.55215313,1.54696703,1.53833256,1.52626297,1.51077622,1.49189435,1.46964270,1.44404878,1.41514099,1.38294686,1.34749098,1.30879235,1.26686096,1.22169346,1.17326711,1.12153101,1.06639310,1.00770244,0.94522716,0.87860324
13200,1.54890537,1.54718159,1.54201293,1.53340739,1.52137804,1.50594255,1.48712263,1.46494319,1.43943126,1.41061469,1.37852044,1.34317252,1.30458932,1.26278026,1.21774132,1.16944883,1.11785084,1.06285498,1.00431067,0.94197673,0.87545556
13260,1.54394918,1.54223117,1.53707980,1.52850295,1.51651350,1.50112885,1.48237040,1.46026265,1.43483219,1.40610636,1.37411160,1.33887136,1.30040345,1.25871662,1.21380609,1.16564730,1.11418738,1.05933256,1.00092807,0.93872644,0.87234925
13320,1.53901395,1.53730168,1.53216748,1.52361913,1.51166932,1.49633521,1.47763787,1.45560141,1.43025199,1.40161646,1.36972071,1.33458758,1.29623426,1.25466878,1.20988553,1.16185901,1.11053505,1.05581791,0.99755129,0.93549127,0.86926445
13380,1.53409965,1.53239308,1.52727595,1.51875592,1.50684549,1.49156159,1.47292494,1.45095928,1.42569032,1.39714439,1.36534682,1.33031987,1.29208003,1.25063460,1.20597710,1.15808099,1.10689085,1.05230984,0.99418205,0.93226904,0.86622482
13440,1.52920618,1.52750526,1.52240505,1.51391311,1.50204174,1.48680761,1.46823112,1.44633562,1.42114634,1.39268911,1.36098872,1.32606679,1.28793917,1.24661242,1.20207929,1.15431239,1.10325565,1.04881257,0.99083057,0.92907597,0.86316552
13500,1.52433317,1.52263785,1.51755440,1.50909027,1.49725757,1.48207273,1.46355582,1.44172981,1.41661952,1.38825031,1.35664647,1.32182908,1.28381341,1.24260541,1.19819712,1.15056053,1.09963928,1.04533713,0.98749979,0.92588302,0.86011614
13560,1.51948019,1.51779042,1.51272359,1.50428704,1.49249271,1.47735679,1.45889906,1.43714212,1.41211039,1.38382876,1.35232099,1.31760759,1.27970319,1.23861308,1.19432864,1.14682139,1.09603470,1.04187177,0.98417766,0.92270963,0.85705950
13620,1.51464704,1.51296278,1.50791246,1.49950329,1.48774708,1.47265976,1.45426082,1.43257253,1.40761890,1.37942439,1.34801231,1.31340266,1.27560956,1.23463778,1.19047825,1.14310203,1.09245196,1.03843015,0.98087707,0.91953191,0.85397538
13680,1.50983363,1.50815485,1.50312094,1.49473903,1.48302074,1.46798181,1.44964145,1.42802160,1.40314589,1.37503835,1.34372178,1.30921567,1.27153352,1.23067950,1.18664389,1.13939703,1.08888056,1.03499378,0.97757199,0.91635590,0.85095519
13740,1.50504009,1.50336678,1.49834921,1.48999444,1.47831392,1.46332317,1.44504111,1.42348934,1.39869109,1.37066994,1.33944819,1.30504477,1.26747264,1.22673540,1.18282271,1.13570411,1.08531982,1.03156733,0.97428168,0.91320432,0.84791087
13800,1.50026651,1.49859863,1.49359731,1.48526950,1.47362652,1.45868364,1.44045951,1.41897540,1.39425416,1.36631895,1.33519162,1.30089064,1.26342849,1.22280824,1.17901892,1.13202916,1.08177801,1.02816145,0.97101080,0.91005383,0.84484921
13860,1.49551283,1.49385034,1.48886518,1.48056420,1.46895857,1.45406334,1.43589692,1.41448026,1.38983584,1.36198643,1.33095343,1.29675484,1.25940261,1.21889915,1.17523272,1.12837089,1.07825114,1.02476657,0.96774288,0.90690256,0.84181768
13920,1.49077917,1.48912206,1.48415300,1.47587876,1.46431035,1.44946262,1.43135371,1.41000426,1.38543637,1.35767239,1.32673323,1.29263637,1.25539312,1.21500517,1.17145983,1.12472334,1.07473116,1.02137337,0.96447336,0.90376129,0.83885601
13980,1.48606572,1.48441396,1.47946092,1.47121328,1.45968187,1.44488135,1.42682957,1.40554681,1.38105479,1.35337539,1.32252901,1.28853254,1.25139662,1.21112215,1.16769544,1.12108139,1.07121383,1.01798201,0.96121342,0.90065251,0.83591291
14040,1.48137233,1.47972587,1.47478870,1.46656740,1.45507264,1.44031885,1.42232358,1.40110678,1.37668977,1.34909400,1.31833939,1.28444226,1.24741268,1.20725079,1.16394197,1.11745005,1.06770814,1.01460646,0.95797554,0.89755958,0.83297606
14100,1.47669844,1.47505723,1.47013576,1.46194051,1.45048202,1.43577447,1.41783516,1.39668371,1.37234105,1.34482820,1.31416461,1.28036604,1.24344189,1.20339152,1.16019946,1.11382879,1.06421255,1.01124186,0.95474938,0.89448384,0.83006121
14160,1.47204350,1.47040748,1.46550156,1.45733212,1.44590955,1.43124782,1.41336395,1.39227724,1.36800828,1.34057765,1.31000431,1.27630351,1.23948403,1.19954458,1.15646906,1.11022024,1.06073141,1.00789488,0.95154474,0.89142587,0.82712449
14220,1.46740703,1.46577616,1.46088565,1.45274180,1.44135483,1.42673855,1.40890970,1.38788731,1.36369159,1.33634276,1.30585932,1.27225604,1.23554113,1.19571276,1.15275437,1.10662852,1.05726870,1.00456725,0.94835568,0.88836982,0.82419880
14280,1.46278874,1.46116297,1.45628778,1.44816936,1.43681781,1.42224673,1.40447265,1.38351429,1.35939154,1.33212420,1.30173035,1.26822422,1.23161351,1.19189588,1.14905440,1.10305150,1.05382054,1.00125308,0.94517848,0.88532755,0.82124265
14340,1.45818857,1.45656790,1.45170795,1.44361484,1.43229855,1.41777248,1.40005295,1.37915838,1.35510835,1.32792231,1.29761791,1.26420899,1.22770283,1.18809674,1.14537354,1.09949543,1.05039523,0.99796273,0.94202078,0.88227929,0.81825849
14400,1.45360665,1.45199105,1.44714630,1.43907845,1.42779734,1.41331623,1.39565120,1.37482042,1.35084317,1.32373852,1.29352376,1.26021228,1.22381090,1.18431649,1.14171138,1.09595704,1.04698469,0.99468007,0.93885778,0.87922380,0.81534602
14460,1.44904335,1.44743282,1.44260327,1.43456066,1.42331472,1.40887852,1.39126791,1.37050079,1.34659608,1.31957246,1.28944675,1.25623183,1.21993401,1.18054958,1.13806016,1.09242607,1.04357635,0.99139341,0.93569156,0.87619195,0.81248839
14520,1.44449902,1.44289354,1.43807911,1.43006162,1.41885065,1.40445907,1.38690248,1.36619847,1.34236558,1.31542210,1.28538439,1.25226486,1.21606931,1.17679347,1.13441818,1.08890255,1.04017404,0.98811461,0.93254236,0.87318571,0.80963575
14580,1.43997344,1.43837297,1.43357353,1.42558092,1.41440458,1.40005718,1.38255407,1.36191253,1.33815076,1.31128664,1.28133614,1.24831120,1.21221715,1.17304909,1.13078706,1.08538919,1.03678231,0.98484914,0.92941025,0.87019538,0.80679000
14640,1.43546611,1.43387059,1.42908599,1.42111801,1.40997597,1.39567233,1.37822222,1.35764260,1.33395136,1.30716602,1.27730212,1.24437119,1.20837802,1.16931711,1.12716777,1.08188753,1.03340309,0.98159784,0.92629323,0.86721798,0.80395197
14700,1.43097653,1.42938593,1.42461603,1.41667248,1.40556445,1.39130423,1.37390669,1.35338855,1.32976737,1.30306030,1.27328250,1.24044505,1.20455224,1.16559798,1.12356102,1.07839850,1.03003710,0.97836048,0.92318997,0.86425231,0.80112215
14760,1.42650435,1.42491863,1.42016333,1.41224404,1.40116977,1.38695267,1.36960737,1.34915032,1.32559878,1.29896955,1.26927740,1.23653297,1.20074005,1.16189206,1.11996728,1.07492258,1.02668454,0.97513671,0.92009964,0.86129774,0.79830085
14820,1.42204935,1.42046847,1.41572768,1.40783248,1.39679178,1.38261753,1.36532416,1.34492786,1.32144559,1.29489381,1.26528690,1.23263506,1.19694164,1.15819960,1.11638687,1.07146000,1.02334538,0.97192614,0.91702171,0.85835398,0.79548831
14880,1.41761135,1.41603529,1.41130892,1.40343768,1.39243035,1.37829872,1.36105701,1.34072115,1.31730780,1.29083310,1.26131103,1.22875141,1.19315714,1.15452080,1.11281994,1.06801085,1.02001953,0.96872849,0.91395581,0.85542085,0.79268471
14940,1.41319025,1.41161898,1.40690696,1.39905955,1.38808541,1.37399618,1.35680587,1.33653016,1.31318541,1.28678743,1.25734985,1.22488209,1.18938666,1.15085577,1.10926661,1.06457512,1.01670685,0.96554350,0.91090167,0.85249822,0.78989018
15000,1.40878596,1.40721945,1.40252171,1.39469801,1.38375691,1.36970987,1.35257071,1.33235486,1.30907840,1.28275682,1.25340339,1.22102716,1.18563028,1.14720457,1.10572690,1.06115278,1.01340722,0.96237097,0.90785912,0.84958602,0.78710481
15060,1.40439843,1.40283666,1.39815312,1.39035301,1.37944478,1.36543974,1.34835150,1.32819524,1.30498677,1.27874126,1.24947166,1.21718664,1.18188802,1.14356725,1.10220081,1.05774377,1.01012048,0.95921072,0.90482800,0.84668421,0.78432865
15120,1.40002760,1.39847055,1.39380114,1.38602451,1.37514901,1.36118576,1.34414820,1.32405127,1.30091050,1.27474076,1.24555467,1.21336058,1.17815992,1.13994380,1.09868831,1.05434799,1.00684653,0.95606263,0.90180821,0.84379272,0.78156173
15180,1.39567342,1.39412107,1.38946573,1.38171248,1.37086954,1.35694790,1.33996079,1.31992293,1.29684958,1.27075532,1.24165244,1.20954896,1.17444598,1.13633423,1.09518936,1.05096539,1.00358524,0.95292656,0.89879964,0.84091153,0.77880409
15240,1.39133587,1.38978819,1.38514685,1.37741686,1.36660634,1.35272612,1.33578925,1.31581020,1.29280400,1.26678493,1.23776496,1.20575180,1.17074620,1.13273850,1.09170390,1.04759587,1.00033653,0.94980242,0.89580221,0.83804058,0.77605571
15300,1.38701489,1.38547186,1.38084446,1.37313763,1.36235938,1.34852040,1.33163354,1.31171307,1.28877374,1.26282957,1.23389223,1.20196909,1.16706056,1.12915658,1.08823190,1.04423936,0.99710030,0.94669011,0.89281586,0.83517984,0.77331660
15360,1.38271045,1.38117206,1.37655853,1.36887475,1.35812863,1.34433070,1.32749364,1.30763150,1.28475879,1.25888924,1.23003423,1.19820081,1.16338903,1.12558844,1.08477328,1.04089578,0.99387646,0.94358955,0.88984051,0.83232926,0.77058675
15420,1.37842251,1.37688873,1.37228902,1.36462819,1.35391405,1.34015700,1.32336953,1.30356548,1.28075913,1.25496391,1.22619095,1.19444694,1.15973159,1.12203402,1.08132799,1.03756507,0.99066494,0.94050067,0.88687611,0.82948882,0.76786615
15480,1.37415104,1.37262185,1.36803588,1.36039790,1.34971560,1.33599925,1.31926117,1.29951498,1.27677472,1.25105358,1.22236236,1.19070747,1.15608821,1.11849330,1.07789597,1.03424715,0.98746565,0.93742339,0.88392259,0.82665848,0.76515477
15540,1.36989599,1.36837136,1.36379908,1.35618385,1.34553326,1.33185744,1.31516853,1.29547998,1.27280556,1.24715822,1.21854845,1.18698234,1.15245884,1.11496621,1.07447716,1.03094196,0.98427853,0.93435765,0.88097991,0.82383819,0.76245261
15600,1.36565731,1.36413724,1.35957859,1.35198600,1.34136698,1.32773152,1.31109159,1.29146044,1.26885161,1.24327779,1.21474919,1.18327155,1.14884344,1.11145271,1.07107151,1.02764943,0.98110352,0.93130339,0.87804801,0.82102793,0.75975964
15660,1.36143498,1.35991944,1.35537436,1.34780432,1.33721673,1.32362146,1.30703032,1.28745634,1.26491285,1.23941227,1.21096453,1.17957503,1.14524198,1.10795275,1.06767895,1.02436950,0.97794056,0.92826055,0.87512685,0.81822766,0.75707584
15720,1.35722895,1.35571791,1.35118634,1.34363875,1.33308247,1.31952722,1.30298466,1.28346763,1.26098923,1.23556162,1.20719444,1.17589276,1.14165440,1.10446627,1.06429944,1.02110212,0.97478959,0.92522909,0.87221639,0.81543734,0.75440119
15780,1.35303917,1.35153262,1.34701450,1.33948927,1.32896416,1.31544878,1.29895461,1.27949430,1.25708073,1.23172581,1.20343889,1.17222469,1.13808065,1.10099323,1.06093291,1.01784722,0.97165054,0.92220894,0.86931657,0.81265694,0.75173567
15840,1.34886560,1.34736352,1.34285880,1.33535584,1.32486177,1.31138608,1.29494011,1.27553630,1.25318732,1.22790482,1.19969784,1.16857080,1.13452071,1.09753356,1.05757930,1.01460474,0.96852335,0.91920005,0.86642735,0.80988644,0.74907927
15900,1.34470819,1.34321057,1.33871919,1.33123840,1.32077524,1.30733909,1.29094112,1.27159359,1.24930895,1.22409858,1.19597125,1.16493101,1.13097450,1.09408723,1.05423857,1.01137463,0.96540800,0.91620238,0.86354870,0.80712579,0.74643196
15960,1.34056691,1.33907373,1.33459562,1.32713691,1.31670455,1.30330778,1.28695761,1.26766615,1.24544559,1.22030708,1.19225908,1.16130530,1.12744199,1.09065418,1.05091067,1.00815684,0.96230440,0.91321588,0.86068057,0.80437497,0.74379372
16020,1.33644171,1.33495294,1.33048807,1.32305134,1.31264964,1.29929209,1.28298955,1.26375392,1.24159720,1.21653026,1.18856128,1.15769363,1.12392313,1.08723436,1.04759552,1.00495131,0.95921251,0.91024049,0.85782292,0.80163395,0.74116454
16080,1.33233254,1.33084816,1.32639646,1.31898164,1.30861048,1.29529199,1.27903688,1.25985686,1.23776372,1.21276808,1.18487780,1.15409592,1.12041786,1.08382771,1.04429309,1.00175799,0.95613230,0.90727619,0.85497572,0.79890270,0.73854439
16140,1.32823935,1.32675935,1.32232077,1.31492776,1.30458701,1.29130743,1.27509956,1.25597494,1.23394513,1.20902050,1.18120861,1.15051215,1.11692614,1.08043418,1.04100333,0.99857684,0.95306370,0.90432292,0.85213893,0.79618120,0.73593327
16200,1.32416210,1.32268646,1.31826095,1.31088966,1.30057920,1.28733836,1.27117755,1.25210811,1.23014138,1.20528747,1.17755365,1.14694227,1.11344792,1.07705373,1.03772617,0.99540778,0.95000666,0.90138063,0.84931251,0.79346940,0.73333114
16260,1.32010073,1.31862944,1.31421694,1.30686728,1.29658700,1.28338475,1.26727080,1.24825631,1.22635241,1.20156894,1.17391288,1.14338621,1.10998314,1.07368630,1.03446157,0.99225080,0.94696116,0.89844930,0.84649643,0.79076730,0.73073799
16320,1.31605521,1.31458824,1.31018870,1.30286058,1.29261035,1.27944654,1.26337926,1.24441951,1.22257817,1.19786486,1.17028623,1.13984393,1.10653175,1.07033183,1.03120948,0.98910582,0.94392713,0.89552888,0.84369066,0.78807486,0.72815381
16380,1.31202547,1.31056281,1.30617618,1.29886952,1.28864921,1.27552368,1.25950289,1.24059765,1.21881863,1.19417518,1.16667367,1.13631539,1.10309370,1.06699029,1.02796985,0.98597281,0.94090454,0.89261933,0.84089517,0.78539206,0.72557857
16440,1.30801147,1.30655310,1.30217932,1.29489404,1.28470354,1.27161613,1.25564164,1.23679069,1.21507373,1.19049986,1.16307515,1.13280053,1.09966895,1.06366161,1.02474263,0.98285171,0.93789333,0.88972061,0.83810991,0.78271886,0.72301226
16500,1.30401316,1.30255907,1.29819809,1.29093409,1.28077327,1.26772384,1.25179546,1.23299857,1.21134343,1.18683885,1.15949061,1.12929929,1.09625744,1.06034575,1.02152777,0.97974249,0.93489348,0.88683268,0.83533486,0.78005526,0.72045486
16560,1.30003049,1.29858065,1.29423242,1.28698962,1.27685837,1.26384675,1.24796429,1.22922125,1.20762767,1.18319209,1.15592001,1.12581163,1.09285912,1.05704265,1.01832522,0.97664508,0.93190493,0.88395552,0.83256998,0.77740121,0.71790636
16620,1.29606340,1.29461780,1.29028227,1.28306058,1.27295877,1.25998481,1.24414809,1.22545868,1.20392639,1.17955953,1.15236328,1.12233750,1.08947393,1.05375228,1.01513494,0.97355946,0.92892764,0.88108907,0.82981526,0.77475670,0.71536673
16680,1.29211185,1.29067047,1.28634758,1.27914691,1.26907442,1.25613797,1.24034680,1.22171079,1.20023954,1.17594111,1.14882036,1.11887683,1.08610182,1.05047456,1.01195687,0.97048558,0.92596159,0.87823332,0.82707066,0.77212171,0.71283596
16740,1.28817577,1.28673859,1.28242830,1.27524857,1.26520529,1.25230619,1.23656037,1.21797754,1.19656709,1.17233680,1.14529124,1.11542959,1.08274275,1.04720947,1.00879097,0.96742338,0.92300670,0.87538820,0.82433613,0.76949620,0.71031402
16800,1.28425512,1.28282213,1.27852438,1.27136550,1.26135130,1.24848940,1.23278875,1.21425888,1.19290896,1.16874653,1.14177584,1.11199572,1.07939667,1.04395694,1.00563719,0.96437282,0.92006297,0.87255370,0.82161166,0.76688016,0.70780091
16860,1.28034984,1.27892102,1.27463576,1.26749765,1.25751240,1.24468755,1.22903188,1.21055475,1.18926511,1.16517024,1.13827410,1.10857517,1.07606352,1.04071694,1.00249548,0.96133387,0.91713034,0.86972978,0.81889722,0.76427356,0.70529660
16920,1.27645987,1.27503520,1.27076239,1.26364495,1.25368855,1.24090058,1.22528971,1.20686510,1.18563548,1.16160789,1.13478598,1.10516787,1.07274325,1.03748940,0.99936581,0.95830649,0.91420877,0.86691640,0.81619278,0.76167639,0.70280108
16980,1.27258517,1.27116463,1.26690420,1.25980736,1.24987968,1.23712844,1.22156218,1.20318986,1.18202002,1.15805941,1.13131141,1.10177379,1.06943581,1.03427428,0.99624811,0.95529062,0.91129824,0.86411354,0.81349832,0.75908861,0.70031433
17040,1.26872567,1.26730925,1.26306116,1.25598482,1.24608574,1.23337109,1.21784924,1.19952900,1.17841867,1.15452477,1.12785037,1.09839287,1.06614116,1.03107154,0.99314236,0.95228622,0.90839868,0.86132115,0.81081379,0.75651019,0.69783633
17100,1.26488132,1.26346900,1.25923319,1.25217728,1.24230667,1.22962845,1.21415083,1.19588245,1.17483139,1.15100391,1.12440278,1.09502507,1.06285923,1.02788112,0.99004849,0.94929326,0.90551008,0.85853921,0.80813916,0.75394113,0.69536706
17160,1.26105206,1.25964382,1.25542025,1.24838467,1.23854243,1.22590048,1.21046691,1.19225016,1.17125811,1.14749677,1.12096859,1.09167032,1.05958999,1.02470298,0.98696648,0.94631168,0.90263239,0.85576767,0.80547443,0.75138138,0.69290650
17220,1.25723783,1.25583366,1.25162227,1.24460694,1.23479294,1.22218712,1.20679740,1.18863207,1.16769878,1.14400329,1.11754776,1.08832858,1.05633339,1.02153708,0.98389627,0.94334146,0.89976558,0.85300652,0.80281955,0.74883095,0.69045463
17280,1.25343858,1.25203846,1.24783919,1.24084404,1.23105816,1.21848830,1.20314225,1.18502812,1.16415334,1.14052342,1.11414022,1.08499979,1.05308936,1.01838335,0.98083781,0.94038255,0.89690960,0.85025570,0.80017449,0.74628979,0.68801144
17340,1.24965425,1.24825816,1.24407098,1.23709590,1.22733802,1.21480398,1.19950142,1.18143827,1.16062175,1.13705711,1.11074593,1.08168391,1.04985787,1.01524176,0.97779107,0.93743491,0.89406443,0.84751520,0.79753924,0.74375788,0.68557690
17400,1.24588479,1.24449271,1.24031756,1.23336247,1.22363248,1.21113410,1.19587485,1.17786246,1.15710395,1.13360431,1.10736484,1.07838089,1.04663887,1.01211227,0.97475600,0.93449849,0.89123001,0.84478498,0.79491375,0.74123520,0.68315100
17460,1.24213012,1.24074205,1.23657887,1.22964370,1.21994147,1.20747861,1.19226247,1.17430062,1.15359987,1.13016497,1.10399690,1.07509066,1.04343231,1.00899482,0.97173256,0.93157326,0.88840633,0.84206500,0.79229800,0.73872172,0.68073371
17520,1.23839021,1.23700611,1.23285486,1.22593952,1.21626494,1.20383744,1.18866423,1.17075271,1.15010948,1.12673902,1.10064204,1.07181320,1.04023813,1.00588937,0.96872070,0.92865918,0.88559333,0.83935523,0.78969197,0.73621743,0.67832502
17580,1.23466498,1.23328484,1.22914547,1.22224987,1.21260282,1.20021053,1.18508008,1.16721867,1.14663270,1.12332642,1.09730022,1.06854843,1.03705629,1.00279587,0.96572039,0.92575621,0.88279099,0.83665565,0.78709563,0.73372230,0.67592490
17640,1.23095438,1.22957819,1.22545064,1.21857470,1.20895507,1.19659784,1.18150995,1.16369845,1.14316950,1.11992710,1.09397138,1.06529632,1.03388675,0.99971427,0.96273157,0.92286431,0.87999927,0.83396622,0.78450894,0.73123630,0.67353333
17700,1.22725835,1.22588609,1.22177032,1.21491395,1.20532162,1.19299930,1.17795380,1.16019198,1.13971981,1.11654103,1.09065548,1.06205681,1.03072945,0.99664454,0.95975421,0.91998344,0.87721814,0.83128690,0.78193188,0.72875941,0.67115030
17760,1.22357684,1.22220849,1.21810445,1.21126757,1.20170241,1.18941486,1.17441156,1.15669922,1.13628358,1.11316815,1.08735247,1.05882985,1.02758435,0.99358663,0.95678826,0.91711356,0.87444755,0.82861767,0.77936442,0.72629161,0.66877578
17820,1.21990977,1.21854533,1.21445296,1.20763549,1.19809740,1.18584446,1.17088318,1.15322010,1.13286075,1.10980840,1.08406228,1.05561540,1.02445139,0.99054049,0.95383369,0.91425463,0.87168747,0.82595850,0.77680654,0.72383287,0.66640975
17880,1.21625711,1.21489654,1.21081579,1.20401765,1.19450651,1.18228804,1.16736861,1.14975458,1.12945128,1.10646172,1.08078488,1.05241340,1.02133054,0.98750607,0.95089045,0.91140661,0.86893787,0.82330935,0.77425820,0.72138316,0.66405219
17940,1.21261877,1.21126207,1.20719290,1.20041400,1.19092969,1.17874554,1.16386778,1.14630258,1.12605509,1.10312807,1.07752021,1.04922380,1.01822175,0.98448334,0.94795849,0.90856947,0.86619872,0.82067019,0.77171939,0.71894247,0.66170308
18000,1.20899472,1.20764186,1.20358422,1.19682448,1.18736689,1.17521691,1.16038064,1.14286408,1.12267216,1.09980740,1.07426821,1.04604657,1.01512497,0.98147225,0.94503779,0.90574317,0.86346998,0.81804099,0.76919006,0.71651077,0.65936239
18060,1.20538515,1.20403612,1.19998996,1.19324929,1.18381831,1.17170236,1.15690739,1.13943925,1.11930265,1.09649989,1.07102908,1.04288187,1.01204037,0.97847297,0.94212850,0.90292787,0.86075180,0.81542191,0.76667037,0.71408820,0.65703028
18120,1.20178947,1.20044426,1.19640952,1.18968786,1.18028337,1.16820130,1.15344746,1.13602754,1.11594604,1.09320501,1.06780228,1.03972919,1.00896746,0.97548503,0.93923017,0.90012313,0.85804377,0.81281254,0.76415994,0.71167440,0.65470638
18180,1.19820788,1.19686647,1.19284311,1.18614036,1.17676226,1.16471392,1.15000104,1.13262913,1.11260249,1.08992293,1.06458801,1.03658872,1.00590641,0.97250858,0.93634295,0.89732910,0.85534603,0.81021303,0.76165891,0.70926951,0.65239084
18240,1.19464034,1.19330271,1.18929068,1.18260677,1.17325493,1.16124018,1.14656809,1.12924398,1.10927197,1.08665362,1.06138620,1.03346040,1.00285719,0.96954359,0.93346682,0.89454576,0.85265856,0.80762335,0.75916726,0.70687351,0.65008364
18300,1.19108677,1.18975291,1.18575217,1.17908701,1.16976133,1.15778003,1.14314855,1.12587204,1.10595442,1.08339701,1.05819683,1.03034421,0.99981975,0.96659003,0.93060173,0.89177307,0.84998133,0.80504348,0.75668497,0.70448637,0.64778476
18360,1.18754714,1.18621702,1.18222752,1.17558104,1.16628140,1.15433341,1.13974236,1.12251325,1.10264979,1.08015308,1.05501983,1.02724007,0.99679403,0.96364785,0.92774764,0.88901099,0.84731430,0.80247338,0.75421199,0.70210807,0.64549417
18420,1.18402138,1.18269500,1.17871667,1.17208879,1.16281508,1.15090026,1.13634948,1.11916756,1.09935804,1.07692175,1.05185516,1.02414796,0.99378001,0.96071700,0.92490452,0.88625949,0.84465744,0.79991302,0.75174831,0.69973859,0.64321185
18480,1.18050943,1.17918677,1.17521959,1.16861022,1.15936234,1.14748054,1.13296985,1.11583493,1.09607911,1.07370300,1.04870277,1.02106783,0.99077764,0.95779746,0.92207234,0.88351853,0.84201073,0.79736239,0.74929391,0.69737791,0.64093779
18540,1.17701124,1.17569228,1.17173619,1.16514527,1.15592309,1.14407418,1.12960341,1.11251529,1.09281294,1.07049675,1.04556262,1.01799963,0.98778687,0.95488917,0.91925104,0.88078807,0.83937411,0.79482143,0.74684875,0.69502599,0.63867195
18600,1.17352675,1.17221148,1.16826643,1.16169386,1.15249729,1.14068112,1.12625011,1.10920859,1.08955949,1.06730296,1.04243465,1.01494331,0.98480766,0.95199209,0.91644059,0.87806808,0.83674756,0.79229013,0.74441280,0.69268281,0.63641431
18660,1.17005590,1.16874429,1.16481025,1.15825596,1.14908489,1.13730132,1.12290989,1.10591477,1.08631870,1.06412159,1.03931882,1.01189882,0.98183996,0.94910618,0.91364094,0.87535852,0.83413104,0.78976845,0.74198603,0.69034835,0.63416486
18720,1.16659862,1.16529068,1.16136758,1.15483150,1.14568581,1.13393471,1.11958270,1.10263379,1.08309051,1.06095257,1.03621506,1.00886612,0.97888373,0.94623140,0.91085207,0.87265936,0.83152453,0.78725636,0.73956843,0.68802258,0.63192356
18780,1.16315488,1.16185057,1.15793838,1.15142042,1.14230001,1.13058124,1.11626848,1.09936558,1.07987489,1.05779587,1.03312335,1.00584516,0.97593892,0.94336770,0.90807393,0.86997055,0.82892798,0.78475383,0.73715995,0.68570548,0.62969040
18840,1.15972459,1.15842391,1.15452257,1.14802267,1.13892743,1.12724086,1.11296718,1.09611010,1.07667176,1.05465142,1.03004362,1.00283589,0.97300548,0.94051505,0.90530647,0.86729206,0.82634136,0.78226083,0.73476057,0.68339701,0.62746534
18900,1.15630771,1.15501064,1.15112012,1.14463819,1.13556802,1.12391350,1.10967875,1.09286729,1.07348110,1.05151918,1.02697583,0.99983827,0.97008338,0.93767339,0.90254967,0.86462385,0.82376465,0.77977732,0.73237027,0.68109716,0.62524837
18960,1.15290419,1.15161071,1.14773096,1.14126693,1.13222171,1.12059912,1.10640312,1.08963711,1.07030283,1.04839910,1.02391994,0.99685225,0.96717258,0.93484270,0.89980348,0.86196589,0.82119780,0.77730328,0.72998901,0.67880589,0.62303947
19020,1.14951396,1.14822406,1.14435503,1.13790882,1.12888847,1.11729766,1.10314026,1.08641949,1.06713692,1.04529113,1.02087589,0.99387779,0.96427302,0.93202293,0.89706786,0.85931814,0.81864078,0.77483868,0.72761677,0.67652319,0.62083859
19080,1.14613698,1.14485064,1.14099229,1.13456383,1.12556822,1.11400908,1.09989011,1.08321440,1.06398332,1.04219523,1.01784364,0.99091485,0.96138468,0.92921405,0.89434279,0.85668057,0.81609357,0.77238348,0.72525352,0.67424902,0.61864574
19140,1.14277318,1.14149039,1.13764267,1.13123189,1.12226093,1.11073330,1.09665261,1.08002177,1.06084197,1.03911134,1.01482315,0.98796338,0.95850749,0.92641601,0.89162821,0.85405315,0.81355612,0.76993766,0.72289923,0.67198336,0.61646087
19200,1.13942251,1.13814325,1.13430612,1.12791294,1.11896652,1.10747029,1.09342771,1.07684155,1.05771282,1.03603942,1.01181436,0.98502333,0.95564143,0.92362876,0.88892410,0.85143583,0.81102840,0.76750119,0.72055387,0.66972618,0.61428396
19260,1.13608490,1.13480917,1.13098258,1.12460692,1.11568495,1.10421998,1.09021536,1.07367370,1.05459582,1.03297942,1.00881723,0.98209466,0.95278645,0.92085228,0.88623040,0.84882858,0.80851039,0.76507403,0.71821742,0.66747747,0.61211500
19320,1.13276031,1.13148808,1.12767199,1.12131379,1.11241616,1.10098232,1.08701550,1.07051815,1.05149092,1.02993128,1.00583171,0.97917731,0.94994250,0.91808650,0.88354709,0.84623136,0.80600205,0.76265615,0.71588985,0.66523719,0.60995396
19380,1.12944868,1.12817994,1.12437430,1.11803348,1.10916009,1.09775726,1.08382808,1.06737486,1.04839807,1.02689495,1.00285775,0.97627126,0.94710954,0.91533141,0.88087413,0.84364414,0.80350333,0.76024753,0.71357112,0.66300531,0.60780081
19440,1.12614997,1.12488470,1.12108948,1.11476597,1.10591671,1.09454475,1.08065307,1.06424380,1.04531724,1.02387042,0.99989533,0.97337647,0.94428754,0.91258697,0.87821148,0.84106689,0.80101423,0.75784813,0.71126121,0.66078182,0.60565552
19500,1.12286411,1.12160230,1.11781745,1.11151117,1.10268596,1.09134475,1.07749040,1.06112490,1.04224836,1.02085761,0.99694438,0.97049287,0.94147645,0.90985312,0.87555910,0.83849957,0.79853470,0.75545792,0.70896010,0.65856668,0.60351808
19560,1.11959104,1.11833268,1.11455815,1.10826905,1.09946777,1.08815718,1.07434001,1.05801811,1.03919139,1.01785648,0.99400486,0.96762044,0.93867624,0.90712984,0.87291697,0.83594214,0.79606470,0.75307688,0.70666775,0.65635987,0.60138845
19620,1.11633072,1.11507579,1.11131155,1.10503954,1.09626210,1.08498201,1.07120187,1.05492338,1.03614628,1.01486699,0.99107673,0.96475912,0.93588685,0.90441708,0.87028503,0.83339457,0.79360421,0.75070497,0.70438414,0.65416137,0.59926663
19680,1.11308308,1.11183157,1.10807757,1.10182258,1.09306889,1.08181917,1.06807591,1.05184065,1.03311298,1.01188907,0.98815993,0.96190887,0.93310824,0.90171479,0.86766324,0.83085683,0.79115319,0.74834217,0.70210924,0.65197114,0.59715257
19740,1.10984807,1.10859997,1.10485616,1.09861813,1.08988809,1.07866861,1.06496208,1.04876989,1.03009143,1.00892269,0.98525442,0.95906965,0.93034037,0.89902295,0.86505158,0.82832888,0.78871161,0.74598843,0.69984302,0.64978917,0.59504626
19800,1.10662566,1.10538095,1.10164730,1.09542615,1.08671966,1.07553031,1.06186035,1.04571105,1.02708161,1.00596782,0.98236017,0.95624142,0.92758322,0.89634152,0.86245002,0.82581068,0.78627944,0.74364374,0.69758546,0.64761541,0.59294767
19860,1.10341578,1.10217444,1.09845091,1.09224658,1.08356355,1.07240419,1.05877066,1.04266407,1.02408346,1.00302440,0.97947713,0.95342414,0.92483674,0.89367046,0.85985851,0.82330221,0.78385665,0.74130806,0.69533652,0.64544986,0.59085677
19920,1.10021838,1.09898040,1.09526694,1.08907937,1.08041969,1.06929021,1.05569297,1.03962892,1.02109693,1.00009238,0.97660526,0.95061777,0.92210088,0.89100973,0.85727702,0.82080343,0.78144320,0.73898137,0.69309617,0.64329248,0.58877354
19980,1.09703340,1.09579877,1.09209535,1.08592445,1.07728803,1.06618832,1.05262721,1.03660553,1.01812198,0.99717171,0.97374451,0.94782225,0.91937560,0.88835929,0.85470550,0.81831430,0.77903906,0.73666362,0.69086440,0.64114325,0.58669796
20040,1.09386079,1.09262949,1.08893606,1.08278178,1.07416853,1.06309845,1.04957334,1.03359386,1.01515855,0.99426236,0.97089482,0.94503755,0.91666087,0.88571909,0.85214393,0.81583479,0.77664420,0.73435480,0.68864117,0.63900214,0.58463000
20100,1.09070049,1.08947252,1.08578904,1.07965130,1.07106113,1.06002057,1.04653130,1.03059386,1.01220660,0.99136427,0.96805617,0.94226363,0.91395663,0.88308911,0.84959226,0.81336487,0.77425859,0.73205487,0.68642645,0.63686913,0.58256963
20160,1.08755246,1.08632780,1.08265423,1.07653297,1.06796579,1.05695463,1.04350106,1.02760549,1.00926608,0.98847740,0.96522850,0.93950044,0.91126287,0.88046930,0.84705047,0.81090449,0.77188220,0.72976381,0.68422022,0.63474418,0.58051684
20220,1.08441666,1.08319529,1.07953160,1.07342675,1.06488246,1.05390058,1.04048258,1.02462870,1.00633696,0.98560172,0.96241179,0.93674795,0.90857953,0.87785964,0.84451851,0.80845364,0.76951499,0.72748158,0.68202244,0.63262728,0.57847160
20280,1.08129302,1.08007494,1.07642108,1.07033258,1.06181108,1.05085837,1.03747579,1.02166345,1.00341919,0.98273717,0.95960598,0.93400612,0.90590658,0.87526008,0.84199635,0.80601227,0.76715694,0.72520815,0.67983310,0.63051839,0.57643387
20340,1.07818150,1.07696669,1.07332262,1.06725040,1.05875161,1.04782796,1.03448065,1.01870968,1.00051272,0.97988372,0.95681104,0.93127490,0.90324398,0.87267058,0.83948396,0.80358035,0.76480801,0.72294350,0.67765216,0.62841749,0.57440364
20400,1.07508205,1.07387049,1.07023617,1.06418017,1.05570401,1.04480928,1.03149711,1.01576735,0.99761749,0.97704131,0.95402691,0.92855426,0.90059168,0.87009112,0.83698130,0.80115785,0.76246817,0.72068759,0.67547959,0.62632456,0.57238088
20460,1.07199461,1.07078629,1.06716169,1.06112184,1.05266820,1.04180230,1.02852513,1.01283641,0.99473348,0.97420990,0.95125356,0.92584414,0.89794965,0.86752164,0.83448834,0.79874474,0.76013738,0.71844040,0.67331537,0.62423957,0.57036556
20520,1.06891914,1.06771404,1.06409912,1.05807536,1.04964416,1.03880696,1.02556466,1.00991683,0.99186063,0.97138946,0.94849095,0.92314452,0.89531786,0.86496211,0.83200503,0.79634097,0.75781563,0.71620189,0.67115947,0.62216248,0.56835767
20580,1.06585558,1.06465370,1.06104842,1.05504068,1.04663183,1.03582323,1.02261565,1.00700854,0.98899890,0.96857992,0.94573903,0.92045535,0.89269625,0.86241250,0.82953135,0.79394653,0.75550286,0.71397204,0.66901186,0.62009329,0.56635718
20640,1.06280388,1.06160521,1.05800953,1.05201775,1.04363117,1.03285104,1.01967805,1.00411151,0.98614825,0.96578127,0.94299776,0.91777659,0.89008480,0.85987276,0.82706726,0.79156136,0.75319907,0.71175081,0.66687252,0.61803196,0.56436405
20700,1.05976400,1.05856852,1.05498240,1.04900652,1.04064211,1.02989036,1.01675182,1.00122568,0.98330863,0.96299344,0.94026710,0.91510820,0.88748347,0.85734287,0.82461272,0.78918545,0.75090420,0.70953819,0.66474141,0.61597846,0.56237828
20760,1.05673589,1.05554359,1.05196699,1.04600695,1.03766463,1.02694113,1.01383692,0.99835103,0.98047999,0.96021640,0.93754701,0.91245014,0.88489221,0.85482279,0.82216770,0.78681876,0.74861824,0.70733412,0.66261851,0.61393277,0.56039982
20820,1.05371949,1.05253036,1.04896325,1.04301898,1.03469866,1.02400331,1.01093329,0.99548749,0.97766230,0.95745010,0.93483744,0.90980237,0.88231098,0.85231247,0.81973216,0.78446125,0.74634115,0.70513860,0.66050379,0.61189486,0.55842866
20880,1.05071477,1.04952879,1.04597113,1.04004257,1.03174417,1.02107686,1.00804089,0.99263503,0.97485550,0.95469451,0.93213837,0.90716486,0.87973976,0.84981189,0.81730608,0.78211290,0.74407290,0.70295159,0.65839723,0.60986471,0.55646477
20940,1.04772167,1.04653883,1.04299058,1.03707768,1.02880110,1.01816172,1.00515968,0.98979361,0.97205957,0.95194958,0.92944974,0.90453756,0.87717851,0.84732100,0.81488941,0.77977366,0.74181346,0.70077306,0.65629879,0.60784229,0.55450812
21000,1.04474014,1.04356043,1.04002156,1.03412424,1.02586942,1.01525786,1.00228960,0.98696317,0.96927444,0.94921527,0.92677151,0.90192044,0.87462718,0.84483978,0.81248213,0.77744352,0.73956280,0.69860298,0.65420845,0.60582757,0.55255870
21060,1.04177013,1.04059354,1.03706401,1.03118223,1.02294906,1.01236522,0.99943063,0.98414367,0.96650009,0.94649154,0.92410365,0.89931345,0.87208574,0.84236819,0.81008419,0.77512243,0.73732088,0.69644132,0.65212619,0.60382053,0.55061647
21120,1.03881161,1.03763812,1.03411790,1.02825158,1.02004000,1.00948376,0.99658270,0.98133507,0.96373647,0.94377834,0.92144612,0.89671655,0.86955415,0.83990618,0.80769557,0.77281036,0.73508768,0.69428805,0.65005197,0.60182115,0.54868142
21180,1.03586452,1.03469412,1.03118317,1.02533226,1.01714217,1.00661343,0.99374578,0.97853733,0.96098353,0.94107564,0.91879887,0.89412972,0.86703237,0.83745373,0.80531622,0.77050728,0.73286317,0.69214315,0.64798577,0.59982939,0.54675351
21240,1.03292881,1.03176149,1.02825977,1.02242422,1.01425554,1.00375420,0.99091982,0.97575041,0.95824123,0.93838339,0.91616187,0.89155290,0.86452037,0.83501079,0.80294612,0.76821316,0.73064731,0.69000658,0.64592755,0.59784524,0.54483272
21300,1.03000444,1.02884019,1.02534767,1.01952740,1.01138006,1.00090601,0.98810478,0.97297425,0.95550954,0.93570156,0.91353508,0.88898607,0.86201811,0.83257734,0.80058524,0.76592797,0.72844008,0.68787832,0.64387730,0.59586866,0.54291904
21360,1.02709136,1.02593017,1.02244681,1.01664178,1.00851568,0.99806882,0.98530062,0.97020882,0.95278840,0.93303009,0.91091845,0.88642918,0.85952556,0.83015334,0.79823353,0.76365167,0.72624145,0.68575834,0.64183499,0.59389964,0.54101242
21420,1.02418952,1.02303138,1.01955715,1.01376729,1.00566236,0.99524258,0.98250728,0.96745408,0.95007779,0.93036896,0.90831195,0.88388220,0.85704267,0.82773875,0.79589097,0.76138424,0.72405138,0.68364661,0.63980059,0.59193813,0.53911285
21480,1.02129889,1.02014379,1.01667864,1.01090390,1.00282006,0.99242726,0.97972474,0.96470998,0.94737765,0.92771813,0.90571553,0.88134508,0.85456942,0.82533355,0.79355752,0.75912563,0.72186984,0.68154310,0.63777406,0.58998413,0.53722031
21540,1.01841941,1.01726733,1.01381124,1.00805156,0.99998873,0.98962281,0.97695294,0.96197647,0.94468794,0.92507754,0.90312917,0.87881780,0.85210576,0.82293768,0.79123315,0.75687583,0.71969681,0.67944778,0.63575539,0.58803760,0.53533476
21600,1.01555104,1.01440197,1.01095491,1.00521023,0.99716832,0.98682918,0.97419184,0.95925353,0.94200864,0.92244717,0.90055282,0.87630030,0.84965165,0.82055113,0.78891783,0.75463479,0.71753225,0.67736062,0.63374455,0.58609852,0.53345618
21660,1.01269395,1.01154788,1.00810980,1.00238007,0.99435901,0.98404655,0.97144161,0.95654131,0.93933989,0.91982717,0.89798664,0.87379276,0.84720726,0.81817403,0.78661169,0.75240266,0.71537630,0.67528176,0.63174167,0.58416701,0.53158469
21720,1.00984767,1.00870458,1.00527546,0.99956062,0.99156033,0.98127444,0.96870178,0.95383936,0.93668124,0.91721710,0.89543020,0.87129474,0.84477217,0.81580599,0.78431436,0.75017906,0.71322860,0.67321085,0.62974640,0.58224275,0.52971999
21780,1.00701234,1.00587223,1.00245203,0.99675202,0.98877243,0.97851302,0.96597252,0.95114783,0.93403286,0.91461711,0.89288364,0.86880640,0.84234652,0.81344715,0.78202596,0.74796413,0.71108928,0.67114801,0.62775888,0.58032586,0.52786218
21840,1.00418794,1.00305080,0.99963949,0.99395425,0.98599527,0.97576224,0.96325379,0.94846669,0.93139471,0.91202718,0.89034694,0.86632769,0.83993029,0.81109748,0.77974648,0.74575784,0.70895831,0.66909322,0.62577908,0.57841632,0.52601125
21900,1.00137443,1.00024024,0.99683778,0.99116727,0.98322883,0.97302208,0.96054555,0.94579590,0.92876676,0.90944726,0.88782005,0.86385860,0.83752343,0.80875694,0.77747588,0.74356015,0.70683567,0.66704645,0.62380697,0.57651410,0.52416717
21960,0.99857175,0.99744051,0.99404687,0.98839103,0.98047305,0.97029248,0.95784776,0.94313542,0.92614895,0.90687731,0.88530295,0.86139907,0.83512592,0.80642551,0.77521412,0.74137105,0.70472132,0.66500767,0.62184254,0.57461917,0.52232992
22020,0.99577988,0.99465157,0.99126672,0.98562549,0.97772789,0.96757340,0.95516038,0.94048521,0.92354126,0.90431730,0.88279559,0.85894908,0.83273772,0.80410315,0.77296119,0.73919050,0.70261524,0.66297687,0.61988574,0.57273152,0.52049947
22080,0.99299876,0.99187337,0.98849728,0.98287061,0.97499332,0.96486482,0.95248337,0.93784524,0.92094364,0.90176720,0.88029795,0.85650860,0.83035880,0.80178983,0.77071704,0.73701847,0.70051740,0.66095401,0.61793657,0.57085112,0.51867580
22140,0.99022836,0.98910588,0.98573851,0.98012634,0.97226929,0.96216668,0.94981668,0.93521546,0.91835606,0.89922696,0.87780997,0.85407758,0.82798912,0.79948552,0.76848164,0.73485492,0.69842777,0.65893906,0.61599499,0.56897795,0.51685889
22200,0.98746862,0.98634905,0.98299036,0.97739264,0.96955575,0.95947894,0.94716028,0.93259582,0.91577848,0.89669654,0.87533163,0.85165599,0.82562865,0.79719018,0.76625497,0.73269984,0.69634633,0.65693199,0.61406097,0.56711198,0.51504872
22260,0.98471951,0.98360283,0.98025280,0.97466948,0.96685267,0.95680156,0.94451412,0.92998630,0.91321085,0.89417591,0.87286289,0.84924378,0.82327735,0.79490377,0.76403699,0.73055318,0.69427303,0.65493278,0.61213449,0.56525318,0.51324525
22320,0.98198099,0.98086718,0.97752578,0.97195680,0.96416000,0.95413450,0.94187817,0.92738684,0.91065314,0.89166502,0.87040371,0.84684094,0.82093518,0.79262627,0.76182766,0.72841492,0.69220785,0.65294141,0.61021552,0.56340153,0.51144846
22380,0.97925300,0.97814206,0.97480925,0.96925456,0.96147770,0.95147771,0.93925238,0.92479741,0.90810531,0.88916384,0.86795404,0.84444741,0.81860212,0.79035764,0.75962696,0.72628503,0.69015077,0.65095783,0.60830404,0.56155700,0.50965833
22440,0.97653550,0.97542742,0.97210318,0.96656272,0.95880573,0.94883115,0.93663671,0.92221797,0.90556731,0.88667233,0.86551386,0.84206317,0.81627812,0.78809784,0.75743484,0.72416346,0.68810174,0.64898203,0.60640002,0.55971958,0.50787484
22500,0.97382846,0.97272322,0.96940751,0.96388125,0.95614404,0.94619479,0.93403112,0.91964849,0.90303912,0.88419046,0.86308313,0.83968817,0.81396316,0.78584684,0.75525129,0.72205021,0.68606076,0.64701397,0.60450343,0.55788923,0.50609796
22560,0.97113183,0.97002943,0.96672222,0.96121009,0.95349260,0.94356859,0.93143557,0.91708891,0.90052068,0.88171818,0.86066181,0.83732239,0.81165720,0.78360462,0.75307627,0.71994522,0.68402777,0.64505363,0.60261426,0.55606593,0.50432766
22620,0.96844557,0.96734600,0.96404725,0.95854920,0.95085136,0.94095249,0.92885002,0.91453920,0.89801197,0.87925545,0.85824987,0.83496578,0.80936020,0.78137114,0.75090974,0.71784848,0.68200276,0.64310099,0.60073246,0.55424965,0.50256393
22680,0.96576965,0.96467289,0.96138259,0.95589857,0.94822030,0.93834648,0.92627445,0.91199934,0.89551296,0.87680226,0.85584727,0.83261833,0.80707214,0.77914636,0.74875169,0.71575996,0.67998571,0.64115601,0.59885802,0.55244039,0.50080675
22740,0.96310402,0.96201007,0.95872817,0.95325813,0.94559937,0.93575051,0.92370880,0.90946927,0.89302359,0.87435855,0.85345399,0.83027998,0.80479297,0.77693027,0.74660208,0.71367963,0.67797658,0.63921867,0.59699092,0.55063810,0.49905608
22800,0.96044864,0.95935748,0.95608396,0.95062785,0.94298852,0.93316453,0.92115304,0.90694896,0.89054384,0.87192429,0.85106997,0.82795071,0.80252268,0.77472281,0.74446087,0.71160745,0.67597534,0.63728895,0.59513112,0.54884277,0.49731190
22860,0.95780346,0.95671509,0.95344991,0.94800768,0.94038771,0.93058850,0.91860712,0.90443837,0.88807366,0.86949944,0.84869518,0.82563048,0.80026121,0.77252396,0.74232803,0.70954340,0.67398196,0.63536681,0.59327861,0.54705436,0.49557420
22920,0.95516844,0.95408284,0.95082599,0.94539758,0.93779691,0.92802239,0.91607101,0.90193746,0.88561301,0.86708397,0.84632959,0.82331925,0.79800854,0.77033369,0.74020354,0.70748744,0.67199641,0.63345222,0.59143334,0.54527286,0.49384294
22980,0.95254355,0.95146071,0.94821214,0.94279752,0.93521607,0.92546615,0.91354466,0.89944618,0.88316186,0.86467783,0.84397316,0.82101699,0.79576464,0.76815196,0.73808735,0.70543954,0.67001868,0.63154516,0.58959531,0.54349825,0.49211810
23040,0.94992873,0.94884865,0.94560833,0.94020744,0.93264514,0.92291974,0.91102804,0.89696451,0.88072017,0.86228099,0.84162585,0.81872367,0.79352946,0.76597874,0.73597944,0.70339968,0.66804871,0.62964561,0.58776448,0.54173049,0.49039966
23100,0.94732395,0.94624662,0.94301452,0.93762731,0.93008410,0.92038312,0.90852110,0.89449240,0.87828789,0.85989341,0.83928763,0.81643924,0.79130297,0.76381400,0.73387978,0.70136782,0.66608650,0.62775353,0.58594082,0.53996955,0.48868759
23160,0.94472918,0.94365458,0.94043069,0.93505710,0.92753291,0.91785627,0.90602382,0.89202982,0.87586502,0.85751507,0.83695847,0.81416368,0.78908516,0.76165771,0.73178835,0.69934395,0.66413201,0.62586891,0.58412432,0.53821544,0.48698188
23220,0.94214439,0.94107252,0.93785679,0.93249679,0.92499154,0.91533916,0.90353618,0.88957675,0.87345150,0.85514593,0.83463835,0.81189697,0.78687599,0.75950985,0.72970511,0.69732803,0.66218522,0.62399171,0.58231496,0.53646812,0.48528251
23280,0.93956952,0.93850037,0.93529278,0.92994630,0.92245994,0.91283172,0.90105810,0.88713314,0.87104731,0.85278596,0.83232721,0.80963907,0.78467542,0.75737038,0.72763003,0.69532004,0.66024610,0.62212192,0.58051271,0.53472756,0.48358944
23340,0.93700454,0.93593809,0.93273861,0.92740562,0.91993807,0.91033393,0.89858957,0.88469894,0.86865239,0.85043510,0.83002502,0.80738992,0.78248341,0.75523925,0.72556309,0.69331993,0.65831462,0.62025949,0.57871753,0.53299373,0.48190266
23400,0.93444939,0.93338564,0.93019424,0.92487469,0.91742589,0.90784574,0.89613054,0.88227412,0.86626671,0.84809334,0.82773176,0.80514951,0.78029994,0.75311646,0.72350423,0.69132768,0.65639075,0.61840442,0.57692940,0.53126663,0.48022214
23460,0.93190405,0.93084298,0.92765964,0.92235347,0.91492335,0.90536712,0.89368097,0.87985864,0.86389023,0.84576062,0.82544737,0.80291780,0.77812497,0.75100195,0.72145345,0.68934327,0.65447447,0.61655665,0.57514831,0.52954621,0.47854785
23520,0.92936847,0.92831008,0.92513475,0.91984193,0.91243043,0.90289802,0.89124082,0.87745246,0.86152292,0.84343692,0.82317183,0.80069475,0.77595847,0.74889569,0.71941070,0.68736666,0.65256574,0.61471619,0.57337421,0.52783246,0.47687978
23580,0.92684261,0.92578689,0.92261955,0.91734003,0.90994707,0.90043840,0.88881005,0.87505555,0.85916474,0.84112219,0.82090510,0.79848033,0.77380040,0.74679767,0.71737596,0.68539782,0.65066453,0.61288298,0.57160710,0.52612536,0.47521790
23640,0.92432643,0.92327337,0.92011400,0.91484772,0.90747325,0.89798824,0.88638864,0.87266787,0.85681566,0.83881641,0.81864715,0.79627451,0.77165074,0.74470784,0.71534919,0.68343672,0.64877083,0.61105702,0.56984694,0.52442488,0.47356218
23700,0.92181993,0.92076952,0.91761809,0.91236501,0.90500896,0.89554752,0.88397657,0.87028942,0.85447566,0.83651957,0.81639797,0.79407728,0.76950947,0.74262620,0.71333039,0.68148336,0.64688461,0.60923828,0.56809372,0.52273100,0.47191263
23760,0.91932305,0.91827527,0.91513176,0.90989183,0.90255413,0.89311618,0.88157377,0.86792013,0.85214470,0.83423161,0.81415750,0.79188859,0.76737654,0.74055269,0.71131951,0.67953770,0.64500585,0.60742673,0.56634742,0.52104371,0.47026920
23820,0.91683574,0.91579059,0.91265496,0.90742814,0.90010873,0.89069419,0.87918023,0.86555996,0.84982273,0.83195249,0.81192572,0.78970839,0.76525192,0.73848730,0.70931653,0.67759969,0.64313451,0.60562235,0.56460799,0.51936297,0.46863188
23880,0.91435796,0.91331544,0.91018766,0.90497390,0.89767272,0.88828150,0.87679589,0.86320889,0.84750971,0.82968219,0.80970259,0.78753667,0.76313559,0.73642998,0.70732140,0.67566932,0.64127056,0.60382511,0.56287543,0.51768876,0.46700063
23940,0.91188968,0.91084977,0.90772981,0.90252907,0.89524605,0.88587808,0.87442071,0.86086687,0.84520562,0.82742066,0.80748806,0.78537339,0.76102750,0.73438071,0.70533411,0.67374655,0.63941397,0.60203498,0.56114970,0.51602106,0.46537544
24000,0.90943085,0.90839355,0.90528139,0.90009362,0.89282870,0.88348389,0.87205468,0.85853386,0.84291042,0.82516787,0.80528212,0.78321851,0.75892763,0.73233945,0.70335461,0.67183136,0.63756473,0.60025194,0.55943077,0.51435984,0.46375629
24060,0.90698145,0.90594673,0.90284235,0.89766750,0.89042061,0.88109889,0.86969773,0.85620984,0.84062406,0.82292378,0.80308472,0.78107200,0.75683594,0.73030617,0.70138289,0.66992372,0.63572280,0.59847596,0.55771864,0.51270508,0.46214315
24120,0.90454142,0.90350929,0.90041265,0.89525068,0.88802177,0.87872305,0.86734984,0.85389476,0.83834653,0.82068836,0.80089583,0.77893382,0.75475240,0.72828084,0.69941891,0.66802360,0.63388815,0.59670701,0.55601326,0.51105675,0.46053600
24180,0.90211075,0.90108120,0.89799228,0.89284315,0.88563214,0.87635634,0.86501100,0.85158861,0.83607779,0.81846160,0.79871544,0.77680397,0.75267700,0.72626346,0.69746266,0.66613098,0.63206078,0.59494508,0.55431463,0.50941486,0.45893482
24240,0.89968941,0.89866242,0.89558119,0.89044485,0.88325169,0.87399874,0.86268116,0.84929135,0.83381781,0.81624346,0.79654350,0.77468241,0.75060970,0.72425397,0.69551409,0.66424584,0.63024064,0.59319015,0.55262272,0.50777936,0.45733959
24300,0.89727734,0.89625291,0.89317934,0.88805575,0.88088037,0.87165019,0.86036027,0.84700294,0.83156655,0.81403389,0.79437998,0.77256909,0.74855046,0.72225235,0.69357319,0.66236813,0.62842771,0.59144218,0.55093750,0.50615023,0.45575030
24360,0.89487451,0.89385263,0.89078670,0.88567581,0.87851816,0.86931066,0.85804831,0.84472334,0.82932397,0.81183286,0.79222486,0.77046399,0.74649925,0.72025858,0.69163993,0.66049784,0.62662197,0.58970114,0.54925896,0.50452746,0.45416690
24420,0.89248089,0.89146154,0.88840323,0.88330499,0.87616500,0.86698011,0.85574525,0.84245252,0.82709005,0.80964035,0.79007808,0.76836707,0.74445606,0.71827261,0.68971426,0.65863494,0.62482338,0.58796702,0.54758706,0.50291102,0.45258939
24480,0.89009643,0.88907962,0.88602889,0.88094327,0.87382088,0.86465852,0.85345104,0.84019045,0.82486475,0.80745631,0.78793963,0.76627832,0.74242083,0.71629442,0.68779617,0.65677940,0.62303193,0.58623980,0.54592178,0.50130088,0.45101774
24540,0.88772111,0.88670682,0.88366365,0.87859060,0.87148575,0.86234584,0.85116565,0.83793708,0.82264804,0.80528073,0.78580948,0.76419768,0.74039355,0.71432398,0.68588563,0.65493119,0.62124759,0.58451943,0.54426310,0.49969703,0.44945194
24600,0.88535488,0.88434311,0.88130747,0.87624694,0.86915958,0.86004205,0.84888905,0.83569240,0.82043988,0.80311355,0.78368758,0.76212514,0.73837418,0.71236127,0.68398261,0.65309028,0.61947032,0.58280591,0.54261100,0.49809944,0.44789195
24660,0.88299772,0.88198845,0.87896031,0.87391227,0.86684233,0.85774710,0.84662120,0.83345636,0.81824024,0.80095476,0.78157391,0.76006066,0.73636270,0.71040625,0.68208709,0.65125666,0.61770011,0.58109920,0.54096545,0.49650810,0.44633776
24720,0.88064957,0.87964280,0.87662215,0.87158655,0.86453397,0.85546096,0.84436207,0.83122893,0.81604909,0.79880432,0.77946844,0.75800422,0.73435907,0.70845890,0.68019902,0.64943029,0.61593693,0.57939929,0.53932643,0.49492297,0.44478934
24780,0.87831042,0.87730613,0.87429293,0.86926974,0.86223445,0.85318359,0.84211162,0.82901008,0.81386638,0.79666219,0.77737113,0.75595577,0.73236326,0.70651917,0.67831839,0.64761114,0.61418075,0.57770614,0.53769393,0.49334404,0.44324669
24840,0.87598022,0.87497841,0.87197264,0.86696180,0.85994376,0.85091497,0.83986982,0.82679977,0.81169211,0.79452835,0.77528196,0.75391529,0.73037525,0.70458706,0.67644517,0.64579919,0.61243156,0.57601973,0.53606790,0.49177129,0.44170976
24900,0.87365893,0.87265960,0.86966123,0.86466271,0.85766185,0.84865506,0.83763664,0.82459797,0.80952622,0.79240276,0.77320089,0.75188276,0.72839500,0.70266252,0.67457933,0.64399442,0.61068931,0.57434004,0.53444834,0.49020470,0.44017855
24960,0.87134654,0.87034966,0.86735868,0.86237242,0.85538869,0.84640382,0.83541205,0.82240465,0.80736868,0.79028539,0.77112789,0.74985813,0.72642249,0.70074554,0.67272084,0.64219679,0.60895399,0.57266705,0.53283521,0.48864423,0.43865303
25020,0.86904299,0.86804857,0.86506493,0.86009091,0.85312424,0.84416122,0.83319600,0.82021977,0.80521947,0.78817620,0.76906293,0.74784138,0.72445768,0.69883608,0.67086968,0.64040628,0.60722558,0.57100073,0.53122851,0.48708988,0.43713318
25080,0.86674825,0.86575628,0.86277997,0.85781814,0.85086848,0.84192723,0.83098848,0.81804330,0.80307855,0.78607518,0.76700599,0.74583249,0.72250055,0.69693410,0.66902582,0.63862287,0.60550404,0.56934106,0.52962819,0.48554163,0.43561898
25140,0.86446230,0.86347276,0.86050376,0.85555407,0.84862136,0.83970181,0.82878943,0.81587522,0.80094590,0.78398229,0.76495702,0.74383141,0.72055107,0.69503960,0.66718923,0.63684652,0.60378935,0.56768801,0.52803425,0.48399944,0.43411041
25200,0.86218509,0.86119798,0.85823626,0.85329867,0.84638286,0.83748493,0.82659884,0.81371548,0.79882147,0.78189749,0.76291600,0.74183812,0.71860921,0.69315253,0.66535988,0.63507721,0.60208149,0.56604156,0.52644666,0.48246330,0.43260744
25260,0.85991677,0.85893208,0.85597761,0.85105209,0.84415312,0.83527674,0.82441684,0.81156423,0.79670541,0.77982092,0.76088306,0.73985276,0.71667510,0.69127302,0.66353791,0.63331507,0.60038058,0.56440182,0.52486553,0.48093331,0.43111019
25320,0.85765695,0.85667467,0.85372744,0.84881394,0.84193174,0.83307684,0.82224305,0.80942109,0.79459734,0.77775222,0.75885785,0.73787496,0.71474839,0.68940075,0.66172297,0.63155977,0.59868630,0.56276850,0.52329057,0.47940921,0.42961838
25380,0.85540576,0.85442589,0.85148586,0.84658434,0.83971887,0.83088538,0.82007761,0.80728619,0.79249740,0.77569151,0.75684049,0.73590486,0.71282920,0.68753582,0.65991519,0.62981142,0.59699877,0.56114171,0.52172188,0.47789108,0.42813212
25440,0.85316318,0.85218571,0.84925285,0.84436328,0.83751447,0.82870232,0.81792049,0.80515950,0.79040555,0.77363877,0.75483096,0.73394243,0.71091752,0.68567821,0.65811454,0.62807001,0.59531797,0.55952141,0.52015946,0.47637892,0.42665138
25500,0.85092918,0.84995409,0.84702840,0.84215073,0.83531853,0.82652764,0.81577165,0.80304101,0.78832178,0.77159397,0.75282922,0.73198764,0.70901332,0.68382790,0.65632101,0.62633552,0.59364387,0.55790761,0.51860327,0.47487271,0.42517615
25560,0.84870372,0.84773101,0.84481245,0.83994664,0.83313100,0.82436130,0.81363107,0.80093067,0.78624605,0.76955709,0.75083526,0.73004047,0.70711656,0.68198486,0.65453456,0.62460791,0.59197645,0.55630026,0.51705331,0.47337242,0.42370640
25620,0.84648677,0.84551643,0.84260498,0.83775100,0.83095185,0.82220327,0.81149872,0.79882846,0.78417833,0.76752808,0.74884903,0.72810088,0.70522723,0.68014907,0.65275516,0.62288717,0.59031569,0.55469934,0.51550953,0.47187803,0.42224212
25680,0.84427830,0.84331033,0.84040596,0.83556376,0.82878105,0.82005353,0.80937456,0.79673434,0.78211859,0.76550693,0.74687051,0.72616885,0.70334529,0.67832050,0.65098281,0.62117327,0.58866157,0.55310485,0.51397194,0.47038953,0.42078329
25740,0.84207828,0.84111266,0.83821535,0.83338489,0.82661858,0.81791204,0.80725857,0.79464828,0.78006680,0.76349360,0.74489968,0.72424435,0.70147072,0.67649912,0.64921746,0.61946618,0.58701405,0.55151675,0.51244050,0.46890689,0.41932989
25800,0.83988667,0.83892340,0.83603313,0.83121437,0.82446439,0.81577875,0.80515071,0.79257026,0.77802293,0.76148806,0.74293650,0.72232736,0.69960348,0.67468490,0.64745909,0.61776588,0.58537312,0.54993502,0.51091519,0.46743010,0.41788189
25860,0.83770343,0.83674250,0.83385925,0.82905215,0.82231845,0.81365366,0.80305095,0.79050024,0.77598695,0.75949029,0.74098094,0.72041783,0.69774355,0.67287782,0.64570768,0.61607234,0.58373875,0.54835963,0.50939599,0.46595913,0.41643928
25920,0.83552854,0.83456995,0.83169368,0.82689821,0.82018074,0.81153671,0.80095925,0.78843818,0.77395882,0.75750024,0.73903298,0.71851574,0.69589091,0.67107785,0.64396319,0.61438554,0.58211092,0.54679057,0.50788288,0.46449396,0.41500204
25980,0.83336197,0.83240570,0.82953639,0.82475252,0.81805121,0.80942789,0.79887559,0.78638406,0.77193851,0.75551790,0.73709257,0.71662107,0.69404551,0.66928497,0.64222561,0.61270545,0.58048960,0.54522780,0.50637583,0.46303458,0.41357015
26040,0.83120367,0.83024972,0.82738736,0.82261503,0.81592983,0.80732715,0.79679993,0.78433785,0.76992601,0.75354322,0.73515970,0.71473379,0.69220734,0.66749913,0.64049490,0.61103204,0.57887476,0.54367132,0.50487483,0.46158096,0.41214358
26100,0.82905362,0.82810198,0.82524654,0.82048571,0.81381659,0.80523446,0.79473225,0.78229952,0.76792126,0.75157619,0.73323434,0.71285386,0.69037637,0.66572033,0.63877104,0.60936530,0.57726639,0.54212109,0.50337985,0.46013308,0.41072232
26160,0.82691178,0.82596244,0.82311390,0.81836455,0.81171143,0.80314980,0.79267251,0.78026902,0.76592425,0.74961676,0.73131645,0.71098126,0.68855257,0.66394853,0.63705400,0.60770520,0.57566447,0.54057709,0.50189088,0.45869092,0.40930635
26220,0.82477813,0.82383108,0.82098941,0.81625150,0.80961433,0.80107314,0.79062067,0.77824635,0.76393495,0.74766492,0.72940600,0.70911596,0.68673592,0.66218370,0.63534377,0.60605171,0.57406896,0.53903930,0.50040788,0.45725446,0.40789565
26280,0.82265263,0.82170787,0.81887305,0.81414653,0.80752527,0.79900443,0.78857672,0.77623146,0.76195332,0.74572064,0.72750298,0.70725793,0.68492638,0.66042582,0.63364031,0.60440480,0.57247984,0.53750770,0.49893085,0.45582369,0.40649019
26340,0.82053526,0.81959277,0.81676478,0.81204962,0.80544421,0.79694367,0.78654063,0.77422433,0.75997935,0.74378388,0.72560736,0.70540716,0.68312393,0.65867487,0.63194360,0.60276447,0.57089710,0.53598227,0.49745977,0.45439859,0.40508998
26400,0.81842597,0.81748576,0.81466458,0.80996073,0.80337112,0.79489081,0.78451236,0.77222492,0.75801299,0.74185462,0.72371910,0.70356360,0.68132855,0.65693082,0.63025361,0.60113068,0.56932071,0.53446298,0.49599460,0.45297913,0.40369497
26460,0.81632474,0.81538679,0.81257239,0.80787983,0.80130597,0.79284581,0.78249187,0.77023321,0.75605422,0.73993283,0.72183817,0.70172723,0.67954020,0.65519365,0.62857033,0.59950340,0.56775064,0.53294982,0.49453533,0.45156530,0.40230515
26520,0.81423154,0.81329584,0.81048820,0.80580689,0.79924872,0.79080866,0.78047914,0.76824917,0.75410300,0.73801847,0.71996454,0.69989803,0.67775887,0.65346331,0.62689371,0.59788262,0.56618688,0.53144276,0.49308194,0.45015707,0.40092051
26580,0.81214632,0.81121288,0.80841198,0.80374187,0.79719934,0.78877931,0.77847414,0.76627276,0.75215932,0.73611152,0.71809819,0.69807595,0.67598451,0.65173979,0.62522374,0.59626830,0.56462939,0.52994177,0.49163440,0.44875442,0.39954102
26640,0.81006907,0.80913786,0.80634368,0.80168474,0.79515781,0.78675774,0.77647684,0.76430395,0.75022312,0.73421195,0.71623909,0.69626099,0.67421710,0.65002307,0.62356039,0.59466042,0.56307816,0.52844684,0.49019270,0.44735734,0.39816666
26700,0.80799974,0.80707077,0.80428328,0.79963547,0.79312408,0.78474391,0.77448720,0.76234271,0.74829440,0.73231973,0.71438721,0.69445310,0.67245662,0.64831311,0.62190364,0.59305896,0.56153315,0.52695793,0.48875681,0.44596580,0.39679742
26760,0.80593830,0.80501156,0.80223074,0.79759404,0.79109813,0.78273779,0.77250520,0.76038901,0.74637311,0.73043482,0.71254252,0.69265226,0.67070304,0.64660989,0.62025345,0.59146389,0.55999435,0.52547504,0.48732671,0.44457979,0.39543327
26820,0.80388475,0.80296023,0.80018606,0.79556042,0.78907995,0.78073938,0.77053081,0.75844285,0.74445925,0.72855723,0.71070500,0.69085846,0.66895635,0.64491339,0.61860983,0.58987520,0.55846175,0.52399815,0.48590240,0.44319930,0.39407421
26880,0.80183905,0.80091673,0.79814919,0.79353457,0.78706950,0.77874862,0.76856401,0.75650417,0.74255277,0.72668690,0.70887463,0.68907166,0.66721651,0.64322359,0.61697273,0.58829286,0.55693531,0.52252723,0.48448385,0.44182430,0.39272021
26940,0.79980115,0.79888103,0.79612010,0.79151647,0.78506673,0.77676550,0.76660477,0.75457296,0.74065365,0.72482381,0.70705137,0.68729183,0.66548349,0.64154045,0.61534213,0.58671685,0.55541502,0.52106226,0.48307103,0.44045477,0.39137125
27000,0.79777102,0.79685311,0.79409876,0.78950608,0.78307163,0.77478997,0.76465304,0.75264917,0.73876186,0.72296793,0.70523519,0.68551895,0.66375727,0.63986396,0.61371800,0.58514714,0.55390084,0.51960321,0.48166392,0.43909069,0.39002731
27060,0.79574864,0.79483292,0.79208513,0.78750337,0.78108416,0.77282201,0.76270880,0.75073278,0.73687736,0.72111924,0.70342607,0.68375298,0.66203782,0.63819408,0.61210032,0.58358370,0.55239276,0.51815007,0.48026251,0.43773205,0.38868838
27120,0.79373397,0.79282043,0.79007919,0.78550831,0.77910429,0.77086159,0.76077202,0.74882377,0.73500012,0.71927770,0.70162397,0.68199391,0.66032512,0.63653078,0.61048907,0.58202652,0.55089076,0.51670281,0.47886677,0.43637882,0.38735443
27180,0.79172699,0.79081562,0.78808090,0.78352087,0.77713198,0.76890867,0.75884266,0.74692209,0.73313013,0.71744328,0.69982887,0.68024170,0.65861913,0.63487405,0.60888422,0.58047556,0.54939480,0.51526142,0.47747668,0.43503098,0.38602544
27240,0.78972765,0.78881846,0.78609024,0.78154102,0.77516722,0.76696322,0.75692071,0.74502772,0.73126734,0.71561595,0.69804074,0.67849632,0.65691983,0.63322385,0.60728573,0.57893081,0.54790487,0.51382586,0.47609222,0.43368852,0.38470141
27300,0.78773594,0.78682891,0.78410717,0.77956872,0.77320996,0.76502523,0.75500613,0.74314064,0.72941174,0.71379570,0.69625956,0.67675775,0.65522720,0.63158017,0.60569361,0.57739224,0.54642094,0.51239612,0.47471338,0.43235141,0.38338230
27360,0.78575185,0.78484697,0.78213168,0.77760398,0.77126021,0.76309467,0.75309892,0.74126083,0.72756331,0.71198250,0.69448532,0.67502599,0.65354122,0.62994300,0.60410782,0.57585985,0.54494301,0.51097219,0.47334015,0.43101966,0.38206811
27420,0.78377532,0.78287259,0.78016374,0.77564674,0.76931792,0.76117151,0.75119902,0.73938826,0.72572202,0.71017633,0.69271797,0.67330099,0.65186187,0.62831229,0.60252834,0.57433359,0.54347105,0.50955404,0.47197249,0.42969323,0.38075882
27480,0.78180633,0.78090574,0.77820331,0.77369698,0.76738305,0.75925572,0.74930642,0.73752288,0.72388782,0.70837715,0.69095749,0.67158273,0.65018911,0.62668802,0.60095515,0.57281345,0.54200503,0.50814165,0.47061039,0.42837210,0.37945441
27540,0.77984485,0.77894639,0.77625035,0.77175466,0.76545558,0.75734725,0.74742107,0.73566468,0.72206070,0.70658493,0.68920385,0.66987117,0.64852291,0.62507016,0.59938821,0.57129941,0.54054493,0.50673500,0.46925382,0.42705627,0.37815486
27600,0.77789084,0.77699451,0.77430484,0.76981975,0.76353547,0.75544610,0.74554296,0.73381362,0.72024063,0.70479964,0.68745702,0.66816630,0.64686326,0.62345870,0.59782750,0.56979143,0.53909072,0.50533406,0.46790277,0.42574569,0.37686015
27660,0.77594428,0.77505007,0.77236676,0.76789223,0.76162270,0.75355222,0.74367204,0.73196968,0.71842757,0.70302127,0.68571698,0.66646808,0.64521012,0.62185360,0.59627301,0.56828950,0.53764239,0.50393882,0.46655722,0.42444037,0.37557026
27720,0.77400513,0.77311303,0.77043606,0.76597207,0.75971724,0.75166558,0.74180830,0.73013283,0.71662150,0.70124977,0.68398370,0.66477649,0.64356347,0.62025485,0.59472470,0.56679359,0.53619992,0.50254925,0.46521714,0.42314028,0.37428517
27780,0.77207337,0.77118338,0.76851271,0.76405923,0.75781905,0.74978617,0.73995171,0.72830303,0.71482239,0.69948512,0.68225715,0.66309150,0.64192328,0.61866241,0.59318255,0.56530367,0.53476327,0.50116533,0.46388252,0.42184539,0.37300487
27840,0.77014898,0.76926109,0.76659671,0.76215369,0.75592813,0.74791395,0.73810224,0.72648028,0.71303023,0.69772731,0.68053732,0.66141310,0.64028954,0.61707627,0.59164654,0.56381975,0.53333244,0.49978705,0.46255335,0.42055571,0.37172934
27900,0.76823193,0.76734613,0.76468802,0.76025544,0.75404443,0.74604890,0.73625987,0.72466454,0.71124498,0.69597631,0.67882418,0.65974126,0.63866222,0.61549641,0.59011666,0.56234178,0.53190740,0.49841439,0.46122960,0.41927121,0.37045857
27960,0.76632218,0.76543847,0.76278662,0.75836443,0.75216794,0.74419100,0.73442457,0.72285578,0.70946662,0.69423209,0.67711770,0.65807595,0.63704130,0.61392280,0.58859287,0.56086975,0.53048813,0.49704733,0.45991125,0.41799188,0.36919254
28020,0.76441971,0.76353808,0.76089246,0.75648063,0.75029862,0.74234020,0.73259630,0.72105398,0.70769512,0.69249462,0.67541785,0.65641715,0.63542675,0.61235541,0.58707516,0.55940364,0.52907462,0.49568584,0.45859829,0.41671769,0.36793123
28080,0.76252449,0.76164493,0.75900552,0.75460403,0.74843644,0.74049649,0.73077505,0.71925910,0.70593045,0.69076387,0.67372461,0.65476483,0.63381854,0.61079422,0.58556350,0.55794342,0.52766683,0.49432991,0.45729070,0.41544862,0.36667462
28140,0.76063650,0.75975900,0.75712578,0.75273459,0.74658137,0.73865984,0.72896079,0.71747113,0.70417259,0.68903983,0.67203796,0.65311896,0.63221666,0.60923921,0.58405786,0.55648906,0.52626474,0.49297951,0.45598845,0.41418467,0.36542269
28200,0.75875569,0.75788025,0.75525321,0.75087228,0.74473339,0.73683021,0.72715348,0.71569003,0.70242150,0.68732246,0.67035786,0.65147953,0.63062107,0.60769036,0.58255823,0.55504056,0.52486835,0.49163463,0.45469153,0.41292581,0.36417544
28260,0.75688205,0.75600866,0.75338777,0.74901708,0.74289247,0.73500759,0.72535310,0.71391578,0.70067718,0.68561173,0.66868429,0.64984651,0.62903176,0.60614763,0.58106458,0.55359788,0.52347762,0.49029524,0.45339992,0.41167202,0.36293283
28320,0.75501554,0.75414420,0.75152944,0.74716895,0.74105859,0.73319193,0.72355962,0.71214835,0.69893957,0.68390763,0.66701723,0.64821987,0.62744869,0.60461102,0.57957689,0.55216101,0.52209253,0.48896133,0.45211360,0.41042329,0.36169486
28380,0.75315614,0.75228684,0.74967820,0.74532787,0.73923170,0.73138323,0.72177302,0.71038772,0.69720867,0.68221013,0.66535666,0.64659958,0.62587185,0.60308048,0.57809514,0.55072992,0.52071306,0.48763288,0.45083255,0.40917960,0.36046151
28440,0.75130383,0.75043656,0.74783401,0.74349382,0.73741180,0.72958144,0.71999327,0.70863385,0.69548444,0.68051919,0.66370254,0.64498563,0.62430121,0.60155601,0.57661930,0.54930459,0.51933920,0.48630986,0.44955676,0.40794094,0.35923275
28500,0.74945856,0.74859332,0.74599684,0.74166675,0.73559884,0.72778655,0.71822034,0.70688672,0.69376686,0.67883480,0.66205485,0.64337799,0.62273674,0.60003758,0.57514935,0.54788500,0.51797092,0.48499225,0.44828620,0.40670728,0.35800859
28560,0.74762032,0.74675710,0.74416667,0.73984666,0.73379280,0.72599852,0.71645421,0.70514631,0.69205591,0.67715693,0.66041356,0.64177663,0.62117843,0.59852516,0.57368527,0.54647113,0.51660820,0.48368005,0.44702087,0.40547861,0.35678898
28620,0.74578908,0.74492787,0.74234348,0.73803351,0.73199366,0.72421733,0.71469485,0.70341258,0.69035155,0.67548556,0.65877866,0.64018153,0.61962625,0.59701873,0.57222703,0.54506295,0.51525102,0.48237322,0.44576073,0.40425492,0.35557393
28680,0.74396481,0.74310561,0.74052723,0.73622726,0.73020139,0.72244295,0.71294223,0.70168552,0.68865376,0.67382065,0.65715012,0.63859266,0.61808017,0.59551827,0.57077462,0.54366045,0.51389936,0.48107175,0.44450577,0.40303618,0.35436341
28740,0.74214748,0.74129028,0.73871790,0.73442791,0.72841596,0.72067535,0.71119633,0.69996510,0.68696252,0.67216219,0.65552791,0.63701001,0.61654018,0.59402375,0.56932802,0.54226360,0.51255320,0.47977562,0.44325597,0.40182238,0.35315741
28800,0.74033706,0.73948186,0.73691546,0.73263541,0.72663735,0.71891452,0.70945711,0.69825129,0.68527780,0.67051015,0.65391201,0.63543355,0.61500624,0.59253516,0.56788719,0.54087238,0.51121252,0.47848481,0.44201132,0.40061350,0.35195591
28860,0.73853369,0.73768047,0.73512003,0.73084990,0.72486567,0.71716056,0.70772471,0.69654420,0.68359971,0.66886464,0.65230253,0.63386338,0.61347848,0.59105260,0.56645225,0.53948690,0.50987742,0.47719942,0.44077191,0.39940963,0.35075900
28920,0.73673703,0.73588579,0.73333129,0.72907104,0.72310061,0.71541317,0.70599881,0.69484354,0.68192796,0.66722537,0.65069917,0.63229923,0.61195659,0.58957578,0.56502292,0.53810689,0.50854764,0.47591919,0.43953750,0.39821055,0.34956646
28980,0.73494720,0.73409794,0.73154936,0.72729895,0.72134227,0.71367245,0.70427951,0.69314940,0.68026264,0.66559243,0.64910204,0.63074118,0.61044069,0.58810482,0.56359930,0.53673244,0.50722327,0.47464422,0.43830817,0.39701634,0.34837837
29040,0.73316417,0.73231688,0.72977420,0.72553361,0.71959064,0.71193837,0.70256679,0.69146176,0.67860374,0.66396580,0.64751112,0.62918922,0.60893075,0.58663969,0.56218137,0.53536354,0.50590430,0.47337449,0.43708392,0.39582698,0.34719470
29100,0.73138792,0.73054260,0.72800580,0.72377501,0.71784570,0.71021093,0.70086063,0.68978062,0.67695123,0.66234548,0.64592638,0.62764333,0.60742676,0.58518037,0.56076912,0.53400017,0.50459071,0.47210998,0.43586472,0.39464247,0.34601546
29160,0.72961843,0.72877507,0.72624414,0.72202310,0.71610741,0.70849009,0.69916101,0.68810593,0.67530510,0.66073143,0.64434781,0.62610349,0.60592869,0.58372684,0.55936251,0.53264230,0.50328248,0.47085069,0.43465056,0.39346278,0.34484063
29220,0.72785568,0.72701426,0.72448918,0.72027786,0.71437576,0.70677583,0.69746791,0.68643767,0.67366531,0.65912362,0.64277538,0.62456967,0.60443652,0.58227907,0.55796153,0.53128992,0.50197959,0.46959658,0.43344142,0.39228789,0.34367018
29280,0.72609962,0.72526015,0.72274090,0.71853928,0.71265071,0.70506812,0.69578129,0.68477583,0.67203185,0.65752204,0.64120907,0.62304185,0.60295022,0.58083705,0.55656617,0.52994301,0.50068202,0.46834764,0.43223729,0.39111781,0.34250411
29340,0.72435025,0.72351272,0.72099927,0.71680733,0.71093225,0.70336695,0.69410113,0.68312037,0.67040468,0.65592667,0.63964886,0.62152002,0.60146978,0.57940076,0.55517639,0.52860155,0.49938976,0.46710385,0.43103815,0.38995250,0.34134240
29400,0.72260753,0.72177193,0.71926428,0.71508196,0.70922034,0.70167227,0.69242741,0.68147127,0.66878379,0.65433746,0.63809471,0.62000413,0.59999517,0.57797017,0.55379218,0.52726551,0.49810277,0.46586519,0.42984398,0.38879195,0.34018503
29460,0.72087144,0.72003776,0.71753588,0.71336318,0.70751496,0.69998407,0.69076010,0.67982851,0.66716915,0.65275441,0.63654661,0.61849418,0.59852638,0.57654526,0.55241351,0.52593488,0.49682105,0.46463165,0.42865476,0.38763614,0.33903198
29520,0.71914194,0.71831019,0.71581407,0.71165093,0.70581609,0.69830232,0.68909918,0.67819206,0.66556073,0.65117749,0.63500453,0.61699014,0.59706336,0.57512601,0.55104037,0.52460963,0.49554457,0.46340321,0.42747047,0.38648507,0.33788325
29580,0.71741902,0.71658918,0.71409880,0.70994521,0.70412369,0.69662699,0.68744462,0.67656189,0.66395850,0.64960667,0.63346845,0.61549198,0.59560612,0.57371239,0.54967273,0.52328975,0.49427332,0.46217984,0.42629111,0.38533871,0.33673881
29640,0.71570265,0.71487472,0.71239005,0.70824598,0.70243775,0.69495806,0.68579639,0.67493798,0.66236246,0.64804193,0.63193834,0.61399969,0.59415461,0.57230439,0.54831058,0.52197522,0.49300726,0.46096153,0.42511664,0.38419705,0.33559866
29700,0.71399280,0.71316677,0.71068781,0.70655322,0.70075823,0.69329551,0.68415447,0.67332031,0.66077256,0.64648325,0.63041419,0.61251323,0.59270882,0.57090198,0.54695388,0.52066600,0.49174639,0.45974825,0.42394706,0.38306007,0.33446276
29760,0.71228944,0.71146531,0.70899203,0.70486690,0.69908512,0.69163931,0.68251884,0.67170885,0.65918879,0.64493060,0.62889596,0.61103259,0.59126873,0.56950514,0.54560262,0.51936209,0.49049069,0.45854000,0.42278234,0.38192775,0.33333112
29820,0.71059256,0.70977032,0.70730270,0.70318700,0.69741838,0.68998943,0.68088947,0.67010357,0.65761112,0.64338396,0.62738364,0.60955774,0.58983431,0.56811384,0.54425678,0.51806346,0.48924013,0.45733676,0.42162247,0.38080009,0.33220371
29880,0.70890212,0.70808176,0.70561980,0.70151349,0.69575799,0.68834585,0.67926634,0.66850446,0.65603953,0.64184330,0.62587720,0.60808866,0.58840555,0.56672808,0.54291633,0.51677010,0.48799470,0.45613849,0.42046744,0.37967706,0.33108052
29940,0.70721811,0.70639963,0.70394330,0.69984636,0.69410394,0.68670855,0.67764942,0.66691149,0.65447401,0.64030861,0.62437663,0.60662534,0.58698242,0.56534783,0.54158127,0.51548199,0.48675438,0.45494520,0.41931722,0.37855865,0.32996153
30000,0.70554049,0.70472389,0.70227317,0.69818557,0.69245619,0.68507750,0.67603870,0.66532464,0.65291451,0.63877986,0.62288190,0.60516775,0.58556490,0.56397307,0.54025157,0.51419910,0.48551915,0.45375686,0.41817181,0.37744485,0.32884674
30060,0.70386925,0.70305451,0.70060939,0.69653110,0.69081472,0.68345268,0.67443413,0.66374388,0.65136103,0.63725702,0.62139298,0.60371586,0.58415297,0.56260377,0.53892721,0.51292141,0.48428899,0.45257345,0.41703117,0.37633564,0.32773612
30120,0.70220435,0.70139147,0.69895193,0.69488292,0.68917950,0.68183406,0.67283571,0.66216919,0.64981353,0.63574008,0.61990985,0.60226965,0.58274661,0.56123991,0.53760816,0.51164891,0.48306387,0.45139495,0.41589530,0.37523101,0.32662965
30180,0.70054577,0.69973475,0.69730077,0.69324101,0.68755051,0.68022162,0.67124340,0.66060054,0.64827199,0.63422901,0.61843249,0.60082911,0.58134579,0.55988148,0.53629440,0.51038158,0.48184380,0.45022135,0.41476419,0.37413093,0.32552733
30240,0.69889349,0.69808431,0.69565587,0.69160535,0.68592772,0.67861533,0.66965719,0.65903791,0.64673638,0.63272378,0.61696087,0.59939420,0.57995049,0.55852844,0.53498592,0.50911939,0.48062873,0.44905262,0.41363780,0.37303539,0.32442914
30300,0.69724747,0.69644014,0.69401723,0.68997590,0.68431111,0.67701517,0.66807704,0.65748127,0.64520669,0.63122437,0.61549498,0.59796490,0.57856069,0.55718079,0.53368269,0.50786232,0.47941865,0.44788876,0.41251612,0.37194438,0.32333506
30360,0.69560769,0.69480220,0.69238480,0.68835264,0.68270065,0.67542111,0.66650292,0.65593060,0.64368288,0.62973076,0.61403478,0.59654120,0.57717637,0.55583849,0.53238470,0.50661036,0.47821355,0.44672973,0.41139915,0.37085789,0.32224508
30420,0.69397414,0.69317048,0.69075857,0.68673555,0.68109632,0.67383313,0.66493483,0.65438588,0.64216494,0.62824293,0.61258026,0.59512306,0.57579751,0.55450153,0.53109192,0.50536348,0.47701341,0.44557553,0.41028685,0.36977589,0.32115918
30480,0.69234680,0.69154496,0.68913853,0.68512462,0.67949811,0.67225122,0.66337275,0.65284710,0.64065287,0.62676086,0.61113141,0.59371049,0.57442409,0.55316990,0.52980434,0.50412169,0.47581821,0.44442614,0.40917924,0.36869838,0.32007736
30540,0.69072563,0.68992562,0.68752464,0.68351981,0.67790599,0.67067534,0.66181664,0.65131422,0.63914661,0.62528453,0.60968820,0.59230345,0.57305610,0.55184357,0.52852194,0.50288494,0.47462793,0.44328154,0.40807627,0.36762534,0.31899960
30600,0.68911061,0.68831241,0.68591688,0.68192110,0.67631992,0.66910548,0.66026648,0.64978722,0.63764615,0.62381391,0.60825060,0.59090192,0.57169349,0.55052251,0.52724470,0.50165322,0.47344256,0.44214172,0.40697793,0.36655676,0.31792588
30660,0.68750171,0.68670532,0.68431522,0.68032847,0.67473989,0.66754159,0.65872225,0.64826608,0.63615147,0.62234897,0.60681859,0.58950587,0.57033627,0.54920672,0.52597258,0.50042651,0.47226207,0.44100665,0.40588422,0.36549262,0.31685618
30720,0.68589891,0.68510433,0.68271963,0.67874188,0.67316587,0.66598367,0.65718391,0.64675077,0.63466254,0.62088970,0.60539215,0.58811528,0.56898439,0.54789615,0.52470559,0.49920479,0.47108644,0.43987631,0.40479510,0.36443290,0.31579050
30780,0.68430218,0.68350940,0.68113010,0.67716132,0.67159784,0.66443169,0.65565146,0.64524126,0.63317934,0.61943608,0.60397125,0.58673014,0.56763784,0.54659080,0.52344369,0.49798804,0.46991566,0.43875070,0.40371057,0.36337759,0.31472881
30840,0.68271151,0.68192052,0.67954659,0.67558676,0.67003577,0.66288562,0.65412486,0.64373754,0.63170185,0.61798807,0.60255588,0.58535042,0.56629661,0.54529065,0.52218686,0.49677624,0.46874971,0.43762978,0.40263061,0.36232667,0.31367111
30900,0.68112686,0.68033766,0.67796909,0.67401817,0.66847963,0.66134544,0.65260408,0.64223959,0.63023004,0.61654565,0.60114600,0.58397609,0.56496066,0.54399567,0.52093508,0.49556937,0.46758856,0.43651355,0.40155520,0.36128013,0.31261737
30960,0.67954821,0.67876079,0.67639757,0.67245554,0.66692941,0.65981112,0.65108912,0.64074737,0.62876389,0.61510881,0.59974161,0.58260714,0.56362998,0.54270584,0.51968834,0.49436742,0.46643221,0.43540199,0.40048432,0.36023796,0.31156759
31020,0.67797556,0.67718992,0.67483202,0.67089885,0.66538510,0.65828267,0.64957996,0.63926089,0.62730340,0.61367755,0.59834269,0.58124356,0.56230456,0.54142116,0.51844663,0.49317038,0.46528064,0.43429509,0.39941798,0.35920015,0.31052176
31080,0.67640886,0.67562499,0.67327241,0.66934808,0.66384666,0.65676004,0.64807657,0.63778010,0.62584853,0.61225181,0.59694921,0.57988533,0.56098437,0.54014160,0.51720992,0.49197821,0.46413383,0.43319282,0.39835614,0.35816668,0.30947986
31140,0.67484811,0.67406600,0.67171871,0.66780319,0.66231407,0.65524321,0.64657892,0.63630499,0.62439925,0.61083159,0.59556115,0.57853240,0.55966940,0.53886713,0.51597819,0.49079091,0.46299176,0.43209518,0.39729880,0.35713754,0.30844187
31200,0.67329326,0.67251291,0.67017090,0.66626416,0.66078731,0.65373216,0.64508698,0.63483553,0.62295556,0.60941686,0.59417848,0.57718478,0.55835961,0.53759774,0.51475141,0.48960844,0.46185441,0.43100213,0.39624593,0.35611270,0.30740778
31260,0.67174429,0.67096571,0.66862895,0.66473097,0.65926635,0.65222686,0.64360075,0.63337170,0.62151741,0.60800759,0.59280119,0.57584243,0.55705499,0.53633341,0.51352958,0.48843080,0.46072176,0.42991367,0.39519752,0.35509216,0.30637758
31320,0.67020119,0.66942436,0.66709285,0.66320359,0.65775116,0.65072729,0.64212018,0.63191348,0.62008479,0.60660377,0.59142926,0.57450533,0.55575551,0.53507411,0.51231267,0.48725796,0.45959379,0.42882977,0.39415355,0.35407590,0.30535125
31380,0.66866393,0.66788884,0.66556256,0.66168201,0.65624172,0.64923342,0.64064527,0.63046083,0.61865769,0.60520538,0.59006265,0.57317346,0.55446116,0.53381982,0.51110066,0.48608990,0.45847050,0.42775042,0.39311400,0.35306390,0.30432878
31440,0.66713248,0.66635913,0.66403807,0.66016619,0.65473802,0.64774525,0.63917598,0.62901375,0.61723606,0.60381238,0.58870135,0.57184680,0.55317191,0.53257053,0.50989352,0.48492661,0.45735185,0.42667560,0.39207887,0.35205615,0.30331015
31500,0.66560683,0.66483521,0.66251935,0.65865612,0.65324003,0.64626273,0.63771230,0.62757221,0.61581990,0.60242477,0.58734534,0.57052533,0.55188776,0.53132622,0.50869126,0.48376806,0.45623783,0.42560531,0.39104813,0.35105265,0.30229535
31560,0.66408696,0.66331707,0.66100639,0.65715178,0.65174773,0.64478587,0.63625422,0.62613620,0.61440920,0.60104253,0.58599462,0.56920905,0.55060868,0.53008687,0.50749384,0.48261426,0.45512844,0.42453951,0.39002178,0.35005338,0.30128438
31620,0.66257284,0.66180468,0.65949916,0.65565315,0.65026111,0.64331462,0.63480170,0.62470569,0.61300392,0.59966563,0.58464914,0.56789792,0.54933464,0.52885247,0.50630125,0.48146517,0.45402364,0.42347821,0.38899980,0.34905832,0.30027721
31680,0.66106445,0.66029800,0.65799764,0.65416020,0.64878013,0.64184898,0.63335472,0.62328066,0.61160405,0.59829405,0.58330890,0.56659192,0.54806564,0.52762298,0.50511348,0.48032077,0.45292343,0.42242137,0.38798217,0.34806746,0.29927384
31740,0.65956176,0.65879703,0.65650180,0.65267291,0.64730477,0.64038891,0.63191326,0.62186108,0.61020956,0.59692777,0.58197386,0.56529103,0.54680165,0.52639840,0.50393049,0.47918105,0.45182778,0.42136898,0.38696888,0.34708078,0.29827425
31800,0.65806476,0.65730174,0.65501162,0.65119125,0.64583501,0.63893440,0.63047730,0.62044694,0.60882043,0.59556677,0.58064401,0.56399524,0.54554265,0.52517870,0.50275227,0.47804599,0.45073668,0.42032103,0.38595991,0.34609828,0.29727842
31860,0.65657342,0.65581210,0.65352709,0.64971521,0.64437083,0.63748542,0.62904682,0.61903821,0.60743663,0.59421102,0.57931933,0.56270452,0.54428861,0.52396386,0.50157881,0.47691557,0.44965011,0.41927750,0.38495525,0.34511993,0.29628634
31920,0.65508771,0.65432809,0.65204817,0.64824476,0.64291221,0.63604195,0.62762180,0.61763487,0.60605816,0.59286052,0.57799980,0.56141885,0.54303953,0.52275387,0.50041009,0.47578978,0.44856805,0.41823838,0.38395487,0.34414573,0.29529801
31980,0.65360763,0.65284969,0.65057485,0.64677988,0.64145912,0.63460398,0.62620221,0.61623690,0.60468499,0.59151523,0.57668540,0.56013822,0.54179538,0.52154870,0.49924608,0.47466859,0.44749049,0.41720364,0.38295878,0.34317567,0.29431340
32040,0.65213313,0.65137689,0.64910710,0.64532055,0.64001154,0.63317146,0.62478804,0.61484429,0.60331709,0.59017514,0.57537611,0.55886259,0.54055614,0.52034834,0.49808676,0.47355199,0.44641740,0.41617327,0.38196694,0.34220972,0.29333251
32100,0.65066421,0.64990965,0.64764490,0.64386674,0.63856946,0.63174440,0.62337925,0.61345700,0.60195444,0.58884022,0.57407190,0.55759196,0.53932180,0.51915277,0.49693213,0.47243996,0.44534878,0.41514726,0.38097935,0.34124787,0.29235532
32160,0.64920083,0.64844795,0.64618823,0.64241844,0.63713284,0.63032275,0.62197584,0.61207501,0.60059704,0.58751046,0.57277276,0.55632631,0.53809233,0.51796196,0.49578216,0.47133248,0.44428460,0.41412558,0.37999599,0.34029011,0.29138181
32220,0.64774299,0.64699177,0.64473707,0.64097562,0.63570167,0.62890652,0.62057777,0.61069831,0.59924484,0.58618583,0.57147867,0.55506560,0.53686771,0.51677591,0.49463683,0.47022954,0.44322485,0.41310823,0.37901685,0.33933643,0.29041198
32280,0.64629065,0.64554110,0.64329140,0.63953826,0.63427592,0.62749566,0.61918503,0.60932688,0.59789784,0.58486631,0.57018961,0.55380984,0.53564793,0.51559459,0.49349613,0.46913112,0.44216951,0.41209519,0.37804191,0.33838682,0.28944582
32340,0.64484379,0.64409590,0.64185118,0.63810634,0.63285558,0.62609016,0.61779760,0.60796069,0.59655601,0.58355189,0.56890555,0.55255898,0.53443296,0.51441798,0.49236003,0.46803719,0.44111857,0.41108643,0.37707116,0.33744126,0.28848330
32400,0.64340239,0.64265616,0.64041641,0.63667983,0.63144062,0.62469000,0.61641545,0.60659972,0.59521934,0.58224255,0.56762648,0.55131302,0.53322279,0.51324606,0.49122853,0.46694775,0.44007200,0.41008196,0.37610457,0.33649973,0.28752442
32460,0.64196657,0.64122199,0.63898719,0.63525885,0.63003116,0.62329528,0.61503869,0.60524408,0.59388792,0.58093838,0.56635250,0.55007205,0.53201751,0.51207894,0.49010170,0.46586288,0.43902990,0.40908184,0.37514225,0.33556233,0.28656926
32520,0.64053603,0.63979311,0.63756324,0.63384312,0.62862690,0.62190574,0.61366706,0.60389350,0.59256149,0.57963912,0.56508335,0.54883583,0.53081688,0.51091636,0.48897932,0.46478235,0.43799204,0.40808586,0.37418397,0.33462884,0.28561762
32580,0.63911089,0.63836960,0.63614467,0.63243274,0.62722796,0.62052147,0.61230064,0.60254808,0.59124014,0.57834487,0.56381912,0.54760444,0.52962098,0.50975841,0.48786147,0.46370625,0.43695851,0.40709411,0.37322981,0.33369935,0.28466958
32640,0.63769112,0.63695147,0.63473144,0.63102768,0.62583432,0.61914244,0.61093941,0.60120779,0.58992386,0.57705561,0.56255980,0.54637786,0.52842981,0.50860508,0.48674813,0.46263456,0.43592928,0.40610657,0.37227977,0.33277384,0.28372512
32700,0.63627671,0.63553869,0.63332356,0.62962794,0.62444595,0.61776866,0.60958338,0.59987263,0.58861264,0.57577133,0.56130537,0.54515608,0.52724333,0.50745636,0.48563930,0.46156727,0.43490435,0.40512323,0.37133382,0.33185230,0.28278423
32760,0.63486763,0.63413124,0.63192098,0.62823349,0.62306284,0.61640009,0.60823250,0.59854257,0.58730645,0.57449200,0.56005581,0.54393909,0.52606155,0.50631223,0.48453495,0.46050436,0.43388369,0.40414406,0.37039196,0.33093473,0.28184691
32820,0.63346386,0.63272910,0.63052371,0.62684431,0.62168497,0.61503671,0.60688677,0.59721758,0.58600528,0.57321761,0.55881111,0.54272685,0.52488443,0.50517266,0.48343507,0.45944581,0.43286730,0.40316907,0.36945417,0.33002110,0.28091314
32880,0.63206539,0.63133225,0.62913170,0.62546038,0.62031231,0.61367850,0.60554616,0.59589767,0.58470909,0.57194814,0.55757123,0.54151936,0.52371196,0.50403764,0.48233963,0.45839161,0.43185516,0.40219822,0.36852044,0.32911142,0.27998291
32940,0.63067220,0.62994066,0.62774496,0.62408168,0.61894486,0.61232545,0.60421065,0.59458279,0.58341788,0.57068357,0.55633618,0.54031660,0.52254412,0.50290716,0.48124863,0.45734175,0.43084725,0.40123152,0.36759076,0.32820565,0.27905621
33000,0.62928425,0.62855433,0.62636344,0.62270819,0.61758257,0.61097754,0.60288023,0.59327294,0.58213163,0.56942387,0.55510592,0.53911855,0.52138089,0.50178118,0.48016204,0.45629619,0.42984356,0.40026893,0.36666510,0.32730380,0.27813302
33060,0.62790154,0.62717322,0.62498714,0.62133989,0.61622545,0.60963473,0.60155486,0.59196808,0.58085031,0.56816903,0.55388044,0.53792518,0.52022226,0.50065971,0.47907985,0.45525494,0.42884406,0.39931045,0.36574346,0.32640584,0.27721334
33120,0.62652403,0.62579731,0.62361603,0.61997675,0.61487345,0.60829702,0.60023454,0.59066822,0.57957390,0.56691904,0.55265971,0.53673648,0.51906821,0.49954272,0.47800204,0.45421796,0.42784875,0.39835606,0.36482581,0.32551177,0.27629715
33180,0.62515172,0.62442659,0.62225009,0.61861876,0.61352657,0.60696438,0.59891924,0.58937331,0.57830239,0.56567386,0.55144372,0.53555243,0.51791871,0.49843018,0.47692859,0.45318524,0.42685760,0.39740574,0.36391216,0.32462157,0.27538444
33240,0.62378457,0.62306103,0.62088929,0.61726590,0.61218479,0.60563680,0.59760894,0.58808334,0.57703575,0.56443348,0.55023245,0.53437302,0.51677375,0.49732209,0.47585949,0.45215677,0.42587061,0.39645949,0.36300247,0.32373523,0.27447519
33300,0.62242257,0.62170062,0.61953363,0.61591814,0.61084807,0.60431424,0.59630362,0.58679830,0.57577397,0.56319788,0.54902588,0.53319821,0.51563332,0.49621843,0.47479471,0.45113253,0.42488774,0.39551727,0.36209674,0.32285274,0.27356940
33360,0.62106570,0.62034533,0.61818307,0.61457547,0.60951641,0.60299669,0.59500326,0.58551816,0.57451703,0.56196705,0.54782400,0.53202801,0.51449738,0.49511917,0.47373424,0.45011251,0.42390900,0.39457908,0.36119495,0.32197408,0.27266706
33420,0.61971394,0.61899514,0.61683761,0.61323786,0.60818978,0.60168414,0.59370784,0.58424290,0.57326490,0.56074096,0.54662677,0.53086237,0.51336593,0.49402430,0.47267807,0.44909668,0.42293435,0.39364491,0.36029710,0.32109925,0.27176814
33480,0.61836726,0.61765003,0.61549721,0.61190530,0.60686816,0.60037655,0.59241735,0.58297250,0.57201757,0.55951959,0.54543419,0.52970130,0.51223895,0.49293381,0.47162617,0.44808503,0.42196380,0.39271474,0.35940316,0.32022822,0.27087265
33540,0.61702564,0.61630998,0.61416186,0.61057776,0.60555154,0.59907392,0.59113175,0.58170695,0.57077501,0.55830293,0.54424624,0.52854477,0.51111642,0.49184767,0.47057853,0.44707754,0.42099731,0.39178855,0.35851312,0.31936100,0.26998056
33600,0.61568908,0.61497498,0.61283154,0.60925523,0.60423990,0.59777623,0.58985105,0.58044623,0.56953723,0.55709096,0.54306290,0.52739276,0.50999833,0.49076587,0.46953514,0.44607421,0.42003489,0.39086633,0.35762697,0.31849756,0.26909188
33660,0.61435755,0.61364501,0.61150623,0.60793769,0.60293321,0.59648345,0.58857521,0.57919032,0.56830418,0.55588366,0.54188415,0.52624526,0.50888465,0.48968840,0.46849597,0.44507500,0.41907650,0.38994807,0.35674469,0.31763789,0.26820658
33720,0.61303103,0.61232003,0.61018591,0.60662511,0.60163145,0.59519556,0.58730421,0.57793919,0.56707586,0.55468102,0.54070997,0.52510225,0.50777537,0.48861523,0.46746102,0.44407991,0.41812214,0.38903374,0.35586628,0.31678199,0.26732466
33780,0.61170948,0.61100004,0.60887055,0.60531748,0.60033460,0.59391255,0.58603804,0.57669283,0.56585224,0.55348300,0.53954034,0.52396370,0.50667046,0.48754635,0.46643026,0.44308892,0.41717178,0.38812334,0.35499171,0.31592984,0.26644610
33840,0.61039291,0.60968501,0.60756015,0.60401478,0.59904265,0.59263439,0.58477667,0.57545122,0.56463330,0.55228959,0.53837524,0.52282961,0.50556992,0.48648173,0.46540367,0.44210202,0.41622542,0.38721685,0.35412097,0.31508142,0.26557089
33900,0.60908128,0.60837492,0.60625467,0.60271697,0.59775558,0.59136106,0.58352009,0.57421434,0.56341903,0.55110078,0.53721466,0.52169994,0.50447372,0.48542137,0.46438124,0.44111917,0.41528303,0.38631425,0.35325406,0.31423673,0.26469902
33960,0.60777458,0.60706975,0.60495410,0.60142406,0.59647335,0.59009255,0.58226827,0.57298217,0.56220940,0.54991654,0.53605858,0.52057469,0.50338185,0.48436524,0.46336295,0.44014038,0.41434461,0.38541553,0.35239094,0.31339575,0.26383048
34020,0.60647278,0.60576948,0.60365842,0.60013600,0.59519596,0.58882883,0.58102120,0.57175468,0.56100440,0.54873685,0.53490698,0.51945383,0.50229428,0.48331333,0.46234879,0.43916562,0.41341013,0.38452067,0.35153162,0.31255847,0.26296526
34080,0.60517587,0.60447409,0.60236760,0.59885280,0.59392339,0.58756988,0.57977885,0.57053187,0.55980401,0.54756171,0.53375983,0.51833736,0.50121101,0.48226562,0.46133873,0.43819488,0.41247957,0.38362967,0.35067607,0.31172488,0.26210334
34140,0.60388383,0.60318358,0.60108165,0.59757443,0.59265562,0.58631571,0.57854123,0.56931373,0.55860822,0.54639109,0.53261715,0.51722525,0.50013202,0.48122211,0.46033278,0.43722815,0.41155295,0.38274250,0.34982429,0.31089497,0.26124472
34200,0.60259665,0.60189791,0.59980053,0.59630088,0.59139264,0.58506627,0.57730830,0.56810022,0.55741700,0.54522498,0.53147889,0.51611749,0.49905729,0.48018276,0.45933091,0.43626540,0.41063022,0.38185916,0.34897627,0.31006872,0.26038939
34260,0.60131430,0.60061707,0.59852422,0.59503211,0.59013441,0.58382156,0.57608004,0.56689133,0.55623034,0.54406336,0.53034503,0.51501406,0.49798680,0.47914756,0.45833310,0.43530663,0.40971138,0.38097963,0.34813198,0.30924613,0.25953734
34320,0.60003676,0.59934104,0.59725270,0.59376812,0.58888092,0.58258154,0.57485644,0.56568703,0.55504821,0.54290620,0.52921557,0.51391494,0.49692054,0.47811650,0.45733933,0.43435181,0.40879641,0.38010388,0.34729141,0.30842719,0.25868854
34380,0.59876400,0.59806979,0.59598596,0.59250887,0.58763215,0.58134621,0.57363747,0.56448732,0.55387060,0.54175349,0.52809048,0.51282011,0.49585848,0.47708956,0.45634959,0.43340093,0.40788529,0.37923192,0.34645456,0.30761187,0.25784300
34440,0.59749602,0.59680330,0.59472396,0.59125436,0.58638809,0.58011554,0.57242311,0.56329217,0.55269749,0.54060521,0.52696975,0.51172955,0.49480061,0.47606672,0.45536386,0.43245397,0.40697801,0.37836371,0.34562140,0.30680016,0.25700070
34500,0.59623279,0.59554157,0.59346671,0.59000455,0.58514870,0.57888951,0.57121336,0.56210155,0.55152886,0.53946133,0.52585335,0.51064325,0.49374691,0.47504796,0.45438212,0.43151092,0.40607455,0.37749926,0.34479192,0.30599207,0.25616163
34560,0.59497429,0.59428456,0.59221416,0.58875944,0.58391398,0.57766811,0.57000817,0.56091547,0.55036469,0.53832186,0.52474127,0.50956118,0.49269736,0.47403327,0.45340436,0.43057176,0.40517490,0.37663854,0.34396612,0.30518756,0.25532577
34620,0.59372050,0.59303225,0.59096631,0.58751900,0.58268390,0.57645130,0.56880755,0.55973388,0.54920496,0.53718675,0.52363349,0.50848334,0.49165196,0.47302263,0.45243057,0.42963648,0.40427905,0.37578153,0.34314396,0.30438664,0.25449312
34680,0.59247142,0.59178465,0.58972315,0.58628324,0.58145846,0.57523911,0.56761148,0.55855680,0.54804968,0.53605603,0.52253001,0.50740972,0.49061069,0.47201604,0.45146073,0.42870507,0.40338698,0.37492824,0.34232546,0.30358929,0.25366368
34740,0.59122702,0.59054173,0.58848466,0.58505211,0.58023763,0.57403148,0.56641994,0.55738419,0.54689881,0.53492964,0.52143080,0.50634029,0.48957352,0.47101346,0.45049483,0.42777750,0.40249868,0.37407865,0.34151059,0.30279551,0.25283743
34800,0.58998728,0.58930346,0.58725081,0.58382561,0.57902139,0.57282841,0.56523291,0.55621604,0.54575233,0.53380758,0.52033585,0.50527503,0.48854045,0.47001490,0.44953285,0.42685377,0.40161413,0.37323273,0.34069934,0.30200528,0.25201436
34860,0.58875218,0.58806983,0.58602158,0.58260370,0.57780973,0.57162988,0.56405037,0.55505232,0.54461022,0.53268983,0.51924513,0.50421393,0.48751145,0.46902032,0.44857476,0.42593385,0.40073332,0.37239048,0.33989169,0.30121858,0.25119445
34920,0.58752170,0.58684082,0.58479695,0.58138638,0.57660261,0.57043586,0.56287230,0.55389302,0.54347248,0.53157637,0.51815862,0.50315697,0.48648650,0.46802971,0.44762057,0.42501774,0.39985622,0.37155187,0.33908764,0.30043541,0.25037770
34980,0.58629583,0.58561640,0.58357691,0.58017363,0.57540004,0.56924633,0.56169867,0.55273811,0.54233907,0.53046719,0.51707632,0.50210413,0.48546560,0.46704306,0.44667024,0.42410541,0.39898283,0.37071690,0.33828716,0.29965575,0.24956409
35040,0.58507453,0.58439656,0.58236143,0.57896542,0.57420197,0.56806129,0.56052949,0.55158759,0.54120998,0.52936225,0.51599819,0.50105539,0.48444872,0.46606034,0.44572376,0.42319684,0.39811314,0.36988555,0.33749024,0.29887959,0.24875362
35100,0.58385780,0.58318128,0.58115050,0.57776173,0.57300841,0.56688070,0.55936471,0.55044143,0.54008519,0.52826155,0.51492424,0.50001074,0.48343584,0.46508155,0.44478112,0.42229203,0.39724711,0.36905781,0.33669688,0.29810692,0.24794628
35160,0.58264562,0.58197054,0.57994410,0.57656255,0.57181932,0.56570455,0.55820433,0.54929961,0.53896469,0.52716508,0.51385442,0.49897017,0.48242696,0.46410666,0.44384230,0.42139096,0.39638475,0.36823366,0.33590705,0.29733773,0.24714204
35220,0.58143797,0.58076434,0.57874223,0.57536787,0.57063471,0.56453284,0.55704835,0.54816214,0.53784847,0.52607281,0.51278875,0.49793365,0.48142206,0.46313568,0.44290730,0.42049362,0.39552604,0.36741310,0.33512075,0.29657201,0.24634092
35280,0.58023484,0.57956264,0.57754485,0.57417767,0.56945454,0.56336554,0.55589673,0.54702897,0.53673651,0.52498474,0.51172720,0.49690118,0.48042112,0.46216857,0.44197609,0.41959999,0.39467096,0.36659610,0.33433797,0.29580975,0.24554289
35340,0.57903620,0.57836544,0.57635194,0.57299193,0.56827880,0.56220264,0.55474945,0.54590011,0.53562878,0.52390083,0.51066976,0.49587274,0.47942412,0.46120532,0.44104866,0.41871006,0.39381950,0.36578265,0.33355869,0.29505094,0.24474795
35400,0.57784204,0.57717271,0.57516350,0.57181063,0.56710747,0.56104411,0.55360651,0.54477552,0.53452527,0.52282109,0.50961639,0.49484830,0.47843105,0.46024592,0.44012499,0.41782381,0.39297165,0.36497275,0.33278290,0.29429557,0.24395609
35460,0.57665234,0.57598443,0.57397950,0.57063374,0.56594054,0.55988993,0.55246788,0.54365519,0.53342597,0.52174548,0.50856709,0.49382785,0.47744190,0.45929035,0.43920507,0.41694123,0.39212739,0.36416637,0.33201058,0.29354361,0.24316729
35520,0.57546707,0.57480060,0.57279993,0.56946127,0.56477798,0.55874010,0.55133355,0.54253911,0.53233085,0.52067399,0.50752185,0.49281139,0.47645664,0.45833859,0.43828889,0.41606229,0.39128671,0.36336350,0.33124172,0.29279507,0.24238155
35580,0.57428624,0.57362118,0.57162476,0.56829318,0.56361978,0.55759458,0.55020349,0.54142726,0.53123990,0.51960661,0.50648064,0.49179888,0.47547527,0.45739064,0.43737641,0.41518700,0.39044959,0.36256413,0.33047632,0.29204994,0.24159885
35640,0.57310981,0.57244616,0.57045398,0.56712946,0.56246592,0.55645338,0.54907770,0.54031961,0.53015311,0.51854332,0.50544345,0.49079031,0.47449776,0.45644647,0.43646765,0.41431533,0.38961601,0.36176825,0.32971435,0.29130819,0.24081919
35700,0.57193776,0.57127553,0.56928757,0.56597009,0.56131639,0.55531646,0.54795615,0.53921616,0.52907045,0.51748410,0.50441026,0.48978568,0.47352410,0.45550607,0.43556257,0.41344726,0.38878597,0.36097583,0.32895580,0.29056982,0.24004256
35760,0.57077009,0.57010926,0.56812552,0.56481505,0.56017116,0.55418380,0.54683883,0.53811689,0.52799191,0.51642894,0.50338106,0.48878496,0.47255427,0.45456942,0.43466116,0.41258279,0.38795945,0.36018688,0.32820067,0.28983483,0.23926894
35820,0.56960677,0.56894734,0.56696780,0.56366433,0.55903022,0.55305541,0.54572572,0.53702177,0.52691747,0.51537781,0.50235583,0.48778813,0.47158826,0.45363651,0.43376341,0.41172189,0.38713644,0.35940136,0.32744894,0.28910319,0.23849833
35880,0.56844778,0.56778975,0.56581441,0.56251791,0.55789355,0.55193124,0.54461680,0.53593080,0.52584712,0.51433071,0.50133455,0.48679518,0.47062606,0.45270732,0.43286930,0.41086456,0.38631692,0.35861928,0.32670059,0.28837489,0.23773072
35940,0.56729311,0.56663647,0.56466531,0.56137577,0.55676113,0.55081130,0.54351205,0.53484395,0.52478084,0.51328761,0.50031721,0.48580610,0.46966764,0.45178184,0.43197881,0.41001078,0.38550087,0.35784061,0.32595561,0.28764993,0.23696610
36000,0.56614274,0.56548749,0.56352050,0.56023789,0.55563295,0.54969555,0.54241146,0.53376122,0.52371861,0.51224850,0.49930379,0.48482086,0.46871299,0.45086005,0.43109194,0.40916053,0.38468829,0.35706535,0.32521400,0.28692830,0.23620445
36060,0.56499677,0.56434291,0.56238006,0.55910438,0.55450910,0.54858411,0.54131513,0.53268268,0.52266052,0.51121348,0.49829438,0.48383956,0.46776220,0.44994203,0.43020877,0.40831390,0.38387924,0.35629357,0.32447582,0.28621006,0.23544586
36120,0.56385495,0.56320247,0.56124377,0.55797498,0.55338935,0.54747672,0.54022281,0.53160811,0.52160635,0.51018230,0.49728876,0.48286198,0.46681506,0.44902759,0.42932908,0.40747068,0.38307355,0.35552507,0.32374089,0.28549505,0.23469014
36180,0.56271737,0.56206627,0.56011170,0.55684980,0.55227377,0.54637347,0.53913460,0.53053760,0.52055617,0.50915507,0.49628700,0.48188819,0.46587163,0.44811678,0.42845296,0.40663095,0.38227127,0.35475993,0.32300928,0.28478332,0.23393737
36240,0.56158403,0.56093430,0.55898385,0.55572880,0.55116236,0.54527436,0.53805047,0.52947112,0.51950998,0.50813175,0.49528911,0.48091819,0.46493191,0.44720961,0.42758038,0.40579469,0.38147239,0.35399814,0.32228097,0.28407487,0.23318754
36300,0.56045490,0.55980654,0.55786020,0.55461199,0.55005511,0.54417937,0.53697043,0.52840868,0.51846777,0.50711235,0.49429506,0.47995196,0.46399589,0.44630605,0.42671135,0.40496190,0.38067691,0.35323969,0.32155597,0.28336969,0.23244063
36360,0.55932997,0.55868297,0.55674073,0.55349934,0.54895199,0.54308848,0.53589444,0.52735025,0.51742951,0.50609684,0.49330483,0.47898949,0.46306355,0.44540610,0.42584585,0.40413256,0.37988481,0.35248456,0.32083426,0.28266777,0.23169665
36420,0.55820922,0.55756359,0.55562543,0.55239083,0.54785299,0.54200167,0.53482249,0.52629581,0.51639519,0.50508521,0.49231842,0.47803076,0.46213487,0.44450974,0.42498385,0.40330666,0.37909608,0.35173275,0.32011581,0.28196910,0.23095558
36480,0.55709263,0.55644836,0.55451427,0.55128646,0.54675809,0.54091894,0.53375458,0.52524535,0.51536479,0.50407745,0.49133580,0.47707575,0.46120985,0.44361695,0.42412535,0.40248417,0.37831070,0.35098423,0.31940063,0.28127366,0.23021741
36540,0.55598020,0.55533728,0.55340725,0.55018620,0.54566729,0.53984026,0.53269068,0.52419886,0.51433831,0.50307353,0.49035697,0.47612446,0.46028847,0.44272772,0.42327034,0.40166510,0.37752866,0.35023900,0.31868870,0.28058146,0.22948215
36600,0.55487190,0.55423033,0.55230435,0.54909004,0.54458055,0.53876561,0.53163077,0.52315632,0.51331571,0.50207345,0.48938191,0.47517686,0.45937070,0.44184204,0.42241880,0.40084942,0.37674996,0.34949704,0.31798001,0.27989248,0.22874976
36660,0.55376771,0.55312749,0.55120555,0.54799797,0.54349787,0.53769499,0.53057485,0.52211770,0.51229700,0.50107719,0.48841060,0.47423294,0.45845655,0.44095989,0.42157071,0.40003712,0.37597456,0.34875833,0.31727455,0.27920670,0.22802025
36720,0.55266762,0.55202875,0.55011083,0.54690995,0.54241923,0.53662837,0.52952288,0.52108301,0.51128215,0.50008472,0.48744302,0.47329270,0.45754599,0.44008125,0.42072606,0.39922819,0.37520246,0.34802288,0.31657229,0.27852411,0.22729362
36780,0.55157162,0.55093408,0.54902018,0.54582599,0.54134461,0.53556574,0.52847487,0.52005221,0.51027114,0.49909605,0.48647917,0.47235610,0.45663900,0.43920612,0.41988484,0.39842261,0.37443365,0.34729066,0.31587324,0.27784471,0.22656983
36840,0.55047968,0.54984348,0.54793358,0.54474605,0.54027399,0.53450708,0.52743078,0.51902529,0.50926397,0.49811114,0.48551902,0.47142313,0.45573558,0.43833448,0.41904702,0.39762037,0.37366812,0.34656165,0.31517738,0.27716849,0.22584890
36900,0.54939179,0.54875692,0.54685102,0.54367014,0.53920737,0.53345238,0.52639061,0.51800225,0.50826060,0.49712999,0.48456255,0.47049379,0.45483570,0.43746630,0.41821261,0.39682146,0.37290584,0.34583586,0.31448469,0.27649543,0.22513081
36960,0.54830793,0.54767439,0.54577247,0.54259821,0.53814471,0.53240161,0.52535434,0.51698305,0.50726104,0.49615257,0.48360977,0.46956805,0.45393936,0.43660159,0.41738158,0.39602585,0.37214680,0.34511325,0.31379517,0.27582552,0.22441555
37020,0.54722809,0.54659587,0.54469792,0.54153028,0.53708602,0.53135477,0.52432196,0.51596769,0.50626526,0.49517888,0.48266064,0.46864591,0.45304653,0.43574032,0.41655392,0.39523355,0.37139100,0.34439383,0.31310880,0.27515875,0.22370311
37080,0.54615225,0.54552135,0.54362736,0.54046631,0.53603126,0.53031183,0.52329343,0.51495616,0.50527324,0.49420890,0.48171516,0.46772734,0.45215721,0.43488248,0.41572961,0.39444452,0.37063842,0.34367757,0.31242556,0.27449512,0.22299349
37140,0.54508040,0.54445081,0.54256077,0.53940629,0.53498043,0.52927279,0.52226877,0.51394842,0.50428498,0.49324261,0.48077331,0.46681233,0.45127138,0.43402805,0.41490864,0.39365877,0.36988904,0.34296447,0.31174546,0.27383460,0.22228667
37200,0.54401251,0.54338424,0.54149813,0.53835020,0.53393351,0.52823763,0.52124793,0.51294448,0.50330046,0.49228000,0.47983507,0.46590087,0.45038903,0.43317703,0.41409101,0.39287627,0.36914286,0.34225452,0.31106847,0.27317720,0.22158265
37260,0.54294858,0.54232162,0.54043944,0.53729804,0.53289048,0.52720633,0.52023093,0.51194432,0.50231966,0.49132107,0.47890044,0.46499294,0.44951014,0.43232940,0.41327669,0.39209702,0.36839986,0.34154769,0.31039458,0.27252289,0.22088142
37320,0.54188859,0.54126293,0.53938466,0.53624979,0.53185133,0.52617887,0.51921773,0.51094792,0.50134257,0.49036577,0.47796939,0.46408853,0.44863469,0.43148514,0.41246567,0.39132100,0.36766003,0.34084398,0.30972379,0.27187168,0.22018296
37380,0.54083251,0.54020816,0.53833379,0.53520542,0.53081605,0.52515525,0.51820832,0.50995526,0.50036918,0.48941412,0.47704192,0.46318763,0.44776268,0.43064424,0.41165793,0.39054820,0.36692334,0.34014338,0.30905608,0.27122355,0.21948728
37440,0.53978035,0.53915729,0.53728681,0.53416492,0.52978461,0.52413543,0.51720268,0.50896633,0.49939946,0.48846608,0.47611800,0.46229021,0.44689409,0.42980669,0.41085347,0.38977860,0.36618980,0.33944587,0.30839143,0.27057848,0.21879436
37500,0.53873207,0.53811030,0.53624371,0.53312827,0.52875700,0.52311942,0.51620080,0.50798111,0.49843340,0.48752165,0.47519762,0.46139627,0.44602890,0.42897246,0.41005227,0.38901218,0.36545939,0.33875143,0.30772984,0.26993647,0.21810419
37560,0.53768766,0.53706719,0.53520446,0.53209547,0.52773321,0.52210719,0.51520267,0.50699959,0.49747098,0.48658080,0.47428077,0.46050579,0.44516710,0.42814156,0.40925432,0.38824895,0.36473209,0.33806007,0.30707129,0.26929751,0.21741677
37620,0.53664711,0.53602792,0.53416906,0.53106649,0.52671321,0.52109872,0.51420826,0.50602175,0.49651220,0.48564353,0.47336742,0.45961875,0.44430867,0.42731396,0.40845959,0.38748887,0.36400789,0.33737175,0.30641578,0.26866159,0.21673208
37680,0.53561039,0.53499249,0.53313747,0.53004132,0.52569700,0.52009400,0.51321756,0.50504758,0.49555703,0.48470981,0.47245758,0.45873515,0.44345361,0.42648964,0.40766808,0.38673194,0.36328677,0.33668648,0.30576328,0.26802869,0.21605011
37740,0.53457750,0.53396088,0.53210970,0.52901993,0.52468455,0.51909302,0.51223056,0.50407705,0.49460546,0.48377964,0.47155121,0.45785495,0.44260189,0.42566860,0.40687977,0.38597815,0.36256873,0.33600423,0.30511378,0.26739881,0.21537087
37800,0.53354844,0.53293309,0.53108574,0.52800234,0.52367586,0.51809577,0.51124726,0.50311018,0.49365749,0.48285301,0.47064833,0.45697817,0.44175351,0.42485083,0.40609467,0.38522749,0.36185376,0.33532500,0.30446729,0.26677193,0.21469434
37860,0.53252317,0.53190909,0.53006556,0.52698851,0.52267092,0.51710223,0.51026762,0.50214693,0.49271309,0.48192989,0.46974890,0.45610478,0.44090845,0.42403631,0.40531274,0.38447994,0.36114184,0.33464878,0.30382379,0.26614805,0.21402052
37920,0.53150168,0.53088887,0.52904914,0.52597843,0.52166970,0.51611237,0.50929163,0.50118729,0.49177225,0.48101028,0.46885291,0.45523477,0.44006671,0.42322503,0.40453398,0.38373548,0.36043295,0.33397555,0.30318325,0.26552716,0.21334938
37980,0.53048395,0.52987241,0.52803647,0.52497209,0.52067218,0.51512620,0.50831929,0.50023124,0.49083495,0.48009416,0.46796035,0.45436811,0.43922825,0.42241697,0.40375837,0.38299411,0.35972709,0.33330530,0.30254568,0.26490924,0.21268094
38040,0.52946997,0.52885969,0.52702754,0.52396945,0.51967836,0.51414368,0.50735056,0.49927878,0.48990118,0.47918150,0.46707119,0.45350480,0.43839307,0.42161211,0.40298589,0.38225581,0.35902424,0.33263802,0.30191105,0.26429429,0.21201517
38100,0.52845973,0.52785071,0.52602233,0.52297052,0.51868822,0.51316482,0.50638545,0.49832987,0.48897092,0.47827231,0.46618544,0.45264483,0.43756115,0.42081045,0.40221654,0.38152057,0.35832439,0.33197368,0.30127936,0.26368228,0.21135207
38160,0.52745320,0.52684543,0.52502082,0.52197528,0.51770173,0.51218958,0.50542392,0.49738451,0.48804417,0.47736656,0.46530307,0.45178817,0.43673249,0.42001198,0.40145030,0.38078837,0.35762752,0.33131229,0.30065060,0.26307322,0.21069164
38220,0.52645037,0.52584386,0.52402299,0.52098370,0.51671889,0.51121795,0.50446597,0.49644269,0.48712089,0.47646423,0.46442406,0.45093482,0.43590706,0.41921666,0.40068716,0.38005920,0.35693362,0.33065383,0.30002475,0.26246710,0.21003385
38280,0.52545123,0.52484597,0.52302884,0.51999578,0.51573969,0.51024992,0.50351159,0.49550438,0.48620109,0.47556532,0.46354841,0.45008475,0.43508485,0.41842450,0.39992710,0.37933305,0.35624269,0.32999829,0.29940179,0.26186389,0.20937870
38340,0.52445577,0.52385175,0.52203836,0.51901151,0.51476410,0.50928549,0.50256076,0.49456959,0.48528474,0.47466982,0.46267611,0.44923797,0.43426586,0.41763549,0.39917012,0.37860991,0.35555470,0.32934565,0.29878173,0.26126360,0.20872620
38400,0.52346398,0.52286120,0.52105152,0.51803087,0.51379213,0.50832464,0.50161347,0.49363830,0.48437185,0.47377771,0.46180714,0.44839446,0.43345007,0.41684961,0.39841620,0.37788977,0.35486966,0.32869591,0.29816456,0.26066622,0.20807633
38460,0.52247583,0.52187428,0.52006832,0.51705385,0.51282374,0.50736734,0.50066970,0.49271048,0.48346238,0.47288897,0.46094148,0.44755420,0.43263746,0.41606684,0.39766533,0.37717261,0.35418753,0.32804905,0.29755025,0.26007172,0.20742909
38520,0.52149131,0.52089100,0.51908873,0.51608042,0.51185893,0.50641359,0.49972944,0.49178613,0.48255633,0.47200360,0.46007913,0.44671717,0.43182803,0.41528718,0.39691749,0.37645842,0.35350832,0.32740506,0.29693879,0.25948011,0.20678445
38580,0.52051040,0.51991132,0.51811275,0.51511058,0.51089768,0.50546337,0.49879268,0.49086522,0.48165368,0.47112157,0.45922006,0.44588337,0.43102175,0.41451061,0.39617268,0.37574718,0.35283201,0.32676392,0.29633018,0.25889137,0.20614243
38640,0.51953309,0.51893524,0.51714035,0.51414431,0.50993998,0.50451667,0.49785939,0.48994775,0.48075442,0.47024287,0.45836427,0.44505278,0.43021862,0.41373711,0.39543087,0.37503889,0.35215859,0.32612563,0.29572440,0.25830549,0.20550299
38700,0.51855937,0.51796274,0.51617152,0.51318159,0.50898580,0.50357346,0.49692956,0.48903370,0.47985852,0.46936749,0.45751174,0.44422539,0.42941862,0.41296667,0.39469206,0.37433352,0.35148803,0.32549017,0.29512144,0.25772245,0.20486615
38760,0.51758922,0.51699381,0.51520624,0.51222240,0.50803514,0.50263373,0.49600318,0.48812306,0.47896599,0.46849542,0.45666245,0.44340118,0.42862173,0.41219928,0.39395622,0.37363108,0.35082034,0.32485754,0.29452129,0.25714226,0.20423189
38820,0.51662262,0.51602842,0.51424450,0.51126674,0.50708797,0.50169748,0.49508023,0.48721580,0.47807679,0.46762663,0.45581639,0.44258013,0.42782794,0.41143493,0.39322336,0.37293153,0.35015549,0.32422770,0.29392393,0.25656490,0.20360020
38880,0.51565956,0.51506658,0.51328629,0.51031459,0.50614430,0.50076468,0.49416071,0.48631193,0.47719093,0.46676112,0.45497354,0.44176225,0.42703725,0.41067360,0.39249345,0.37223488,0.34949348,0.32360067,0.29332936,0.25599036,0.20297108
38940,0.51470003,0.51410826,0.51233161,0.50936595,0.50520410,0.49983534,0.49324460,0.48541142,0.47630839,0.46589888,0.45413392,0.44094751,0.42624964,0.40991529,0.39176649,0.37154112,0.34883430,0.32297642,0.29273757,0.25541863,0.20234452
39000,0.51374402,0.51315346,0.51138042,0.50842079,0.50426737,0.49890942,0.49233188,0.48451427,0.47542916,0.46503989,0.45329748,0.44013591,0.42546510,0.40915998,0.39104247,0.37085022,0.34817794,0.32235495,0.29214854,0.25484971,0.20172051
39060,0.51279151,0.51220215,0.51043273,0.50747910,0.50333408,0.49798692,0.49142254,0.48362046,0.47455321,0.46418414,0.45246423,0.43932742,0.42468361,0.40840766,0.39032137,0.37016219,0.34752437,0.32173624,0.29156227,0.25428357,0.20109905
39120,0.51184249,0.51125433,0.50948850,0.50654086,0.50240423,0.49706783,0.49051657,0.48272997,0.47368055,0.46333162,0.45163414,0.43852204,0.42390517,0.40765831,0.38960317,0.36947699,0.34687360,0.32112028,0.29097873,0.25372021,0.20048012
39180,0.51089694,0.51030997,0.50854773,0.50560607,0.50147779,0.49615212,0.48961396,0.48184280,0.47281114,0.46248230,0.45080721,0.43771975,0.42312975,0.40691192,0.38888787,0.36879463,0.34622560,0.32050706,0.29039793,0.25315962,0.19986372
39240,0.50995484,0.50936907,0.50761040,0.50467470,0.50055476,0.49523979,0.48871468,0.48095892,0.47194499,0.46163619,0.44998342,0.43692054,0.42235734,0.40616849,0.38817546,0.36811509,0.34558037,0.31989656,0.28981984,0.25260179,0.19924984
39300,0.50901619,0.50843161,0.50667651,0.50374675,0.49963512,0.49433081,0.48781873,0.48007833,0.47108208,0.46079325,0.44916275,0.43612440,0.42158794,0.40542798,0.38746591,0.36743836,0.34493789,0.31928878,0.28924446,0.25204670,0.19863848
39360,0.50808097,0.50749757,0.50574603,0.50282220,0.49871885,0.49342519,0.48692609,0.47920100,0.47022239,0.45995349,0.44834520,0.43533131,0.42082153,0.40469041,0.38675922,0.36676442,0.34429815,0.31868370,0.28867177,0.25149436,0.19802962
39420,0.50714916,0.50656695,0.50481895,0.50190103,0.49780595,0.49252290,0.48603675,0.47832694,0.46936590,0.45911689,0.44753075,0.43454127,0.42005810,0.40395574,0.38605538,0.36609327,0.34366114,0.31808131,0.28810177,0.25094475,0.19742325
39480,0.50622075,0.50563972,0.50389526,0.50098324,0.49689639,0.49162393,0.48515069,0.47745611,0.46851262,0.45828344,0.44671939,0.43375425,0.41929763,0.40322397,0.38535437,0.36542489,0.34302685,0.31748160,0.28753445,0.25039785,0.19681938
39540,0.50529573,0.50471587,0.50297495,0.50006880,0.49599017,0.49072826,0.48426791,0.47658852,0.46766252,0.45745311,0.44591111,0.43297024,0.41854011,0.40249509,0.38465619,0.36475927,0.34239526,0.31688456,0.28696978,0.24985367,0.19621800
39600,0.50437408,0.50379540,0.50205799,0.49915770,0.49508727,0.48983589,0.48338838,0.47572414,0.46681559,0.45662590,0.44510588,0.43218924,0.41778553,0.40176909,0.38396081,0.36409639,0.34176637,0.31629017,0.28640776,0.24931218,0.19561909
39660,0.50345589,0.50287838,0.50114448,0.49825003,0.49418778,0.48894689,0.48251219,0.47486306,0.46597190,0.45580189,0.44430380,0.43141131,0.41703396,0.40104602,0.38326831,0.36343634,0.34114024,0.31569851,0.28584846,0.24877345,0.19502273
39720,0.50254095,0.50196461,0.50023421,0.49734559,0.49329149,0.48806106,0.48163914,0.47400508,0.46513128,0.45498089,0.44350467,0.43063628,0.41628523,0.40032573,0.38257852,0.36277892,0.34051670,0.31510940,0.28529171,0.24823733,0.19442875
39780,0.50162934,0.50105416,0.49932725,0.49644444,0.49239847,0.48717848,0.48076929,0.47315027,0.46429377,0.45416296,0.44270855,0.42986421,0.41553939,0.39960827,0.38189149,0.36212422,0.33989581,0.31452291,0.28473757,0.24770387,0.19383723
39840,0.50072104,0.50014702,0.49842359,0.49554657,0.49150871,0.48629914,0.47990266,0.47229862,0.46345939,0.45334809,0.44191545,0.42909508,0.41479643,0.39889363,0.38120723,0.36147221,0.33927757,0.31393903,0.28418604,0.24717307,0.19324814
39900,0.49981605,0.49924319,0.49752323,0.49465199,0.49062221,0.48542302,0.47903921,0.47145012,0.46262811,0.45253628,0.44112534,0.42832890,0.41405636,0.39818181,0.38052571,0.36082289,0.33866196,0.31335775,0.28363710,0.24664491,0.19266150
39960,0.49891435,0.49834264,0.49662614,0.49376067,0.48973895,0.48455011,0.47817894,0.47060476,0.46179992,0.45172751,0.44033822,0.42756564,0.41331915,0.39747279,0.37984693,0.36017625,0.33804898,0.31277905,0.28309075,0.24611939,0.19207728
40020,0.49801593,0.49744537,0.49573232,0.49287260,0.48885892,0.48368041,0.47732184,0.46976253,0.46097481,0.45092177,0.43955408,0.42680530,0.41258480,0.39676656,0.37917088,0.35953227,0.33743861,0.31220293,0.28254696,0.24559650,0.19149550
40080,0.49712078,0.49655137,0.49484176,0.49198777,0.48798211,0.48281389,0.47646789,0.46892341,0.46015277,0.45011904,0.43877290,0.42604787,0.41185328,0.39606310,0.37849755,0.35889095,0.33683085,0.31162937,0.28200574,0.24507623,0.19091613
40140,0.49622888,0.49566061,0.49395443,0.49110616,0.48710849,0.48195055,0.47561708,0.46808739,0.45933379,0.44931933,0.43799467,0.42529332,0.41112460,0.39536242,0.37782691,0.35825227,0.33622567,0.31105837,0.28146707,0.24455856,0.19033917
40200,0.49534022,0.49477309,0.49307034,0.49022776,0.48623807,0.48109037,0.47476940,0.46725446,0.45851785,0.44852261,0.43721937,0.42454166,0.41039874,0.39466449,0.37715897,0.35761622,0.33562307,0.31048992,0.28093094,0.24404349,0.18976461
40260,0.49445479,0.49388880,0.49218945,0.48935257,0.48537083,0.48023334,0.47392483,0.46642461,0.45770494,0.44772886,0.43644701,0.42379286,0.40967568,0.39396930,0.37649371,0.35698279,0.33502304,0.30992399,0.28039734,0.24353101,0.18919246
40320,0.49357257,0.49300771,0.49131177,0.48848055,0.48450674,0.47937944,0.47308337,0.46559781,0.45689504,0.44693809,0.43567756,0.42304692,0.40895542,0.39327684,0.37583112,0.35635198,0.33442557,0.30936058,0.27986625,0.24302111,0.18862269
40380,0.49269355,0.49212982,0.49043728,0.48761171,0.48364581,0.47852866,0.47224499,0.46477407,0.45608815,0.44615027,0.43491101,0.42230383,0.40823794,0.39258710,0.37517118,0.35572375,0.33383064,0.30879969,0.27933768,0.24251377,0.18805531
40440,0.49181772,0.49125512,0.48956596,0.48674603,0.48278802,0.47768100,0.47140969,0.46395336,0.45528426,0.44536539,0.43414734,0.42156356,0.40752323,0.39190007,0.37451389,0.35509811,0.33323824,0.30824129,0.27881159,0.24200899,0.18749030
40500,0.49094506,0.49038359,0.48869780,0.48588349,0.48193335,0.47683643,0.47057746,0.46313568,0.45448334,0.44458345,0.43338656,0.42082611,0.40681127,0.39121574,0.37385923,0.35447505,0.33264837,0.30768537,0.27828800,0.24150676,0.18692766
40560,0.49007556,0.48951521,0.48783279,0.48502409,0.48108179,0.47599494,0.46974827,0.46232101,0.45368539,0.44380442,0.43262864,0.42009147,0.40610207,0.39053409,0.37320719,0.35385455,0.33206100,0.30713194,0.27776687,0.24100707,0.18636738
40620,0.48920921,0.48864998,0.48697092,0.48416781,0.48023332,0.47515653,0.46892212,0.46150934,0.45289040,0.44302829,0.43187357,0.41935962,0.40539559,0.38985511,0.37255777,0.35323660,0.33147614,0.30658096,0.27724821,0.24050990,0.18580946
40680,0.48834600,0.48778788,0.48611216,0.48331463,0.47938795,0.47432117,0.46809900,0.46070065,0.45209835,0.44225506,0.43112134,0.41863056,0.40469184,0.38917879,0.37191094,0.35262118,0.33089376,0.30603244,0.27673200,0.24001524,0.18525388
40740,0.48748590,0.48692890,0.48525652,0.48246455,0.47854564,0.47348886,0.46727888,0.45989494,0.45130923,0.44148472,0.43037194,0.41790427,0.40399080,0.38850512,0.37126670,0.35200830,0.33031385,0.30548636,0.27621823,0.23952309,0.18470065
40800,0.48662892,0.48607303,0.48440398,0.48161755,0.47770640,0.47265958,0.46646177,0.45909219,0.45052302,0.44071724,0.42962535,0.41718073,0.40329246,0.38783409,0.37062503,0.35139793,0.32973642,0.30494271,0.27570688,0.23903344,0.18414975
40860,0.48577503,0.48522024,0.48355451,0.48077362,0.47687021,0.47183333,0.46564765,0.45829239,0.44973972,0.43995261,0.42888157,0.41645995,0.40259681,0.38716568,0.36998593,0.35079007,0.32916143,0.30440148,0.27519796,0.23854628,0.18360117
40920,0.48492423,0.48437055,0.48270813,0.47993275,0.47603705,0.47101008,0.46483651,0.45749553,0.44895932,0.43919084,0.42814058,0.41574190,0.40190384,0.38649990,0.36934938,0.35018470,0.32858890,0.30386266,0.27469145,0.23806159,0.18305491
40980,0.48407650,0.48352392,0.48186480,0.47909492,0.47520692,0.47018984,0.46402833,0.45670159,0.44818181,0.43843190,0.42740238,0.41502658,0.40121353,0.38583671,0.36871538,0.34958182,0.32801880,0.30332623,0.27418733,0.23757936,0.18251097
41040,0.48323184,0.48268035,0.48102453,0.47826013,0.47437980,0.46937257,0.46322310,0.45591057,0.44740716,0.43767579,0.42666695,0.41431397,0.40052588,0.38517612,0.36808391,0.34898141,0.32745111,0.30279220,0.27368561,0.23709960,0.18196933
41100,0.48239021,0.48183983,0.48018728,0.47742835,0.47355568,0.46855828,0.46242081,0.45512245,0.44663537,0.43692248,0.42593427,0.41360407,0.39984087,0.38451811,0.36745496,0.34838347,0.32688584,0.30226054,0.27318625,0.23662228,0.18143000
41160,0.48155162,0.48100233,0.47935306,0.47659958,0.47273454,0.46774694,0.46162145,0.45433722,0.44586642,0.43617197,0.42520434,0.41289685,0.39915849,0.38386267,0.36682851,0.34778797,0.32632297,0.30173125,0.27268926,0.23614739,0.18089295
41220,0.48071606,0.48016785,0.47852184,0.47577381,0.47191637,0.46693856,0.46082500,0.45355486,0.44510031,0.43542425,0.42447714,0.41219231,0.39847873,0.38320979,0.36620457,0.34719491,0.32576249,0.30120431,0.27219463,0.23567493,0.18035819
41280,0.47988350,0.47933637,0.47769362,0.47495101,0.47110117,0.46613310,0.46003145,0.45277537,0.44433702,0.43467930,0.42375267,0.41149043,0.39780157,0.38255945,0.36558311,0.34660428,0.32520438,0.30067971,0.27170234,0.23520488,0.17982571
41340,0.47905393,0.47850789,0.47686839,0.47413118,0.47028891,0.46533057,0.45924079,0.45199873,0.44357654,0.43393711,0.42303090,0.41079121,0.39712701,0.38191165,0.36496412,0.34601607,0.32464864,0.30015744,0.27121238,0.23473724,0.17929549
41400,0.47822735,0.47768239,0.47604612,0.47331431,0.46947959,0.46453094,0.45845300,0.45122493,0.44281885,0.43319767,0.42231183,0.41009463,0.39645504,0.38126637,0.36434760,0.34543026,0.32409525,0.29963749,0.27072474,0.23427200,0.17876754
41460,0.47740374,0.47685986,0.47522682,0.47250039,0.46867319,0.46373422,0.45766809,0.45045396,0.44206396,0.43246098,0.42159546,0.40940069,0.39578564,0.38062361,0.36373353,0.34484685,0.32354421,0.29911986,0.27023941,0.23380914,0.17824185
41520,0.47658310,0.47604029,0.47441047,0.47168941,0.46786972,0.46294039,0.45688604,0.44968582,0.44131185,0.43172701,0.42088176,0.40870937,0.39511881,0.37998336,0.36312191,0.34426582,0.32299551,0.29860453,0.26975639,0.23334865,0.17771842
41580,0.47576540,0.47522366,0.47359706,0.47088135,0.46706914,0.46214943,0.45610683,0.44892048,0.44056250,0.43099577,0.42017073,0.40802067,0.39445453,0.37934560,0.36251272,0.34368718,0.32244914,0.29809149,0.26927565,0.23289053,0.17719723
41640,0.47495065,0.47440997,0.47278657,0.47007620,0.46627145,0.46136134,0.45533045,0.44815793,0.43981590,0.43026723,0.41946235,0.40733456,0.39379279,0.37871032,0.36190596,0.34311089,0.32190507,0.29758073,0.26879720,0.23243477,0.17667828
41700,0.47413881,0.47359920,0.47197900,0.46927394,0.46547664,0.46057609,0.45455689,0.44739817,0.43907204,0.42954138,0.41875662,0.40665104,0.39313358,0.37807751,0.36130160,0.34253696,0.32136331,0.29707224,0.26832102,0.23198135,0.17616155
41760,0.47332989,0.47279134,0.47117432,0.46847457,0.46468470,0.45979369,0.45378614,0.44664117,0.43833091,0.42881821,0.41805352,0.40597010,0.39247689,0.37744715,0.36069964,0.34196537,0.32082384,0.29656601,0.26784709,0.23153026,0.17564706
41820,0.47252386,0.47198637,0.47037253,0.46767807,0.46389560,0.45901411,0.45301818,0.44588694,0.43759249,0.42809771,0.41735303,0.40529172,0.39182271,0.37681925,0.36010007,0.34139612,0.32028665,0.29606202,0.26737541,0.23108150,0.17513478
41880,0.47172072,0.47118429,0.46957361,0.46688443,0.46310935,0.45823734,0.45225300,0.44513545,0.43685678,0.42737988,0.41665516,0.40461589,0.39117102,0.37619378,0.35950288,0.34082918,0.31975173,0.29556027,0.26690597,0.23063506,0.17462471
41940,0.47092045,0.47038507,0.46877755,0.46609364,0.46232592,0.45746338,0.45149059,0.44438669,0.43612376,0.42666468,0.41595987,0.40394261,0.39052182,0.37557074,0.35890805,0.34026455,0.31921907,0.29506074,0.26643875,0.23019092,0.17411684
42000,0.47012304,0.46958872,0.46798435,0.46530568,0.46154531,0.45669220,0.45073094,0.44364065,0.43539343,0.42595212,0.41526718,0.40327186,0.38987509,0.37495011,0.35831558,0.33970221,0.31868866,0.29456342,0.26597375,0.22974907,0.17361118
42060,0.46932850,0.46879522,0.46719399,0.46452056,0.46076751,0.45592382,0.44997406,0.44289734,0.43466577,0.42524220,0.41457707,0.40260363,0.38923083,0.37433190,0.35772546,0.33914218,0.31816050,0.29406832,0.26551096,0.22930951,0.17310770
42120,0.46853680,0.46800457,0.46640647,0.46373825,0.45999251,0.45515820,0.44921991,0.44215674,0.43394078,0.42453490,0.41388952,0.40193792,0.38858904,0.37371608,0.35713768,0.33858443,0.31763456,0.29357542,0.26505036,0.22887223,0.17260642
42180,0.46774793,0.46721674,0.46562177,0.46295875,0.45922030,0.45439535,0.44846849,0.44141882,0.43321844,0.42383020,0.41320453,0.40127471,0.38794968,0.37310265,0.35655223,0.33802894,0.31711085,0.29308470,0.26459195,0.22843721,0.17210731
42240,0.46696188,0.46643172,0.46483987,0.46218205,0.45845085,0.45363524,0.44771978,0.44068358,0.43249873,0.42312809,0.41252209,0.40061399,0.38731276,0.37249159,0.35596909,0.33747571,0.31658934,0.29259615,0.26413571,0.22800444,0.17161037
42300,0.46617863,0.46564951,0.46406076,0.46140812,0.45768417,0.45287786,0.44697378,0.43995102,0.43178166,0.42242857,0.41184217,0.39995575,0.38667825,0.37188290,0.35538825,0.33692473,0.31607003,0.29210977,0.26368164,0.22757392,0.17111560
42360,0.46539817,0.46487009,0.46328443,0.46063695,0.45692023,0.45212321,0.44623047,0.43922110,0.43106720,0.42173161,0.41116478,0.39929998,0.38604616,0.37127655,0.35480971,0.33637599,0.31555291,0.29162554,0.26322973,0.22714563,0.17062298
42420,0.46462050,0.46409344,0.46251088,0.45986855,0.45615903,0.45137127,0.44548984,0.43849384,0.43035534,0.42103721,0.41048989,0.39864666,0.38541647,0.37067255,0.35423345,0.33582948,0.31503796,0.29114345,0.26277995,0.22671957,0.17013252
42480,0.46384559,0.46331956,0.46174008,0.45910289,0.45540055,0.45062203,0.44475188,0.43776920,0.42964608,0.42034536,0.40981750,0.39799579,0.38478917,0.37007088,0.35365947,0.33528518,0.31452518,0.29066349,0.26233231,0.22629572,0.16964420
42540,0.46307344,0.46254844,0.46097203,0.45833995,0.45464479,0.44987547,0.44401658,0.43704719,0.42893939,0.41965605,0.40914760,0.39734735,0.38416425,0.36947153,0.35308774,0.33474308,0.31401456,0.29018566,0.26188679,0.22587408,0.16915802
42600,0.46230404,0.46178006,0.46020672,0.45757975,0.45389173,0.44913160,0.44328392,0.43632779,0.42823528,0.41896927,0.40848018,0.39670133,0.38354169,0.36887450,0.35251827,0.33420319,0.31350608,0.28970994,0.26144338,0.22545463,0.16867398
42660,0.46153739,0.46101442,0.45944414,0.45682226,0.45314137,0.44839040,0.44255391,0.43561100,0.42753374,0.41828501,0.40781523,0.39605774,0.38292150,0.36827977,0.35195105,0.33366548,0.31299975,0.28923633,0.26100208,0.22503736,0.16819206
42720,0.46077346,0.46025151,0.45868427,0.45606747,0.45239369,0.44765185,0.44182653,0.43489680,0.42683475,0.41760325,0.40715275,0.39541656,0.38230367,0.36768733,0.35138606,0.33312995,0.31249554,0.28876481,0.26056287,0.22462227,0.16771226
42780,0.46001224,0.45949131,0.45792711,0.45531538,0.45164868,0.44691595,0.44110176,0.43418518,0.42613830,0.41692399,0.40649271,0.39477776,0.38168817,0.36709717,0.35082330,0.33259660,0.31199346,0.28829537,0.26012575,0.22420935,0.16723457
42840,0.45925373,0.45873381,0.45717264,0.45456596,0.45090633,0.44618269,0.44037960,0.43347613,0.42544439,0.41624722,0.40583510,0.39414136,0.38107500,0.36650929,0.35026275,0.33206539,0.31149348,0.28782800,0.25969069,0.22379857,0.16675899
42900,0.45849792,0.45797900,0.45642086,0.45381921,0.45016663,0.44545205,0.43966003,0.43276965,0.42475299,0.41557293,0.40517993,0.39350733,0.38046415,0.36592366,0.34970440,0.33153634,0.31099559,0.28736270,0.25925770,0.22338995,0.16628551
42960,0.45774478,0.45722687,0.45567174,0.45307512,0.44942957,0.44472403,0.43894304,0.43206571,0.42406410,0.41490109,0.40452716,0.39287566,0.37985561,0.36534029,0.34914825,0.33100942,0.31049980,0.28689945,0.25882676,0.22298346,0.16581413
43020,0.45699432,0.45647741,0.45492529,0.45233367,0.44869513,0.44399860,0.43822863,0.43136430,0.42337771,0.41423172,0.40387681,0.39224635,0.37924936,0.36475916,0.34859428,0.33048463,0.31000608,0.28643825,0.25839787,0.22257909,0.16534483
43080,0.45624652,0.45573061,0.45418148,0.45159486,0.44796331,0.44327577,0.43751678,0.43066543,0.42269380,0.41356478,0.40322885,0.39161938,0.37864541,0.36418027,0.34804248,0.32996196,0.30951443,0.28597907,0.25797100,0.22217684,0.16487761
43140,0.45550136,0.45498645,0.45344031,0.45085867,0.44723410,0.44255552,0.43680748,0.42996907,0.42201238,0.41290028,0.40258328,0.39099474,0.37804373,0.36360359,0.34749285,0.32944140,0.30902484,0.28552193,0.25754616,0.22177669,0.16441247
43200,0.45475884,0.45424492,0.45270177,0.45012510,0.44650748,0.44183784,0.43610073,0.42927522,0.42133342,0.41223821,0.40194008,0.39037243,0.37744433,0.36302912,0.34694538,0.32892293,0.30853730,0.28506679,0.25712333,0.22137863,0.16394940
43260,0.45401904,0.45350611,0.45196593,0.44939421,0.44578353,0.44112280,0.43539658,0.42858395,0.42065700,0.41157862,0.40129932,0.38975250,0.37684725,0.36245693,0.34640011,0.32840662,0.30805186,0.28461372,0.25670256,0.22098273,0.16348846
43320,0.45328177,0.45276983,0.45123261,0.44866584,0.44506207,0.44041023,0.43469487,0.42789508,0.41998295,0.41092136,0.40066085,0.38913481,0.37625235,0.36188686,0.34585691,0.32789233,0.30756839,0.28416258,0.25628373,0.22058884,0.16302951
43380,0.45254709,0.45203614,0.45050188,0.44794003,0.44434316,0.43970019,0.43399567,0.42720868,0.41931132,0.41026649,0.40002471,0.38851940,0.37565969,0.36131897,0.34531583,0.32738009,0.30708693,0.28371342,0.25586687,0.22019701,0.16257260
43440,0.45181501,0.45130504,0.44977373,0.44721680,0.44362681,0.43899268,0.43329896,0.42652474,0.41864212,0.40961400,0.39939090,0.38790627,0.37506925,0.36075325,0.34477687,0.32686992,0.30660748,0.28326623,0.25545198,0.21980723,0.16211773
43500,0.45108551,0.45057652,0.44904815,0.44649612,0.44291299,0.43828768,0.43260474,0.42584326,0.41797533,0.40896387,0.39875942,0.38729542,0.37448103,0.36018968,0.34424001,0.32636179,0.30613002,0.28282101,0.25503905,0.21941949,0.16166489
43560,0.45035859,0.44985058,0.44832514,0.44577800,0.44220171,0.43758519,0.43191300,0.42516422,0.41731095,0.40831612,0.39813026,0.38668683,0.37389502,0.35962828,0.34370524,0.32585571,0.30565456,0.28237774,0.25462807,0.21903379,0.16121408
43620,0.44963423,0.44912719,0.44760468,0.44506241,0.44149294,0.43688520,0.43122373,0.42448761,0.41664897,0.40767071,0.39750339,0.38608050,0.37331121,0.35906902,0.34317257,0.32535165,0.30518108,0.28193642,0.25421904,0.21865012,0.16076530
43680,0.44891242,0.44840636,0.44688676,0.44434935,0.44078669,0.43618769,0.43053691,0.42381343,0.41598937,0.40702764,0.39687883,0.38547641,0.37272959,0.35851189,0.34264197,0.32484962,0.30470958,0.28149703,0.25381194,0.21826846,0.16031853
43740,0.44819316,0.44768806,0.44617138,0.44363881,0.44008294,0.43549266,0.42985254,0.42314166,0.41533214,0.40638691,0.39625655,0.38487455,0.37215015,0.35795688,0.34211344,0.32434960,0.30424003,0.28105957,0.25340676,0.21788880,0.15987377
43800,0.44747643,0.44697230,0.44545851,0.44293079,0.43938167,0.43480010,0.42917061,0.42247230,0.41467728,0.40574851,0.39563655,0.38427492,0.37157289,0.35740400,0.34158696,0.32385158,0.30377244,0.28062403,0.25300350,0.21751115,0.15943101
43860,0.44676222,0.44625906,0.44474816,0.44222526,0.43868289,0.43411000,0.42849111,0.42180533,0.41402478,0.40511241,0.39501881,0.38367751,0.37099779,0.35685322,0.34106254,0.32335556,0.30330679,0.28019040,0.25260214,0.21713548,0.15899026
43920,0.44605052,0.44554832,0.44404031,0.44152221,0.43798658,0.43342234,0.42781402,0.42114075,0.41337463,0.40447862,0.39440333,0.38308230,0.37042484,0.35630453,0.34054016,0.32286153,0.30284308,0.27975866,0.25220268,0.21676178,0.15855149
43980,0.44534133,0.44484008,0.44333495,0.44082165,0.43729273,0.43273711,0.42713935,0.42047854,0.41272681,0.40384712,0.39379010,0.38248929,0.36985403,0.35575794,0.34001981,0.32236947,0.30238129,0.27932881,0.25180510,0.21639006,0.15811471
44040,0.44463462,0.44413433,0.44263207,0.44012355,0.43660132,0.43205431,0.42646707,0.41981869,0.41208132,0.40321791,0.39317910,0.38189847,0.36928536,0.35521342,0.33950148,0.32187937,0.30192142,0.27890084,0.25140940,0.21602029,0.15767991
44100,0.44393040,0.44343106,0.44193166,0.43942791,0.43591235,0.43137393,0.42579717,0.41916120,0.41143814,0.40259097,0.39257033,0.38130983,0.36871881,0.35467097,0.33898516,0.32139123,0.30146346,0.27847474,0.25101556,0.21565246,0.15724709
44160,0.44322864,0.44273026,0.44123371,0.43873471,0.43522582,0.43069595,0.42512966,0.41850605,0.41079727,0.40196630,0.39196378,0.38072335,0.36815438,0.35413058,0.33847085,0.32090504,0.30100739,0.27805050,0.25062358,0.21528657,0.15681623
44220,0.44252934,0.44203191,0.44053821,0.43804395,0.43454170,0.43002036,0.42446451,0.41785323,0.41015869,0.40134387,0.39135944,0.38013903,0.36759205,0.35359224,0.33795852,0.32042079,0.30055321,0.27762812,0.25023344,0.21492261,0.15638732
44280,0.44183250,0.44133601,0.43984514,0.43735562,0.43385998,0.42934716,0.42380171,0.41720274,0.40952240,0.40072370,0.39075730,0.37955686,0.36703181,0.35305594,0.33744819,0.31993846,0.30010091,0.27720757,0.24984514,0.21456057,0.15596037
44340,0.44113809,0.44064255,0.43915451,0.43666970,0.43318067,0.42867634,0.42314126,0.41655456,0.40888839,0.40010575,0.39015734,0.37897682,0.36647366,0.35252167,0.33693982,0.31945806,0.29965048,0.27678885,0.24945866,0.21420043,0.15553537
44400,0.44044611,0.43995151,0.43846630,0.43598619,0.43250374,0.42800788,0.42248315,0.41590869,0.40825664,0.39949004,0.38955956,0.37839892,0.36591759,0.35198942,0.33643342,0.31897956,0.29920191,0.27637196,0.24907400,0.21384219,0.15511231
44460,0.43975655,0.43926289,0.43778049,0.43530507,0.43182919,0.42734177,0.42182737,0.41526511,0.40762716,0.39887653,0.38896396,0.37782314,0.36536359,0.35145918,0.33592898,0.31850297,0.29875519,0.27595688,0.24869115,0.21348584,0.15469118
44520,0.43906940,0.43857667,0.43709708,0.43462634,0.43115701,0.42667801,0.42117391,0.41462382,0.40699992,0.39826524,0.38837051,0.37724947,0.36481165,0.35093095,0.33542649,0.31802827,0.29831031,0.27554361,0.24831009,0.21313136,0.15427197
44580,0.43838466,0.43789286,0.43641607,0.43394999,0.43048719,0.42601659,0.42052275,0.41398480,0.40637492,0.39765614,0.38777922,0.37667790,0.36426175,0.35040472,0.33492594,0.31755545,0.29786726,0.27513213,0.24793083,0.21277875,0.15385469
44640,0.43770230,0.43721143,0.43573743,0.43327601,0.42981972,0.42535750,0.41987390,0.41334805,0.40575215,0.39704924,0.38719007,0.37610843,0.36371390,0.34988047,0.33442732,0.31708451,0.29742605,0.27472244,0.24755334,0.21242801,0.15343932
44700,0.43702232,0.43653238,0.43506117,0.43260438,0.42915460,0.42470072,0.41922733,0.41271356,0.40513160,0.39644451,0.38660306,0.37554104,0.36316809,0.34935820,0.33393062,0.31661544,0.29698664,0.27431453,0.24717763,0.21207911,0.15302586
44760,0.43634472,0.43585570,0.43438726,0.43193511,0.42849179,0.42404625,0.41858305,0.41208132,0.40451326,0.39584195,0.38601817,0.37497573,0.36262429,0.34883790,0.33343583,0.31614823,0.29654905,0.27390838,0.24680368,0.21173205,0.15261431
44820,0.43566947,0.43518138,0.43371571,0.43126817,0.42783131,0.42339408,0.41794103,0.41145131,0.40389712,0.39524155,0.38543539,0.37441248,0.36208251,0.34831956,0.33294294,0.31568286,0.29611325,0.27350400,0.24643147,0.21138682,0.15220465
44880,0.43499657,0.43450940,0.43304649,0.43060355,0.42717314,0.42274419,0.41730127,0.41082353,0.40328317,0.39464330,0.38485472,0.37385129,0.36154273,0.34780316,0.33245195,0.31521933,0.29567924,0.27310136,0.24606101,0.21104340,0.15179687
44940,0.43432601,0.43383976,0.43237960,0.42994125,0.42651727,0.42209658,0.41666376,0.41019797,0.40267141,0.39404719,0.38427614,0.37329215,0.36100495,0.34728871,0.33196285,0.31475763,0.29524701,0.27270047,0.24569228,0.21070180,0.15139098
45000,0.43365779,0.43317245,0.43171504,0.42928126,0.42586369,0.42145124,0.41602850,0.40957461,0.40206181,0.39345321,0.38369965,0.37273504,0.36046915,0.34677619,0.33147562,0.31429775,0.29481655,0.27230130,0.24532528,0.21036200,0.15098697
45060,0.43299188,0.43250745,0.43105278,0.42862357,0.42521238,0.42080815,0.41539546,0.40895346,0.40145438,0.39286135,0.38312524,0.37217996,0.35993533,0.34626559,0.33099025,0.31383969,0.29438785,0.27190386,0.24495998,0.21002398,0.15058482
45120,0.43232828,0.43184477,0.43039282,0.42796816,0.42456335,0.42016732,0.41476464,0.40833449,0.40084910,0.39227161,0.38255289,0.37162690,0.35940348,0.34575690,0.33050675,0.31338343,0.29396090,0.27150813,0.24459639,0.20968775,0.15018454
45180,0.43166699,0.43118439,0.42973517,0.42731505,0.42391659,0.41952873,0.41413605,0.40771771,0.40024597,0.39168398,0.38198262,0.37107586,0.35887359,0.34525013,0.33002510,0.31292897,0.29353571,0.27111411,0.24423450,0.20935329,0.14978611
45240,0.43100800,0.43052630,0.42907979,0.42666420,0.42327208,0.41889237,0.41350965,0.40710311,0.39964498,0.39109844,0.38141439,0.37052683,0.35834566,0.34474526,0.32954530,0.31247629,0.29311225,0.27072179,0.24387430,0.20902060,0.14938954
45300,0.43035129,0.42987049,0.42842669,0.42601561,0.42262981,0.41825823,0.41288546,0.40649067,0.39904612,0.39051499,0.38084821,0.36997979,0.35781967,0.34424227,0.32906733,0.31202540,0.29269052,0.27033116,0.24351577,0.20868965,0.14899481
45360,0.42969685,0.42921695,0.42777585,0.42536928,0.42198978,0.41762631,0.41226345,0.40588038,0.39844938,0.38993362,0.38028405,0.36943473,0.35729561,0.34374117,0.32859118,0.31157628,0.29227051,0.26994221,0.24315892,0.20836045,0.14860192
45420,0.42904467,0.42856567,0.42712727,0.42472518,0.42135197,0.41699658,0.41164361,0.40527224,0.39785474,0.38935431,0.37972193,0.36889165,0.35677348,0.34324194,0.32811685,0.31112891,0.29185221,0.26955493,0.24280372,0.20803298,0.14821086
45480,0.42839475,0.42791665,0.42648093,0.42408332,0.42071638,0.41636905,0.41102594,0.40466623,0.39726220,0.38877707,0.37916182,0.36835053,0.35625326,0.34274457,0.32764433,0.31068330,0.29143561,0.26916931,0.24245017,0.20770723,0.14782162
45540,0.42774708,0.42726986,0.42583683,0.42344368,0.42008299,0.41574371,0.41041042,0.40406234,0.39667175,0.38820187,0.37860371,0.36781138,0.35573496,0.34224905,0.32717360,0.31023944,0.29102070,0.26878534,0.24209826,0.20738320,0.14743421
45600,0.42710163,0.42662531,0.42519495,0.42280625,0.41945180,0.41512053,0.40979706,0.40346057,0.39608338,0.38762872,0.37804760,0.36727417,0.35521855,0.34175538,0.32670467,0.30979731,0.29060747,0.26840301,0.24174799,0.20706087,0.14704861
45660,0.42645842,0.42598298,0.42455528,0.42217103,0.41882279,0.41449952,0.40918583,0.40286091,0.39549709,0.38705760,0.37749348,0.36673891,0.35470403,0.34126354,0.32623751,0.30935690,0.29019592,0.26802232,0.24139933,0.20674023,0.14666481
45720,0.42581742,0.42534287,0.42391782,0.42153800,0.41819597,0.41388067,0.40857673,0.40226335,0.39491286,0.38648850,0.37694134,0.36620557,0.35419139,0.34077353,0.32577213,0.30891822,0.28978604,0.26764325,0.24105229,0.20642128,0.14628281
45780,0.42517863,0.42470497,0.42328257,0.42090717,0.41757132,0.41326398,0.40796976,0.40166789,0.39433069,0.38592143,0.37639118,0.36567418,0.35368063,0.34028535,0.32530853,0.30848125,0.28937783,0.26726581,0.24070686,0.20610401,0.14590261
45840,0.42454205,0.42406927,0.42264951,0.42027851,0.41694883,0.41264942,0.40736491,0.40107451,0.39375057,0.38535636,0.37584298,0.36514469,0.35317174,0.33979899,0.32484668,0.30804599,0.28897127,0.26688999,0.24036303,0.20578841,0.14552419
45900,0.42390766,0.42343575,0.42201863,0.41965202,0.41632849,0.41203700,0.40676216,0.40048320,0.39317248,0.38479329,0.37529674,0.36461712,0.35266471,0.33931443,0.32438659,0.30761242,0.28856635,0.26651576,0.24002079,0.20547446,0.14514755
45960,0.42327545,0.42280442,0.42138993,0.41902770,0.41571030,0.41142669,0.40616150,0.39989396,0.39259643,0.38423222,0.37475245,0.36409145,0.35215953,0.33883167,0.32392823,0.30718054,0.28816307,0.26614313,0.23968012,0.20516216,0.14477269
46020,0.42264541,0.42217525,0.42076338,0.41840552,0.41509424,0.41081850,0.40556293,0.39930678,0.39202240,0.38367312,0.37421010,0.36356766,0.35165619,0.33835069,0.32347161,0.30675033,0.28776141,0.26577208,0.23934103,0.20485150,0.14439960
46080,0.42201753,0.42154825,0.42013899,0.41778548,0.41448030,0.41021241,0.40496644,0.39872164,0.39145038,0.38311600,0.37366967,0.36304576,0.35115468,0.33787149,0.32301671,0.30632180,0.28736138,0.26540261,0.23900350,0.20454247,0.14402826
46140,0.42139181,0.42092339,0.41951674,0.41716758,0.41386848,0.40960841,0.40437201,0.39813853,0.39088036,0.38256084,0.37313116,0.36252573,0.35065500,0.33739407,0.32256353,0.30589493,0.28696295,0.26503471,0.23866752,0.20423506,0.14365868
46200,0.42076823,0.42030068,0.41889662,0.41655179,0.41325876,0.40900650,0.40377964,0.39755746,0.39031233,0.38200763,0.37259457,0.36200757,0.35015713,0.33691840,0.32211205,0.30546971,0.28656612,0.26466837,0.23833308,0.20392926,0.14329085
46260,0.42014678,0.41968009,0.41827863,0.41593812,0.41265114,0.40840666,0.40318933,0.39697840,0.38974629,0.38145637,0.37205988,0.36149126,0.34966106,0.33644449,0.32166228,0.30504614,0.28617089,0.26430357,0.23800018,0.20362505,0.14292476
46320,0.41952746,0.41906164,0.41766276,0.41532656,0.41204561,0.40780890,0.40260105,0.39640136,0.38918223,0.38090705,0.37152708,0.36097681,0.34916680,0.33597233,0.32121420,0.30462420,0.28577724,0.26394032,0.23766880,0.20332245,0.14256041
46380,0.41891027,0.41844531,0.41704901,0.41471710,0.41144217,0.40721320,0.40201482,0.39582633,0.38862014,0.38035967,0.37099618,0.36046420,0.34867434,0.33550192,0.32076781,0.30420390,0.28538518,0.26357862,0.23733895,0.20302142,0.14219779
46440,0.41829519,0.41783108,0.41643735,0.41410973,0.41084080,0.40661955,0.40143061,0.39525329,0.38806002,0.37981421,0.37046717,0.35995343,0.34818366,0.33503323,0.32032310,0.30378523,0.28499469,0.26321844,0.23701061,0.20272197,0.14183689
46500,0.41768221,0.41721895,0.41582779,0.41350444,0.41024150,0.40602794,0.40084842,0.39468225,0.38750185,0.37927066,0.36994002,0.35944448,0.34769475,0.33456627,0.31988005,0.30336817,0.28460576,0.26285978,0.23668377,0.20242409,0.14147770
46560,0.41707132,0.41660892,0.41522031,0.41290122,0.40964425,0.40543837,0.40026824,0.39411318,0.38694562,0.37872902,0.36941474,0.35893735,0.34720762,0.33410103,0.31943867,0.30295271,0.28421838,0.26250263,0.23635843,0.20212776,0.14112022
46620,0.41646252,0.41600096,0.41461490,0.41230007,0.40904905,0.40485082,0.39969006,0.39354608,0.38639133,0.37818928,0.36889131,0.35843203,0.34672224,0.33363749,0.31899894,0.30253886,0.28383255,0.26214699,0.23603457,0.20183297,0.14076445
46680,0.41585579,0.41539508,0.41401156,0.41170097,0.40845588,0.40426529,0.39911387,0.39298094,0.38583896,0.37765143,0.36836973,0.35792851,0.34623861,0.33317565,0.31856086,0.30212659,0.28344826,0.26179283,0.23571218,0.20153973,0.14041037
46740,0.41525112,0.41479126,0.41341028,0.41110391,0.40786474,0.40368177,0.39853966,0.39241775,0.38528852,0.37711546,0.36784998,0.35742679,0.34575673,0.33271550,0.31812442,0.30171591,0.28306551,0.26144017,0.23539127,0.20124801,0.14005799
46800,0.41464852,0.41418950,0.41281104,0.41050889,0.40727562,0.40310024,0.39796743,0.39185651,0.38473998,0.37658136,0.36733207,0.35692684,0.34527659,0.33225704,0.31768960,0.30130680,0.28268427,0.26108899,0.23507181,0.20095781,0.13970729
46860,0.41404804,0.41358986,0.41221393,0.40991598,0.40668860,0.40252079,0.39739724,0.39129728,0.38419343,0.37604920,0.36681605,0.35642875,0.34479824,0.33180032,0.31725647,0.30089932,0.28230461,0.26073933,0.23475386,0.20066917,0.13935833
46920,0.41344954,0.41299219,0.41161878,0.40932502,0.40610351,0.40194325,0.39682894,0.39073992,0.38364870,0.37551883,0.36630179,0.35593236,0.34432155,0.33134521,0.31682490,0.30049335,0.28192640,0.26039109,0.23443730,0.20038199,0.13901099
46980,0.41285305,0.41239655,0.41102564,0.40873606,0.40552041,0.40136768,0.39626259,0.39018447,0.38310586,0.37499031,0.36578933,0.35543773,0.34384657,0.33089176,0.31639493,0.30008893,0.28154969,0.26004430,0.23412217,0.20009629,0.13866529
47040,0.41225860,0.41180293,0.41043452,0.40814910,0.40493929,0.40079408,0.39569817,0.38963093,0.38256489,0.37446363,0.36527866,0.35494486,0.34337330,0.33043996,0.31596656,0.29968605,0.28117447,0.25969895,0.23380847,0.19981207,0.13832126
47100,0.41166615,0.41121131,0.40984540,0.40756414,0.40436015,0.40022243,0.39513569,0.38907929,0.38202579,0.37393877,0.36476979,0.35445372,0.34290172,0.32998980,0.31553978,0.29928470,0.28080074,0.25935505,0.23349619,0.19952933,0.13797887
47160,0.41107572,0.41062171,0.40925828,0.40698117,0.40378299,0.39965274,0.39457514,0.38852956,0.38148856,0.37341575,0.36426270,0.35396434,0.34243183,0.32954129,0.31511459,0.29888490,0.28042849,0.25901258,0.23318532,0.19924805,0.13763812
47220,0.41048729,0.41003410,0.40867315,0.40640018,0.40320779,0.39908499,0.39401650,0.38798171,0.38095318,0.37289454,0.36375739,0.35347668,0.34196363,0.32909440,0.31469098,0.29848661,0.28005770,0.25867153,0.23287585,0.19896823,0.13729902
47280,0.40990085,0.40944849,0.40809001,0.40582116,0.40263454,0.39851917,0.39345978,0.38743575,0.38041965,0.37237515,0.36325385,0.35299074,0.34149710,0.32864914,0.31426893,0.29808984,0.27968838,0.25833191,0.23256778,0.19868986,0.13696155
47340,0.40931639,0.40886485,0.40750884,0.40524410,0.40206324,0.39795529,0.39290496,0.38689165,0.37988797,0.37185756,0.36275207,0.35250652,0.34103224,0.32820550,0.31384845,0.29769457,0.27932052,0.25799369,0.23226110,0.19841293,0.13662570
47400,0.40873391,0.40828319,0.40692964,0.40466900,0.40149389,0.39739332,0.39235203,0.38634943,0.37935811,0.37134176,0.36225205,0.35202402,0.34056904,0.32776347,0.31342953,0.29730081,0.27895410,0.25765688,0.23195579,0.19813743,0.13629148
47460,0.40815339,0.40770349,0.40635240,0.40409585,0.40092646,0.39683326,0.39180099,0.38580906,0.37883008,0.37082776,0.36175377,0.35154321,0.34010750,0.32732304,0.31301216,0.29690855,0.27858913,0.25732146,0.23165186,0.19786335,0.13595887
47520,0.40757484,0.40712576,0.40577711,0.40352464,0.40036096,0.39627511,0.39125183,0.38527054,0.37830387,0.37031553,0.36125724,0.35106410,0.33964760,0.32688421,0.31259633,0.29651777,0.27822559,0.25698744,0.23134929,0.19759069,0.13562786
47580,0.40699824,0.40654997,0.40520376,0.40295535,0.39979738,0.39571886,0.39070455,0.38473387,0.37777947,0.36980508,0.36076243,0.35058668,0.33918934,0.32644696,0.31218203,0.29612848,0.27786348,0.25665479,0.23104808,0.19731943,0.13529846
47640,0.40642358,0.40597612,0.40463234,0.40238800,0.39923570,0.39516449,0.39015912,0.38419903,0.37725687,0.36929639,0.36026935,0.35011094,0.33873271,0.32601129,0.31176926,0.29574065,0.27750279,0.25632352,0.23074822,0.19704957,0.13497065
47700,0.40585086,0.40540421,0.40406286,0.40182255,0.39867592,0.39461200,0.38961555,0.38366602,0.37673607,0.36878946,0.35977798,0.34963687,0.33827771,0.32557720,0.31135801,0.29535429,0.27714351,0.25599361,0.23044970,0.19678109,0.13464443
47760,0.40528007,0.40483422,0.40349529,0.40125902,0.39811803,0.39406138,0.38907383,0.38313483,0.37621705,0.36828428,0.35928833,0.34916446,0.33782433,0.32514468,0.31094827,0.29496939,0.27678563,0.25566506,0.23015251,0.19651400,0.13431980
47820,0.40471119,0.40426615,0.40292963,0.40069738,0.39756203,0.39351263,0.38853395,0.38260544,0.37569981,0.36778084,0.35880038,0.34869371,0.33737255,0.32471371,0.31054004,0.29458594,0.27642916,0.25533786,0.22985664,0.19624827,0.13399673
47880,0.40414423,0.40369998,0.40236587,0.40013764,0.39700791,0.39296574,0.38799590,0.38207787,0.37518434,0.36727913,0.35831412,0.34822461,0.33692238,0.32428429,0.31013331,0.29420394,0.27607407,0.25501201,0.22956210,0.19598391,0.13367524
47940,0.40357916,0.40313572,0.40180401,0.39957977,0.39645565,0.39242069,0.38745967,0.38155208,0.37467063,0.36677916,0.35782954,0.34775715,0.33647380,0.32385642,0.30972806,0.29382337,0.27572037,0.25468749,0.22926886,0.19572090,0.13335530
48000,0.40301600,0.40257335,0.40124403,0.39902379,0.39590525,0.39187748,0.38692526,0.38102809,0.37415868,0.36628090,0.35734665,0.34729133,0.33602680,0.32343008,0.30932430,0.29344423,0.27536804,0.25436430,0.22897692,0.19545924,0.13303692
48060,0.40245472,0.40201287,0.40068594,0.39846967,0.39535670,0.39133610,0.38639266,0.38050588,0.37364848,0.36578435,0.35686542,0.34682714,0.33558139,0.32300528,0.30892202,0.29306651,0.27501708,0.25404244,0.22868628,0.19519891,0.13272009
48120,0.40189532,0.40145426,0.40012971,0.39791741,0.39481000,0.39079655,0.38586186,0.37998543,0.37314002,0.36528951,0.35638587,0.34636456,0.33513755,0.32258200,0.30852121,0.29269021,0.27466749,0.25372188,0.22839692,0.19493991,0.13240480
48180,0.40133779,0.40089753,0.39957535,0.39736700,0.39426514,0.39025882,0.38533286,0.37946676,0.37263329,0.36479636,0.35590796,0.34590360,0.33469528,0.32216023,0.30812186,0.29231531,0.27431925,0.25340264,0.22810884,0.19468223,0.13209105
48240,0.40078213,0.40034265,0.39902284,0.39681844,0.39372210,0.38972290,0.38480563,0.37894984,0.37212829,0.36430491,0.35543171,0.34544425,0.33425457,0.32173997,0.30772396,0.29194182,0.27397236,0.25308469,0.22782203,0.19442586,0.13177882
48300,0.40022833,0.39978964,0.39847218,0.39627172,0.39318089,0.38918878,0.38428020,0.37843468,0.37162501,0.36381514,0.35495711,0.34498650,0.33381541,0.32132122,0.30732752,0.29156972,0.27362681,0.25276804,0.22753649,0.19417079,0.13146812
48360,0.39967637,0.39923847,0.39792336,0.39572682,0.39264149,0.38865645,0.38375653,0.37792126,0.37112344,0.36332705,0.35448414,0.34453034,0.33337780,0.32090396,0.30693252,0.29119902,0.27328260,0.25245268,0.22725221,0.19391703,0.13115893
48420,0.39912626,0.39868914,0.39737638,0.39518375,0.39210390,0.38812592,0.38323463,0.37740958,0.37062358,0.36284062,0.35401280,0.34407576,0.33294172,0.32048819,0.30653896,0.29082970,0.27293971,0.25213860,0.22696918,0.19366454,0.13085126
48480,0.39857798,0.39814164,0.39683122,0.39464250,0.39156811,0.38759716,0.38271448,0.37689962,0.37012541,0.36235586,0.35354308,0.34362277,0.33250718,0.32007390,0.30614682,0.29046175,0.27259815,0.25182579,0.22668739,0.19341334,0.13054508
48540,0.39803153,0.39759596,0.39628788,0.39410305,0.39103412,0.38707018,0.38219608,0.37639139,0.36962894,0.36187275,0.35307497,0.34317134,0.33207416,0.31966108,0.30575611,0.29009516,0.27225790,0.25151424,0.22640683,0.19316341,0.13024041
48600,0.39748689,0.39705210,0.39574635,0.39356540,0.39050190,0.38654496,0.38167943,0.37588487,0.36913414,0.36139129,0.35260848,0.34272148,0.33164266,0.31924974,0.30536681,0.28972994,0.27191895,0.25120396,0.22612750,0.19291474,0.12993722
48660,0.39694407,0.39651005,0.39520662,0.39302954,0.38997146,0.38602150,0.38116450,0.37538005,0.36864102,0.36091146,0.35214358,0.34227318,0.33121267,0.31883985,0.30497892,0.28936607,0.27158131,0.25089492,0.22584939,0.19266732,0.12963552
48720,0.39640305,0.39596980,0.39466868,0.39249546,0.38944279,0.38549979,0.38065131,0.37487694,0.36814957,0.36043327,0.35168027,0.34182642,0.33078418,0.31843142,0.30459243,0.28900355,0.27124496,0.25058713,0.22557250,0.19242115,0.12933529
48780,0.39586382,0.39543134,0.39413253,0.39196316,0.38891588,0.38497982,0.38013983,0.37437552,0.36765978,0.35995670,0.35121855,0.34138121,0.33035718,0.31802443,0.30420733,0.28864237,0.27090989,0.25028057,0.22529680,0.19217621,0.12903654
48840,0.39532638,0.39489467,0.39359816,0.39143263,0.38839073,0.38446158,0.37963006,0.37387578,0.36717163,0.35948175,0.35075841,0.34093753,0.32993168,0.31761888,0.30382362,0.28828252,0.27057610,0.24997525,0.22502231,0.19193251,0.12873925
48900,0.39479073,0.39435978,0.39306557,0.39090386,0.38786733,0.38394508,0.37912201,0.37337772,0.36668515,0.35900842,0.35029985,0.34049539,0.32950767,0.31721477,0.30344130,0.28792401,0.27024360,0.24967115,0.22474901,0.19169003,0.12844342
48960,0.39425685,0.39382667,0.39253475,0.39037685,0.38734566,0.38343030,0.37861565,0.37288134,0.36620030,0.35853669,0.34984285,0.34005477,0.32908513,0.31681209,0.30306036,0.28756681,0.26991236,0.24936828,0.22447690,0.19144877,0.12814904
49020,0.39372474,0.39329532,0.39200568,0.38985159,0.38682574,0.38291724,0.37811098,0.37238662,0.36571709,0.35806656,0.34938741,0.33961567,0.32866406,0.31641083,0.30268078,0.28721093,0.26958238,0.24906661,0.22420596,0.19120871,0.12785610
49080,0.39319438,0.39276572,0.39147836,0.38932807,0.38630753,0.38240588,0.37760800,0.37189355,0.36523550,0.35759803,0.34893353,0.33917808,0.32824446,0.31601099,0.30230256,0.28685636,0.26925366,0.24876615,0.22393620,0.19096985,0.12756461
49140,0.39266578,0.39223788,0.39095279,0.38880628,0.38579105,0.38189622,0.37710669,0.37140214,0.36475553,0.35713107,0.34848119,0.33874199,0.32782631,0.31561255,0.30192570,0.28650309,0.26892618,0.24846689,0.22366759,0.19073218,0.12727454
49200,0.39213893,0.39171178,0.39042895,0.38828622,0.38527627,0.38138825,0.37660706,0.37091237,0.36427717,0.35666569,0.34803038,0.33830739,0.32740961,0.31521551,0.30155019,0.28615112,0.26859995,0.24816882,0.22340015,0.19049570,0.12698590
49260,0.39161380,0.39118741,0.38990684,0.38776787,0.38476320,0.38088197,0.37610908,0.37042423,0.36380041,0.35620188,0.34758111,0.33787429,0.32699436,0.31481986,0.30117602,0.28580043,0.26827495,0.24787192,0.22313385,0.19026038,0.12669869
49320,0.39109041,0.39066477,0.38938645,0.38725124,0.38425183,0.38037736,0.37561276,0.36993772,0.36332526,0.35573963,0.34713336,0.33744266,0.32658054,0.31442561,0.30080319,0.28545103,0.26795117,0.24757621,0.22286869,0.19002624,0.12641288
49380,0.39056874,0.39014384,0.38886777,0.38673630,0.38374214,0.37987442,0.37511809,0.36945283,0.36285169,0.35527894,0.34668713,0.33701251,0.32616815,0.31403273,0.30043168,0.28510290,0.26762862,0.24728167,0.22260467,0.18979325,0.12612848
49440,0.39004879,0.38962464,0.38835080,0.38622307,0.38323413,0.37937315,0.37462506,0.36896956,0.36237970,0.35481980,0.34624241,0.33658383,0.32575719,0.31364123,0.30006150,0.28475604,0.26730728,0.24698829,0.22234178,0.18956141,0.12584548
49500,0.38953055,0.38910714,0.38783554,0.38571153,0.38272781,0.37887354,0.37413367,0.36848790,0.36190930,0.35436221,0.34579920,0.33615663,0.32534764,0.31325110,0.29969264,0.28441045,0.26698716,0.24669608,0.22208002,0.18933073,0.12556388
49560,0.38901401,0.38859135,0.38732197,0.38520168,0.38222316,0.37837559,0.37364390,0.36800784,0.36144048,0.35390616,0.34535749,0.33573087,0.32493952,0.31286234,0.29932509,0.28406611,0.26666824,0.24640502,0.22181937,0.18910119,0.12528366
49620,0.38849917,0.38807725,0.38681009,0.38469350,0.38172017,0.37787927,0.37315576,0.36752938,0.36097321,0.35345163,0.34491728,0.33530657,0.32453279,0.31247493,0.29895885,0.28372303,0.26635052,0.24611511,0.22155983,0.18887277,0.12500482
49680,0.38798602,0.38756483,0.38629989,0.38418699,0.38121883,0.37738459,0.37266924,0.36705251,0.36050751,0.35299863,0.34447854,0.33488371,0.32412747,0.31208888,0.29859391,0.28338119,0.26603399,0.24582633,0.22130140,0.18864548,0.12472736
49740,0.38747455,0.38705409,0.38579136,0.38368214,0.38071915,0.37689155,0.37218432,0.36657721,0.36004335,0.35254715,0.34404129,0.33446229,0.32372353,0.31170416,0.29823025,0.28304060,0.26571864,0.24553869,0.22104406,0.18841930,0.12445127
49800,0.38696475,0.38654503,0.38528450,0.38317895,0.38022110,0.37640012,0.37170100,0.36610350,0.35958074,0.35209717,0.34360551,0.33404230,0.32332098,0.31132079,0.29786789,0.28270123,0.26540447,0.24525218,0.22078781,0.18819423,0.12417654
49860,0.38645661,0.38603763,0.38477929,0.38267741,0.37972469,0.37591031,0.37121927,0.36563134,0.35911967,0.35164870,0.34317120,0.33362373,0.32291981,0.31093874,0.29750680,0.28236309,0.26509147,0.24496678,0.22053264,0.18797025,0.12390316
49920,0.38595014,0.38553188,0.38427574,0.38217751,0.37922990,0.37542211,0.37073913,0.36516075,0.35866012,0.35120173,0.34273834,0.33320658,0.32252002,0.31055802,0.29714699,0.28202617,0.26477964,0.24468250,0.22027854,0.18774737,0.12363113
49980,0.38544531,0.38502779,0.38377383,0.38167924,0.37873673,0.37493551,0.37026057,0.36469171,0.35820210,0.35075624,0.34230693,0.33279084,0.32212158,0.31017861,0.29678844,0.28169046,0.26446897,0.24439933,0.22002552,0.18752557,0.12336044
50040,0.38494214,0.38452534,0.38327355,0.38118259,0.37824518,0.37445051,0.36978359,0.36422422,0.35774560,0.35031224,0.34187698,0.33237651,0.32172452,0.30980052,0.29643116,0.28135596,0.26415945,0.24411726,0.21977355,0.18730485,0.12309109
50100,0.38444060,0.38402453,0.38277492,0.38068758,0.37775524,0.37396710,0.36930817,0.36375828,0.35729062,0.34986972,0.34144846,0.33196358,0.32132880,0.30942374,0.29607513,0.28102267,0.26385108,0.24383629,0.21952265,0.18708520,0.12282307
50160,0.38394070,0.38352535,0.38227790,0.38019418,0.37726689,0.37348527,0.36883432,0.36329387,0.35683713,0.34942867,0.34102138,0.33155205,0.32093444,0.30904826,0.29572035,0.28069057,0.26354385,0.24355640,0.21927280,0.18686662,0.12255638
50220,0.38344243,0.38302779,0.38178251,0.37970238,0.37678015,0.37300502,0.36836202,0.36283099,0.35638515,0.34898909,0.34059573,0.33114190,0.32054142,0.30867408,0.29536682,0.28035967,0.26323777,0.24327761,0.21902400,0.18664910,0.12229100
50280,0.38294577,0.38253186,0.38128873,0.37921219,0.37629499,0.37252634,0.36789127,0.36236963,0.35593466,0.34855097,0.34017150,0.33073313,0.32014974,0.30830119,0.29501453,0.28002995,0.26293281,0.24299989,0.21877623,0.18643263,0.12202693
50340,0.38245073,0.38203753,0.38079655,0.37872360,0.37581141,0.37204922,0.36742205,0.36190978,0.35548566,0.34811430,0.33974869,0.33032574,0.31975939,0.30792957,0.29466347,0.27970140,0.26262898,0.24272325,0.21852949,0.18621719,0.12176416
50400,0.38195730,0.38154481,0.38030597,0.37823659,0.37532941,0.37157365,0.36695438,0.36145145,0.35503813,0.34767908,0.33932729,0.32991971,0.31937036,0.30755924,0.29431363,0.27937404,0.26232626,0.24244767,0.21828378,0.18600280,0.12150269
50460,0.38146553,0.38105375,0.37981705,0.37775123,0.37484904,0.37109971,0.36648830,0.36099468,0.35459215,0.34724536,0.33890735,0.32951511,0.31898271,0.30719023,0.29396507,0.27904789,0.26202471,0.24217320,0.21803914,0.18578947,0.12124258
50520,0.38097530,0.38056423,0.37932965,0.37726739,0.37437017,0.37062725,0.36602368,0.36053936,0.35414758,0.34681302,0.33848876,0.32911182,0.31859632,0.30682244,0.29361768,0.27872286,0.26172422,0.24189974,0.21779547,0.18557714,0.12098370
50580,0.38048664,0.38007628,0.37884383,0.37678511,0.37389286,0.37015632,0.36556058,0.36008551,0.35370446,0.34638210,0.33807155,0.32870987,0.31821124,0.30645590,0.29327149,0.27839897,0.26142483,0.24162733,0.21755280,0.18536581,0.12072608
50640,0.37999956,0.37958991,0.37835958,0.37630438,0.37341708,0.36968692,0.36509898,0.35963315,0.35326279,0.34595260,0.33765572,0.32830926,0.31782745,0.30609062,0.29292651,0.27807624,0.26112654,0.24135596,0.21731113,0.18515548,0.12046974
50700,0.37951406,0.37910511,0.37787689,0.37582522,0.37294285,0.36921905,0.36463888,0.35918227,0.35282257,0.34552452,0.33724128,0.32790999,0.31744496,0.30572658,0.29258272,0.27775465,0.26082933,0.24108563,0.21707046,0.18494616,0.12021466
50760,0.37903012,0.37862187,0.37739576,0.37534760,0.37247016,0.36875269,0.36418028,0.35873286,0.35238379,0.34509784,0.33682820,0.32751206,0.31706375,0.30536379,0.29224012,0.27743420,0.26053321,0.24081633,0.21683077,0.18473784,0.11996085
50820,0.37854774,0.37814020,0.37691619,0.37487153,0.37199900,0.36828784,0.36372317,0.35828491,0.35194646,0.34467258,0.33641650,0.32711545,0.31668384,0.30500223,0.29189871,0.27711489,0.26023817,0.24054806,0.21659208,0.18453050,0.11970829
50880,0.37806692,0.37766007,0.37643816,0.37439700,0.37152936,0.36782450,0.36326754,0.35783843,0.35151055,0.34424871,0.33600616,0.32672017,0.31630520,0.30464191,0.29155848,0.27679671,0.25994421,0.24028080,0.21635436,0.18432415,0.11945698
50940,0.37758765,0.37718150,0.37596167,0.37392399,0.37106123,0.36736267,0.36281340,0.35739340,0.35107607,0.34382623,0.33559717,0.32632620,0.31592783,0.30428281,0.29121943,0.27647964,0.25965131,0.24001457,0.21611761,0.18411877,0.11920691
51000,0.37710992,0.37670446,0.37548671,0.37345251,0.37059462,0.36690232,0.36236073,0.35694981,0.35064300,0.34340514,0.33518953,0.32593354,0.31555173,0.30392493,0.29088155,0.27616370,0.25935948,0.23974934,0.21588183,0.18391436,0.11895808
51060,0.37663372,0.37622896,0.37501329,0.37298255,0.37012951,0.36644346,0.36190952,0.35650767,0.35021135,0.34298543,0.33478324,0.32554219,0.31517689,0.30356826,0.29054483,0.27584887,0.25906870,0.23948512,0.21564701,0.18371091,0.11871048
51120,0.37615906,0.37575498,0.37454139,0.37251410,0.36966591,0.36598609,0.36145978,0.35606697,0.34978111,0.34256710,0.33437829,0.32515213,0.31480331,0.30321281,0.29020928,0.27553514,0.25877898,0.23922190,0.21541315,0.18350842,0.11846411
51180,0.37568592,0.37528253,0.37407100,0.37204716,0.36920380,0.36553019,0.36101149,0.35562769,0.34935227,0.34215013,0.33397467,0.32476337,0.31443098,0.30285856,0.28987488,0.27522252,0.25849030,0.23895968,0.21518023,0.18330688,0.11821895
51240,0.37521430,0.37481160,0.37360213,0.37158172,0.36874317,0.36507576,0.36056465,0.35518984,0.34892483,0.34173453,0.33357238,0.32437590,0.31405990,0.30250551,0.28954162,0.27491099,0.25820267,0.23869844,0.21494827,0.18310629,0.11797501
51300,0.37474419,0.37434217,0.37313475,0.37111778,0.36828402,0.36462280,0.36011925,0.35475341,0.34849877,0.34132029,0.33317141,0.32398971,0.31369005,0.30215365,0.28920951,0.27460056,0.25791608,0.23843819,0.21471723,0.18290663,0.11773228
51360,0.37427558,0.37387424,0.37266888,0.37065532,0.36782635,0.36417129,0.35967529,0.35431839,0.34807410,0.34090739,0.33277176,0.32360480,0.31332144,0.30180298,0.28887854,0.27429121,0.25763051,0.23817891,0.21448714,0.18270790,0.11749074
51420,0.37380847,0.37340782,0.37220449,0.37019434,0.36737015,0.36372123,0.35923276,0.35388477,0.34765080,0.34049585,0.33237342,0.32322116,0.31295405,0.30145349,0.28854870,0.27398294,0.25734597,0.23792061,0.21425797,0.18251010,0.11725040
51480,0.37334285,0.37294288,0.37174159,0.36973484,0.36691541,0.36327262,0.35879165,0.35345256,0.34722888,0.34008564,0.33197638,0.32283878,0.31258789,0.30110518,0.28821999,0.27367574,0.25706245,0.23766327,0.21402972,0.18231321,0.11701125
51540,0.37287872,0.37247943,0.37128017,0.36927681,0.36646212,0.36282545,0.35835196,0.35302174,0.34680833,0.33967677,0.33158064,0.32245767,0.31222295,0.30075804,0.28789240,0.27336962,0.25677995,0.23740689,0.21380238,0.18211724,0.11677328
51600,0.37241607,0.37201745,0.37082022,0.36882024,0.36601029,0.36237971,0.35791369,0.35259230,0.34638913,0.33926922,0.33118619,0.32207780,0.31185921,0.30041206,0.28756592,0.27306455,0.25649846,0.23715147,0.21357596,0.18192217,0.11653649
51660,0.37195490,0.37155695,0.37036174,0.36836512,0.36555990,0.36193539,0.35747682,0.35216425,0.34597129,0.33886300,0.33079303,0.32169919,0.31149669,0.30006724,0.28724056,0.27276055,0.25621797,0.23689701,0.21335044,0.18172800,0.11630086
51720,0.37149519,0.37109791,0.36990472,0.36791146,0.36511094,0.36149250,0.35704135,0.35173757,0.34555479,0.33845810,0.33040115,0.32132182,0.31113536,0.29972358,0.28691630,0.27245760,0.25593848,0.23664348,0.21312582,0.18153472,0.11606640
51780,0.37103694,0.37064033,0.36944915,0.36745924,0.36466342,0.36105102,0.35660727,0.35131227,0.34513964,0.33805450,0.33001055,0.32094568,0.31077523,0.29938107,0.28659314,0.27215570,0.25565998,0.23639090,0.21290209,0.18134233,0.11583310
51840,0.37058015,0.37018421,0.36899503,0.36700846,0.36421732,0.36061096,0.35617459,0.35088833,0.34472582,0.33765221,0.32962122,0.32057078,0.31041628,0.29903970,0.28627107,0.27185484,0.25538248,0.23613925,0.21267926,0.18115082,0.11560094
51900,0.37012480,0.36972953,0.36854235,0.36655912,0.36377265,0.36017229,0.35574328,0.35046575,0.34431334,0.33725122,0.32923315,0.32019710,0.31005853,0.29869947,0.28595010,0.27155502,0.25510595,0.23588853,0.21245730,0.18096019,0.11536993
51960,0.36967091,0.36927630,0.36809111,0.36611120,0.36332938,0.35973502,0.35531336,0.35004452,0.34390218,0.33685153,0.32884634,0.31982465,0.30970195,0.29836037,0.28563021,0.27125623,0.25483041,0.23563874,0.21223623,0.18077042,0.11514007
52020,0.36921845,0.36882450,0.36764130,0.36566470,0.36288753,0.35929915,0.35488480,0.34962464,0.34349235,0.33645312,0.32846079,0.31945341,0.30934654,0.29802241,0.28531140,0.27095847,0.25455584,0.23538987,0.21201602,0.18058152,0.11491133
52080,0.36876742,0.36837413,0.36719291,0.36521962,0.36244708,0.35886466,0.35445762,0.34920610,0.34308382,0.33605600,0.32807649,0.31908338,0.30899231,0.29768557,0.28499367,0.27066174,0.25428225,0.23514191,0.21179669,0.18039348,0.11468373
52140,0.36831782,0.36792519,0.36674595,0.36477595,0.36200803,0.35843156,0.35403179,0.34878891,0.34267661,0.33566016,0.32769343,0.31871456,0.30863924,0.29734984,0.28467701,0.27036602,0.25400961,0.23489487,0.21157822,0.18020629,0.11445724
52200,0.36786964,0.36747767,0.36630040,0.36433369,0.36157037,0.35799983,0.35360732,0.34837304,0.34227071,0.33526560,0.32731161,0.31834694,0.30828733,0.29701523,0.28436141,0.27007132,0.25373794,0.23464873,0.21136061,0.18001994,0.11423188
52260,0.36742288,0.36703156,0.36585625,0.36389282,0.36113409,0.35756946,0.35318420,0.34795850,0.34186610,0.33487229,0.32693102,0.31798052,0.30793657,0.29668173,0.28404687,0.26977762,0.25346722,0.23440349,0.21114385,0.17983444,0.11400762
52320,0.36697752,0.36658686,0.36541351,0.36345334,0.36069920,0.35714046,0.35276242,0.34754527,0.34146278,0.33448025,0.32655166,0.31761528,0.30758696,0.29634933,0.28373339,0.26948493,0.25319745,0.23415915,0.21092793,0.17964977,0.11378447
52380,0.36653357,0.36614356,0.36497216,0.36301526,0.36026568,0.35671282,0.35234198,0.34713336,0.34106075,0.33408947,0.32617353,0.31725123,0.30723849,0.29601803,0.28342096,0.26919324,0.25292863,0.23391569,0.21071286,0.17946593,0.11356242
52440,0.36609101,0.36570165,0.36453220,0.36257855,0.35983352,0.35628653,0.35192287,0.34672276,0.34066000,0.33369994,0.32579660,0.31688835,0.30689116,0.29568782,0.28310957,0.26890254,0.25266074,0.23367312,0.21049863,0.17928290,0.11334146
52500,0.36564985,0.36526113,0.36409363,0.36214321,0.35940273,0.35586159,0.35150508,0.34631346,0.34026052,0.33331165,0.32542089,0.31652665,0.30654496,0.29535870,0.28279921,0.26861283,0.25239379,0.23343143,0.21028522,0.17910070,0.11312158
52560,0.36521007,0.36482200,0.36365643,0.36170925,0.35897329,0.35543798,0.35108862,0.34590546,0.33986232,0.33292460,0.32504638,0.31616611,0.30619989,0.29503066,0.28248990,0.26832410,0.25212776,0.23319062,0.21007264,0.17891930,0.11290279
52620,0.36477167,0.36438424,0.36322061,0.36127665,0.35854521,0.35501571,0.35067347,0.34549875,0.33946538,0.33253878,0.32467308,0.31580675,0.30585594,0.29470370,0.28218161,0.26803635,0.25186267,0.23295068,0.20986088,0.17873872,0.11268507
52680,0.36433465,0.36394786,0.36278616,0.36084541,0.35811848,0.35459478,0.35025964,0.34509333,0.33906971,0.33215420,0.32430097,0.31544854,0.30551311,0.29437781,0.28187436,0.26774958,0.25159850,0.23271160,0.20964995,0.17855893,0.11246843
52740,0.36389900,0.36351285,0.36235307,0.36041552,0.35769308,0.35417517,0.34984711,0.34468919,0.33867529,0.33177085,0.32393006,0.31509148,0.30517139,0.29405300,0.28156812,0.26746377,0.25133524,0.23247339,0.20943982,0.17837995,0.11225285
52800,0.36346471,0.36307920,0.36192133,0.35998699,0.35726902,0.35375687,0.34943588,0.34428633,0.33828212,0.33138871,0.32356033,0.31473558,0.30483079,0.29372924,0.28126290,0.26717894,0.25107290,0.23223604,0.20923051,0.17820175,0.11203832
52860,0.36303178,0.36264691,0.36149095,0.35955979,0.35684629,0.35333989,0.34902594,0.34388474,0.33789019,0.33100779,0.32319178,0.31438082,0.30449128,0.29340655,0.28095869,0.26689506,0.25081146,0.23199954,0.20902199,0.17802434,0.11182485
52920,0.36260020,0.36221596,0.36106191,0.35913393,0.35642489,0.35292422,0.34861729,0.34348442,0.33749950,0.33062808,0.32282441,0.31402719,0.30415287,0.29308491,0.28065548,0.26661214,0.25055092,0.23176389,0.20881428,0.17784770,0.11161243
52980,0.36216996,0.36178636,0.36063421,0.35870940,0.35600480,0.35250985,0.34820993,0.34308535,0.33711005,0.33024957,0.32245821,0.31367470,0.30381556,0.29276432,0.28035328,0.26633016,0.25029128,0.23152907,0.20860735,0.17767184,0.11140105
53040,0.36174107,0.36135810,0.36020784,0.35828619,0.35558602,0.35209678,0.34780384,0.34268754,0.33672182,0.32987225,0.32209317,0.31332333,0.30347933,0.29244476,0.28005207,0.26604914,0.25003253,0.23129510,0.20840122,0.17749674,0.11119070
53100,0.36131351,0.36093117,0.35978281,0.35786430,0.35516855,0.35168500,0.34739902,0.34229097,0.33633481,0.32949613,0.32172929,0.31297309,0.30314418,0.29212625,0.27975186,0.26576905,0.24977467,0.23106196,0.20819586,0.17732241,0.11098138
53160,0.36088728,0.36050557,0.35935909,0.35744373,0.35475238,0.35127450,0.34699547,0.34189565,0.33594903,0.32912120,0.32136656,0.31262397,0.30281011,0.29180877,0.27945263,0.26548990,0.24951769,0.23082964,0.20799128,0.17714883,0.11077308
53220,0.36046238,0.36008129,0.35893669,0.35702447,0.35433751,0.35086528,0.34659318,0.34150158,0.33556445,0.32874745,0.32100499,0.31227596,0.30247711,0.29149233,0.27915438,0.26521168,0.24926160,0.23059816,0.20778748,0.17697601,0.11056581
53280,0.36003880,0.35965834,0.35851561,0.35660651,0.35392394,0.35045735,0.34619216,0.34110874,0.33518109,0.32837489,0.32064456,0.31192906,0.30214519,0.29117691,0.27885712,0.26493440,0.24900638,0.23036750,0.20758446,0.17680394,0.11035955
53340,0.35961653,0.35923670,0.35809584,0.35618986,0.35351165,0.35005069,0.34579238,0.34071712,0.33479893,0.32800349,0.32028528,0.31158327,0.30181433,0.29086251,0.27856083,0.26465804,0.24875203,0.23013765,0.20738220,0.17663261,0.11015430
53400,0.35919558,0.35881636,0.35767737,0.35577449,0.35310064,0.34964529,0.34539385,0.34032674,0.33441797,0.32763327,0.31992713,0.31123858,0.30148454,0.29054913,0.27826551,0.26438260,0.24849855,0.22990862,0.20718070,0.17646203,0.10995005
53460,0.35877592,0.35839733,0.35726019,0.35536042,0.35269091,0.34924115,0.34499656,0.33993757,0.33403821,0.32726421,0.31957011,0.31089498,0.30115579,0.29023676,0.27797115,0.26410807,0.24824593,0.22968039,0.20697995,0.17629217,0.10974679
53520,0.35835757,0.35797959,0.35684431,0.35494762,0.35228245,0.34883826,0.34460051,0.33954961,0.33365963,0.32689631,0.31921422,0.31055247,0.30082810,0.28992540,0.27767776,0.26383445,0.24799417,0.22945296,0.20677996,0.17612304,0.10954453
53580,0.35794050,0.35756314,0.35642971,0.35453611,0.35187525,0.34843663,0.34420569,0.33916286,0.33328223,0.32652956,0.31885944,0.31021104,0.30050145,0.28961504,0.27738531,0.26356174,0.24774326,0.22922634,0.20658071,0.17595463,0.10934326
53640,0.35752473,0.35714798,0.35601639,0.35412586,0.35146931,0.34803624,0.34381209,0.33877732,0.33290601,0.32616396,0.31850579,0.30987069,0.30017584,0.28930567,0.27709382,0.26328993,0.24749320,0.22900050,0.20638220,0.17578694,0.10914296
53700,0.35711023,0.35673409,0.35560434,0.35371688,0.35106462,0.34763708,0.34341971,0.33839297,0.33253096,0.32579950,0.31815324,0.30953142,0.29985126,0.28899730,0.27680328,0.26301901,0.24724398,0.22877546,0.20618444,0.17561995,0.10894364
53760,0.35669701,0.35632148,0.35519356,0.35330916,0.35066119,0.34723916,0.34302855,0.33800981,0.33215707,0.32543617,0.31780180,0.30919322,0.29952771,0.28868991,0.27651367,0.26274899,0.24699559,0.22855120,0.20598740,0.17545368,0.10874528
53820,0.35628507,0.35591015,0.35478405,0.35290270,0.35025900,0.34684247,0.34263860,0.33762784,0.33178436,0.32507399,0.31745146,0.30885608,0.29920520,0.28838351,0.27622501,0.26247985,0.24674805,0.22832772,0.20579109,0.17528811,0.10854789
53880,0.35587439,0.35550007,0.35437580,0.35249749,0.34985805,0.34644701,0.34224985,0.33724706,0.33141280,0.32471293,0.31710222,0.30852001,0.29888370,0.28807809,0.27593728,0.26221160,0.24650134,0.22810502,0.20559551,0.17512324,0.10835146
53940,0.35546497,0.35509126,0.35396881,0.35209352,0.34945833,0.34605277,0.34186231,0.33686746,0.33104239,0.32435300,0.31675407,0.30818499,0.29856323,0.28777365,0.27565047,0.26194423,0.24625546,0.22788309,0.20540066,0.17495906,0.10815598
54000,0.35505681,0.35468371,0.35356307,0.35169080,0.34905985,0.34565974,0.34147596,0.33648903,0.33067313,0.32399419,0.31640701,0.30785103,0.29824376,0.28747017,0.27536460,0.26167774,0.24601039,0.22766193,0.20520652,0.17479557,0.10796145
54060,0.35464996,0.35427746,0.35315863,0.35128938,0.34866265,0.34526797,0.34109086,0.33611183,0.33030508,0.32363655,0.31606108,0.30751816,0.29792536,0.28716771,0.27507969,0.26141216,0.24576619,0.22744158,0.20501312,0.17463280,0.10776791
54120,0.35424431,0.35387241,0.35275538,0.35088913,0.34826662,0.34487737,0.34070690,0.33573574,0.32993811,0.32327997,0.31571619,0.30718630,0.29760792,0.28686618,0.27479566,0.26114741,0.24552278,0.22722196,0.20482041,0.17447068,0.10757527
54180,0.35383989,0.35346859,0.35235335,0.35049011,0.34787179,0.34448795,0.34032411,0.33536080,0.32957227,0.32292449,0.31537237,0.30685546,0.29729147,0.28656559,0.27451253,0.26088352,0.24528016,0.22700308,0.20462840,0.17430924,0.10738356
54240,0.35343670,0.35306600,0.35195256,0.35009230,0.34747817,0.34409973,0.33994249,0.33498702,0.32920756,0.32257011,0.31502961,0.30652566,0.29697601,0.28626596,0.27423031,0.26062048,0.24503836,0.22678496,0.20443709,0.17414846,0.10719276
54300,0.35303474,0.35266464,0.35155298,0.34969571,0.34708576,0.34371270,0.33956205,0.33461439,0.32884397,0.32221683,0.31468792,0.30619689,0.29666155,0.28596727,0.27394900,0.26035831,0.24479735,0.22656759,0.20424647,0.17398835,0.10700290
54360,0.35263401,0.35226450,0.35115463,0.34930032,0.34669454,0.34332684,0.33918277,0.33424290,0.32848150,0.32186464,0.31434729,0.30586914,0.29634807,0.28566953,0.27366858,0.26009698,0.24455714,0.22635096,0.20405654,0.17382890,0.10681394
54420,0.35223450,0.35186558,0.35075749,0.34890615,0.34630452,0.34294218,0.33880465,0.33387255,0.32812015,0.32151353,0.31400771,0.30554242,0.29603558,0.28537273,0.27338906,0.25983650,0.24431773,0.22613507,0.20386731,0.17367010,0.10662590
54480,0.35183621,0.35146788,0.35036156,0.34851318,0.34591570,0.34255868,0.33842770,0.33350334,0.32775991,0.32116352,0.31366919,0.30521671,0.29572406,0.28507687,0.27311043,0.25957686,0.24407912,0.22591992,0.20367876,0.17351197,0.10643878
54540,0.35143913,0.35107139,0.34996684,0.34812140,0.34552805,0.34217636,0.33805189,0.33313526,0.32740078,0.32081457,0.31333171,0.30489201,0.29541352,0.28478194,0.27283269,0.25931806,0.24384128,0.22570551,0.20349089,0.17335448,0.10625255
54600,0.35104326,0.35067611,0.34957332,0.34773082,0.34514159,0.34179520,0.33767723,0.33276830,0.32704275,0.32046671,0.31299528,0.30456833,0.29510395,0.28448794,0.27255583,0.25906010,0.24360424,0.22549182,0.20330370,0.17319763,0.10606722
54660,0.35064859,0.35028202,0.34918099,0.34734143,0.34475630,0.34141521,0.33730372,0.33240247,0.32668582,0.32011991,0.31265988,0.30424564,0.29479535,0.28419487,0.27227986,0.25880297,0.24336797,0.22527886,0.20311718,0.17304143,0.10588278
54720,0.35025512,0.34988914,0.34878986,0.34695322,0.34437219,0.34103637,0.33693135,0.33203776,0.32632997,0.31977417,0.31232552,0.30392396,0.29448770,0.28390271,0.27200476,0.25854667,0.24313248,0.22506663,0.20293133,0.17288586,0.10569924
54780,0.34986284,0.34949744,0.34839991,0.34656618,0.34398924,0.34065869,0.33656011,0.33167416,0.32597522,0.31942950,0.31199219,0.30360327,0.29418102,0.28361147,0.27173053,0.25829119,0.24289776,0.22485511,0.20274614,0.17273093,0.10551657
54840,0.34947175,0.34910693,0.34801114,0.34618032,0.34360746,0.34028215,0.33619000,0.33131166,0.32562156,0.31908589,0.31165989,0.30328358,0.29387529,0.28332115,0.27145717,0.25803653,0.24266381,0.22464430,0.20256162,0.17257662,0.10533479
54900,0.34908185,0.34871760,0.34762355,0.34579563,0.34322683,0.33990675,0.33582101,0.33095028,0.32526897,0.31874333,0.31132860,0.30296487,0.29357051,0.28303173,0.27118467,0.25778269,0.24243062,0.22443421,0.20237776,0.17242294,0.10515388
54960,0.34869312,0.34832945,0.34723714,0.34541211,0.34284736,0.33953250,0.33545315,0.33058999,0.32491746,0.31840181,0.31099834,0.30264714,0.29326667,0.28274322,0.27091304,0.25752966,0.24219820,0.22422483,0.20219455,0.17226988,0.10497384
55020,0.34830556,0.34794248,0.34685189,0.34502974,0.34246903,0.33915938,0.33508640,0.33023080,0.32456702,0.31806134,0.31066908,0.30233039,0.29296378,0.28245561,0.27064226,0.25727743,0.24196653,0.22401614,0.20201199,0.17211743,0.10479466
55080,0.34791918,0.34755666,0.34646780,0.34464853,0.34209185,0.33878738,0.33472076,0.32987269,0.32421764,0.31772191,0.31034084,0.30201462,0.29266182,0.28216889,0.27037233,0.25702602,0.24173562,0.22380816,0.20183007,0.17196560,0.10461634
55140,0.34753396,0.34717202,0.34608487,0.34426847,0.34171580,0.33841651,0.33435623,0.32951568,0.32386933,0.31738351,0.31001359,0.30169982,0.29236079,0.28188307,0.27010325,0.25677540,0.24150546,0.22360088,0.20164880,0.17181437,0.10443887
55200,0.34714989,0.34678852,0.34570309,0.34388955,0.34134089,0.33804676,0.33399280,0.32915974,0.32352207,0.31704614,0.30968735,0.30138598,0.29206070,0.28159813,0.26983501,0.25652558,0.24127604,0.22339428,0.20146817,0.17166374,0.10426225
55260,0.34676699,0.34640619,0.34532246,0.34351177,0.34096711,0.33767813,0.33363047,0.32880488,0.32317587,0.31670980,0.30936210,0.30107310,0.29176153,0.28131408,0.26956762,0.25627655,0.24104736,0.22318838,0.20128818,0.17151372,0.10408647
55320,0.34638523,0.34602500,0.34494298,0.34313513,0.34059445,0.33731060,0.33326923,0.32845109,0.32283071,0.31637448,0.30903785,0.30076118,0.29146328,0.28103091,0.26930106,0.25602831,0.24081943,0.22298316,0.20110881,0.17136429,0.10391154
55380,0.34600462,0.34564495,0.34456463,0.34275962,0.34022292,0.33694418,0.33290908,0.32809837,0.32248660,0.31604017,0.30871458,0.30045022,0.29116594,0.28074862,0.26903533,0.25578086,0.24059222,0.22277862,0.20093008,0.17121545,0.10373743
55440,0.34562515,0.34526605,0.34418742,0.34238523,0.33985250,0.33657886,0.33255001,0.32774672,0.32214353,0.31570688,0.30839229,0.30014020,0.29086952,0.28046719,0.26877043,0.25553419,0.24036575,0.22257476,0.20075196,0.17106720,0.10356416
55500,0.34524681,0.34488827,0.34381134,0.34201197,0.33948318,0.33621464,0.33219203,0.32739612,0.32180150,0.31537460,0.30807098,0.29983113,0.29057400,0.28018664,0.26850636,0.25528829,0.24014001,0.22237157,0.20057447,0.17091953,0.10339171
55560,0.34486961,0.34451163,0.34343638,0.34163983,0.33911498,0.33585151,0.33183511,0.32704658,0.32146049,0.31504332,0.30775065,0.29952300,0.29027940,0.27990695,0.26824311,0.25504318,0.23991499,0.22216906,0.20039760,0.17077244,0.10322008
55620,0.34449353,0.34413612,0.34306255,0.34126879,0.33874788,0.33548947,0.33147927,0.32669809,0.32112051,0.31471304,0.30743129,0.29921581,0.28998569,0.27962812,0.26798068,0.25479883,0.23969069,0.22196721,0.20022134,0.17062592,0.10304926
55680,0.34411858,0.34376172,0.34268983,0.34089887,0.33838187,0.33512851,0.33112450,0.32635064,0.32078156,0.31438376,0.30711289,0.29890955,0.28969288,0.27935015,0.26771906,0.25455525,0.23946711,0.22176602,0.20004569,0.17047998,0.10287926
55740,0.34374474,0.34338844,0.34231822,0.34053005,0.33801696,0.33476864,0.33077078,0.32600424,0.32044362,0.31405547,0.30679545,0.29860422,0.28940096,0.27907303,0.26745825,0.25431243,0.23924424,0.22156550,0.19987065,0.17033461,0.10271006
55800,0.34337202,0.34301627,0.34194772,0.34016233,0.33765314,0.33440983,0.33041813,0.32565887,0.32010670,0.31372817,0.30647897,0.29829981,0.28910993,0.27879676,0.26719824,0.25407037,0.23902208,0.22136563,0.19969621,0.17018980,0.10254166
55860,0.34300041,0.34264521,0.34157832,0.33979571,0.33729040,0.33405210,0.33006653,0.32531454,0.31977079,0.31340185,0.30616345,0.29799633,0.28881978,0.27852134,0.26693904,0.25382907,0.23880063,0.22116642,0.19952238,0.17004555,0.10237407
55920,0.34262990,0.34227526,0.34121003,0.33943018,0.33692875,0.33369544,0.32971598,0.32497124,0.31943588,0.31307651,0.30584888,0.29769376,0.28853052,0.27824676,0.26668064,0.25358853,0.23857988,0.22096786,0.19934914,0.16990186,0.10220726
55980,0.34226049,0.34190641,0.34084283,0.33906573,0.33656817,0.33333983,0.32936647,0.32462896,0.31910198,0.31275215,0.30553526,0.29739211,0.28824214,0.27797302,0.26642304,0.25334873,0.23835984,0.22076995,0.19917649,0.16975873,0.10204125
56040,0.34189218,0.34153864,0.34047671,0.33870237,0.33620866,0.33298529,0.32901801,0.32428770,0.31876907,0.31242876,0.30522258,0.29709137,0.28795463,0.27770012,0.26616623,0.25310968,0.23814049,0.22057268,0.19900444,0.16961615,0.10187601
56100,0.34152496,0.34117197,0.34011169,0.33834009,0.33585022,0.33263180,0.32867058,0.32394746,0.31843716,0.31210634,0.30491083,0.29679154,0.28766799,0.27742804,0.26591021,0.25287137,0.23792183,0.22037605,0.19883297,0.16947411,0.10171156
56160,0.34115883,0.34080639,0.33974774,0.33797887,0.33549284,0.33227935,0.32832418,0.32360824,0.31810624,0.31178488,0.30460002,0.29649260,0.28738222,0.27715679,0.26565497,0.25263380,0.23770386,0.22018006,0.19866209,0.16933261,0.10154788
56220,0.34079378,0.34044188,0.33938487,0.33761873,0.33513652,0.33192795,0.32797882,0.32327002,0.31777630,0.31146438,0.30429014,0.29619456,0.28709730,0.27688637,0.26540051,0.25239697,0.23748658,0.21998470,0.19849178,0.16919166,0.10138497
56280,0.34042981,0.34007845,0.33902307,0.33725965,0.33478125,0.33157759,0.32763447,0.32293280,0.31744734,0.31114483,0.30398119,0.29589742,0.28681325,0.27661676,0.26514683,0.25216087,0.23726998,0.21978997,0.19832205,0.16905124,0.10122282
56340,0.34006691,0.33971610,0.33866234,0.33690163,0.33442703,0.33122827,0.32729114,0.32259658,0.31711936,0.31082623,0.30367315,0.29560117,0.28653005,0.27634797,0.26489392,0.25192549,0.23705406,0.21959587,0.19815289,0.16891134,0.10106144
56400,0.33970508,0.33935480,0.33830267,0.33654466,0.33407385,0.33087998,0.32694883,0.32226136,0.31679236,0.31050859,0.30336604,0.29530580,0.28624770,0.27608000,0.26464179,0.25169084,0.23683881,0.21940239,0.19798431,0.16877198,0.10090081
56460,0.33934432,0.33899458,0.33794407,0.33618876,0.33372172,0.33053272,0.32660753,0.32192713,0.31646632,0.31019188,0.30305984,0.29501132,0.28596620,0.27581283,0.26439042,0.25145692,0.23662424,0.21920953,0.19781629,0.16863315,0.10074094
56520,0.33898462,0.33863542,0.33758652,0.33583390,0.33337063,0.33018648,0.32626724,0.32159389,0.31614125,0.30987612,0.30275455,0.29471772,0.28568555,0.27554647,0.26413982,0.25122372,0.23641035,0.21901730,0.19764884,0.16849484,0.10058182
56580,0.33862598,0.33827732,0.33723002,0.33548008,0.33302058,0.32984126,0.32592796,0.32126164,0.31581714,0.30956130,0.30245018,0.29442499,0.28540574,0.27528092,0.26388998,0.25099123,0.23619712,0.21882568,0.19748195,0.16835705,0.10042344
56640,0.33826839,0.33792026,0.33687457,0.33512730,0.33267155,0.32949706,0.32558967,0.32093037,0.31549399,0.30924741,0.30214670,0.29413314,0.28512677,0.27501616,0.26364090,0.25075945,0.23598455,0.21863467,0.19731562,0.16821978,0.10026580
56700,0.33791185,0.33756425,0.33652016,0.33477556,0.33232354,0.32915387,0.32525238,0.32060007,0.31517180,0.30893444,0.30184413,0.29384215,0.28484862,0.27475220,0.26339257,0.25052838,0.23577264,0.21844427,0.19714985,0.16808301,0.10010889
56760,0.33755635,0.33720929,0.33616679,0.33442485,0.33197656,0.32881169,0.32491608,0.32027074,0.31485055,0.30862240,0.30154245,0.29355203,0.28457131,0.27448903,0.26314499,0.25029802,0.23556139,0.21825447,0.19698462,0.16794676,0.09995272
56820,0.33720190,0.33685536,0.33581445,0.33407516,0.33163059,0.32847051,0.32458077,0.31994238,0.31453025,0.30831128,0.30124166,0.29326277,0.28429482,0.27422665,0.26289816,0.25006836,0.23535079,0.21806527,0.19681995,0.16781101,0.09979727
56880,0.33684847,0.33650247,0.33546314,0.33372650,0.33128564,0.32813033,0.32424644,0.31961498,0.31421088,0.30800107,0.30094176,0.29297436,0.28401916,0.27396505,0.26265207,0.24983939,0.23514084,0.21787668,0.19665581,0.16767576,0.09964255
56940,0.33649608,0.33615060,0.33511286,0.33337886,0.33094169,0.32779114,0.32391308,0.31928854,0.31389246,0.30769178,0.30064274,0.29268681,0.28374431,0.27370423,0.26240672,0.24961112,0.23493154,0.21768867,0.19649222,0.16754100,0.09948854
57000,0.33614472,0.33579977,0.33476360,0.33303222,0.33059874,0.32745295,0.32358070,0.31896306,0.31357497,0.30738339,0.30034460,0.29240010,0.28347028,0.27344419,0.26216210,0.24938355,0.23472288,0.21750126,0.19632917,0.16740675,0.09933524
57060,0.33579438,0.33544995,0.33441536,0.33268661,0.33025680,0.32711574,0.32324930,0.31863853,0.31325841,0.30707591,0.30004735,0.29211425,0.28319706,0.27318492,0.26191823,0.24915666,0.23451487,0.21731445,0.19616666,0.16727299,0.09918266
57120,0.33544507,0.33510116,0.33406813,0.33234200,0.32991586,0.32677952,0.32291886,0.31831496,0.31294278,0.30676934,0.29975097,0.29182924,0.28292465,0.27292643,0.26167508,0.24893047,0.23430750,0.21712822,0.19600469,0.16713972,0.09903079
57180,0.33509677,0.33475338,0.33372192,0.33199839,0.32957591,0.32644428,0.32258939,0.31799232,0.31262807,0.30646366,0.29945545,0.29154507,0.28265305,0.27266871,0.26143266,0.24870495,0.23410076,0.21694257,0.19584324,0.16700694,0.09887962
57240,0.33474948,0.33440661,0.33337671,0.33165578,0.32923695,0.32611001,0.32226088,0.31767063,0.31231428,0.30615888,0.29916081,0.29126173,0.28238225,0.27241175,0.26119097,0.24848012,0.23389466,0.21675751,0.19568232,0.16687464,0.09872915
57300,0.33440320,0.33406085,0.33303250,0.33131417,0.32889897,0.32577672,0.32193332,0.31734988,0.31200141,0.30585499,0.29886703,0.29097923,0.28211225,0.27215555,0.26095000,0.24825596,0.23368918,0.21657303,0.19552193,0.16674282,0.09857937
57360,0.33405792,0.33371609,0.33268929,0.33097355,0.32856197,0.32544439,0.32160671,0.31703006,0.31168945,0.30555198,0.29857411,0.29069755,0.28184304,0.27190011,0.26070974,0.24803248,0.23348433,0.21638912,0.19536206,0.16661148,0.09843028
57420,0.33371365,0.33337233,0.33234708,0.33063391,0.32822595,0.32511303,0.32128106,0.31671116,0.31137839,0.30524986,0.29828204,0.29041670,0.28157462,0.27164543,0.26047020,0.24780967,0.23328011,0.21620578,0.19520271,0.16648061,0.09828188
57480,0.33337036,0.33302956,0.33200585,0.33029526,0.32789090,0.32478262,0.32095634,0.31639319,0.31106824,0.30494862,0.29799082,0.29013667,0.28130699,0.27139149,0.26023137,0.24758752,0.23307650,0.21602301,0.19504388,0.16635022,0.09813416
57540,0.33302807,0.33268778,0.33166561,0.32995758,0.32755682,0.32445317,0.32063257,0.31607615,0.31075899,0.30464825,0.29770045,0.28985746,0.28104015,0.27113830,0.25999324,0.24736604,0.23287351,0.21584081,0.19488555,0.16622029,0.09798711
57600,0.33268677,0.33234699,0.33132635,0.32962088,0.32722371,0.32412468,0.32030973,0.31576002,0.31045063,0.30434875,0.29741093,0.28957906,0.28077408,0.27088586,0.25975582,0.24714522,0.23267113,0.21565917,0.19472774,0.16609082,0.09784074
57660,0.33234650,0.33200723,0.33098812,0.32928520,0.32689161,0.32379718,0.31998787,0.31544485,0.31014322,0.30405017,0.29712230,0.28930152,0.28050884,0.27063420,0.25951914,0.24692509,0.23246940,0.21547812,0.19457047,0.16596184,0.09769508
57720,0.33200717,0.33166841,0.33065083,0.32895045,0.32656042,0.32347059,0.31966691,0.31513056,0.30983666,0.30375242,0.29683446,0.28902475,0.28024434,0.27038325,0.25928313,0.24670560,0.23226825,0.21529761,0.19441368,0.16583331,0.09755006
57780,0.33166881,0.33133055,0.33031449,0.32861665,0.32623018,0.32314493,0.31934686,0.31481716,0.30953097,0.30345552,0.29654746,0.28874878,0.27998060,0.27013302,0.25904781,0.24648674,0.23206771,0.21511765,0.19425738,0.16570523,0.09740568
57840,0.33133142,0.33099367,0.32997912,0.32828381,0.32590088,0.32282020,0.31902773,0.31450467,0.30922617,0.30315948,0.29626128,0.28847360,0.27971763,0.26988353,0.25881318,0.24626854,0.23186776,0.21493824,0.19410159,0.16557759,0.09726197
57900,0.33099499,0.33065775,0.32964471,0.32795193,0.32557254,0.32249641,0.31870952,0.31419307,0.30892224,0.30286429,0.29597593,0.28819923,0.27945542,0.26963476,0.25857924,0.24605098,0.23166841,0.21475938,0.19394629,0.16545041,0.09711891
57960,0.33065953,0.33032279,0.32931126,0.32762099,0.32524513,0.32217354,0.31839222,0.31388238,0.30861919,0.30256996,0.29569140,0.28792565,0.27919398,0.26938672,0.25834599,0.24583407,0.23146966,0.21458107,0.19379149,0.16532368,0.09697651
58020,0.33032503,0.32998879,0.32897877,0.32729101,0.32491866,0.32185160,0.31807583,0.31357257,0.30831701,0.30227647,0.29540769,0.28765286,0.27893329,0.26913940,0.25811341,0.24561780,0.23127151,0.21440330,0.19363718,0.16519740,0.09683475
58080,0.32999149,0.32965575,0.32864723,0.32696197,0.32459313,0.32153059,0.31776035,0.31326365,0.30801570,0.30198382,0.29512481,0.28738086,0.27867336,0.26889280,0.25788153,0.24540216,0.23107395,0.21422608,0.19348336,0.16507156,0.09669364
58140,0.32965890,0.32932366,0.32831663,0.32663387,0.32426853,0.32121049,0.31744578,0.31295562,0.30771525,0.30169202,0.29484274,0.28710965,0.27841419,0.26864692,0.25765031,0.24518717,0.23087698,0.21404939,0.19333003,0.16494615,0.09655317
58200,0.32932726,0.32899252,0.32798699,0.32630671,0.32394486,0.32089131,0.31713210,0.31264847,0.30741567,0.30140106,0.29456148,0.28683921,0.27815576,0.26840175,0.25741978,0.24497280,0.23068059,0.21387324,0.19317718,0.16482119,0.09641334
58260,0.32899657,0.32866232,0.32765828,0.32598048,0.32362211,0.32057305,0.31681932,0.31234220,0.30711694,0.30111093,0.29428103,0.28656956,0.27789808,0.26815730,0.25718991,0.24475907,0.23048479,0.21369763,0.19302482,0.16469666,0.09627414
58320,0.32866682,0.32833307,0.32733051,0.32565519,0.32330028,0.32025569,0.31650744,0.31203681,0.30681907,0.30082163,0.29400138,0.28630068,0.27764114,0.26791355,0.25696072,0.24454596,0.23028958,0.21352255,0.19287293,0.16457257,0.09613557
58380,0.32833801,0.32800475,0.32700367,0.32533082,0.32297937,0.31993923,0.31619644,0.31173229,0.30652205,0.30053316,0.29372253,0.28603258,0.27738494,0.26767051,0.25673219,0.24433348,0.23009494,0.21334800,0.19272152,0.16444891,0.09599764
58440,0.32801014,0.32767737,0.32667776,0.32500737,0.32265937,0.31962368,0.31588633,0.31142864,0.30622588,0.30024551,0.29344449,0.28576524,0.27712948,0.26742817,0.25650433,0.24412162,0.22990087,0.21317397,0.19257059,0.16432567,0.09586032
58500,0.32768320,0.32735092,0.32635278,0.32468485,0.32234029,0.31930903,0.31557711,0.31112585,0.30593055,0.29995869,0.29316724,0.28549867,0.27687476,0.26718653,0.25627713,0.24391037,0.22970738,0.21300048,0.19242013,0.16420286,0.09572363
58560,0.32735719,0.32702539,0.32602873,0.32436324,0.32202211,0.31899527,0.31526877,0.31082393,0.30563607,0.29967268,0.29289078,0.28523287,0.27662077,0.26694559,0.25605058,0.24369975,0.22951447,0.21282750,0.19227014,0.16408047,0.09558755
58620,0.32703210,0.32670079,0.32570559,0.32404254,0.32170484,0.31868240,0.31496130,0.31052286,0.30534242,0.29938749,0.29261511,0.28496782,0.27636750,0.26670533,0.25582469,0.24348974,0.22932212,0.21265504,0.19212062,0.16395850,0.09545209
58680,0.32670793,0.32637711,0.32538337,0.32372275,0.32138846,0.31837042,0.31465470,0.31022265,0.30504961,0.29910312,0.29234023,0.28470353,0.27611496,0.26646577,0.25559946,0.24328034,0.22913033,0.21248310,0.19197156,0.16383695,0.09531723
58740,0.32638468,0.32605435,0.32506206,0.32340387,0.32107298,0.31805932,0.31434897,0.30992329,0.30475763,0.29881954,0.29206613,0.28444000,0.27586314,0.26622690,0.25537487,0.24307155,0.22893911,0.21231168,0.19182297,0.16371582,0.09518299
58800,0.32606234,0.32573249,0.32474166,0.32308589,0.32075839,0.31774910,0.31404411,0.30962478,0.30446647,0.29853678,0.29179280,0.28417721,0.27561204,0.26598871,0.25515093,0.24286336,0.22874845,0.21214076,0.19167483,0.16359509,0.09504934
58860,0.32574092,0.32541155,0.32442216,0.32276881,0.32044469,0.31743976,0.31374011,0.30932711,0.30417615,0.29825482,0.29152026,0.28391518,0.27536166,0.26575121,0.25492763,0.24265578,0.22855835,0.21197036,0.19152716,0.16347478,0.09491629
58920,0.32542040,0.32509151,0.32410356,0.32245262,0.32013188,0.31713129,0.31343697,0.30903028,0.30388664,0.29797365,0.29124848,0.28365388,0.27511199,0.26551438,0.25470497,0.24244879,0.22836881,0.21180046,0.19137994,0.16335487,0.09478384
58980,0.32510078,0.32477237,0.32378586,0.32213732,0.31981995,0.31682370,0.31313468,0.30873429,0.30359795,0.29769328,0.29097748,0.28339333,0.27486303,0.26527823,0.25448296,0.24224241,0.22817981,0.21163107,0.19123317,0.16323537,0.09465198
59040,0.32478206,0.32445414,0.32346906,0.32182291,0.31950889,0.31651697,0.31283325,0.30843914,0.30331007,0.29741370,0.29070724,0.28313352,0.27461478,0.26504275,0.25426158,0.24203661,0.22799137,0.21146218,0.19108685,0.16311627,0.09452071
59100,0.32446424,0.32413679,0.32315315,0.32150938,0.31919871,0.31621110,0.31253266,0.30814482,0.30302301,0.29713491,0.29043777,0.28287444,0.27436723,0.26480794,0.25404083,0.24183141,0.22780348,0.21129379,0.19094098,0.16299757,0.09439002
59160,0.32414731,0.32382034,0.32283812,0.32119674,0.31888940,0.31590609,0.31223292,0.30785132,0.30273676,0.29685691,0.29016906,0.28261609,0.27412038,0.26457379,0.25382071,0.24162680,0.22761612,0.21112589,0.19079556,0.16287927,0.09425991
59220,0.32383127,0.32350477,0.32252398,0.32088497,0.31858096,0.31560194,0.31193402,0.30755865,0.30245130,0.29657968,0.28990110,0.28235848,0.27387423,0.26434031,0.25360121,0.24142278,0.22742932,0.21095849,0.19065058,0.16276137,0.09413039
59280,0.32351612,0.32319009,0.32221071,0.32057407,0.31827339,0.31529863,0.31163596,0.30726680,0.30216665,0.29630324,0.28963390,0.28210159,0.27362878,0.26410750,0.25338235,0.24121934,0.22724305,0.21079159,0.19050604,0.16264385,0.09400143
59340,0.32320184,0.32287628,0.32189833,0.32026405,0.31796667,0.31499618,0.31133873,0.30697577,0.30188280,0.29602757,0.28936744,0.28184542,0.27338402,0.26387534,0.25316410,0.24101648,0.22705732,0.21062517,0.19036194,0.16252673,0.09387305
59400,0.32288845,0.32256336,0.32158681,0.31995489,0.31766082,0.31469458,0.31104234,0.30668556,0.30159975,0.29575268,0.28910174,0.28158997,0.27313994,0.26364384,0.25294647,0.24081420,0.22687213,0.21045924,0.19021827,0.16240999,0.09374524
59460,0.32257593,0.32225131,0.32127617,0.31964660,0.31735581,0.31439382,0.31074677,0.30639615,0.30131748,0.29547856,0.28883678,0.28133524,0.27289656,0.26341299,0.25272946,0.24061250,0.22668747,0.21029380,0.19007505,0.16229365,0.09361800
59520,0.32226428,0.32194013,0.32096639,0.31933916,0.31705166,0.31409389,0.31045203,0.30610756,0.30103601,0.29520520,0.28857257,0.28108123,0.27265386,0.26318279,0.25251307,0.24041137,0.22650334,0.21012884,0.18993225,0.16217768,0.09349131
59580,0.32195350,0.32162981,0.32065748,0.31903258,0.31674836,0.31379481,0.31015811,0.30581976,0.30075532,0.29493261,0.28830909,0.28082792,0.27241184,0.26295324,0.25229728,0.24021082,0.22631973,0.20996436,0.18978988,0.16206210,0.09336519
59640,0.32164358,0.32132036,0.32034943,0.31872686,0.31644590,0.31349655,0.30986501,0.30553278,0.30047541,0.29466077,0.28804635,0.28057533,0.27217050,0.26272433,0.25208211,0.24001083,0.22613666,0.20980036,0.18964794,0.16194689,0.09323962
59700,0.32133453,0.32101178,0.32004223,0.31842199,0.31614428,0.31319913,0.30957273,0.30524659,0.30019629,0.29438970,0.28778434,0.28032344,0.27192983,0.26249607,0.25186754,0.23981141,0.22595411,0.20963684,0.18950643,0.16183207,0.09311461
59760,0.32102634,0.32070405,0.31973589,0.31811796,0.31584350,0.31290254,0.30928126,0.30496120,0.29991794,0.29411938,0.28752306,0.28007225,0.27168984,0.26226845,0.25165357,0.23961256,0.22577208,0.20947379,0.18936535,0.16171762,0.09299014
59820,0.32071900,0.32039717,0.31943040,0.31781478,0.31554356,0.31260676,0.30899060,0.30467660,0.29964037,0.29384982,0.28726252,0.27982177,0.27145052,0.26204147,0.25144021,0.23941427,0.22559057,0.20931122,0.18922468,0.16160354,0.09286623
59880,0.32041252,0.32009114,0.31912575,0.31751244,0.31524445,0.31231181,0.30870075,0.30439279,0.29936356,0.29358100,0.28700269,0.27957198,0.27121187,0.26181512,0.25122745,0.23921653,0.22540957,0.20914911,0.18908444,0.16148983,0.09274286
59940,0.32010688,0.31978597,0.31882195,0.31721093,0.31494616,0.31201768,0.30841169,0.30410976,0.29908753,0.29331293,0.28674359,0.27932289,0.27097388,0.26158940,0.25101528,0.23901936,0.22522909,0.20898747,0.18894461,0.16137650,0.09262002
60000,0.31980208,0.31948163,0.31851899,0.31691026,0.31464871,0.31172436,0.30812344,0.30382752,0.29881226,0.29304560,0.28648520,0.27907449,0.27073655,0.26136431,0.25080370,0.23882273,0.22504912,0.20882630,0.18880520,0.16126352,0.09249773
60060,0.31949813,0.31917813,0.31821686,0.31661042,0.31435207,0.31143184,0.30783598,0.30354606,0.29853774,0.29277901,0.28622753,0.27882677,0.27049988,0.26113985,0.25059272,0.23862666,0.22486966,0.20866559,0.18866620,0.16115092,0.09237597
60120,0.31919502,0.31887548,0.31791557,0.31631141,0.31405625,0.31114014,0.30754932,0.30326538,0.29826399,0.29251315,0.28597058,0.27857975,0.27026387,0.26091601,0.25038232,0.23843114,0.22469071,0.20850534,0.18852761,0.16103867,0.09225474
60180,0.31889274,0.31857365,0.31761511,0.31601322,0.31376124,0.31084924,0.30726345,0.30298547,0.29799099,0.29224803,0.28571433,0.27833340,0.27002850,0.26069279,0.25017251,0.23823617,0.22451226,0.20834555,0.18838943,0.16092678,0.09213404
60240,0.31859129,0.31827265,0.31731547,0.31571584,0.31346705,0.31055913,0.30697836,0.30270633,0.29771874,0.29198364,0.28545879,0.27808773,0.26979379,0.26047019,0.24996328,0.23804174,0.22433432,0.20818621,0.18825165,0.16081525,0.09201386
60300,0.31829067,0.31797249,0.31701666,0.31541929,0.31317366,0.31026983,0.30669406,0.30242796,0.29744725,0.29171998,0.28520395,0.27784275,0.26955974,0.26024821,0.24975464,0.23784785,0.22415687,0.20802733,0.18811428,0.16070407,0.09189421
60360,0.31799088,0.31767315,0.31671867,0.31512356,0.31288109,0.30998133,0.30641054,0.30215035,0.29717650,0.29145705,0.28494982,0.27759844,0.26932632,0.26002684,0.24954657,0.23765451,0.22397993,0.20786891,0.18797732,0.16059326,0.09177507
60420,0.31769192,0.31737463,0.31642150,0.31482864,0.31258932,0.30969361,0.30612780,0.30187351,0.29690649,0.29119484,0.28469638,0.27735480,0.26909356,0.25980609,0.24933908,0.23746170,0.22380348,0.20771094,0.18784075,0.16048279,0.09165646
60480,0.31739377,0.31707693,0.31612515,0.31453452,0.31229835,0.30940669,0.30584584,0.30159743,0.29663723,0.29093335,0.28444365,0.27711184,0.26886143,0.25958594,0.24913217,0.23726943,0.22362753,0.20755341,0.18770459,0.16037268,0.09153836
60540,0.31709644,0.31678005,0.31582960,0.31424121,0.31200817,0.30912055,0.30556465,0.30132211,0.29636871,0.29067257,0.28419160,0.27686954,0.26862994,0.25936640,0.24892582,0.23707770,0.22345207,0.20739633,0.18756882,0.16026291,0.09142077
60600,0.31679992,0.31648397,0.31553486,0.31394871,0.31171879,0.30883519,0.30528422,0.30104753,0.29610091,0.29041251,0.28394025,0.27662790,0.26839908,0.25914746,0.24872005,0.23688649,0.22327710,0.20723970,0.18743345,0.16015349,0.09130369
60660,0.31650421,0.31618871,0.31524093,0.31365700,0.31143020,0.30855062,0.30500457,0.30077371,0.29583385,0.29015316,0.28368958,0.27638692,0.26816886,0.25892913,0.24851484,0.23669581,0.22310261,0.20708351,0.18729847,0.16004441,0.09118711
60720,0.31620931,0.31589425,0.31494780,0.31336608,0.31114239,0.30826682,0.30472567,0.30050063,0.29556752,0.28989452,0.28343960,0.27614661,0.26793927,0.25871139,0.24831020,0.23650566,0.22292861,0.20692775,0.18716388,0.15993567,0.09107103
60780,0.31591521,0.31560059,0.31465547,0.31307596,0.31085537,0.30798379,0.30444754,0.30022830,0.29530192,0.28963658,0.28319030,0.27590695,0.26771030,0.25849425,0.24810611,0.23631603,0.22275510,0.20677244,0.18702968,0.15982727,0.09095545
60840,0.31562191,0.31530773,0.31436393,0.31278663,0.31056913,0.30770153,0.30417016,0.29995671,0.29503703,0.28937935,0.28294167,0.27566794,0.26748196,0.25827770,0.24790259,0.23612693,0.22258206,0.20661755,0.18689587,0.15971921,0.09084037
60900,0.31532940,0.31501566,0.31407318,0.31249808,0.31028366,0.30742003,0.30389353,0.29968586,0.29477287,0.28912281,0.28269373,0.27542958,0.26725424,0.25806174,0.24769962,0.23593834,0.22240950,0.20646311,0.18676244,0.15961148,0.09072578
60960,0.31503769,0.31472439,0.31378323,0.31221032,0.30999897,0.30713931,0.30361766,0.29941574,0.29450942,0.28886697,0.28244645,0.27519187,0.26702714,0.25784637,0.24749720,0.23575027,0.22223742,0.20630909,0.18662939,0.15950409,0.09061167
61020,0.31474677,0.31443391,0.31349406,0.31192334,0.30971506,0.30685934,0.30334253,0.29914635,0.29424669,0.28861183,0.28219985,0.27495481,0.26680066,0.25763159,0.24729534,0.23556271,0.22206581,0.20615551,0.18649673,0.15939703,0.09049806
61080,0.31445665,0.31414422,0.31320567,0.31163713,0.30943191,0.30658013,0.30306815,0.29887770,0.29398467,0.28835737,0.28195392,0.27471839,0.26657479,0.25741739,0.24709403,0.23537567,0.22189468,0.20600235,0.18636444,0.15929030,0.09038493
61140,0.31416730,0.31385531,0.31291807,0.31135170,0.30914953,0.30630168,0.30279451,0.29860977,0.29372336,0.28810361,0.28170865,0.27448261,0.26634954,0.25720377,0.24689327,0.23518914,0.22172401,0.20584962,0.18623253,0.15918391,0.09027229
61200,0.31387874,0.31356718,0.31263124,0.31106704,0.30886792,0.30602398,0.30252162,0.29834257,0.29346276,0.28785053,0.28146405,0.27424746,0.26612489,0.25699073,0.24669305,0.23500312,0.22155382,0.20569732,0.18610100,0.15907783,0.09016012
61260,0.31359101,0.31327988,0.31234523,0.31078320,0.30858711,0.30574708,0.30224950,0.29807613,0.29320290,0.28759818,0.28122015,0.27401300,0.26590089,0.25677831,0.24649341,0.23481764,0.22138412,0.20554546,0.18596987,0.15897211,0.09004847
61320,0.31330402,0.31299332,0.31205997,0.31050009,0.30830702,0.30547089,0.30197809,0.29781038,0.29294372,0.28734648,0.28097688,0.27377914,0.26567747,0.25656643,0.24629429,0.23463264,0.22121486,0.20539400,0.18583909,0.15886669,0.08993726
61380,0.31301779,0.31270752,0.31177546,0.31021773,0.30802768,0.30519544,0.30170740,0.29754534,0.29268522,0.28709544,0.28073425,0.27354589,0.26545465,0.25635512,0.24609570,0.23444814,0.22104606,0.20524296,0.18570868,0.15876159,0.08982652
61440,0.31273232,0.31242249,0.31149171,0.30993613,0.30774909,0.30492072,0.30143743,0.29728100,0.29242742,0.28684508,0.28049228,0.27331328,0.26523242,0.25614438,0.24589764,0.23426413,0.22087772,0.20509233,0.18557864,0.15865681,0.08971625
61500,0.31244763,0.31213822,0.31120873,0.30965529,0.30747124,0.30464674,0.30116819,0.29701738,0.29217030,0.28659540,0.28025095,0.27308129,0.26501079,0.25593420,0.24570012,0.23408062,0.22070984,0.20494212,0.18544896,0.15855234,0.08960645
61560,0.31216370,0.31185472,0.31092650,0.30937520,0.30719415,0.30437350,0.30089967,0.29675446,0.29191388,0.28634638,0.28001027,0.27284993,0.26478976,0.25572459,0.24550313,0.23389761,0.22054241,0.20479232,0.18531965,0.15844820,0.08949711
61620,0.31188053,0.31157197,0.31064503,0.30909586,0.30691779,0.30410099,0.30063187,0.29649225,0.29165815,0.28609803,0.27977024,0.27261918,0.26456931,0.25551554,0.24530667,0.23371509,0.22037544,0.20464293,0.18519070,0.15834436,0.08938823
61680,0.31159812,0.31128998,0.31036432,0.30881727,0.30664217,0.30382921,0.30036479,0.29623074,0.29140310,0.28585034,0.27953085,0.27238905,0.26434946,0.25530705,0.24511074,0.23353306,0.22020892,0.20449395,0.18506211,0.15824084,0.08927982
61740,0.31131647,0.31100876,0.31008436,0.30853943,0.30636730,0.30355816,0.30009842,0.29596993,0.29114873,0.28560332,0.27929210,0.27215954,0.26413020,0.25509913,0.24491534,0.23335153,0.22004285,0.20434539,0.18493389,0.15813763,0.08917186
61800,0.31103557,0.31072828,0.30980515,0.30826233,0.30609316,0.30328783,0.29983277,0.29570982,0.29089505,0.28535696,0.27905400,0.27193064,0.26391153,0.25489176,0.24472046,0.23317048,0.21987723,0.20419722,0.18480602,0.15803474,0.08906436
61860,0.31075542,0.31044855,0.30952668,0.30798597,0.30581975,0.30301823,0.29956782,0.29545040,0.29064204,0.28511126,0.27881652,0.27170236,0.26369344,0.25468494,0.24452610,0.23298992,0.21971206,0.20404946,0.18467851,0.15793215,0.08895731
61920,0.31047602,0.31016957,0.30924896,0.30771034,0.30554708,0.30274934,0.29930359,0.29519168,0.29038970,0.28486621,0.27857968,0.27147468,0.26347593,0.25447868,0.24433226,0.23280984,0.21954734,0.20390210,0.18455135,0.15782986,0.08885070
61980,0.31019736,0.30989133,0.30897198,0.30743546,0.30527512,0.30248117,0.29904005,0.29493364,0.29013804,0.28462182,0.27834347,0.27124761,0.26325900,0.25427296,0.24413894,0.23263025,0.21938305,0.20375514,0.18442455,0.15772788,0.08874455
62040,0.30991945,0.30961384,0.30869574,0.30716130,0.30500390,0.30221372,0.29877722,0.29467630,0.28988705,0.28437807,0.27810789,0.27102114,0.26304265,0.25406780,0.24394613,0.23245113,0.21921921,0.20360859,0.18429810,0.15762621,0.08863884
62100,0.30964228,0.30933708,0.30842023,0.30688788,0.30473339,0.30194697,0.29851509,0.29441963,0.28963673,0.28413498,0.27787294,0.27079528,0.26282687,0.25386318,0.24375384,0.23227250,0.21905581,0.20346243,0.18417201,0.15752483,0.08853358
62160,0.30936584,0.30906106,0.30814545,0.30661518,0.30446361,0.30168094,0.29825365,0.29416365,0.28938707,0.28389253,0.27763860,0.27057001,0.26261167,0.25365910,0.24356206,0.23209434,0.21889285,0.20331666,0.18404626,0.15742376,0.08842875
62220,0.30909014,0.30878577,0.30787141,0.30634320,0.30419454,0.30141561,0.29799291,0.29390835,0.28913807,0.28365072,0.27740490,0.27034535,0.26239704,0.25345557,0.24337079,0.23191666,0.21873032,0.20317129,0.18392086,0.15732299,0.08832437
62280,0.30881517,0.30851121,0.30759809,0.30607195,0.30392618,0.30115099,0.29773286,0.29365372,0.28888973,0.28340955,0.27717181,0.27012128,0.26218297,0.25325257,0.24318003,0.23173944,0.21856823,0.20302631,0.18379580,0.15722251,0.08822041
62340,0.30854093,0.30823738,0.30732549,0.30580142,0.30365854,0.30088707,0.29747350,0.29339977,0.28864205,0.28316902,0.27693933,0.26989780,0.26196948,0.25305012,0.24298977,0.23156270,0.21840657,0.20288172,0.18367109,0.15712233,0.08811690
62400,0.30826741,0.30796428,0.30705362,0.30553160,0.30339160,0.30062384,0.29721483,0.29314649,0.28839503,0.28292913,0.27670747,0.26967491,0.26175654,0.25284820,0.24280002,0.23138643,0.21824534,0.20273752,0.18354672,0.15702244,0.08801381
62460,0.30799462,0.30769190,0.30678247,0.30526250,0.30312537,0.30036131,0.29695683,0.29289388,0.28814865,0.28268987,0.27647623,0.26945261,0.26154417,0.25264681,0.24261077,0.23121063,0.21808454,0.20259371,0.18342269,0.15692285,0.08791115
62520,0.30772255,0.30742023,0.30651203,0.30499410,0.30285984,0.30009948,0.29669952,0.29264194,0.28790293,0.28245124,0.27624559,0.26923089,0.26133236,0.25244595,0.24242201,0.23103529,0.21792417,0.20245028,0.18329900,0.15682354,0.08780891
62580,0.30745120,0.30714929,0.30624230,0.30472642,0.30259501,0.29983833,0.29644289,0.29239065,0.28765785,0.28221324,0.27601556,0.26900976,0.26112111,0.25224562,0.24223376,0.23086041,0.21776422,0.20230724,0.18317565,0.15672453,0.08770710
62640,0.30718056,0.30687905,0.30597329,0.30445943,0.30233088,0.29957787,0.29618693,0.29214003,0.28741342,0.28197586,0.27578613,0.26878921,0.26091041,0.25204582,0.24204600,0.23068599,0.21760469,0.20216457,0.18305263,0.15662580,0.08760571
62700,0.30691063,0.30660953,0.30570498,0.30419315,0.30206744,0.29931810,0.29593164,0.29189007,0.28716963,0.28173911,0.27555731,0.26856924,0.26070026,0.25184654,0.24185873,0.23051203,0.21744559,0.20202229,0.18292995,0.15652736,0.08750474
62760,0.30664141,0.30634072,0.30543738,0.30392757,0.30180470,0.29905901,0.29567703,0.29164077,0.28692648,0.28150298,0.27532908,0.26834984,0.26049067,0.25164778,0.24167195,0.23033853,0.21728691,0.20188039,0.18280760,0.15642920,0.08740418
62820,0.30637290,0.30607261,0.30517048,0.30366269,0.30154265,0.29880059,0.29542308,0.29139211,0.28668397,0.28126747,0.27510145,0.26813102,0.26028162,0.25144954,0.24148567,0.23016549,0.21712864,0.20173886,0.18268559,0.15633133,0.08730404
62880,0.30610509,0.30580520,0.30490428,0.30339850,0.30128128,0.29854286,0.29516980,0.29114411,0.28644209,0.28103257,0.27487442,0.26791277,0.26007312,0.25125183,0.24129987,0.22999290,0.21697079,0.20159771,0.18256390,0.15623373,0.08720431
62940,0.30583799,0.30553850,0.30463878,0.30313501,0.30102059,0.29828580,0.29491718,0.29089676,0.28620084,0.28079829,0.27464798,0.26769509,0.25986516,0.25105462,0.24111455,0.22982076,0.21681336,0.20145693,0.18244254,0.15613642,0.08710499
63000,0.30557158,0.30527249,0.30437397,0.30287220,0.30076059,0.29802941,0.29466522,0.29065005,0.28596023,0.28056461,0.27442214,0.26747798,0.25965775,0.25085794,0.24092972,0.22964907,0.21665633,0.20131653,0.18232151,0.15603939,0.08700608
63060,0.30530587,0.30500718,0.30410985,0.30261008,0.30050127,0.29777369,0.29441392,0.29040399,0.28572024,0.28033155,0.27419688,0.26726143,0.25945087,0.25066176,0.24074537,0.22947782,0.21649972,0.20117649,0.18220080,0.15594263,0.08690757
63120,0.30504085,0.30474256,0.30384643,0.30234864,0.30024262,0.29751864,0.29416327,0.29015857,0.28548087,0.28009909,0.27397220,0.26704545,0.25924453,0.25046609,0.24056150,0.22930702,0.21634352,0.20103682,0.18208042,0.15584615,0.08680947
63180,0.30477652,0.30447863,0.30358369,0.30208789,0.29998465,0.29726425,0.29391328,0.28991379,0.28524213,0.27986724,0.27374811,0.26683003,0.25903873,0.25027094,0.24037811,0.22913667,0.21618772,0.20089752,0.18196036,0.15574995,0.08671177
63240,0.30451289,0.30421538,0.30332163,0.30182781,0.29972735,0.29701052,0.29366393,0.28966964,0.28500401,0.27963599,0.27352460,0.26661517,0.25883347,0.25007629,0.24019519,0.22896676,0.21603233,0.20075859,0.18184062,0.15565401,0.08661446
63300,0.30424993,0.30395283,0.30306026,0.30156841,0.29947071,0.29675746,0.29341523,0.28942613,0.28476651,0.27940534,0.27330168,0.26640086,0.25862873,0.24988214,0.24001275,0.22879729,0.21587735,0.20062002,0.18172120,0.15555835,0.08651755
63360,0.30398767,0.30369095,0.30279956,0.30130968,0.29921475,0.29650505,0.29316718,0.28918325,0.28452962,0.27917529,0.27307932,0.26618711,0.25842453,0.24968849,0.23983078,0.22862826,0.21572277,0.20048181,0.18160209,0.15546296,0.08642104
63420,0.30372608,0.30342975,0.30253954,0.30105163,0.29895945,0.29625329,0.29291977,0.28894099,0.28429335,0.27894583,0.27285755,0.26597391,0.25822085,0.24949535,0.23964928,0.22845967,0.21556859,0.20034396,0.18148331,0.15536784,0.08632492
63480,0.30346517,0.30316924,0.30228020,0.30079424,0.29870481,0.29600219,0.29267301,0.28869937,0.28405769,0.27871697,0.27263634,0.26576126,0.25801770,0.24930270,0.23946825,0.22829151,0.21541481,0.20020647,0.18136484,0.15527298,0.08622919
63540,0.30320494,0.30290940,0.30202153,0.30053753,0.29845083,0.29575174,0.29242688,0.28845837,0.28382263,0.27848870,0.27241571,0.26554916,0.25781507,0.24911055,0.23928768,0.22812379,0.21526142,0.20006935,0.18124668,0.15517840,0.08613385
63600,0.30294538,0.30265023,0.30176353,0.30028147,0.29819751,0.29550194,0.29218139,0.28821800,0.28358819,0.27826102,0.27219565,0.26533761,0.25761296,0.24891890,0.23910758,0.22795650,0.21510844,0.19993258,0.18112884,0.15508408,0.08603889
63660,0.30268649,0.30239173,0.30150619,0.30002608,0.29794484,0.29525278,0.29193653,0.28797824,0.28335435,0.27803392,0.27197616,0.26512660,0.25741138,0.24872774,0.23892795,0.22778964,0.21495585,0.19979616,0.18101131,0.15499002,0.08594432
63720,0.30242828,0.30213390,0.30124952,0.29977135,0.29769282,0.29500426,0.29169231,0.28773910,0.28312111,0.27780741,0.27175723,0.26491614,0.25721031,0.24853707,0.23874877,0.22762321,0.21480365,0.19966010,0.18089409,0.15489622,0.08585014
63780,0.30217072,0.30187673,0.30099351,0.29951727,0.29744146,0.29475639,0.29144871,0.28750058,0.28288847,0.27758148,0.27153886,0.26470621,0.25700976,0.24834688,0.23857005,0.22745720,0.21465184,0.19952439,0.18077717,0.15480269,0.08575633
63840,0.30191383,0.30162023,0.30073817,0.29926385,0.29719074,0.29450915,0.29120574,0.28726267,0.28265643,0.27735613,0.27132105,0.26449682,0.25680972,0.24815719,0.23839179,0.22729162,0.21450042,0.19938902,0.18066057,0.15470941,0.08566290
63900,0.30165760,0.30136438,0.30048347,0.29901108,0.29694066,0.29426254,0.29096339,0.28702537,0.28242498,0.27713136,0.27110379,0.26428797,0.25661019,0.24796797,0.23821399,0.22712646,0.21434939,0.19925401,0.18054427,0.15461639,0.08556984
63960,0.30140203,0.30110919,0.30022943,0.29875896,0.29669123,0.29401657,0.29072166,0.28678868,0.28219413,0.27690716,0.27088710,0.26407965,0.25641117,0.24777925,0.23803664,0.22696173,0.21419875,0.19911935,0.18042827,0.15452363,0.08547716
64020,0.30114712,0.30085466,0.29997605,0.29850748,0.29644243,0.29377123,0.29048056,0.28655259,0.28196386,0.27668354,0.27067095,0.26387186,0.25621266,0.24759100,0.23785974,0.22679741,0.21404849,0.19898503,0.18031257,0.15443113,0.08538485
64080,0.30089285,0.30060078,0.29972331,0.29825665,0.29619427,0.29352652,0.29024006,0.28631711,0.28173419,0.27646049,0.27045536,0.26366460,0.25601465,0.24740323,0.23768329,0.22663351,0.21389861,0.19885105,0.18019718,0.15433887,0.08529291
64140,0.30063924,0.30034755,0.29947121,0.29800646,0.29594675,0.29328243,0.29000019,0.28608222,0.28150509,0.27623800,0.27024032,0.26345787,0.25581714,0.24721593,0.23750729,0.22647003,0.21374911,0.19871742,0.18008208,0.15424687,0.08520134
64200,0.30038628,0.30009496,0.29921977,0.29775691,0.29569986,0.29303897,0.28976092,0.28584794,0.28127659,0.27601608,0.27002582,0.26325166,0.25562014,0.24702912,0.23733173,0.22630697,0.21360000,0.19858413,0.17996728,0.15415513,0.08511013
64260,0.30013397,0.29984303,0.29896897,0.29750800,0.29545360,0.29279613,0.28952227,0.28561426,0.28104867,0.27579473,0.26981187,0.26304598,0.25542365,0.24684278,0.23715662,0.22614431,0.21345126,0.19845118,0.17985279,0.15406363,0.08501929
64320,0.29988230,0.29959174,0.29871881,0.29725973,0.29520798,0.29255391,0.28928423,0.28538117,0.28082133,0.27557394,0.26959847,0.26284083,0.25522764,0.24665691,0.23698196,0.22598208,0.21330291,0.19831857,0.17973859,0.15397239,0.08492881
64380,0.29963127,0.29934108,0.29846928,0.29701209,0.29496297,0.29231230,0.28904679,0.28514868,0.28059456,0.27535372,0.26938561,0.26263619,0.25503214,0.24647151,0.23680774,0.22582025,0.21315493,0.19818630,0.17962468,0.15388139,0.08483869
64440,0.29938088,0.29909107,0.29822040,0.29676508,0.29471859,0.29207131,0.28880996,0.28491678,0.28036837,0.27513405,0.26917328,0.26243207,0.25483713,0.24628658,0.23663395,0.22565883,0.21300732,0.19805436,0.17951107,0.15379064,0.08474893
64500,0.29913113,0.29884169,0.29797214,0.29651869,0.29447483,0.29183094,0.28857373,0.28468546,0.28014276,0.27491493,0.26896149,0.26222846,0.25464261,0.24610211,0.23646061,0.22549781,0.21286008,0.19792276,0.17939775,0.15370014,0.08465953
64560,0.29888201,0.29859295,0.29772451,0.29627293,0.29423169,0.29159117,0.28833809,0.28445473,0.27991771,0.27469637,0.26875024,0.26202537,0.25444858,0.24591811,0.23628770,0.22533720,0.21271322,0.19779149,0.17928472,0.15360988,0.08457048
64620,0.29863353,0.29834483,0.29747752,0.29602780,0.29398917,0.29135201,0.28810305,0.28422458,0.27969324,0.27447836,0.26853952,0.26182279,0.25425504,0.24573457,0.23611522,0.22517700,0.21256672,0.19766056,0.17917198,0.15351986,0.08448178
64680,0.29838567,0.29809735,0.29723114,0.29578328,0.29374726,0.29111345,0.28786861,0.28399502,0.27946933,0.27426091,0.26832933,0.26162072,0.25406199,0.24555150,0.23594318,0.22501719,0.21242059,0.19752995,0.17905953,0.15343009,0.08439343
64740,0.29813844,0.29785049,0.29698540,0.29553939,0.29350596,0.29087550,0.28763476,0.28376603,0.27924598,0.27404399,0.26811967,0.26141916,0.25386942,0.24536888,0.23577157,0.22485779,0.21227483,0.19739967,0.17894736,0.15334055,0.08430543
64800,0.29789184,0.29760425,0.29674027,0.29529611,0.29326527,0.29063814,0.28740149,0.28353762,0.27902320,0.27382763,0.26791054,0.26121810,0.25367733,0.24518672,0.23560039,0.22469878,0.21212944,0.19726972,0.17883548,0.15325125,0.08421777
64860,0.29764590,0.29735868,0.29649580,0.29505348,0.29302522,0.29040143,0.28716886,0.28330982,0.27880101,0.27361184,0.26770196,0.26101758,0.25348575,0.24500504,0.23542966,0.22454020,0.21198443,0.19714012,0.17872390,0.15316221,0.08413048
64920,0.29740055,0.29711370,0.29625192,0.29481144,0.29278576,0.29016528,0.28693678,0.28308257,0.27857936,0.27339657,0.26749388,0.26081754,0.25329464,0.24482380,0.23525934,0.22438199,0.21183976,0.19701082,0.17861260,0.15307340,0.08404352
64980,0.29715581,0.29686933,0.29600864,0.29457000,0.29254688,0.28992972,0.28670528,0.28285588,0.27835826,0.27318183,0.26728632,0.26061800,0.25310399,0.24464300,0.23508944,0.22422418,0.21169546,0.19688185,0.17850157,0.15298482,0.08395690
65040,0.29691168,0.29662557,0.29576598,0.29432916,0.29230861,0.28969475,0.28647436,0.28262976,0.27813770,0.27296763,0.26707928,0.26041895,0.25291381,0.24446265,0.23491996,0.22406675,0.21155150,0.19675319,0.17839082,0.15289647,0.08387061
65100,0.29666817,0.29638242,0.29552392,0.29408893,0.29207093,0.28946037,0.28624401,0.28240421,0.27791770,0.27275396,0.26687275,0.26022039,0.25272411,0.24428275,0.23475090,0.22390972,0.21140791,0.19662486,0.17828035,0.15280836,0.08378467
65160,0.29642527,0.29613988,0.29528247,0.29384930,0.29183385,0.28922657,0.28601424,0.28217922,0.27769825,0.27254083,0.26666673,0.26002233,0.25253489,0.24410330,0.23458226,0.22375307,0.21126467,0.19649685,0.17817016,0.15272048,0.08369905
65220,0.29618298,0.29589795,0.29504163,0.29361027,0.29159737,0.28899337,0.28578505,0.28195479,0.27747935,0.27232823,0.26646123,0.25982476,0.25234613,0.24392429,0.23441403,0.22359682,0.21112179,0.19636915,0.17806025,0.15263283,0.08361378
65280,0.29594129,0.29565662,0.29480139,0.29337184,0.29136147,0.28876074,0.28555643,0.28173092,0.27726099,0.27211616,0.26625624,0.25962769,0.25215784,0.24374573,0.23424623,0.22344094,0.21097926,0.19624178,0.17795061,0.15254541,0.08352883
65340,0.29570021,0.29541590,0.29456175,0.29313400,0.29112617,0.28852869,0.28532838,0.28150761,0.27704318,0.27190461,0.26605177,0.25943110,0.25197001,0.24356760,0.23407884,0.22328546,0.21083709,0.19611471,0.17784125,0.15245822,0.08344422
65400,0.29545974,0.29517579,0.29432272,0.29289677,0.29089146,0.28829723,0.28510091,0.28128486,0.27682591,0.27169360,0.26584780,0.25923500,0.25178266,0.24338993,0.23391186,0.22313036,0.21069527,0.19598797,0.17773217,0.15237126,0.08335994
65460,0.29521986,0.29493627,0.29408428,0.29266012,0.29065733,0.28806635,0.28487399,0.28106267,0.27660918,0.27148311,0.26564433,0.25903939,0.25159577,0.24321268,0.23374530,0.22297564,0.21055379,0.19586154,0.17762335,0.15228453,0.08327599
65520,0.29498059,0.29469736,0.29384643,0.29242407,0.29042378,0.28783603,0.28464765,0.28084102,0.27639299,0.27127314,0.26544137,0.25884426,0.25140934,0.24303588,0.23357914,0.22282130,0.21041267,0.19573542,0.17751481,0.15219803,0.08319236
65580,0.29474191,0.29445903,0.29360918,0.29218860,0.29019082,0.28760630,0.28442186,0.28061993,0.27617734,0.27106369,0.26523892,0.25864962,0.25122337,0.24285951,0.23341340,0.22266734,0.21027189,0.19560961,0.17740654,0.15211175,0.08310906
65640,0.29450382,0.29422130,0.29337252,0.29195372,0.28995844,0.28737713,0.28419664,0.28039938,0.27596222,0.27085476,0.26503696,0.25845545,0.25103785,0.24268358,0.23324806,0.22251376,0.21013146,0.19548411,0.17729854,0.15202569,0.08302608
65700,0.29426633,0.29398417,0.29313645,0.29171942,0.28972663,0.28714853,0.28397198,0.28017939,0.27574763,0.27064635,0.26483550,0.25826177,0.25085280,0.24250808,0.23308313,0.22236056,0.20999137,0.19535892,0.17719080,0.15193986,0.08294343
65760,0.29402943,0.29374762,0.29290096,0.29148571,0.28949540,0.28692051,0.28374787,0.27995994,0.27553358,0.27043845,0.26463454,0.25806856,0.25066820,0.24233301,0.23291860,0.22220773,0.20985162,0.19523404,0.17708334,0.15185425,0.08286109
65820,0.29379312,0.29351166,0.29266606,0.29125258,0.28926475,0.28669304,0.28352432,0.27974103,0.27532005,0.27023106,0.26443408,0.25787583,0.25048405,0.24215837,0.23275448,0.22205528,0.20971222,0.19510946,0.17697614,0.15176887,0.08277907
65880,0.29355739,0.29327629,0.29243174,0.29102002,0.28903466,0.28646614,0.28330132,0.27952266,0.27510705,0.27002419,0.26423411,0.25768357,0.25030036,0.24198415,0.23259076,0.22190320,0.20957316,0.19498519,0.17686920,0.15168370,0.08269737
65940,0.29332225,0.29304150,0.29219801,0.29078804,0.28880515,0.28623980,0.28307888,0.27930483,0.27489458,0.26981783,0.26403463,0.25749178,0.25011712,0.24181037,0.23242744,0.22175149,0.20943444,0.19486122,0.17676253,0.15159876,0.08261598
66000,0.29308769,0.29280729,0.29196485,0.29055664,0.28857620,0.28601402,0.28285698,0.27908754,0.27468264,0.26961197,0.26383564,0.25730047,0.24993432,0.24163701,0.23226451,0.22160015,0.20929605,0.19473756,0.17665613,0.15151403,0.08253491
66060,0.29285371,0.29257366,0.29173227,0.29032581,0.28834782,0.28578880,0.28263563,0.27887079,0.27447121,0.26940662,0.26363715,0.25710962,0.24975198,0.24146407,0.23210199,0.22144918,0.20915800,0.19461419,0.17654998,0.15142952,0.08245414
66120,0.29262031,0.29234061,0.29150026,0.29009554,0.28812000,0.28556414,0.28241483,0.27865457,0.27426030,0.26920178,0.26343913,0.25691924,0.24957008,0.24129155,0.23193986,0.22129857,0.20902029,0.19449113,0.17644410,0.15134523,0.08237369
66180,0.29238749,0.29210813,0.29126883,0.28986585,0.28789275,0.28534002,0.28219457,0.27843888,0.27404991,0.26899743,0.26324160,0.25672932,0.24938862,0.24111946,0.23177812,0.22114833,0.20888291,0.19436837,0.17633848,0.15126115,0.08229355
66240,0.29215524,0.29187622,0.29103796,0.28963672,0.28766605,0.28511646,0.28197485,0.27822372,0.27384004,0.26879359,0.26304456,0.25653987,0.24920760,0.24094778,0.23161678,0.22099846,0.20874587,0.19424590,0.17623311,0.15117729,0.08221371
66300,0.29192356,0.29164489,0.29080766,0.28940815,0.28743991,0.28489345,0.28175567,0.27800908,0.27363068,0.26859025,0.26284799,0.25635088,0.24902702,0.24077652,0.23145582,0.22084895,0.20860915,0.19412373,0.17612800,0.15109364,0.08213418
66360,0.29169245,0.29141412,0.29057793,0.28918015,0.28721433,0.28467098,0.28153702,0.27779498,0.27342183,0.26838740,0.26265191,0.25616235,0.24884689,0.24060567,0.23129526,0.22069980,0.20847277,0.19400186,0.17602315,0.15101020,0.08205495
66420,0.29146190,0.29118392,0.29034877,0.28895270,0.28698929,0.28444906,0.28131892,0.27758139,0.27321349,0.26818505,0.26245630,0.25597428,0.24866719,0.24043524,0.23113508,0.22055100,0.20833671,0.19388028,0.17591855,0.15092697,0.08197602
66480,0.29123193,0.29095429,0.29012016,0.28872581,0.28676481,0.28422768,0.28110134,0.27736833,0.27300566,0.26798319,0.26226117,0.25578667,0.24848792,0.24026522,0.23097529,0.22040257,0.20820098,0.19375899,0.17581421,0.15084396,0.08189739
66540,0.29100251,0.29072522,0.28989212,0.28849948,0.28654088,0.28400685,0.28088430,0.27715579,0.27279834,0.26778182,0.26206651,0.25559951,0.24830909,0.24009561,0.23081589,0.22025450,0.20806558,0.19363800,0.17571013,0.15076115,0.08181906
66600,0.29077366,0.29049671,0.28966463,0.28827370,0.28631750,0.28378655,0.28066778,0.27694376,0.27259152,0.26758094,0.26187232,0.25541280,0.24813069,0.23992641,0.23065687,0.22010678,0.20793050,0.19351730,0.17560629,0.15067855,0.08174103
66660,0.29054537,0.29026875,0.28943770,0.28804847,0.28609466,0.28356679,0.28045180,0.27673225,0.27238520,0.26738054,0.26167861,0.25522655,0.24795273,0.23975762,0.23049823,0.21995941,0.20779575,0.19339688,0.17550271,0.15059617,0.08166330
66720,0.29031763,0.29004136,0.28921132,0.28782379,0.28587237,0.28334756,0.28023634,0.27652126,0.27217939,0.26718064,0.26148536,0.25504074,0.24777519,0.23958923,0.23033998,0.21981240,0.20766132,0.19327676,0.17539937,0.15051398,0.08158586
66780,0.29009045,0.28981451,0.28898549,0.28759966,0.28565061,0.28312887,0.28002140,0.27631078,0.27197407,0.26698122,0.26129258,0.25485538,0.24759807,0.23942125,0.23018210,0.21966574,0.20752721,0.19315692,0.17529628,0.15043201,0.08150871
66840,0.28986382,0.28958822,0.28876022,0.28737608,0.28542940,0.28291071,0.27980699,0.27610080,0.27176925,0.26678227,0.26110027,0.25467047,0.24742139,0.23925367,0.23002460,0.21951943,0.20739342,0.19303737,0.17519345,0.15035023,0.08143185
66900,0.28963775,0.28936249,0.28853549,0.28715304,0.28520872,0.28269308,0.27959309,0.27589134,0.27156493,0.26658382,0.26090842,0.25448601,0.24724513,0.23908650,0.22986748,0.21937347,0.20725995,0.19291810,0.17509086,0.15026867,0.08135528
66960,0.28941222,0.28913730,0.28831131,0.28693054,0.28498858,0.28247598,0.27937971,0.27568239,0.27136110,0.26638583,0.26071703,0.25430199,0.24706929,0.23891972,0.22971073,0.21922785,0.20712680,0.19279912,0.17498851,0.15018730,0.08127901
67020,0.28918724,0.28891265,0.28808767,0.28670858,0.28476897,0.28225940,0.27916685,0.27547394,0.27115776,0.26618833,0.26052610,0.25411841,0.24689387,0.23875334,0.22955436,0.21908259,0.20699396,0.19268042,0.17488642,0.15010614,0.08120302
67080,0.28896281,0.28868855,0.28786457,0.28648715,0.28454989,0.28204335,0.27895451,0.27526599,0.27095492,0.26599130,0.26033563,0.25393527,0.24671888,0.23858736,0.22939835,0.21893767,0.20686144,0.19256200,0.17478456,0.15002518,0.08112731
67140,0.28873892,0.28846500,0.28764202,0.28626627,0.28433135,0.28182782,0.27874268,0.27505854,0.27075256,0.26579475,0.26014562,0.25375257,0.24654430,0.23842177,0.22924272,0.21879309,0.20672923,0.19244386,0.17468295,0.14994442,0.08105189
67200,0.28851557,0.28824198,0.28742000,0.28604591,0.28411333,0.28161281,0.27853135,0.27485159,0.27055069,0.26559867,0.25995606,0.25357030,0.24637013,0.23825658,0.22908746,0.21864885,0.20659734,0.19232601,0.17458158,0.14986385,0.08097675
67260,0.28829276,0.28801950,0.28719852,0.28582609,0.28389584,0.28139832,0.27832054,0.27464515,0.27034930,0.26540305,0.25976696,0.25338847,0.24619639,0.23809178,0.22893257,0.21850496,0.20646576,0.19220843,0.17448045,0.14978349,0.08090189
67320,0.28807049,0.28779757,0.28697757,0.28560681,0.28367887,0.28118435,0.27811024,0.27443919,0.27014840,0.26520791,0.25957831,0.25320708,0.24602305,0.23792738,0.22877805,0.21836141,0.20633449,0.19209113,0.17437957,0.14970333,0.08082732
67380,0.28784876,0.28757616,0.28675716,0.28538805,0.28346243,0.28097089,0.27790044,0.27423374,0.26994798,0.26501324,0.25939011,0.25302612,0.24585014,0.23776337,0.22862389,0.21821820,0.20620353,0.19197411,0.17427892,0.14962336,0.08075302
67440,0.28762756,0.28735530,0.28653728,0.28516981,0.28324651,0.28075795,0.27769115,0.27402878,0.26974804,0.26481903,0.25920237,0.25284559,0.24567763,0.23759974,0.22847010,0.21807532,0.20607287,0.19185736,0.17417851,0.14954359,0.08067900
67500,0.28740690,0.28713496,0.28631793,0.28495211,0.28303110,0.28054551,0.27748235,0.27382430,0.26954858,0.26462528,0.25901506,0.25266549,0.24550553,0.23743650,0.22831667,0.21793278,0.20594253,0.19174089,0.17407834,0.14946402,0.08060526
67560,0.28718676,0.28691515,0.28609910,0.28473492,0.28281622,0.28033359,0.27727406,0.27362032,0.26934959,0.26443200,0.25882821,0.25248582,0.24533384,0.23727365,0.22816360,0.21779058,0.20581249,0.19162469,0.17397841,0.14938463,0.08053179
67620,0.28696716,0.28669587,0.28588080,0.28451826,0.28260185,0.28012217,0.27706627,0.27341683,0.26915108,0.26423918,0.25864180,0.25230657,0.24516255,0.23711118,0.22801089,0.21764871,0.20568276,0.19150876,0.17387871,0.14930545,0.08045859
67680,0.28674808,0.28647712,0.28566303,0.28430211,0.28238799,0.27991126,0.27685897,0.27321382,0.26895304,0.26404682,0.25845583,0.25212775,0.24499167,0.23694910,0.22785854,0.21750718,0.20555332,0.19139310,0.17377924,0.14922645,0.08038567
67740,0.28652952,0.28625889,0.28544577,0.28408648,0.28217464,0.27970086,0.27665217,0.27301129,0.26875548,0.26385491,0.25827030,0.25194936,0.24482120,0.23678739,0.22770655,0.21736597,0.20542420,0.19127772,0.17368001,0.14914765,0.08031301
67800,0.28631149,0.28604118,0.28522904,0.28387137,0.28196181,0.27949095,0.27644586,0.27280925,0.26855838,0.26366346,0.25808521,0.25177138,0.24465112,0.23662607,0.22755492,0.21722510,0.20529537,0.19116260,0.17358102,0.14906904,0.08024062
67860,0.28609398,0.28582399,0.28501282,0.28365677,0.28174948,0.27928155,0.27624004,0.27260768,0.26836175,0.26347246,0.25790056,0.25159382,0.24448145,0.23646512,0.22740363,0.21708455,0.20516684,0.19104775,0.17348225,0.14899061,0.08016851
67920,0.28587698,0.28560732,0.28479712,0.28344268,0.28153765,0.27907264,0.27603471,0.27240660,0.26816559,0.26328191,0.25771635,0.25141668,0.24431217,0.23630455,0.22725271,0.21694433,0.20503861,0.19093317,0.17338371,0.14891238,0.08009665
67980,0.28566051,0.28539117,0.28458193,0.28322910,0.28132633,0.27886423,0.27582987,0.27220599,0.26796989,0.26309182,0.25753257,0.25123996,0.24414329,0.23614436,0.22710213,0.21680444,0.20491068,0.19081885,0.17328541,0.14883433,0.08002506
68040,0.28544455,0.28517552,0.28436725,0.28301603,0.28111551,0.27865631,0.27562551,0.27200585,0.26777465,0.26290217,0.25734922,0.25106365,0.24397481,0.23598454,0.22695191,0.21666487,0.20478305,0.19070480,0.17318733,0.14875647,0.07995374
68100,0.28522910,0.28496040,0.28415308,0.28280347,0.28090520,0.27844889,0.27542164,0.27180619,0.26757988,0.26271297,0.25716630,0.25088776,0.24380672,0.23582510,0.22680204,0.21652563,0.20465571,0.19059101,0.17308948,0.14867880,0.07988267
68160,0.28501416,0.28474578,0.28393942,0.28259141,0.28069538,0.27824196,0.27521825,0.27160701,0.26738557,0.26252421,0.25698382,0.25071228,0.24363902,0.23566603,0.22665251,0.21638671,0.20452866,0.19047749,0.17299186,0.14860132,0.07981187
68220,0.28479974,0.28453168,0.28372627,0.28237985,0.28048606,0.27803552,0.27501534,0.27140829,0.26719171,0.26233590,0.25680176,0.25053721,0.24347172,0.23550733,0.22650333,0.21624811,0.20440191,0.19036423,0.17289446,0.14852402,0.07974133
68280,0.28458582,0.28431808,0.28351363,0.28216880,0.28027723,0.27782957,0.27481291,0.27121004,0.26699831,0.26214804,0.25662013,0.25036255,0.24330481,0.23534899,0.22635450,0.21610983,0.20427546,0.19025123,0.17279729,0.14844690,0.07967104
68340,0.28437241,0.28410498,0.28330149,0.28195824,0.28006890,0.27762411,0.27461096,0.27101226,0.26680537,0.26196061,0.25643893,0.25018830,0.24313829,0.23519103,0.22620602,0.21597188,0.20414929,0.19013849,0.17270035,0.14836997,0.07960101
68400,0.28415951,0.28389240,0.28308985,0.28174818,0.27986106,0.27741912,0.27440949,0.27081494,0.26661287,0.26177362,0.25625815,0.25001446,0.24297215,0.23503343,0.22605788,0.21583424,0.20402342,0.19002601,0.17260363,0.14829322,0.07953124
68460,0.28394714,0.28368034,0.28287874,0.28153866,0.27965375,0.27721466,0.27420852,0.27061812,0.26642087,0.26158711,0.25607782,0.24984105,0.24280643,0.23487623,0.22591010,0.21569694,0.20389785,0.18991380,0.17250715,0.14821667,0.07946174
68520,0.28373526,0.28346877,0.28266811,0.28132960,0.27944690,0.27701066,0.27400800,0.27042174,0.26622929,0.26140100,0.25589789,0.24966803,0.24264107,0.23471937,0.22576265,0.21555994,0.20377256,0.18980184,0.17241087,0.14814029,0.07939248
68580,0.28352386,0.28325769,0.28245797,0.28112103,0.27924053,0.27680712,0.27380795,0.27022582,0.26603815,0.26121533,0.25571838,0.24949540,0.24247610,0.23456287,0.22561553,0.21542325,0.20364755,0.18969013,0.17231482,0.14806408,0.07932347
68640,0.28331296,0.28304710,0.28224832,0.28091294,0.27903464,0.27660407,0.27360836,0.27003035,0.26584746,0.26103009,0.25553928,0.24932317,0.24231150,0.23440672,0.22546875,0.21528688,0.20352283,0.18957868,0.17221899,0.14798806,0.07925471
68700,0.28310255,0.28283700,0.28203916,0.28070534,0.27882923,0.27640148,0.27340924,0.26983533,0.26565721,0.26084527,0.25536060,0.24915134,0.24214728,0.23425094,0.22532231,0.21515081,0.20339838,0.18946748,0.17212337,0.14791221,0.07918620
68760,0.28289263,0.28262740,0.28183049,0.28049823,0.27862431,0.27619937,0.27321058,0.26964078,0.26546740,0.26066089,0.25518233,0.24897990,0.24198344,0.23409552,0.22517620,0.21501506,0.20327423,0.18935653,0.17202797,0.14783654,0.07911794
68820,0.28268321,0.28241829,0.28162231,0.28029161,0.27841986,0.27599774,0.27301239,0.26944667,0.26527804,0.26047694,0.25500447,0.24880887,0.24181998,0.23394045,0.22503043,0.21487961,0.20315036,0.18924584,0.17193280,0.14776105,0.07904992
68880,0.28247428,0.28220967,0.28141462,0.28008547,0.27821590,0.27579658,0.27281466,0.26925302,0.26508912,0.26029341,0.25482703,0.24863823,0.24165690,0.23378574,0.22488500,0.21474448,0.20302676,0.18913539,0.17183783,0.14768574,0.07898215
68940,0.28226584,0.28200153,0.28120741,0.27987981,0.27801241,0.27559588,0.27261739,0.26905982,0.26490063,0.26011031,0.25465000,0.24846798,0.24149419,0.23363138,0.22473989,0.21460965,0.20290345,0.18902520,0.17174309,0.14761060,0.07891463
69000,0.28205789,0.28179389,0.28100069,0.27967463,0.27780939,0.27539566,0.27242059,0.26886707,0.26471259,0.25992764,0.25447338,0.24829812,0.24133186,0.23347738,0.22459512,0.21447513,0.20278042,0.18891526,0.17164856,0.14753564,0.07884735
69060,0.28185042,0.28158673,0.28079446,0.27946994,0.27760686,0.27519590,0.27222424,0.26867477,0.26452498,0.25974539,0.25429717,0.24812866,0.24116990,0.23332374,0.22445068,0.21434092,0.20265767,0.18880556,0.17155424,0.14746085,0.07878031
69120,0.28164344,0.28138006,0.28058870,0.27926572,0.27740479,0.27499661,0.27202835,0.26848292,0.26433781,0.25956356,0.25412136,0.24795959,0.24100831,0.23317044,0.22430657,0.21420702,0.20253520,0.18869612,0.17146014,0.14738624,0.07871352
69180,0.28143694,0.28117386,0.28038343,0.27906198,0.27720319,0.27479778,0.27183291,0.26829150,0.26415107,0.25938215,0.25394596,0.24779091,0.24084709,0.23301749,0.22416278,0.21407341,0.20241301,0.18858692,0.17136625,0.14731180,0.07864696
69240,0.28123093,0.28096815,0.28017863,0.27885871,0.27700207,0.27459941,0.27163793,0.26810054,0.26396476,0.25920116,0.25377096,0.24762261,0.24068625,0.23286490,0.22401933,0.21394011,0.20229109,0.18847797,0.17127257,0.14723753,0.07858065
69300,0.28102539,0.28076292,0.27997431,0.27865591,0.27680141,0.27440150,0.27144340,0.26791001,0.26377888,0.25902058,0.25359637,0.24745470,0.24052577,0.23271265,0.22387620,0.21380712,0.20216944,0.18836926,0.17117911,0.14716344,0.07851457
69360,0.28082033,0.28055816,0.27977047,0.27845358,0.27660121,0.27420406,0.27124932,0.26771993,0.26359344,0.25884042,0.25342218,0.24728718,0.24036565,0.23256075,0.22373339,0.21367442,0.20204807,0.18826080,0.17108585,0.14708952,0.07844873
69420,0.28061574,0.28035388,0.27956709,0.27825173,0.27640148,0.27400707,0.27105569,0.26753029,0.26340842,0.25866068,0.25324839,0.24712004,0.24020591,0.23240919,0.22359091,0.21354202,0.20192698,0.18815258,0.17099281,0.14701576,0.07838313
69480,0.28041164,0.28015008,0.27936419,0.27805034,0.27620221,0.27381053,0.27086251,0.26734108,0.26322382,0.25848135,0.25307499,0.24695328,0.24004653,0.23225798,0.22344875,0.21340992,0.20180615,0.18804461,0.17089997,0.14694218,0.07831776
69540,0.28020800,0.27994674,0.27916177,0.27784942,0.27600341,0.27361445,0.27066977,0.26715231,0.26303966,0.25830244,0.25290200,0.24678691,0.23988751,0.23210712,0.22330692,0.21327812,0.20168560,0.18793687,0.17080735,0.14686877,0.07825262
69600,0.28000484,0.27974388,0.27895981,0.27764896,0.27580506,0.27341883,0.27047748,0.26696398,0.26285591,0.25812393,0.25272940,0.24662091,0.23972885,0.23195659,0.22316540,0.21314662,0.20156532,0.18782938,0.17071493,0.14679552,0.07818772
69660,0.27980215,0.27954149,0.27875831,0.27744897,0.27560718,0.27322365,0.27028563,0.26677607,0.26267259,0.25794583,0.25255719,0.24645529,0.23957055,0.23180641,0.22302420,0.21301541,0.20144531,0.18772213,0.17062272,0.14672245,0.07812305
69720,0.27959992,0.27933956,0.27855728,0.27724944,0.27540975,0.27302893,0.27009422,0.26658860,0.26248969,0.25776814,0.25238538,0.24629005,0.23941262,0.23165657,0.22288333,0.21288450,0.20132556,0.18761512,0.17053071,0.14664954,0.07805861
69780,0.27939817,0.27913810,0.27835672,0.27705037,0.27521277,0.27283465,0.26990326,0.26640157,0.26230720,0.25759086,0.25221396,0.24612518,0.23925504,0.23150706,0.22274277,0.21275388,0.20120609,0.18750834,0.17043891,0.14657679,0.07799439
69840,0.27919687,0.27893711,0.27815662,0.27685176,0.27501625,0.27264082,0.26971273,0.26621495,0.26212514,0.25741398,0.25204293,0.24596069,0.23909782,0.23135789,0.22260252,0.21262356,0.20108688,0.18740180,0.17034731,0.14650422,0.07793041
69900,0.27899605,0.27873658,0.27795698,0.27665361,0.27482018,0.27244744,0.26952264,0.26602877,0.26194349,0.25723750,0.25187229,0.24579658,0.23894095,0.23120906,0.22246259,0.21249352,0.20096793,0.18729550,0.17025592,0.14643180,0.07786665
69960,0.27879568,0.27853651,0.27775780,0.27645591,0.27462456,0.27225450,0.26933298,0.26584301,0.26176225,0.25706143,0.25170204,0.24563283,0.23878444,0.23106056,0.22232298,0.21236378,0.20084926,0.18718944,0.17016473,0.14635956,0.07780312
70020,0.27859577,0.27833690,0.27755907,0.27625866,0.27442939,0.27206200,0.26914376,0.26565768,0.26158143,0.25688576,0.25153217,0.24546946,0.23862828,0.23091240,0.22218367,0.21223432,0.20073084,0.18708361,0.17007375,0.14628747,0.07773982
70080,0.27839633,0.27813774,0.27736080,0.27606187,0.27423466,0.27186994,0.26895497,0.26547277,0.26140102,0.25671049,0.25136269,0.24530645,0.23847247,0.23076457,0.22204468,0.21210515,0.20061269,0.18697802,0.16998296,0.14621555,0.07767673
70140,0.27819734,0.27793905,0.27716299,0.27586552,0.27404038,0.27167832,0.26876661,0.26528828,0.26122102,0.25653561,0.25119359,0.24514381,0.23831701,0.23061707,0.22190600,0.21197627,0.20049480,0.18687265,0.16989237,0.14614379,0.07761387
70200,0.27799880,0.27774081,0.27696563,0.27566963,0.27384655,0.27148714,0.26857868,0.26510421,0.26104143,0.25636113,0.25102488,0.24498154,0.23816191,0.23046991,0.22176763,0.21184768,0.20037717,0.18676752,0.16980199,0.14607220,0.07755123
70260,0.27780072,0.27754302,0.27676872,0.27547419,0.27365315,0.27129639,0.26839118,0.26492056,0.26086225,0.25618705,0.25085654,0.24481964,0.23800715,0.23032307,0.22162956,0.21171937,0.20025980,0.18666263,0.16971180,0.14600076,0.07748882
70320,0.27760309,0.27734568,0.27657226,0.27527919,0.27346020,0.27110608,0.26820410,0.26473733,0.26068347,0.25601336,0.25068859,0.24465810,0.23785274,0.23017656,0.22149181,0.21159135,0.20014268,0.18655796,0.16962182,0.14592949,0.07742662
70380,0.27740592,0.27714880,0.27637625,0.27508463,0.27326769,0.27091620,0.26801745,0.26455451,0.26050510,0.25584006,0.25052101,0.24449692,0.23769867,0.23003037,0.22135436,0.21146361,0.20002583,0.18645352,0.16953203,0.14585837,0.07736464
70440,0.27720919,0.27695236,0.27618068,0.27489052,0.27307562,0.27072675,0.26783123,0.26437211,0.26032713,0.25566715,0.25035381,0.24433610,0.23754495,0.22988452,0.22121721,0.21133615,0.19990924,0.18634931,0.16944243,0.14578742,0.07730287
70500,0.27701291,0.27675637,0.27598556,0.27469685,0.27288398,0.27053774,0.26764542,0.26419012,0.26014956,0.25549463,0.25018699,0.24417564,0.23739157,0.22973898,0.22108037,0.21120898,0.19979290,0.18624533,0.16935304,0.14571662,0.07724133
70560,0.27681708,0.27656083,0.27579088,0.27450362,0.27269278,0.27034915,0.26746004,0.26400854,0.25997240,0.25532250,0.25002054,0.24401555,0.23723854,0.22959377,0.22094383,0.21108208,0.19967681,0.18614158,0.16926384,0.14564598,0.07717999
70620,0.27662169,0.27636573,0.27559665,0.27431082,0.27250201,0.27016099,0.26727508,0.26382737,0.25979563,0.25515076,0.24985447,0.24385581,0.23708584,0.22944888,0.22080760,0.21095546,0.19956098,0.18603805,0.16917483,0.14557550,0.07711888
70680,0.27642675,0.27617107,0.27540285,0.27411847,0.27231167,0.26997325,0.26709053,0.26364661,0.25961926,0.25497941,0.24968876,0.24369643,0.23693349,0.22930432,0.22067166,0.21082913,0.19944541,0.18593475,0.16908602,0.14550518,0.07705797
70740,0.27623224,0.27597685,0.27520950,0.27392655,0.27212176,0.26978594,0.26690640,0.26346625,0.25944329,0.25480843,0.24952343,0.24353740,0.23678147,0.22916007,0.22053603,0.21070307,0.19933008,0.18583168,0.16899740,0.14543501,0.07699728
70800,0.27603818,0.27578308,0.27501658,0.27373506,0.27193229,0.26959905,0.26672269,0.26328631,0.25926771,0.25463785,0.24935847,0.24337873,0.23662979,0.22901615,0.22040069,0.21057728,0.19921501,0.18572883,0.16890897,0.14536500,0.07693680
70860,0.27584456,0.27558974,0.27482410,0.27354401,0.27174324,0.26941258,0.26653939,0.26310676,0.25909253,0.25446764,0.24919387,0.24322041,0.23647845,0.22887254,0.22026565,0.21045177,0.19910019,0.18562620,0.16882074,0.14529514,0.07687653
70920,0.27565137,0.27539684,0.27463205,0.27335339,0.27155461,0.26922654,0.26635650,0.26292762,0.25891774,0.25429781,0.24902965,0.24306244,0.23632744,0.22872925,0.22013091,0.21032654,0.19898562,0.18552380,0.16873270,0.14522543,0.07681647
70980,0.27545862,0.27520437,0.27444044,0.27316320,0.27136642,0.26904091,0.26617402,0.26274888,0.25874334,0.25412836,0.24886578,0.24290482,0.23617677,0.22858627,0.21999647,0.21020158,0.19887130,0.18542161,0.16864485,0.14515588,0.07675662
71040,0.27526631,0.27501234,0.27424926,0.27297343,0.27117864,0.26885570,0.26599195,0.26257055,0.25856933,0.25395930,0.24870229,0.24274756,0.23602643,0.22844361,0.21986232,0.21007689,0.19875723,0.18531965,0.16855718,0.14508649,0.07669697
71100,0.27507443,0.27482074,0.27405850,0.27278410,0.27099129,0.26867090,0.26581029,0.26239261,0.25839571,0.25379060,0.24853915,0.24259064,0.23587642,0.22830126,0.21972846,0.20995248,0.19864340,0.18521791,0.16846971,0.14501724,0.07663754
71160,0.27488298,0.27462958,0.27386818,0.27259519,0.27080436,0.26848652,0.26562904,0.26221507,0.25822248,0.25362229,0.24837638,0.24243407,0.23572675,0.22815923,0.21959490,0.20982833,0.19852982,0.18511639,0.16838243,0.14494815,0.07657830
71220,0.27469196,0.27443884,0.27367829,0.27240670,0.27061785,0.26830255,0.26544819,0.26203793,0.25804963,0.25345435,0.24821397,0.24227785,0.23557740,0.22801751,0.21946163,0.20970446,0.19841649,0.18501509,0.16829533,0.14487921,0.07651928
71280,0.27450137,0.27424853,0.27348882,0.27221864,0.27043175,0.26811900,0.26526775,0.26186118,0.25787717,0.25328678,0.24805192,0.24212197,0.23542839,0.22787610,0.21932865,0.20958086,0.19830341,0.18491400,0.16820843,0.14481042,0.07646046
71340,0.27431121,0.27405865,0.27329978,0.27203100,0.27024608,0.26793586,0.26508771,0.26168483,0.25770509,0.25311958,0.24789023,0.24196643,0.23527970,0.22773500,0.21919596,0.20945752,0.19819056,0.18481314,0.16812170,0.14474178,0.07640184
71400,0.27412148,0.27386919,0.27311116,0.27184378,0.27006082,0.26775312,0.26490807,0.26150886,0.25753340,0.25295276,0.24772890,0.24181124,0.23513133,0.22759421,0.21906356,0.20933445,0.19807797,0.18471249,0.16803517,0.14467330,0.07634342
71460,0.27393217,0.27368016,0.27292297,0.27165698,0.26987597,0.26757079,0.26472884,0.26133329,0.25736209,0.25278630,0.24756792,0.24165639,0.23498330,0.22745372,0.21893144,0.20921165,0.19796561,0.18461205,0.16794882,0.14460496,0.07628520
71520,0.27374328,0.27349155,0.27273519,0.27147059,0.26969153,0.26738887,0.26455000,0.26115812,0.25719115,0.25262021,0.24740730,0.24150188,0.23483558,0.22731354,0.21879962,0.20908912,0.19785350,0.18451184,0.16786265,0.14453676,0.07622718
71580,0.27355481,0.27330336,0.27254783,0.27128462,0.26950751,0.26720736,0.26437156,0.26098332,0.25702060,0.25245449,0.24724703,0.24134771,0.23468819,0.22717367,0.21866808,0.20896684,0.19774162,0.18441183,0.16777667,0.14446872,0.07616936
71640,0.27336676,0.27311559,0.27236089,0.27109906,0.26932389,0.26702624,0.26419351,0.26080892,0.25685042,0.25228913,0.24708711,0.24119388,0.23454113,0.22703410,0.21853682,0.20884483,0.19762999,0.18431204,0.16769088,0.14440082,0.07611174
71700,0.27317914,0.27292824,0.27217437,0.27091392,0.26914069,0.26684553,0.26401586,0.26063490,0.25668061,0.25212414,0.24692755,0.24104038,0.23439438,0.22689484,0.21840585,0.20872309,0.19751859,0.18421246,0.16760526,0.14433308,0.07605432
71760,0.27299193,0.27274130,0.27198826,0.27072919,0.26895789,0.26666522,0.26383860,0.26046127,0.25651118,0.25195951,0.24676833,0.24088722,0.23424795,0.22675587,0.21827516,0.20860160,0.19740744,0.18411309,0.16751983,0.14426547,0.07599709
71820,0.27280513,0.27255478,0.27180256,0.27054486,0.26877549,0.26648531,0.26366174,0.26028801,0.25634213,0.25179524,0.24660946,0.24073439,0.23410184,0.22661721,0.21814475,0.20848038,0.19729652,0.18401394,0.16743457,0.14419801,0.07594006
71880,0.27261875,0.27236868,0.27161727,0.27036095,0.26859350,0.26630579,0.26348526,0.26011514,0.25617344,0.25163133,0.24645094,0.24058190,0.23395605,0.22647885,0.21801463,0.20835942,0.19718583,0.18391499,0.16734950,0.14413070,0.07588322
71940,0.27243278,0.27218298,0.27143240,0.27017744,0.26841191,0.26612667,0.26330917,0.25994265,0.25600512,0.25146778,0.24629277,0.24042974,0.23381057,0.22634078,0.21788478,0.20823871,0.19707538,0.18381626,0.16726461,0.14406353,0.07582657
72000,0.27224723,0.27199770,0.27124793,0.26999434,0.26823072,0.26594795,0.26313347,0.25977054,0.25583718,0.25130459,0.24613494,0.24027791,0.23366541,0.22620302,0.21775521,0.20811826,0.19696517,0.18371773,0.16717989,0.14399651,0.07577011
72060,0.27206211,0.27181285,0.27106390,0.26981167,0.26804996,0.26576965,0.26295819,0.25959884,0.25566963,0.25114179,0.24597748,0.24012643,0.23352059,0.22606557,0.21762594,0.20799809,0.19685521,0.18361943,0.16709537,0.14392963,0.07571386
72120,0.27187739,0.27162840,0.27088026,0.26962939,0.26786958,0.26559172,0.26278327,0.25942750,0.25550243,0.25097932,0.24582035,0.23997527,0.23337606,0.22592841,0.21749694,0.20787817,0.19674547,0.18352132,0.16701102,0.14386290,0.07565779
72180,0.27169306,0.27144434,0.27069702,0.26944750,0.26768959,0.26541418,0.26260873,0.25925652,0.25533559,0.25081720,0.24566355,0.23982443,0.23323184,0.22579153,0.21736820,0.20775849,0.19663596,0.18342342,0.16692684,0.14379630,0.07560191
72240,0.27150914,0.27126069,0.27051418,0.26926601,0.26750999,0.26523703,0.26243457,0.25908592,0.25516911,0.25065543,0.24550710,0.23967391,0.23308794,0.22565495,0.21723974,0.20763907,0.19652668,0.18332572,0.16684284,0.14372985,0.07554622
72300,0.27132562,0.27107744,0.27033174,0.26908491,0.26733079,0.26506026,0.26226079,0.25891568,0.25500299,0.25049401,0.24535098,0.23952372,0.23294434,0.22551866,0.21711156,0.20751990,0.19641763,0.18322823,0.16675901,0.14366354,0.07549071
72360,0.27114251,0.27089460,0.27014970,0.26890422,0.26715198,0.26488388,0.26208739,0.25874582,0.25483724,0.25033294,0.24519520,0.23937385,0.23280104,0.22538266,0.21698365,0.20740098,0.19630881,0.18313094,0.16667536,0.14359736,0.07543539
72420,0.27095979,0.27071215,0.26996806,0.26872392,0.26697356,0.26470789,0.26191438,0.25857633,0.25467184,0.25017222,0.24503975,0.23922431,0.23265806,0.22524695,0.21685601,0.20728232,0.19620022,0.18303386,0.16659189,0.14353133,0.07538026
72480,0.27077749,0.27053011,0.26978682,0.26854402,0.26679554,0.26453228,0.26174174,0.25840721,0.25450681,0.25001185,0.24488465,0.23907509,0.23251539,0.22511154,0.21672864,0.20716390,0.19609186,0.18293698,0.16650859,0.14346544,0.07532532
72540,0.27059557,0.27034846,0.26960597,0.26836450,0.26661790,0.26435706,0.26156947,0.25823846,0.25434213,0.24985183,0.24472987,0.23892619,0.23237302,0.22497641,0.21660154,0.20704574,0.19598373,0.18284030,0.16642546,0.14339969,0.07527055
72600,0.27041406,0.27016722,0.26942552,0.26818539,0.26644065,0.26418221,0.26139758,0.25807007,0.25417781,0.24969215,0.24457543,0.23877760,0.23223095,0.22484157,0.21647471,0.20692783,0.19587582,0.18274382,0.16634250,0.14333407,0.07521598
72660,0.27023294,0.26998637,0.26924547,0.26800666,0.26626379,0.26400775,0.26122606,0.25790206,0.25401385,0.24953282,0.24442133,0.23862935,0.23208919,0.22470702,0.21634815,0.20681016,0.19576814,0.18264755,0.16625972,0.14326859,0.07516158
72720,0.27005223,0.26980592,0.26906581,0.26782833,0.26608731,0.26383368,0.26105493,0.25773441,0.25385025,0.24937384,0.24426756,0.23848141,0.23194774,0.22457276,0.21622187,0.20669275,0.19566069,0.18255148,0.16617711,0.14320326,0.07510738
72780,0.26987190,0.26962586,0.26888654,0.26765039,0.26591122,0.26365998,0.26088416,0.25756712,0.25368700,0.24921520,0.24411412,0.23833378,0.23180659,0.22443878,0.21609584,0.20657558,0.19555346,0.18245560,0.16609467,0.14313806,0.07505335
72840,0.26969197,0.26944619,0.26870767,0.26747283,0.26573551,0.26348665,0.26071376,0.25740019,0.25352410,0.24905690,0.24396101,0.23818648,0.23166573,0.22430508,0.21597009,0.20645866,0.19544646,0.18235993,0.16601241,0.14307299,0.07499950
72900,0.26951243,0.26926691,0.26852918,0.26729566,0.26556019,0.26331371,0.26054373,0.25723362,0.25336155,0.24889894,0.24380823,0.23803948,0.23152518,0.22417167,0.21584460,0.20634198,0.19533968,0.18226445,0.16593031,0.14300806,0.07494583
72960,0.26933329,0.26908803,0.26835108,0.26711887,0.26538525,0.26314114,0.26037407,0.25706742,0.25319936,0.24874132,0.24365577,0.23789281,0.23138493,0.22403855,0.21571937,0.20622555,0.19523312,0.18216918,0.16584838,0.14294327,0.07489234
73020,0.26915453,0.26890953,0.26817337,0.26694247,0.26521068,0.26296894,0.26020478,0.25690157,0.25303751,0.24858404,0.24350364,0.23774644,0.23124498,0.22390570,0.21559441,0.20610937,0.19512678,0.18207410,0.16576663,0.14287862,0.07483903
73080,0.26897616,0.26873143,0.26799605,0.26676645,0.26503650,0.26279712,0.26003585,0.25673608,0.25287601,0.24842710,0.24335184,0.23760039,0.23110532,0.22377314,0.21546972,0.20599342,0.19502067,0.18197922,0.16568504,0.14281409,0.07478590
73140,0.26879818,0.26855371,0.26781911,0.26659082,0.26486269,0.26262567,0.25986729,0.25657095,0.25271486,0.24827050,0.24320037,0.23745465,0.23096596,0.22364086,0.21534528,0.20587772,0.19491478,0.18188453,0.16560362,0.14274971,0.07473295
73200,0.26862059,0.26837637,0.26764255,0.26641556,0.26468926,0.26245459,0.25969909,0.25640618,0.25255406,0.24811423,0.24304921,0.23730922,0.23082690,0.22350886,0.21522111,0.20576227,0.19480910,0.18179004,0.16552236,0.14268545,0.07468017
73260,0.26844338,0.26819942,0.26746638,0.26624069,0.26451620,0.26228387,0.25953126,0.25624176,0.25239360,0.24795830,0.24289839,0.23716410,0.23068813,0.22337713,0.21509720,0.20564705,0.19470365,0.18169575,0.16544128,0.14262133,0.07462756
73320,0.26826655,0.26802285,0.26729059,0.26606619,0.26434352,0.26211353,0.25936378,0.25607769,0.25223349,0.24780270,0.24274788,0.23701929,0.23054966,0.22324568,0.21497354,0.20553207,0.19459842,0.18160165,0.16536036,0.14255735,0.07457513
73380,0.26809011,0.26784667,0.26711518,0.26589207,0.26417121,0.26194356,0.25919667,0.25591398,0.25207372,0.24764743,0.24259769,0.23687479,0.23041147,0.22311451,0.21485015,0.20541734,0.19449340,0.18150774,0.16527960,0.14249349,0.07452288
73440,0.26791405,0.26767087,0.26694014,0.26571833,0.26399927,0.26177395,0.25902992,0.25575062,0.25191429,0.24749249,0.24244782,0.23673059,0.23027358,0.22298362,0.21472702,0.20530284,0.19438860,0.18141403,0.16519902,0.14242977,0.07447080
73500,0.26773837,0.26749544,0.26676549,0.26554496,0.26382771,0.26160470,0.25886352,0.25558760,0.25175521,0.24733789,0.24229827,0.23658670,0.23013599,0.22285300,0.21460414,0.20518858,0.19428402,0.18132051,0.16511859,0.14236618,0.07441889
73560,0.26756306,0.26732039,0.26659121,0.26537196,0.26365651,0.26143582,0.25869748,0.25542494,0.25159646,0.24718361,0.24214904,0.23644311,0.22999868,0.22272266,0.21448152,0.20507456,0.19417965,0.18122718,0.16503833,0.14230272,0.07436715
73620,0.26738814,0.26714572,0.26641731,0.26519933,0.26348568,0.26126730,0.25853180,0.25526262,0.25143805,0.24702966,0.24200013,0.23629983,0.22986166,0.22259258,0.21435915,0.20496077,0.19407550,0.18113404,0.16495824,0.14223939,0.07431558
73680,0.26721359,0.26697143,0.26624378,0.26502708,0.26331521,0.26109915,0.25836647,0.25510065,0.25127998,0.24687604,0.24185153,0.23615684,0.22972492,0.22246279,0.21423704,0.20484722,0.19397156,0.18104109,0.16487830,0.14217619,0.07426418
73740,0.26703942,0.26679751,0.26607062,0.26485520,0.26314511,0.26093135,0.25820150,0.25493903,0.25112224,0.24672275,0.24170324,0.23601416,0.22958848,0.22233326,0.21411519,0.20473390,0.19386784,0.18094833,0.16479853,0.14211312,0.07421295
73800,0.26686561,0.26662396,0.26589783,0.26468368,0.26297538,0.26076391,0.25803687,0.25477775,0.25096484,0.24656978,0.24155527,0.23587178,0.22945232,0.22220400,0.21399358,0.20462082,0.19376433,0.18085576,0.16471893,0.14205018,0.07416189
73860,0.26669219,0.26645079,0.26572542,0.26451253,0.26280601,0.26059683,0.25787260,0.25461681,0.25080777,0.24641713,0.24140761,0.23572970,0.22931645,0.22207501,0.21387223,0.20450797,0.19366103,0.18076338,0.16463948,0.14198737,0.07411099
73920,0.26651913,0.26627798,0.26555337,0.26434175,0.26263700,0.26043010,0.25770868,0.25445622,0.25065104,0.24626481,0.24126026,0.23558792,0.22918086,0.22194629,0.21375113,0.20439535,0.19355794,0.18067119,0.16456019,0.14192469,0.07406027
73980,0.26634644,0.26610555,0.26538169,0.26417133,0.26246835,0.26026373,0.25754511,0.25429596,0.25049464,0.24611281,0.24111323,0.23544644,0.22904555,0.22181784,0.21363028,0.20428297,0.19345506,0.18057918,0.16448107,0.14186214,0.07400971
74040,0.26617413,0.26593348,0.26521038,0.26400128,0.26230006,0.26009772,0.25738188,0.25413605,0.25033857,0.24596112,0.24096650,0.23530525,0.22891053,0.22168965,0.21350968,0.20417081,0.19335240,0.18048737,0.16440210,0.14179971,0.07395931
74100,0.26600218,0.26576178,0.26503943,0.26383158,0.26213212,0.25993206,0.25721900,0.25397647,0.25018283,0.24580976,0.24082008,0.23516436,0.22877579,0.22156173,0.21338933,0.20405889,0.19324994,0.18039573,0.16432329,0.14173741,0.07390908
74160,0.26583059,0.26559045,0.26486885,0.26366225,0.26196455,0.25976675,0.25705647,0.25381724,0.25002742,0.24565872,0.24067396,0.23502376,0.22864133,0.22143408,0.21326923,0.20394720,0.19314769,0.18030429,0.16424465,0.14167523,0.07385901
74220,0.26565937,0.26541948,0.26469863,0.26349328,0.26179733,0.25960179,0.25689428,0.25365834,0.24987234,0.24550800,0.24052816,0.23488346,0.22850714,0.22130669,0.21314937,0.20383573,0.19304565,0.18021302,0.16416616,0.14161318,0.07380911
74280,0.26548852,0.26524887,0.26452877,0.26332467,0.26163047,0.25943718,0.25673243,0.25349977,0.24971758,0.24535759,0.24038266,0.23474344,0.22837324,0.22117956,0.21302977,0.20372449,0.19294382,0.18012195,0.16408782,0.14155126,0.07375937
74340,0.26531803,0.26507863,0.26435927,0.26315642,0.26146396,0.25927291,0.25657093,0.25334154,0.24956315,0.24520749,0.24023746,0.23460372,0.22823962,0.22105270,0.21291040,0.20361348,0.19284219,0.18003105,0.16400965,0.14148946,0.07370979
74400,0.26514790,0.26490875,0.26419014,0.26298852,0.26129780,0.25910900,0.25640976,0.25318364,0.24940904,0.24505772,0.24009256,0.23446430,0.22810627,0.22092610,0.21279129,0.20350270,0.19274077,0.17994034,0.16393163,0.14142779,0.07366037
74460,0.26497813,0.26473923,0.26402136,0.26282098,0.26113199,0.25894543,0.25624894,0.25302608,0.24925526,0.24490825,0.23994797,0.23432516,0.22797320,0.22079976,0.21267241,0.20339214,0.19263956,0.17984981,0.16385377,0.14136624,0.07361111
74520,0.26480872,0.26457007,0.26385293,0.26265379,0.26096654,0.25878221,0.25608846,0.25286884,0.24910180,0.24475910,0.23980368,0.23418631,0.22784040,0.22067368,0.21255378,0.20328181,0.19253855,0.17975946,0.16377606,0.14130481,0.07356201
74580,0.26463967,0.26440126,0.26368487,0.26248695,0.26080143,0.25861933,0.25592831,0.25271194,0.24894866,0.24461026,0.23965969,0.23404775,0.22770788,0.22054785,0.21243540,0.20317170,0.19243774,0.17966930,0.16369851,0.14124351,0.07351307
74640,0.26447098,0.26423281,0.26351716,0.26232047,0.26063667,0.25845679,0.25576850,0.25255536,0.24879584,0.24446173,0.23951600,0.23390947,0.22757563,0.22042229,0.21231725,0.20306182,0.19233714,0.17957931,0.16362111,0.14118233,0.07346429
74700,0.26430264,0.26406472,0.26334980,0.26215434,0.26047226,0.25829460,0.25560902,0.25239912,0.24864334,0.24431351,0.23937261,0.23377148,0.22744365,0.22029699,0.21219935,0.20295215,0.19223674,0.17948951,0.16354387,0.14112128,0.07341567
74760,0.26413466,0.26389698,0.26318279,0.26198856,0.26030820,0.25813274,0.25544988,0.25224320,0.24849116,0.24416560,0.23922952,0.23363378,0.22731195,0.22017194,0.21208168,0.20284271,0.19213654,0.17939988,0.16346678,0.14106034,0.07336720
74820,0.26396703,0.26372960,0.26301614,0.26182313,0.26014448,0.25797123,0.25529107,0.25208760,0.24833929,0.24401799,0.23908672,0.23349636,0.22718051,0.22004714,0.21196426,0.20273350,0.19203654,0.17931043,0.16338984,0.14099953,0.07331889
74880,0.26379976,0.26356257,0.26284984,0.26165804,0.25998110,0.25781005,0.25513260,0.25193233,0.24818775,0.24387069,0.23894422,0.23335923,0.22704935,0.21992261,0.21184707,0.20262450,0.19193675,0.17922117,0.16331305,0.14093884,0.07327073
74940,0.26363283,0.26339588,0.26268388,0.26149330,0.25981806,0.25764922,0.25497445,0.25177739,0.24803651,0.24372370,0.23880201,0.23322237,0.22691846,0.21979832,0.21173012,0.20251572,0.19183715,0.17913207,0.16323642,0.14087826,0.07322273
75000,0.26346626,0.26322955,0.26251828,0.26132891,0.25965537,0.25748871,0.25481664,0.25162277,0.24788560,0.24357701,0.23866010,0.23308580,0.22678783,0.21967429,0.21161341,0.20240716,0.19173775,0.17904316,0.16315994,0.14081781,0.07317489
75060,0.26330004,0.26306357,0.26235302,0.26116486,0.25949302,0.25732855,0.25465916,0.25146847,0.24773499,0.24343063,0.23851848,0.23294951,0.22665747,0.21955052,0.21149694,0.20229882,0.19163856,0.17895443,0.16308361,0.14075748,0.07312719
75120,0.26313416,0.26289794,0.26218811,0.26100116,0.25933101,0.25716872,0.25450200,0.25131449,0.24758470,0.24328455,0.23837715,0.23281350,0.22652738,0.21942699,0.21138070,0.20219070,0.19153956,0.17886586,0.16300743,0.14069727,0.07307965
75180,0.26296863,0.26273265,0.26202355,0.26083780,0.25916933,0.25700922,0.25434517,0.25116083,0.24743472,0.24313877,0.23823611,0.23267777,0.22639756,0.21930372,0.21126470,0.20208280,0.19144076,0.17877748,0.16293140,0.14063718,0.07303227
75240,0.26280345,0.26256771,0.26185932,0.26067477,0.25900800,0.25685006,0.25418867,0.25100749,0.24728505,0.24299330,0.23809537,0.23254232,0.22626800,0.21918070,0.21114893,0.20197511,0.19134215,0.17868927,0.16285552,0.14057721,0.07298503
75300,0.26263862,0.26240311,0.26169544,0.26051209,0.25884699,0.25669122,0.25403250,0.25085447,0.24713569,0.24284812,0.23795491,0.23240715,0.22613870,0.21905792,0.21103340,0.20186764,0.19124375,0.17860123,0.16277979,0.14051735,0.07293795
75360,0.26247412,0.26223886,0.26153191,0.26034975,0.25868633,0.25653272,0.25387664,0.25070176,0.24698664,0.24270324,0.23781474,0.23227225,0.22600967,0.21893540,0.21091810,0.20176038,0.19114553,0.17851337,0.16270421,0.14045762,0.07289101
75420,0.26230997,0.26207495,0.26136871,0.26018775,0.25852600,0.25637454,0.25372111,0.25054937,0.24683790,0.24255866,0.23767486,0.23213762,0.22588089,0.21881312,0.21080303,0.20165334,0.19104752,0.17842568,0.16262877,0.14039800,0.07284423
75480,0.26214617,0.26191138,0.26120585,0.26002608,0.25836600,0.25621669,0.25356590,0.25039730,0.24668946,0.24241438,0.23753527,0.23200328,0.22575239,0.21869109,0.21068819,0.20154651,0.19094969,0.17833817,0.16255348,0.14033850,0.07279759
75540,0.26198270,0.26174814,0.26104333,0.25986475,0.25820633,0.25605917,0.25341102,0.25024554,0.24654133,0.24227039,0.23739596,0.23186920,0.22562414,0.21856931,0.21057358,0.20143990,0.19085206,0.17825082,0.16247834,0.14027911,0.07275110
75600,0.26181957,0.26158525,0.26088115,0.25970375,0.25804699,0.25590198,0.25325645,0.25009409,0.24639350,0.24212670,0.23725693,0.23173540,0.22549615,0.21844777,0.21045920,0.20133350,0.19075463,0.17816365,0.16240335,0.14021984,0.07270476
75660,0.26165681,0.26142272,0.26071933,0.25954311,0.25788801,0.25574513,0.25310222,0.24994298,0.24624600,0.24198332,0.23711821,0.23160189,0.22536844,0.21832650,0.21034507,0.20122732,0.19065740,0.17807666,0.16232852,0.14016070,0.07265858
75720,0.26149436,0.26126052,0.26055783,0.25938279,0.25772934,0.25558860,0.25294830,0.24979216,0.24609879,0.24184023,0.23697976,0.23146864,0.22524097,0.21820545,0.21023115,0.20112135,0.19056035,0.17798984,0.16225382,0.14010166,0.07261253
75780,0.26133225,0.26109864,0.26039666,0.25922279,0.25757100,0.25543238,0.25279469,0.24964165,0.24595187,0.24169742,0.23684159,0.23133565,0.22511376,0.21808465,0.21011746,0.20101558,0.19046350,0.17790318,0.16217926,0.14004274,0.07256663
75840,0.26117047,0.26093709,0.26023581,0.25906312,0.25741297,0.25527648,0.25264139,0.24949144,0.24580525,0.24155490,0.23670369,0.23120294,0.22498680,0.21796409,0.21000400,0.20091002,0.19036683,0.17781668,0.16210485,0.13998393,0.07252087
75900,0.26100902,0.26077588,0.26007530,0.25890378,0.25725528,0.25512090,0.25248841,0.24934154,0.24565893,0.24141266,0.23656607,0.23107048,0.22486010,0.21784377,0.20989076,0.20080467,0.19027035,0.17773036,0.16203058,0.13992524,0.07247526
75960,0.26084791,0.26061500,0.25991512,0.25874477,0.25709790,0.25496563,0.25233574,0.24919195,0.24551291,0.24127072,0.23642874,0.23093830,0.22473365,0.21772368,0.20977774,0.20069953,0.19017406,0.17764421,0.16195646,0.13986666,0.07242979
76020,0.26068712,0.26045445,0.25975527,0.25858608,0.25694085,0.25481069,0.25218338,0.24904266,0.24536719,0.24112907,0.23629168,0.23080638,0.22460746,0.21760384,0.20966495,0.20059460,0.19007796,0.17755822,0.16188248,0.13980819,0.07238446
76080,0.26052667,0.26029423,0.25959574,0.25842772,0.25678412,0.25465606,0.25203134,0.24889368,0.24522176,0.24098770,0.23615490,0.23067473,0.22448152,0.21748424,0.20955239,0.20048987,0.18998204,0.17747240,0.16180864,0.13974984,0.07233928
76140,0.26036655,0.26013434,0.25943655,0.25826969,0.25662771,0.25450176,0.25187960,0.24874500,0.24507663,0.24084663,0.23601839,0.23054335,0.22435583,0.21736488,0.20944004,0.20038535,0.18988632,0.17738674,0.16173494,0.13969160,0.07229424
76200,0.26020676,0.25997477,0.25927768,0.25811197,0.25647163,0.25434776,0.25172817,0.24859662,0.24493179,0.24070583,0.23588216,0.23041223,0.22423040,0.21724575,0.20932792,0.20028103,0.18979078,0.17730126,0.16166139,0.13963347,0.07224934
76260,0.26004729,0.25981554,0.25911914,0.25795459,0.25631586,0.25419408,0.25157706,0.24844855,0.24478725,0.24056532,0.23574621,0.23028137,0.22410521,0.21712686,0.20921602,0.20017692,0.18969543,0.17721593,0.16158798,0.13957545,0.07220458
76320,0.25988815,0.25965663,0.25896092,0.25779752,0.25616041,0.25404072,0.25142625,0.24830078,0.24464300,0.24042510,0.23561053,0.23015077,0.22398028,0.21700821,0.20910435,0.20007302,0.18960026,0.17713078,0.16151471,0.13951755,0.07215996
76380,0.25972935,0.25949805,0.25880303,0.25764078,0.25600529,0.25388767,0.25127575,0.24815331,0.24449905,0.24028516,0.23547513,0.23002044,0.22385560,0.21688980,0.20899289,0.19996932,0.18950529,0.17704579,0.16144158,0.13945976,0.07211549
76440,0.25957086,0.25933980,0.25864546,0.25748436,0.25585047,0.25373493,0.25112556,0.24800614,0.24435539,0.24014551,0.23533999,0.22989037,0.22373116,0.21677162,0.20888166,0.19986582,0.18941049,0.17696096,0.16136859,0.13940208,0.07207115
76500,0.25941270,0.25918187,0.25848822,0.25732826,0.25569598,0.25358251,0.25097567,0.24785926,0.24421201,0.24000613,0.23520513,0.22976056,0.22360698,0.21665367,0.20877064,0.19976253,0.18931588,0.17687630,0.16129574,0.13934450,0.07202695
76560,0.25925486,0.25902425,0.25833129,0.25717248,0.25554179,0.25343039,0.25082609,0.24771269,0.24406893,0.23986704,0.23507054,0.22963101,0.22348304,0.21653596,0.20865984,0.19965944,0.18922146,0.17679180,0.16122303,0.13928704,0.07198289
76620,0.25909735,0.25886697,0.25817468,0.25701701,0.25538793,0.25327858,0.25067681,0.24756641,0.24392614,0.23972823,0.23493622,0.22950172,0.22335934,0.21641849,0.20854926,0.19955655,0.18912721,0.17670746,0.16115045,0.13922969,0.07193896
76680,0.25894015,0.25871000,0.25801840,0.25686186,0.25523437,0.25312708,0.25052783,0.24742043,0.24378363,0.23958969,0.23480217,0.22937269,0.22323590,0.21630124,0.20843890,0.19945386,0.18903315,0.17662328,0.16107802,0.13917245,0.07189517
76740,0.25878328,0.25855335,0.25786243,0.25670703,0.25508113,0.25297589,0.25037916,0.24727474,0.24364142,0.23945144,0.23466839,0.22924392,0.22311270,0.21618423,0.20832876,0.19935137,0.18893928,0.17653927,0.16100573,0.13911532,0.07185152
76800,0.25862672,0.25839702,0.25770678,0.25655251,0.25492820,0.25282501,0.25023078,0.24712935,0.24349949,0.23931346,0.23453487,0.22911540,0.22298974,0.21606744,0.20821883,0.19924908,0.18884558,0.17645542,0.16093357,0.13905830,0.07180801
76860,0.25847049,0.25824101,0.25755145,0.25639830,0.25477558,0.25267443,0.25008271,0.24698425,0.24335784,0.23917576,0.23440163,0.22898714,0.22286703,0.21595089,0.20810912,0.19914699,0.18875207,0.17637173,0.16086155,0.13900138,0.07176463
76920,0.25831457,0.25808532,0.25739643,0.25624441,0.25462326,0.25252415,0.24993494,0.24683944,0.24321648,0.23903834,0.23426865,0.22885913,0.22274456,0.21583457,0.20799962,0.19904510,0.18865873,0.17628819,0.16078967,0.13894458,0.07172138
76980,0.25815897,0.25792994,0.25724172,0.25609083,0.25447126,0.25237418,0.24978746,0.24669493,0.24307540,0.23890119,0.23413593,0.22873138,0.22262233,0.21571847,0.20789034,0.19894341,0.18856558,0.17620482,0.16071792,0.13888788,0.07167827
77040,0.25800368,0.25777488,0.25708733,0.25593756,0.25431957,0.25222452,0.24964028,0.24655071,0.24293461,0.23876431,0.23400348,0.22860388,0.22250034,0.21560261,0.20778127,0.19884191,0.18847260,0.17612161,0.16064631,0.13883129,0.07163529
77100,0.25784871,0.25762013,0.25693326,0.25578460,0.25416818,0.25207515,0.24949340,0.24640677,0.24279410,0.23862771,0.23387129,0.22847663,0.22237860,0.21548697,0.20767241,0.19874061,0.18837981,0.17603856,0.16057483,0.13877481,0.07159245
77160,0.25769405,0.25746570,0.25677949,0.25563195,0.25401709,0.25192609,0.24934681,0.24626313,0.24265387,0.23849138,0.23373937,0.22834964,0.22225710,0.21537156,0.20756377,0.19863951,0.18828719,0.17595567,0.16050349,0.13871843,0.07154974
77220,0.25753971,0.25731157,0.25662604,0.25547961,0.25386632,0.25177732,0.24920052,0.24611977,0.24251392,0.23835533,0.23360771,0.22822290,0.22213583,0.21525638,0.20745533,0.19853861,0.18819475,0.17587293,0.16043229,0.13866216,0.07150715
77280,0.25738567,0.25715776,0.25647289,0.25532758,0.25371584,0.25162886,0.24905452,0.24597670,0.24237425,0.23821954,0.23347631,0.22809641,0.22201480,0.21514142,0.20734711,0.19843789,0.18810249,0.17579035,0.16036122,0.13860600,0.07146471
77340,0.25723195,0.25700426,0.25632005,0.25517585,0.25356567,0.25148069,0.24890882,0.24583392,0.24223486,0.23808403,0.23334517,0.22797016,0.22189402,0.21502668,0.20723910,0.19833738,0.18801041,0.17570793,0.16029028,0.13854994,0.07142239
77400,0.25707854,0.25685107,0.25616752,0.25502443,0.25341580,0.25133282,0.24876340,0.24569142,0.24209575,0.23794878,0.23321429,0.22784417,0.22177346,0.21491217,0.20713130,0.19823705,0.18791850,0.17562566,0.16021948,0.13849399,0.07138020
77460,0.25692543,0.25669818,0.25601530,0.25487331,0.25326623,0.25118525,0.24861828,0.24554920,0.24195691,0.23781380,0.23308366,0.22771843,0.22165315,0.21479789,0.20702371,0.19813693,0.18782677,0.17554355,0.16014881,0.13843814,0.07133814
77520,0.25677263,0.25654561,0.25586338,0.25472249,0.25311696,0.25103797,0.24847344,0.24540727,0.24181835,0.23767909,0.23295330,0.22759293,0.22153307,0.21468382,0.20691632,0.19803699,0.18773521,0.17546160,0.16007827,0.13838240,0.07129621
77580,0.25662014,0.25639334,0.25571177,0.25457198,0.25296799,0.25089099,0.24832890,0.24526563,0.24168007,0.23754465,0.23282319,0.22746768,0.22141322,0.21456998,0.20680915,0.19793724,0.18764383,0.17537980,0.16000787,0.13832676,0.07125441
77640,0.25646796,0.25624137,0.25556046,0.25442177,0.25281931,0.25074430,0.24818464,0.24512426,0.24154205,0.23741047,0.23269334,0.22734267,0.22129361,0.21445636,0.20670218,0.19783769,0.18755262,0.17529815,0.15993759,0.13827123,0.07121273
77700,0.25631608,0.25608971,0.25540946,0.25427186,0.25267094,0.25059790,0.24804068,0.24498317,0.24140432,0.23727656,0.23256375,0.22721791,0.22117424,0.21434296,0.20659541,0.19773833,0.18746158,0.17521666,0.15986745,0.13821580,0.07117119
77760,0.25616451,0.25593835,0.25525876,0.25412225,0.25252286,0.25045180,0.24789699,0.24484237,0.24126685,0.23714291,0.23243441,0.22709340,0.22105509,0.21422978,0.20648886,0.19763915,0.18737072,0.17513532,0.15979744,0.13816047,0.07112977
77820,0.25601323,0.25578730,0.25510835,0.25397294,0.25237508,0.25030599,0.24775360,0.24470184,0.24112966,0.23700953,0.23230533,0.22696913,0.22093618,0.21411682,0.20638251,0.19754017,0.18728003,0.17505414,0.15972756,0.13810525,0.07108848
77880,0.25586226,0.25563655,0.25495825,0.25382392,0.25222759,0.25016046,0.24761049,0.24456160,0.24099274,0.23687641,0.23217650,0.22684510,0.22081750,0.21400408,0.20627636,0.19744138,0.18718951,0.17497311,0.15965781,0.13805013,0.07104731
77940,0.25571160,0.25548609,0.25480845,0.25367520,0.25208039,0.25001523,0.24746766,0.24442163,0.24085609,0.23674355,0.23204792,0.22672131,0.22069905,0.21389155,0.20617042,0.19734277,0.18709916,0.17489223,0.15958819,0.13799511,0.07100627
78000,0.25556123,0.25533594,0.25465895,0.25352678,0.25193349,0.24987028,0.24732511,0.24428194,0.24071971,0.23661095,0.23191959,0.22659777,0.22058083,0.21377924,0.20606468,0.19724436,0.18700899,0.17481150,0.15951870,0.13794019,0.07096535
78060,0.25541116,0.25518609,0.25450974,0.25337866,0.25178687,0.24972562,0.24718285,0.24414252,0.24058360,0.23647861,0.23179151,0.22647446,0.22046284,0.21366715,0.20595914,0.19714613,0.18691898,0.17473092,0.15944933,0.13788538,0.07092456
78120,0.25526139,0.25503653,0.25436083,0.25323082,0.25164055,0.24958125,0.24704087,0.24400338,0.24044775,0.23634653,0.23166369,0.22635140,0.22034508,0.21355528,0.20585380,0.19704808,0.18682915,0.17465049,0.15938010,0.13783066,0.07088389
78180,0.25511191,0.25488727,0.25421222,0.25308328,0.25149452,0.24943716,0.24689917,0.24386451,0.24031217,0.23621471,0.23153611,0.22622857,0.22022754,0.21344362,0.20574867,0.19695023,0.18673948,0.17457022,0.15931099,0.13777605,0.07084335
78240,0.25496274,0.25473831,0.25406390,0.25293604,0.25134878,0.24929336,0.24675775,0.24372591,0.24017686,0.23608315,0.23140878,0.22610598,0.22011023,0.21333217,0.20564374,0.19685255,0.18664998,0.17449009,0.15924202,0.13772154,0.07080292
78300,0.25481386,0.25458964,0.25391587,0.25278908,0.25120333,0.24914984,0.24661660,0.24358759,0.24004181,0.23595184,0.23128170,0.22598364,0.21999315,0.21322094,0.20553900,0.19675507,0.18656065,0.17441011,0.15917317,0.13766713,0.07076262
78360,0.25466527,0.25444127,0.25376814,0.25264242,0.25105816,0.24900661,0.24647574,0.24344954,0.23990703,0.23582080,0.23115487,0.22586152,0.21987630,0.21310993,0.20543447,0.19665777,0.18647149,0.17433028,0.15910444,0.13761282,0.07072244
78420,0.25451698,0.25429319,0.25362070,0.25249604,0.25091328,0.24886366,0.24633515,0.24331176,0.23977251,0.23569000,0.23102828,0.22573965,0.21975967,0.21299912,0.20533014,0.19656065,0.18638250,0.17425061,0.15903585,0.13755860,0.07068239
78480,0.25436898,0.25414541,0.25347355,0.25234996,0.25076869,0.24872099,0.24619484,0.24317425,0.23963826,0.23555947,0.23090194,0.22561801,0.21964326,0.21288853,0.20522600,0.19646372,0.18629367,0.17417107,0.15896738,0.13750449,0.07064245
78540,0.25422128,0.25399791,0.25332669,0.25220416,0.25062438,0.24857860,0.24605480,0.24303701,0.23950426,0.23542918,0.23077585,0.22549660,0.21952708,0.21277815,0.20512207,0.19636697,0.18620501,0.17409169,0.15889903,0.13745048,0.07060264
78600,0.25407386,0.25385071,0.25318012,0.25205865,0.25048035,0.24843649,0.24591504,0.24290004,0.23937053,0.23529915,0.23065000,0.22537543,0.21941112,0.21266798,0.20501833,0.19627040,0.18611651,0.17401245,0.15883081,0.13739657,0.07056294
78660,0.25392674,0.25370380,0.25303384,0.25191342,0.25033661,0.24829465,0.24577555,0.24276334,0.23923706,0.23516937,0.23052439,0.22525450,0.21929539,0.21255802,0.20491478,0.19617401,0.18602818,0.17393336,0.15876272,0.13734275,0.07052337
78720,0.25377990,0.25355717,0.25288785,0.25176849,0.25019315,0.24815310,0.24563634,0.24262690,0.23910385,0.23503985,0.23039903,0.22513379,0.21917987,0.21244827,0.20481144,0.19607780,0.18594002,0.17385442,0.15869475,0.13728904,0.07048391
78780,0.25363336,0.25341083,0.25274214,0.25162383,0.25004997,0.24801182,0.24549739,0.24249073,0.23897090,0.23491057,0.23027390,0.22501332,0.21906458,0.21233873,0.20470828,0.19598178,0.18585202,0.17377562,0.15862690,0.13723542,0.07044457
78840,0.25348710,0.25326479,0.25259672,0.25147946,0.24990707,0.24787082,0.24535872,0.24235482,0.23883820,0.23478155,0.23014902,0.22489308,0.21894951,0.21222940,0.20460533,0.19588594,0.18576418,0.17369697,0.15855918,0.13718190,0.07040535
78900,0.25334113,0.25311902,0.25245159,0.25133537,0.24976445,0.24773010,0.24522032,0.24221918,0.23870576,0.23465277,0.23002438,0.22477307,0.21883466,0.21212027,0.20450257,0.19579027,0.18567651,0.17361846,0.15849158,0.13712847,0.07036624
78960,0.25319544,0.25297355,0.25230674,0.25119157,0.24962211,0.24758964,0.24508219,0.24208380,0.23857358,0.23452425,0.22989998,0.22465329,0.21872002,0.21201135,0.20440000,0.19569478,0.18558900,0.17354009,0.15842411,0.13707515,0.07032726
79020,0.25305004,0.25282836,0.25216217,0.25104804,0.24948005,0.24744947,0.24494433,0.24194869,0.23844166,0.23439597,0.22977582,0.22453374,0.21860561,0.21190264,0.20429762,0.19559948,0.18550165,0.17346187,0.15835676,0.13702192,0.07028839
79080,0.25290493,0.25268345,0.25201789,0.25090480,0.24933826,0.24730956,0.24480673,0.24181383,0.23830999,0.23426794,0.22965190,0.22441442,0.21849141,0.21179414,0.20419544,0.19550435,0.18541446,0.17338380,0.15828953,0.13696878,0.07024963
79140,0.25276009,0.25253882,0.25187388,0.25076183,0.24919675,0.24716993,0.24466940,0.24167924,0.23817858,0.23414016,0.22952822,0.22429533,0.21837743,0.21168584,0.20409345,0.19540940,0.18532744,0.17330587,0.15822242,0.13691574,0.07021099
79200,0.25261555,0.25239448,0.25173016,0.25061915,0.24905552,0.24703057,0.24453234,0.24154491,0.23804742,0.23401262,0.22940477,0.22417646,0.21826367,0.21157774,0.20399165,0.19531462,0.18524057,0.17322808,0.15815544,0.13686280,0.07017247
79260,0.25247130,0.25225044,0.25158674,0.25047676,0.24891458,0.24689151,0.24439557,0.24141086,0.23791653,0.23388535,0.22928158,0.22405784,0.21815014,0.21146987,0.20389006,0.19522004,0.18515388,0.17315044,0.15808859,0.13680997,0.07013407
79320,0.25232733,0.25210667,0.25144359,0.25033464,0.24877391,0.24675270,0.24425905,0.24127706,0.23778588,0.23375831,0.22915861,0.22393943,0.21803681,0.21136218,0.20378865,0.19512563,0.18506734,0.17307294,0.15802185,0.13675722,0.07009578
79380,0.25218362,0.25196318,0.25130071,0.25019279,0.24863350,0.24661415,0.24412278,0.24114351,0.23765548,0.23363150,0.22903588,0.22382125,0.21792370,0.21125470,0.20368743,0.19503138,0.18498096,0.17299558,0.15795523,0.13670456,0.07005760
79440,0.25204020,0.25181996,0.25115810,0.25005121,0.24849336,0.24647587,0.24398678,0.24101021,0.23752533,0.23350494,0.22891337,0.22370329,0.21781079,0.21114742,0.20358639,0.19493731,0.18489474,0.17291836,0.15788873,0.13665200,0.07001953
79500,0.25189705,0.25167701,0.25101577,0.24990990,0.24835349,0.24633785,0.24385104,0.24087717,0.23739543,0.23337862,0.22879110,0.22358555,0.21769810,0.21104034,0.20348554,0.19484341,0.18480867,0.17284127,0.15782234,0.13659954,0.06998157
79560,0.25175418,0.25153434,0.25087372,0.24976887,0.24821389,0.24620010,0.24371556,0.24074438,0.23726577,0.23325254,0.22866906,0.22346803,0.21758563,0.21093345,0.20338488,0.19474969,0.18472276,0.17276433,0.15775608,0.13654716,0.06994373
79620,0.25161158,0.25139195,0.25073194,0.24962811,0.24807456,0.24606262,0.24358034,0.24061185,0.23713636,0.23312670,0.22854725,0.22335074,0.21747336,0.21082677,0.20328440,0.19465614,0.18463701,0.17268753,0.15768994,0.13649488,0.06990600
79680,0.25146926,0.25124984,0.25059043,0.24948762,0.24793550,0.24592540,0.24344538,0.24047958,0.23700720,0.23300111,0.22842567,0.22323366,0.21736130,0.21072029,0.20318411,0.19456276,0.18455141,0.17261086,0.15762391,0.13644270,0.06986838
79740,0.25132722,0.25110800,0.25044920,0.24934741,0.24779671,0.24578845,0.24331068,0.24034756,0.23687829,0.23287575,0.22830433,0.22311681,0.21724946,0.21061401,0.20308401,0.19446956,0.18446598,0.17253434,0.15755801,0.13639061,0.06983087
79800,0.25118545,0.25096643,0.25030824,0.24920746,0.24765819,0.24565175,0.24317624,0.24021579,0.23674962,0.23275063,0.22818321,0.22300018,0.21713783,0.21050793,0.20298410,0.19437652,0.18438069,0.17245795,0.15749222,0.13633861,0.06979347
79860,0.25104395,0.25082513,0.25016755,0.24906778,0.24751993,0.24551532,0.24304205,0.24008427,0.23662120,0.23262574,0.22806232,0.22288377,0.21702640,0.21040204,0.20288437,0.19428366,0.18429557,0.17238170,0.15742655,0.13628670,0.06975618
79920,0.25090273,0.25068411,0.25002713,0.24892837,0.24738194,0.24537916,0.24290812,0.23995300,0.23649303,0.23250110,0.22794167,0.22276758,0.21691518,0.21029635,0.20278482,0.19419097,0.18421060,0.17230559,0.15736099,0.13623488,0.06971900
79980,0.25076178,0.25054336,0.24988699,0.24878923,0.24724421,0.24524325,0.24277446,0.23982199,0.23636509,0.23237669,0.22782124,0.22265161,0.21680418,0.21019086,0.20268546,0.19409845,0.18412578,0.17222962,0.15729556,0.13618316,0.06968194
80040,0.25062110,0.25040289,0.24974711,0.24865037,0.24710675,0.24510761,0.24264104,0.23969122,0.23623741,0.23225252,0.22770104,0.22253586,0.21669338,0.21008557,0.20258629,0.19400610,0.18404112,0.17215379,0.15723024,0.13613153,0.06964498
80100,0.25048070,0.25026268,0.24960751,0.24851176,0.24696955,0.24497223,0.24250789,0.23956071,0.23610996,0.23212858,0.22758107,0.22242032,0.21658279,0.20998047,0.20248729,0.19391392,0.18395661,0.17207809,0.15716504,0.13607999,0.06960813
80160,0.25034056,0.25012274,0.24946817,0.24837342,0.24683262,0.24483710,0.24237498,0.23943044,0.23598276,0.23200488,0.22746132,0.22230500,0.21647241,0.20987557,0.20238848,0.19382191,0.18387226,0.17200253,0.15709995,0.13602855,0.06957138
80220,0.25020069,0.24998307,0.24932909,0.24823535,0.24669594,0.24470223,0.24224233,0.23930042,0.23585580,0.23188141,0.22734180,0.22218990,0.21636223,0.20977086,0.20228985,0.19373006,0.18378806,0.17192710,0.15703499,0.13597719,0.06953475
80280,0.25006109,0.24984367,0.24919029,0.24809754,0.24655953,0.24456762,0.24210993,0.23917065,0.23572908,0.23175818,0.22722250,0.22207502,0.21625226,0.20966635,0.20219141,0.19363839,0.18370401,0.17185181,0.15697013,0.13592592,0.06949822
80340,0.24992175,0.24970453,0.24905175,0.24795999,0.24642338,0.24443327,0.24197778,0.23904112,0.23560260,0.23163518,0.22710343,0.22196034,0.21614249,0.20956203,0.20209314,0.19354688,0.18362012,0.17177666,0.15690539,0.13587475,0.06946180
80400,0.24978268,0.24956566,0.24891347,0.24782271,0.24628749,0.24429917,0.24184589,0.23891185,0.23547636,0.23151241,0.22698458,0.22184589,0.21603292,0.20945790,0.20199506,0.19345554,0.18353638,0.17170164,0.15684077,0.13582366,0.06942548
80460,0.24964388,0.24942706,0.24877546,0.24768569,0.24615186,0.24416533,0.24171424,0.23878281,0.23535035,0.23138987,0.22686595,0.22173165,0.21592356,0.20935397,0.20189716,0.19336437,0.18345279,0.17162675,0.15677626,0.13577267,0.06938927
80520,0.24950535,0.24928872,0.24863772,0.24754893,0.24601648,0.24403175,0.24158285,0.23865402,0.23522459,0.23126756,0.22674755,0.22161762,0.21581441,0.20925023,0.20179943,0.19327336,0.18336935,0.17155200,0.15671186,0.13572176,0.06935317
80580,0.24936708,0.24915065,0.24850023,0.24741243,0.24588137,0.24389841,0.24145171,0.23852548,0.23509906,0.23114548,0.22662937,0.22150380,0.21570546,0.20914668,0.20170189,0.19318252,0.18328606,0.17147738,0.15664758,0.13567095,0.06931717
80640,0.24922907,0.24901283,0.24836301,0.24727619,0.24574651,0.24376533,0.24132081,0.23839717,0.23497377,0.23102364,0.22651141,0.22139020,0.21559670,0.20904332,0.20160452,0.19309184,0.18320292,0.17140289,0.15658341,0.13562022,0.06928128
80700,0.24909133,0.24887529,0.24822605,0.24714021,0.24561191,0.24363251,0.24119016,0.23826911,0.23484872,0.23090202,0.22639367,0.22127680,0.21548815,0.20894015,0.20150733,0.19300133,0.18311993,0.17132854,0.15651936,0.13556959,0.06924549
80760,0.24895384,0.24873800,0.24808935,0.24700449,0.24547756,0.24349993,0.24105976,0.23814130,0.23472390,0.23078063,0.22627615,0.22116362,0.21537981,0.20883717,0.20141033,0.19291098,0.18303709,0.17125432,0.15645542,0.13551904,0.06920980
80820,0.24881662,0.24860097,0.24795291,0.24686903,0.24534347,0.24336761,0.24092961,0.23801372,0.23459931,0.23065946,0.22615885,0.22105065,0.21527166,0.20873438,0.20131349,0.19282080,0.18295440,0.17118024,0.15639159,0.13546858,0.06917422
80880,0.24867966,0.24846421,0.24781673,0.24673382,0.24520963,0.24323554,0.24079970,0.23788638,0.23447496,0.23053853,0.22604177,0.22093789,0.21516371,0.20863178,0.20121684,0.19273078,0.18287185,0.17110628,0.15632787,0.13541821,0.06913874
80940,0.24854296,0.24832770,0.24768081,0.24659888,0.24507605,0.24310371,0.24067003,0.23775928,0.23435085,0.23041782,0.22592491,0.22082534,0.21505596,0.20852937,0.20112036,0.19264092,0.18278946,0.17103246,0.15626427,0.13536792,0.06910337
81000,0.24840652,0.24819146,0.24754514,0.24646418,0.24494272,0.24297214,0.24054061,0.23763242,0.23422696,0.23029733,0.22580827,0.22071300,0.21494841,0.20842715,0.20102406,0.19255123,0.18270721,0.17095876,0.15620078,0.13531773,0.06906809
81060,0.24827034,0.24805547,0.24740974,0.24632974,0.24480963,0.24284081,0.24041144,0.23750580,0.23410331,0.23017707,0.22569184,0.22060086,0.21484106,0.20832511,0.20092793,0.19246169,0.18262511,0.17088520,0.15613739,0.13526762,0.06903292
81120,0.24813442,0.24791974,0.24727458,0.24619556,0.24467681,0.24270973,0.24028250,0.23737942,0.23397989,0.23005704,0.22557562,0.22048893,0.21473390,0.20822326,0.20083197,0.19237232,0.18254316,0.17081177,0.15607412,0.13521759,0.06899785
81180,0.24799875,0.24778426,0.24713969,0.24606162,0.24454423,0.24257890,0.24015381,0.23725327,0.23385670,0.22993722,0.22545963,0.22037721,0.21462695,0.20812159,0.20073619,0.19228311,0.18246136,0.17073846,0.15601096,0.13516766,0.06896288
81240,0.24786334,0.24764904,0.24700504,0.24592794,0.24441190,0.24244831,0.24002536,0.23712736,0.23373374,0.22981763,0.22534385,0.22026570,0.21452018,0.20802011,0.20064059,0.19219406,0.18237969,0.17066529,0.15594791,0.13511781,0.06892801
81300,0.24772818,0.24751408,0.24687065,0.24579451,0.24427982,0.24231797,0.23989715,0.23700169,0.23361101,0.22969827,0.22522828,0.22015439,0.21441362,0.20791882,0.20054515,0.19210517,0.18229818,0.17059225,0.15588497,0.13506805,0.06889324
81360,0.24759328,0.24737937,0.24673652,0.24566134,0.24414798,0.24218787,0.23976919,0.23687625,0.23348850,0.22957912,0.22511293,0.22004328,0.21430725,0.20781771,0.20044989,0.19201644,0.18221681,0.17051933,0.15582214,0.13501837,0.06885857
81420,0.24745863,0.24724491,0.24660263,0.24552841,0.24401640,0.24205801,0.23964146,0.23675104,0.23336623,0.22946020,0.22499778,0.21993238,0.21420107,0.20771679,0.20035481,0.19192787,0.18213558,0.17044654,0.15575942,0.13496878,0.06882400
81480,0.24732424,0.24711070,0.24646900,0.24539573,0.24388506,0.24192840,0.23951396,0.23662607,0.23324418,0.22934149,0.22488286,0.21982168,0.21409509,0.20761604,0.20025989,0.19183946,0.18205450,0.17037389,0.15569681,0.13491928,0.06878953
81540,0.24719009,0.24697675,0.24633562,0.24526330,0.24375397,0.24179903,0.23938671,0.23650133,0.23312236,0.22922300,0.22476814,0.21971119,0.21398930,0.20751548,0.20016515,0.19175121,0.18197357,0.17030135,0.15563431,0.13486986,0.06875516
81600,0.24705620,0.24684305,0.24620249,0.24513112,0.24362312,0.24166991,0.23925969,0.23637682,0.23300076,0.22910474,0.22465363,0.21960090,0.21388370,0.20741511,0.20007057,0.19166311,0.18189277,0.17022895,0.15557191,0.13482052,0.06872089
81660,0.24692256,0.24670960,0.24606961,0.24499919,0.24349252,0.24154102,0.23913291,0.23625254,0.23287939,0.22898669,0.22453934,0.21949081,0.21377830,0.20731491,0.19997617,0.19157517,0.18181212,0.17015667,0.15550963,0.13477128,0.06868671
81720,0.24678917,0.24657640,0.24593697,0.24486750,0.24336216,0.24141237,0.23900637,0.23612850,0.23275825,0.22886886,0.22442526,0.21938092,0.21367309,0.20721490,0.19988193,0.19148739,0.18173162,0.17008452,0.15544745,0.13472211,0.06865263
81780,0.24665603,0.24644345,0.24580459,0.24473606,0.24323204,0.24128397,0.23888006,0.23600468,0.23263732,0.22875125,0.22431138,0.21927123,0.21356807,0.20711507,0.19978787,0.19139976,0.18165125,0.17001250,0.15538538,0.13467303,0.06861865
81840,0.24652314,0.24631075,0.24567245,0.24460487,0.24310217,0.24115580,0.23875399,0.23588109,0.23251663,0.22863385,0.22419771,0.21916175,0.21346324,0.20701541,0.19969397,0.19131229,0.18157103,0.16994060,0.15532341,0.13462403,0.06858477
81900,0.24639050,0.24617829,0.24554056,0.24447391,0.24297254,0.24102787,0.23862815,0.23575773,0.23239615,0.22851667,0.22408426,0.21905246,0.21335860,0.20691594,0.19960024,0.19122498,0.18149094,0.16986883,0.15526156,0.13457512,0.06855098
81960,0.24625810,0.24604608,0.24540891,0.24434321,0.24284315,0.24090018,0.23850254,0.23563460,0.23227589,0.22839970,0.22397100,0.21894337,0.21325415,0.20681665,0.19950668,0.19113782,0.18141100,0.16979718,0.15519981,0.13452629,0.06851729
82020,0.24612595,0.24591412,0.24527751,0.24421274,0.24271400,0.24077272,0.23837716,0.23551170,0.23215586,0.22828295,0.22385796,0.21883448,0.21314989,0.20671753,0.19941329,0.19105082,0.18133120,0.16972565,0.15513816,0.13447755,0.06848369
82080,0.24599405,0.24578240,0.24514635,0.24408252,0.24258509,0.24064550,0.23825202,0.23538902,0.23203605,0.22816641,0.22374512,0.21872579,0.21304582,0.20661859,0.19932006,0.19096397,0.18125154,0.16965425,0.15507662,0.13442888,0.06845019
82140,0.24586239,0.24565093,0.24501544,0.24395254,0.24245642,0.24051852,0.23812711,0.23526657,0.23191646,0.22805009,0.22363249,0.21861729,0.21294193,0.20651983,0.19922700,0.19087727,0.18117202,0.16958298,0.15501519,0.13438030,0.06841679
82200,0.24573097,0.24551970,0.24488477,0.24382280,0.24232798,0.24039177,0.23800243,0.23514434,0.23179709,0.22793398,0.22352007,0.21850900,0.21283824,0.20642125,0.19913411,0.19079073,0.18109264,0.16951183,0.15495386,0.13433181,0.06838348
82260,0.24559980,0.24538871,0.24475434,0.24369330,0.24219979,0.24026526,0.23787798,0.23502234,0.23167793,0.22781808,0.22340784,0.21840090,0.21273473,0.20632285,0.19904138,0.19070434,0.18101340,0.16944080,0.15489264,0.13428339,0.06835026
82320,0.24546888,0.24525797,0.24462415,0.24356404,0.24207183,0.24013898,0.23775375,0.23490057,0.23155900,0.22770239,0.22329583,0.21829299,0.21263140,0.20622462,0.19894882,0.19061810,0.18093429,0.16936990,0.15483152,0.13423506,0.06831714
82380,0.24533819,0.24512747,0.24449421,0.24343502,0.24194411,0.24001293,0.23762976,0.23477901,0.23144028,0.22758692,0.22318401,0.21818528,0.21252827,0.20612657,0.19885642,0.19053202,0.18085533,0.16929911,0.15477051,0.13418681,0.06828411
82440,0.24520775,0.24499721,0.24436450,0.24330624,0.24181662,0.23988711,0.23750599,0.23465768,0.23132178,0.22747165,0.22307240,0.21807776,0.21242532,0.20602869,0.19876418,0.19044608,0.18077650,0.16922845,0.15470960,0.13413864,0.06825117
82500,0.24507755,0.24486720,0.24423503,0.24317769,0.24168937,0.23976153,0.23738245,0.23453658,0.23120350,0.22735660,0.22296099,0.21797044,0.21232255,0.20593099,0.19867211,0.19036030,0.18069781,0.16915792,0.15464880,0.13409055,0.06821833
82560,0.24494759,0.24473742,0.24410581,0.24304938,0.24156235,0.23963617,0.23725914,0.23441569,0.23108543,0.22724175,0.22284979,0.21786331,0.21221997,0.20583346,0.19858020,0.19027467,0.18061926,0.16908750,0.15458810,0.13404254,0.06818558
82620,0.24481786,0.24460788,0.24397682,0.24292131,0.24143556,0.23951105,0.23713605,0.23429502,0.23096757,0.22712711,0.22273878,0.21775638,0.21211757,0.20573610,0.19848846,0.19018919,0.18054084,0.16901720,0.15452750,0.13399462,0.06815292
82680,0.24468838,0.24447858,0.24384806,0.24279348,0.24130901,0.23938615,0.23701319,0.23417458,0.23084993,0.22701268,0.22262797,0.21764963,0.21201535,0.20563892,0.19839687,0.19010386,0.18046256,0.16894703,0.15446701,0.13394677,0.06812035
82740,0.24455914,0.24434951,0.24371955,0.24266587,0.24118269,0.23926149,0.23689056,0.23405435,0.23073251,0.22689846,0.22251737,0.21754308,0.21191332,0.20554191,0.19830545,0.19001867,0.18038442,0.16887698,0.15440661,0.13389901,0.06808788
82800,0.24443013,0.24422069,0.24359127,0.24253851,0.24105660,0.23913705,0.23676814,0.23393434,0.23061530,0.22678444,0.22240696,0.21743672,0.21181147,0.20544507,0.19821419,0.18993364,0.18030641,0.16880704,0.15434632,0.13385132,0.06805550
82860,0.24430138,0.24409212,0.24346325,0.24241139,0.24093077,0.23901286,0.23664597,0.23381458,0.23049832,0.22667065,0.22229677,0.21733057,0.21170982,0.20534842,0.19812310,0.18984877,0.18022855,0.16873724,0.15428615,0.13380373,0.06802321
82920,0.24417285,0.24396378,0.24333545,0.24228450,0.24080515,0.23888888,0.23652401,0.23369501,0.23038154,0.22655705,0.22218677,0.21722460,0.21160834,0.20525194,0.19803217,0.18976404,0.18015081,0.16866755,0.15422606,0.13375621,0.06799101
82980,0.24404456,0.24383566,0.24320788,0.24215784,0.24067976,0.23876513,0.23640227,0.23357566,0.23026497,0.22644366,0.22207697,0.21711881,0.21150703,0.20515562,0.19794139,0.18967946,0.18007321,0.16859798,0.15416608,0.13370876,0.06795889
83040,0.24391650,0.24370778,0.24308054,0.24203140,0.24055459,0.23864160,0.23628075,0.23345653,0.23014860,0.22633046,0.22196735,0.21701321,0.21140591,0.20505946,0.19785077,0.18959502,0.17999574,0.16852852,0.15410620,0.13366140,0.06792687
83100,0.24378867,0.24358013,0.24295343,0.24190519,0.24042965,0.23851829,0.23615945,0.23333761,0.23003245,0.22621747,0.22185794,0.21690780,0.21130496,0.20496348,0.19776031,0.18951072,0.17991841,0.16845918,0.15404642,0.13361411,0.06789494
83160,0.24366107,0.24345271,0.24282655,0.24177922,0.24030494,0.23839521,0.23603837,0.23321890,0.22991650,0.22610468,0.22174871,0.21680258,0.21120419,0.20486767,0.19767001,0.18942658,0.17984120,0.16838997,0.15398674,0.13356690,0.06786309
83220,0.24353370,0.24332553,0.24269990,0.24165347,0.24018045,0.23827235,0.23591750,0.23310041,0.22980077,0.22599210,0.22163969,0.21669754,0.21110360,0.20477202,0.19757986,0.18934257,0.17976413,0.16832086,0.15392716,0.13351977,0.06783133
83280,0.24340657,0.24319858,0.24257349,0.24152795,0.24005619,0.23814971,0.23579686,0.23298213,0.22968524,0.22587971,0.22153086,0.21659269,0.21100319,0.20467655,0.19748988,0.18925872,0.17968719,0.16825188,0.15386767,0.13347272,0.06779966
83340,0.24327967,0.24307186,0.24244730,0.24140266,0.23993215,0.23802730,0.23567643,0.23286407,0.22956992,0.22576753,0.22142222,0.21648803,0.21090296,0.20458124,0.19740005,0.18917501,0.17961039,0.16818301,0.15380829,0.13342575,0.06776808
83400,0.24315301,0.24294537,0.24232135,0.24127760,0.23980835,0.23790510,0.23555622,0.23274622,0.22945481,0.22565555,0.22131378,0.21638355,0.21080290,0.20448610,0.19731037,0.18909144,0.17953372,0.16811426,0.15374901,0.13337886,0.06773659
83460,0.24302656,0.24281910,0.24219562,0.24115276,0.23968476,0.23778313,0.23543623,0.23262858,0.22933990,0.22554377,0.22120553,0.21627926,0.21070302,0.20439112,0.19722086,0.18900802,0.17945717,0.16804563,0.15368983,0.13333204,0.06770518
83520,0.24290035,0.24269307,0.24207012,0.24102815,0.23956140,0.23766138,0.23531645,0.23251115,0.22922520,0.22543219,0.22109747,0.21617515,0.21060332,0.20429631,0.19713149,0.18892475,0.17938076,0.16797711,0.15363075,0.13328530,0.06767387
83580,0.24277437,0.24256727,0.24194485,0.24090377,0.23943826,0.23753985,0.23519689,0.23239393,0.22911071,0.22532081,0.22098961,0.21607123,0.21050379,0.20420167,0.19704229,0.18884161,0.17930448,0.16790871,0.15357176,0.13323864,0.06764263
83640,0.24264862,0.24244169,0.24181980,0.24077961,0.23931535,0.23741854,0.23507755,0.23227693,0.22899642,0.22520963,0.22088194,0.21596749,0.21040444,0.20410720,0.19695324,0.18875863,0.17922833,0.16784043,0.15351288,0.13319205,0.06761149
83700,0.24252310,0.24231635,0.24169499,0.24065568,0.23919266,0.23729745,0.23495843,0.23216013,0.22888234,0.22509865,0.22077446,0.21586394,0.21030526,0.20401289,0.19686435,0.18867578,0.17915231,0.16777226,0.15345409,0.13314555,0.06758043
83760,0.24239780,0.24219123,0.24157040,0.24053197,0.23907018,0.23717657,0.23483951,0.23204355,0.22876846,0.22498786,0.22066717,0.21576057,0.21020626,0.20391874,0.19677560,0.18859308,0.17907642,0.16770421,0.15339540,0.13309912,0.06754946
83820,0.24227274,0.24206633,0.24144603,0.24040848,0.23894793,0.23705592,0.23472081,0.23192717,0.22865479,0.22487727,0.22056007,0.21565738,0.21010743,0.20382476,0.19668702,0.18851052,0.17900066,0.16763627,0.15333681,0.13305276,0.06751857
83880,0.24214789,0.24194167,0.24132189,0.24028522,0.23882590,0.23693548,0.23460232,0.23181100,0.22854131,0.22476688,0.22045316,0.21555437,0.21000878,0.20373095,0.19659858,0.18842810,0.17892503,0.16756844,0.15327832,0.13300649,0.06748777
83940,0.24202327,0.24181722,0.24119797,0.24016218,0.23870409,0.23681525,0.23448405,0.23169505,0.22842804,0.22465668,0.22034644,0.21545155,0.20991029,0.20363729,0.19651030,0.18834582,0.17884953,0.16750073,0.15321992,0.13296028,0.06745705
84000,0.24189888,0.24169300,0.24107428,0.24003936,0.23858250,0.23669525,0.23436599,0.23157929,0.22831497,0.22454669,0.22023991,0.21534891,0.20981198,0.20354380,0.19642218,0.18826369,0.17877415,0.16743314,0.15316163,0.13291416,0.06742642
84060,0.24177471,0.24156901,0.24095081,0.23991676,0.23846113,0.23657546,0.23424813,0.23146375,0.22820211,0.22443688,0.22013357,0.21524644,0.20971385,0.20345048,0.19633420,0.18818169,0.17869891,0.16736565,0.15310342,0.13286811,0.06739587
84120,0.24165077,0.24144524,0.24082756,0.23979439,0.23833998,0.23645588,0.23413049,0.23134841,0.22808944,0.22432727,0.22002741,0.21514416,0.20961588,0.20335731,0.19624638,0.18809984,0.17862379,0.16729828,0.15304532,0.13282213,0.06736540
84180,0.24152704,0.24132169,0.24070453,0.23967223,0.23821904,0.23633652,0.23401306,0.23123327,0.22797698,0.22421786,0.21992144,0.21504206,0.20951809,0.20326431,0.19615871,0.18801813,0.17854880,0.16723103,0.15298731,0.13277623,0.06733502
84240,0.24140354,0.24119836,0.24058172,0.23955029,0.23809832,0.23621737,0.23389584,0.23111835,0.22786471,0.22410864,0.21981566,0.21494013,0.20942046,0.20317147,0.19607119,0.18793655,0.17847394,0.16716388,0.15292940,0.13273041,0.06730472
84300,0.24128027,0.24107526,0.24045914,0.23942857,0.23797782,0.23609843,0.23377883,0.23100362,0.22775264,0.22399961,0.21971007,0.21483839,0.20932301,0.20307879,0.19598382,0.18785512,0.17839920,0.16709685,0.15287158,0.13268466,0.06727451
84360,0.24115721,0.24095237,0.24033677,0.23930707,0.23785753,0.23597971,0.23366203,0.23088910,0.22764078,0.22389077,0.21960466,0.21473682,0.20922573,0.20298627,0.19589660,0.18777382,0.17832459,0.16702993,0.15281386,0.13263899,0.06724438
84420,0.24103437,0.24082971,0.24021463,0.23918579,0.23773745,0.23586120,0.23354544,0.23077479,0.22752911,0.22378213,0.21949944,0.21463543,0.20912861,0.20289391,0.19580953,0.18769267,0.17825010,0.16696313,0.15275623,0.13259339,0.06721433
84480,0.24091176,0.24070727,0.24009270,0.23906472,0.23761760,0.23574290,0.23342905,0.23066067,0.22741764,0.22367368,0.21939440,0.21453422,0.20903167,0.20280171,0.19572261,0.18761165,0.17817575,0.16689643,0.15269870,0.13254786,0.06718436
84540,0.24078936,0.24058504,0.23997099,0.23894387,0.23749795,0.23562481,0.23331287,0.23054676,0.22730636,0.22356542,0.21928955,0.21443319,0.20893489,0.20270967,0.19563584,0.18753077,0.17810151,0.16682985,0.15264126,0.13250241,0.06715447
84600,0.24066719,0.24046304,0.23984950,0.23882324,0.23737852,0.23550693,0.23319690,0.23043305,0.22719528,0.22345735,0.21918488,0.21433233,0.20883828,0.20261779,0.19554922,0.18745002,0.17802741,0.16676338,0.15258392,0.13245703,0.06712467
84660,0.24054523,0.24034125,0.23972822,0.23870282,0.23725930,0.23538926,0.23308113,0.23031954,0.22708440,0.22334947,0.21908039,0.21423165,0.20874184,0.20252607,0.19546275,0.18736942,0.17795342,0.16669701,0.15252667,0.13241173,0.06709495
84720,0.24042348,0.24021968,0.23960716,0.23858261,0.23714030,0.23527180,0.23296557,0.23020624,0.22697371,0.22324178,0.21897609,0.21413114,0.20864557,0.20243450,0.19537642,0.18728895,0.17787956,0.16663076,0.15246952,0.13236650,0.06706530
84780,0.24030196,0.24009832,0.23948632,0.23846262,0.23702150,0.23515455,0.23285021,0.23009313,0.22686322,0.22313428,0.21887197,0.21403081,0.20854946,0.20234309,0.19529024,0.18720862,0.17780583,0.16656462,0.15241246,0.13232134,0.06703574
84840,0.24018065,0.23997718,0.23936569,0.23834284,0.23690292,0.23503750,0.23273505,0.22998022,0.22675293,0.22302697,0.21876803,0.21393065,0.20845352,0.20225184,0.19520421,0.18712842,0.17773222,0.16649859,0.15235549,0.13227626,0.06700626
84900,0.24005956,0.23985626,0.23924527,0.23822328,0.23678454,0.23492067,0.23262010,0.22986751,0.22664282,0.22291984,0.21866427,0.21383067,0.20835775,0.20216075,0.19511833,0.18704836,0.17765873,0.16643266,0.15229862,0.13223125,0.06697686
84960,0.23993868,0.23973555,0.23912507,0.23810392,0.23666638,0.23480404,0.23250536,0.22975500,0.22653291,0.22281290,0.21856069,0.21373086,0.20826214,0.20206981,0.19503259,0.18696843,0.17758536,0.16636685,0.15224184,0.13218631,0.06694754
85020,0.23981802,0.23961506,0.23900509,0.23798478,0.23654842,0.23468761,0.23239081,0.22964269,0.22642319,0.22270615,0.21845730,0.21363122,0.20816669,0.20197903,0.19494700,0.18688864,0.17751212,0.16630114,0.15218515,0.13214145,0.06691829
85080,0.23969757,0.23949478,0.23888531,0.23786585,0.23643068,0.23457139,0.23227647,0.22953058,0.22631367,0.22259959,0.21835408,0.21353175,0.20807141,0.20188840,0.19486155,0.18680899,0.17743900,0.16623555,0.15212855,0.13209665,0.06688913
85140,0.23957733,0.23937471,0.23876575,0.23774713,0.23631314,0.23445538,0.23216232,0.22941866,0.22620433,0.22249321,0.21825104,0.21343246,0.20797629,0.20179793,0.19477625,0.18672946,0.17736601,0.16617006,0.15207205,0.13205193,0.06686004
85200,0.23945731,0.23925485,0.23864640,0.23762862,0.23619581,0.23433957,0.23204838,0.22930693,0.22609519,0.22238702,0.21814818,0.21333334,0.20788134,0.20170761,0.19469109,0.18665008,0.17729313,0.16610468,0.15201564,0.13200728,0.06683104
85260,0.23933750,0.23913521,0.23852725,0.23751032,0.23607868,0.23422396,0.23193464,0.22919541,0.22598624,0.22228101,0.21804550,0.21323439,0.20778655,0.20161745,0.19460608,0.18657082,0.17722037,0.16603941,0.15195932,0.13196270,0.06680211
85320,0.23921790,0.23901578,0.23840832,0.23739222,0.23596176,0.23410856,0.23182110,0.22908408,0.22587748,0.22217518,0.21794300,0.21313561,0.20769192,0.20152744,0.19452121,0.18649170,0.17714774,0.16597424,0.15190309,0.13191820,0.06677326
85380,0.23909851,0.23889656,0.23828960,0.23727434,0.23584505,0.23399336,0.23170775,0.22897294,0.22576890,0.22206955,0.21784067,0.21303700,0.20759746,0.20143759,0.19443649,0.18641271,0.17707523,0.16590918,0.15184695,0.13187376,0.06674449
85440,0.23897934,0.23877755,0.23817109,0.23715666,0.23572854,0.23387836,0.23159461,0.22886200,0.22566052,0.22196409,0.21773852,0.21293856,0.20750315,0.20134788,0.19435191,0.18633385,0.17700284,0.16584423,0.15179091,0.13182940,0.06671579
85500,0.23886037,0.23865874,0.23805279,0.23703919,0.23561224,0.23376357,0.23148166,0.22875125,0.22555233,0.22185881,0.21763655,0.21284029,0.20740901,0.20125833,0.19426747,0.18625513,0.17693056,0.16577939,0.15173495,0.13178511,0.06668717
85560,0.23874161,0.23854015,0.23793469,0.23692192,0.23549614,0.23364897,0.23136891,0.22864069,0.22544432,0.22175372,0.21753476,0.21274219,0.20731503,0.20116894,0.19418317,0.18617654,0.17685841,0.16571465,0.15167909,0.13174089,0.06665863
85620,0.23862306,0.23842177,0.23781681,0.23680487,0.23538025,0.23353458,0.23125636,0.22853033,0.22533650,0.22164881,0.21743313,0.21264425,0.20722121,0.20107969,0.19409902,0.18609807,0.17678638,0.16565002,0.15162331,0.13169673,0.06663017
85680,0.23850472,0.23830359,0.23769913,0.23668801,0.23526455,0.23342038,0.23114400,0.22842016,0.22522887,0.22154408,0.21733169,0.21254649,0.20712754,0.20099059,0.19401500,0.18601974,0.17671446,0.16558549,0.15156763,0.13165265,0.06660178
85740,0.23838658,0.23818562,0.23758165,0.23657136,0.23514906,0.23330639,0.23103184,0.22831018,0.22512142,0.22143954,0.21723042,0.21244889,0.20703404,0.20090165,0.19393113,0.18594154,0.17664267,0.16552107,0.15151203,0.13160864,0.06657346
85800,0.23826866,0.23806786,0.23746438,0.23645492,0.23503378,0.23319259,0.23091988,0.22820039,0.22501416,0.22133517,0.21712932,0.21235146,0.20694070,0.20081285,0.19384740,0.18586347,0.17657099,0.16545675,0.15145653,0.13156470,0.06654523
85860,0.23815093,0.23795030,0.23734732,0.23633868,0.23491869,0.23307899,0.23080811,0.22809079,0.22490709,0.22123098,0.21702839,0.21225419,0.20684751,0.20072421,0.19376381,0.18578553,0.17649943,0.16539254,0.15140111,0.13152083,0.06651707
85920,0.23803342,0.23783295,0.23723046,0.23622264,0.23480380,0.23296559,0.23069653,0.22798138,0.22480020,0.22112697,0.21692764,0.21215709,0.20675449,0.20063571,0.19368036,0.18570772,0.17642799,0.16532844,0.15134579,0.13147703,0.06648898
85980,0.23791611,0.23771580,0.23711380,0.23610680,0.23468912,0.23285239,0.23058515,0.22787216,0.22469349,0.22102314,0.21682706,0.21206016,0.20666162,0.20054737,0.19359705,0.18563004,0.17635667,0.16526443,0.15129055,0.13143329,0.06646097
86040,0.23779901,0.23759886,0.23699735,0.23599117,0.23457463,0.23273938,0.23047396,0.22776313,0.22458697,0.22091949,0.21672666,0.21196339,0.20656891,0.20045917,0.19351388,0.18555249,0.17628546,0.16520053,0.15123540,0.13138963,0.06643303
86100,0.23768210,0.23748212,0.23688110,0.23587573,0.23446034,0.23262657,0.23036296,0.22765429,0.22448064,0.22081602,0.21662642,0.21186678,0.20647635,0.20037112,0.19343084,0.18547507,0.17621437,0.16513674,0.15118034,0.13134604,0.06640517
86160,0.23756541,0.23736559,0.23676506,0.23576050,0.23434625,0.23251395,0.23025216,0.22754564,0.22437448,0.22071272,0.21652636,0.21177034,0.20638395,0.20028322,0.19334795,0.18539777,0.17614340,0.16507305,0.15112536,0.13130251,0.06637738
86220,0.23744891,0.23724926,0.23664921,0.23564547,0.23423236,0.23240153,0.23014154,0.22743717,0.22426851,0.22060961,0.21642647,0.21167407,0.20629171,0.20019547,0.19326520,0.18532060,0.17607254,0.16500946,0.15107048,0.13125905,0.06634966
86280,0.23733262,0.23713313,0.23653357,0.23553064,0.23411867,0.23228931,0.23003112,0.22732889,0.22416272,0.22050666,0.21632674,0.21157796,0.20619963,0.20010786,0.19318258,0.18524356,0.17600180,0.16494598,0.15101568,0.13121567,0.06632202
86340,0.23721653,0.23701720,0.23641812,0.23541601,0.23400517,0.23217728,0.22992089,0.22722079,0.22405711,0.22040390,0.21622719,0.21148201,0.20610770,0.20002040,0.19310010,0.18516665,0.17593118,0.16488259,0.15096097,0.13117235,0.06629446
86400,0.23710065,0.23690147,0.23630288,0.23530157,0.23389187,0.23206544,0.22981084,0.22711289,0.22395168,0.22030131,0.21612781,0.21138622,0.20601592,0.19993309,0.19301775,0.18508986,0.17586067,0.16481931,0.15090635,0.13112909,0.06626696
86460,0.23698498,0.23678597,0.23618786,0.23518735,0.23377878,0.23195381,0.22970101,0.22700518,0.22384645,0.22019891,0.21602861,0.21129061,0.20592431,0.19984594,0.19293556,0.18501321,0.17579028,0.16475614,0.15085182,0.13108592,0.06623954
86520,0.23686950,0.23667065,0.23607302,0.23507332,0.23366588,0.23184237,0.22959135,0.22689765,0.22374139,0.22009667,0.21592957,0.21119515,0.20583285,0.19975892,0.19285350,0.18493669,0.17572001,0.16469307,0.15079738,0.13104280,0.06621220
86580,0.23675422,0.23655553,0.23595838,0.23495948,0.23355317,0.23173111,0.22948188,0.22679030,0.22363651,0.21999461,0.21583069,0.21109985,0.20574154,0.19967205,0.19277156,0.18486028,0.17564984,0.16463010,0.15074301,0.13099976,0.06618492
86640,0.23663913,0.23644060,0.23584393,0.23484584,0.23344065,0.23162004,0.22937260,0.22668313,0.22353180,0.21989272,0.21573198,0.21100471,0.20565038,0.19958532,0.19268977,0.18478400,0.17557979,0.16456723,0.15068874,0.13095677,0.06615771
86700,0.23652424,0.23632587,0.23572968,0.23473239,0.23332832,0.23150917,0.22926350,0.22657615,0.22342727,0.21979100,0.21563344,0.21090973,0.20555937,0.19949873,0.19260810,0.18470784,0.17550986,0.16450445,0.15063455,0.13091386,0.06613058
86760,0.23640955,0.23621134,0.23561563,0.23461913,0.23321619,0.23139848,0.22915458,0.22646934,0.22332292,0.21968945,0.21553506,0.21081491,0.20546852,0.19941229,0.19252658,0.18463181,0.17544003,0.16444178,0.15058044,0.13087101,0.06610352
86820,0.23629505,0.23609700,0.23550177,0.23450607,0.23310425,0.23128798,0.22904585,0.22636272,0.22321875,0.21958807,0.21543685,0.21072024,0.20537781,0.19932599,0.19244518,0.18455590,0.17537032,0.16437921,0.15052642,0.13082823,0.06607652
86880,0.23618076,0.23598286,0.23538811,0.23439321,0.23299250,0.23117767,0.22893731,0.22625628,0.22311475,0.21948687,0.21533881,0.21062574,0.20528726,0.19923984,0.19236392,0.18448012,0.17530072,0.16431674,0.15047249,0.13078552,0.06604960
86940,0.23606666,0.23586892,0.23527464,0.23428053,0.23288094,0.23106755,0.22882896,0.22615002,0.22301093,0.21938584,0.21524093,0.21053139,0.20519686,0.19915382,0.19228279,0.18440446,0.17523124,0.16425437,0.15041864,0.13074287,0.06602275
87000,0.23595275,0.23575518,0.23516137,0.23416806,0.23276957,0.23095761,0.22872078,0.22604394,0.22290728,0.21928498,0.21514321,0.21043721,0.20510661,0.19906795,0.19220180,0.18432892,0.17516186,0.16419210,0.15036488,0.13070029,0.06599597
87060,0.23583904,0.23564163,0.23504830,0.23405577,0.23265840,0.23084787,0.22861280,0.22593805,0.22280381,0.21918429,0.21504566,0.21034318,0.20501651,0.19898223,0.19212094,0.18425351,0.17509260,0.16412992,0.15031120,0.13065778,0.06596926
87120,0.23572553,0.23552827,0.23493541,0.23394367,0.23254741,0.23073831,0.22850499,0.22583233,0.22270052,0.21908376,0.21494827,0.21024931,0.20492656,0.19889664,0.19204022,0.18417821,0.17502345,0.16406785,0.15025760,0.13061533,0.06594262
87180,0.23561221,0.23541510,0.23482272,0.23383177,0.23243661,0.23062894,0.22839737,0.22572679,0.22259740,0.21898341,0.21485105,0.21015559,0.20483675,0.19881119,0.19195962,0.18410305,0.17495441,0.16400587,0.15020409,0.13057294,0.06591605
87240,0.23549908,0.23530214,0.23471022,0.23372006,0.23232600,0.23051976,0.22828994,0.22562143,0.22249445,0.21888323,0.21475399,0.21006203,0.20474710,0.19872589,0.19187916,0.18402800,0.17488549,0.16394400,0.15015067,0.13053063,0.06588955
87300,0.23538615,0.23518936,0.23459792,0.23360854,0.23221558,0.23041076,0.22818268,0.22551625,0.22239168,0.21878321,0.21465709,0.20996863,0.20465760,0.19864073,0.19179883,0.18395308,0.17481667,0.16388222,0.15009732,0.13048837,0.06586312
87360,0.23527342,0.23507678,0.23448581,0.23349721,0.23210536,0.23030195,0.22807562,0.22541125,0.22228909,0.21868337,0.21456036,0.20987539,0.20456825,0.19855571,0.19171863,0.18387828,0.17474797,0.16382055,0.15004407,0.13044619,0.06583676
87420,0.23516087,0.23496439,0.23437389,0.23338607,0.23199531,0.23019332,0.22796873,0.22530643,0.22218667,0.21858369,0.21446379,0.20978230,0.20447904,0.19847083,0.19163857,0.18380360,0.17467938,0.16375897,0.14999089,0.13040407,0.06581047
87480,0.23504852,0.23485220,0.23426216,0.23327512,0.23188546,0.23008488,0.22786202,0.22520178,0.22208442,0.21848418,0.21436738,0.20968936,0.20438999,0.19838608,0.19155863,0.18372904,0.17461089,0.16369748,0.14993780,0.13036201,0.06578425
87540,0.23493636,0.23474019,0.23415062,0.23316436,0.23177579,0.22997662,0.22775549,0.22509731,0.22198234,0.21838484,0.21427113,0.20959658,0.20430108,0.19830148,0.19147883,0.18365460,0.17454252,0.16363610,0.14988479,0.13032002,0.06575809
87600,0.23482438,0.23462837,0.23403927,0.23305379,0.23166631,0.22986855,0.22764914,0.22499302,0.22188043,0.21828566,0.21417504,0.20950395,0.20421231,0.19821702,0.19139915,0.18358028,0.17447425,0.16357481,0.14983186,0.13027809,0.06573200
87660,0.23471261,0.23451675,0.23392811,0.23294340,0.23155701,0.22976065,0.22754298,0.22488890,0.22177870,0.21818665,0.21407911,0.20941148,0.20412370,0.19813269,0.19131961,0.18350608,0.17440610,0.16351362,0.14977902,0.13023623,0.06570598
87720,0.23460102,0.23440531,0.23381713,0.23283321,0.23144790,0.22965295,0.22743699,0.22478496,0.22167713,0.21808781,0.21398334,0.20931916,0.20403523,0.19804851,0.19124019,0.18343200,0.17433805,0.16345253,0.14972626,0.13019443,0.06568003
87780,0.23448962,0.23429407,0.23370635,0.23272320,0.23133898,0.22954542,0.22733118,0.22468119,0.22157574,0.21798913,0.21388773,0.20922700,0.20394690,0.19796446,0.19116090,0.18335805,0.17427012,0.16339153,0.14967358,0.13015270,0.06565414
87840,0.23437840,0.23418301,0.23359576,0.23261337,0.23123024,0.22943807,0.22722555,0.22457760,0.22147451,0.21789062,0.21379228,0.20913498,0.20385872,0.19788055,0.19108175,0.18328421,0.17420229,0.16333063,0.14962098,0.13011103,0.06562832
87900,0.23426738,0.23407214,0.23348535,0.23250374,0.23112168,0.22933091,0.22712010,0.22447418,0.22137346,0.21779227,0.21369699,0.20904312,0.20377069,0.19779677,0.19100272,0.18321049,0.17413457,0.16326982,0.14956847,0.13006942,0.06560257
87960,0.23415655,0.23396146,0.23337513,0.23239428,0.23101330,0.22922393,0.22701482,0.22437093,0.22127258,0.21769408,0.21360186,0.20895141,0.20368280,0.19771314,0.19092382,0.18313689,0.17406696,0.16320911,0.14951604,0.13002788,0.06557689
88020,0.23404590,0.23385097,0.23326510,0.23228502,0.23090511,0.22911713,0.22690972,0.22426786,0.22117186,0.21759606,0.21350688,0.20885986,0.20359506,0.19762964,0.19084505,0.18306340,0.17399945,0.16314850,0.14946369,0.12998640,0.06555127
88080,0.23393544,0.23374066,0.23315525,0.23217594,0.23079711,0.22901050,0.22680480,0.22416497,0.22107131,0.21749820,0.21341207,0.20876845,0.20350746,0.19754627,0.19076640,0.18299004,0.17393205,0.16308798,0.14941142,0.12994499,0.06552572
88140,0.23382517,0.23363054,0.23304559,0.23206704,0.23068928,0.22890406,0.22670006,0.22406224,0.22097093,0.21740051,0.21331741,0.20867720,0.20342000,0.19746305,0.19068789,0.18291679,0.17386476,0.16302756,0.14935923,0.12990364,0.06550023
88200,0.23371509,0.23352061,0.23293611,0.23195832,0.23058164,0.22879780,0.22659549,0.22395969,0.22087072,0.21730298,0.21322290,0.20858609,0.20333269,0.19737996,0.19060950,0.18284366,0.17379758,0.16296723,0.14930712,0.12986235,0.06547481
88260,0.23360519,0.23341086,0.23282682,0.23184979,0.23047417,0.22869171,0.22649110,0.22385730,0.22077068,0.21720561,0.21312856,0.20849514,0.20324552,0.19729700,0.19053123,0.18277065,0.17373051,0.16290700,0.14925509,0.12982112,0.06544946
88320,0.23349547,0.23330130,0.23271771,0.23174145,0.23036689,0.22858581,0.22638688,0.22375509,0.22067080,0.21710840,0.21303437,0.20840433,0.20315849,0.19721418,0.19045310,0.18269776,0.17366354,0.16284686,0.14920314,0.12977996,0.06542417
88380,0.23338594,0.23319192,0.23260879,0.23163328,0.23025979,0.22848008,0.22628284,0.22365305,0.22057109,0.21701135,0.21294033,0.20831368,0.20307161,0.19713149,0.19037508,0.18262498,0.17359667,0.16278682,0.14915128,0.12973886,0.06539894
88440,0.23327660,0.23308273,0.23250005,0.23152530,0.23015287,0.22837452,0.22617897,0.22355118,0.22047154,0.21691446,0.21284645,0.20822317,0.20298486,0.19704894,0.19029720,0.18255232,0.17352991,0.16272687,0.14909949,0.12969782,0.06537378
88500,0.23316744,0.23297372,0.23239149,0.23141749,0.23004612,0.22826915,0.22607527,0.22344948,0.22037216,0.21681774,0.21275273,0.20813281,0.20289826,0.19696652,0.19021944,0.18247977,0.17346326,0.16266701,0.14904778,0.12965684,0.06534869
88560,0.23305846,0.23286489,0.23228311,0.23130987,0.22993956,0.22816395,0.22597174,0.22334795,0.22027295,0.21672117,0.21265916,0.20804260,0.20281180,0.19688423,0.19014181,0.18240734,0.17339672,0.16260725,0.14899616,0.12961593,0.06532365
88620,0.23294967,0.23275625,0.23217492,0.23120243,0.22983317,0.22805893,0.22586839,0.22324659,0.22017389,0.21662476,0.21256574,0.20795254,0.20272548,0.19680208,0.19006430,0.18233503,0.17333027,0.16254758,0.14894461,0.12957508,0.06529869
88680,0.23284105,0.23264778,0.23206691,0.23109517,0.22972697,0.22795408,0.22576521,0.22314539,0.22007501,0.21652851,0.21247248,0.20786262,0.20263930,0.19672006,0.18998691,0.18226283,0.17326394,0.16248800,0.14889314,0.12953429,0.06527378
88740,0.23273262,0.23253950,0.23195907,0.23098808,0.22962093,0.22784940,0.22566221,0.22304436,0.21997628,0.21643242,0.21237936,0.20777285,0.20255326,0.19663817,0.18990965,0.18219074,0.17319770,0.16242851,0.14884175,0.12949356,0.06524894
88800,0.23262437,0.23243140,0.23185142,0.23088118,0.22951508,0.22774490,0.22555937,0.22294350,0.21987772,0.21633649,0.21228641,0.20768323,0.20246737,0.19655642,0.18983251,0.18211877,0.17313157,0.16236912,0.14879044,0.12945290,0.06522417
88860,0.23251630,0.23232348,0.23174395,0.23077445,0.22940940,0.22764058,0.22545670,0.22284281,0.21977932,0.21624072,0.21219360,0.20759376,0.20238161,0.19647480,0.18975550,0.18204691,0.17306555,0.16230982,0.14873920,0.12941229,0.06519946
88920,0.23240842,0.23221574,0.23163666,0.23066791,0.22930390,0.22753643,0.22535421,0.22274229,0.21968109,0.21614510,0.21210095,0.20750443,0.20229598,0.19639330,0.18967860,0.18197517,0.17299963,0.16225061,0.14868805,0.12937175,0.06517481
88980,0.23230071,0.23210818,0.23152954,0.23056153,0.22919857,0.22743245,0.22525188,0.22264193,0.21958301,0.21604964,0.21200845,0.20741524,0.20221050,0.19631194,0.18960184,0.18190354,0.17293381,0.16219150,0.14863697,0.12933126,0.06515022
89040,0.23219318,0.23200080,0.23142261,0.23045534,0.22909342,0.22732864,0.22514973,0.22254173,0.21948510,0.21595434,0.21191609,0.20732620,0.20212516,0.19623071,0.18952519,0.18183203,0.17286810,0.16213247,0.14858598,0.12929084,0.06512569
89100,0.23208583,0.23189360,0.23131585,0.23034932,0.22898845,0.22722500,0.22504774,0.22244170,0.21938735,0.21585919,0.21182389,0.20723731,0.20203995,0.19614961,0.18944867,0.18176062,0.17280249,0.16207354,0.14853506,0.12925048,0.06510123
89160,0.23197866,0.23178658,0.23120927,0.23024348,0.22888364,0.22712154,0.22494592,0.22234184,0.21928976,0.21576420,0.21173184,0.20714856,0.20195488,0.19606865,0.18937227,0.18168933,0.17273698,0.16201470,0.14848421,0.12921018,0.06507683
89220,0.23187167,0.23167973,0.23110286,0.23013782,0.22877901,0.22701825,0.22484427,0.22224214,0.21919233,0.21566937,0.21163994,0.20705995,0.20186995,0.19598781,0.18929599,0.18161816,0.17267157,0.16195595,0.14843345,0.12916994,0.06505249
89280,0.23176485,0.23157306,0.23099664,0.23003233,0.22867456,0.22691513,0.22474279,0.22214261,0.21909506,0.21557469,0.21154819,0.20697149,0.20178516,0.19590710,0.18921983,0.18154709,0.17260627,0.16189729,0.14838276,0.12912976,0.06502822
89340,0.23165821,0.23146657,0.23089059,0.22992701,0.22857028,0.22681218,0.22464147,0.22204323,0.21899794,0.21548016,0.21145659,0.20688317,0.20170050,0.19582651,0.18914379,0.18147614,0.17254106,0.16183872,0.14833215,0.12908964,0.06500400
89400,0.23155175,0.23136026,0.23078471,0.22982187,0.22846617,0.22670939,0.22454032,0.22194403,0.21890099,0.21538579,0.21136514,0.20679499,0.20161597,0.19574606,0.18906787,0.18140530,0.17247596,0.16178024,0.14828161,0.12904958,0.06497985
89460,0.23144547,0.23125412,0.23067901,0.22971691,0.22836223,0.22660678,0.22443934,0.22184498,0.21880420,0.21529157,0.21127384,0.20670695,0.20153159,0.19566574,0.18899207,0.18133457,0.17241096,0.16172185,0.14823116,0.12900957,0.06495576
89520,0.23133936,0.23114816,0.23057349,0.22961211,0.22825846,0.22650434,0.22433852,0.22174610,0.21870756,0.21519751,0.21118268,0.20661906,0.20144734,0.19558554,0.18891640,0.18126395,0.17234606,0.16166355,0.14818078,0.12896963,0.06493173
89580,0.23123342,0.23104237,0.23046814,0.22950749,0.22815486,0.22640206,0.22423787,0.22164737,0.21861108,0.21510360,0.21109167,0.20653131,0.20136322,0.19550547,0.18884084,0.18119344,0.17228127,0.16160534,0.14813047,0.12892975,0.06490776
89640,0.23112766,0.23093675,0.23036296,0.22940304,0.22805144,0.22629996,0.22413738,0.22154881,0.21851476,0.21500984,0.21100081,0.20644370,0.20127924,0.19542553,0.18876540,0.18112304,0.17221657,0.16154722,0.14808024,0.12888993,0.06488384
89700,0.23102208,0.23083131,0.23025795,0.22929876,0.22794818,0.22619802,0.22403706,0.22145041,0.21841860,0.21491623,0.21091009,0.20635623,0.20119539,0.19534572,0.18869008,0.18105276,0.17215197,0.16148918,0.14803009,0.12885017,0.06485999
89760,0.23091667,0.23072605,0.23015312,0.22919466,0.22784509,0.22609625,0.22393690,0.22135217,0.21832259,0.21482277,0.21081953,0.20626890,0.20111168,0.19526603,0.18861488,0.18098258,0.17208747,0.16143124,0.14798001,0.12881046,0.06483620
89820,0.23081143,0.23062095,0.23004846,0.22909073,0.22774218,0.22599464,0.22383691,0.22125409,0.21822674,0.21472947,0.21072910,0.20618171,0.20102810,0.19518647,0.18853980,0.18091251,0.17202308,0.16137338,0.14793001,0.12877082,0.06481247
89880,0.23070637,0.23051603,0.22994398,0.22898696,0.22763943,0.22589320,0.22373708,0.22115618,0.21813104,0.21463632,0.21063883,0.20609466,0.20094465,0.19510704,0.18846484,0.18084255,0.17195878,0.16131562,0.14788008,0.12873123,0.06478880
89940,0.23060147,0.23041129,0.22983966,0.22888337,0.22753685,0.22579193,0.22363741,0.22105842,0.21803550,0.21454331,0.21054870,0.20600775,0.20086134,0.19502773,0.18838999,0.18077270,0.17189458,0.16125794,0.14783023,0.12869170,0.06476519
90000,0.23049676,0.23030671,0.22973552,0.22877994,0.22743443,0.22569082,0.22353790,0.22096081,0.21794011,0.21445046,0.21045871,0.20592098,0.20077816,0.19494855,0.18831526,0.18070296,0.17183048,0.16120035,0.14778045,0.12865223,0.06474164
90060,0.23039222,0.23020232,0.22963156,0.22867671,0.22733221,0.22558989,0.22343858,0.22086339,0.21784490,0.21435777,0.21036888,0.20583436,0.20069512,0.19486950,0.18824066,0.18063334,0.17176649,0.16114285,0.14773076,0.12861283,0.06471815
90120,0.23028786,0.23009810,0.22952777,0.22857363,0.22723014,0.22548912,0.22333940,0.22076611,0.21774983,0.21426523,0.21027919,0.20574788,0.20061222,0.19479058,0.18816618,0.18056382,0.17170259,0.16108544,0.14768114,0.12857348,0.06469472
90180,0.23018365,0.22999404,0.22942414,0.22847072,0.22712823,0.22538851,0.22324038,0.22066899,0.21765490,0.21417283,0.21018964,0.20566153,0.20052943,0.19471177,0.18809180,0.18049441,0.17163879,0.16102812,0.14763158,0.12853418,0.06467134
90240,0.23007962,0.22989015,0.22932067,0.22836797,0.22702648,0.22528806,0.22314153,0.22057202,0.21756014,0.21408057,0.21010023,0.20557531,0.20044678,0.19463309,0.18801754,0.18042510,0.17157509,0.16097088,0.14758211,0.12849494,0.06464803
90300,0.22997576,0.22978643,0.22921738,0.22826539,0.22692490,0.22518778,0.22304283,0.22047521,0.21746552,0.21398847,0.21001097,0.20548923,0.20036426,0.19455453,0.18794340,0.18035590,0.17151148,0.16091372,0.14753270,0.12845577,0.06462477
90360,0.22987206,0.22968287,0.22911425,0.22816297,0.22682349,0.22508765,0.22294429,0.22037855,0.21737105,0.21389651,0.20992184,0.20540329,0.20028187,0.19447609,0.18786937,0.18028681,0.17144797,0.16085666,0.14748337,0.12841664,0.06460157
90420,0.22976853,0.22957949,0.22901129,0.22806072,0.22672224,0.22498769,0.22284591,0.22028205,0.21727674,0.21380470,0.20983286,0.20531748,0.20019961,0.19439778,0.18779545,0.18021782,0.17138455,0.16079967,0.14743411,0.12837758,0.06457842
90480,0.22966517,0.22947627,0.22890850,0.22795864,0.22662115,0.22488789,0.22274768,0.22018571,0.21718258,0.21371303,0.20974402,0.20523181,0.20011747,0.19431958,0.18772166,0.18014894,0.17132124,0.16074278,0.14738493,0.12833857,0.06455533
90540,0.22956198,0.22937322,0.22880587,0.22785672,0.22652023,0.22478825,0.22264962,0.22008952,0.21708856,0.21362151,0.20965532,0.20514628,0.20003547,0.19424152,0.18764797,0.18008017,0.17125802,0.16068597,0.14733582,0.12829962,0.06453231
90600,0.22945896,0.22927034,0.22870342,0.22775497,0.22641947,0.22468877,0.22255172,0.21999348,0.21699471,0.21353014,0.20956677,0.20506088,0.19995360,0.19416357,0.18757440,0.18001150,0.17119489,0.16062925,0.14728678,0.12826073,0.06450934
90660,0.22935610,0.22916762,0.22860113,0.22765339,0.22631888,0.22458946,0.22245397,0.21989761,0.21690100,0.21343892,0.20947835,0.20497562,0.19987186,0.19408575,0.18750095,0.17994294,0.17113187,0.16057261,0.14723781,0.12822189,0.06448642
90720,0.22925342,0.22906508,0.22849900,0.22755197,0.22621845,0.22449030,0.22235638,0.21980188,0.21680744,0.21334784,0.20939008,0.20489049,0.19979024,0.19400805,0.18742761,0.17987448,0.17106894,0.16051606,0.14718892,0.12818311,0.06446356
90780,0.22915089,0.22896269,0.22839704,0.22745071,0.22611818,0.22439131,0.22225895,0.21970631,0.21671403,0.21325690,0.20930194,0.20480549,0.19970875,0.19393046,0.18735438,0.17980613,0.17100610,0.16045959,0.14714010,0.12814439,0.06444076
90840,0.22904854,0.22886048,0.22829524,0.22734962,0.22601807,0.22429247,0.22216167,0.21961089,0.21662077,0.21316611,0.20921394,0.20472063,0.19962739,0.19385300,0.18728127,0.17973788,0.17094336,0.16040321,0.14709135,0.12810572,0.06441802
90900,0.22894635,0.22875843,0.22819361,0.22724869,0.22591812,0.22419379,0.22206455,0.21951562,0.21652766,0.21307547,0.20912609,0.20463591,0.19954616,0.19377567,0.18720827,0.17966974,0.17088072,0.16034691,0.14704268,0.12806711,0.06439533
90960,0.22884432,0.22865654,0.22809215,0.22714792,0.22581834,0.22409527,0.22196759,0.21942051,0.21643470,0.21298497,0.20903837,0.20455132,0.19946506,0.19369845,0.18713538,0.17960171,0.17081817,0.16029070,0.14699408,0.12802855,0.06437270
91020,0.22874247,0.22855482,0.22799085,0.22704732,0.22571872,0.22399692,0.22187079,0.21932555,0.21634189,0.21289461,0.20895080,0.20446686,0.19938409,0.19362135,0.18706261,0.17953378,0.17075572,0.16023457,0.14694555,0.12799006,0.06435013
91080,0.22864077,0.22845327,0.22788971,0.22694688,0.22561925,0.22389872,0.22177414,0.21923075,0.21624922,0.21280440,0.20886336,0.20438254,0.19930324,0.19354438,0.18698995,0.17946595,0.17069336,0.16017852,0.14689709,0.12795161,0.06432761
91140,0.22853924,0.22835188,0.22778873,0.22684660,0.22551995,0.22380067,0.22167764,0.21913609,0.21615670,0.21271433,0.20877606,0.20429835,0.19922252,0.19346752,0.18691740,0.17939823,0.17063110,0.16012256,0.14684870,0.12791323,0.06430514
91200,0.22843787,0.22825065,0.22768792,0.22674648,0.22542081,0.22370279,0.22158130,0.21904159,0.21606433,0.21262441,0.20868890,0.20421429,0.19914192,0.19339078,0.18684497,0.17933061,0.17056893,0.16006669,0.14680038,0.12787490,0.06428273
91260,0.22833667,0.22814958,0.22758727,0.22664652,0.22532182,0.22360506,0.22148512,0.21894723,0.21597211,0.21253462,0.20860188,0.20413036,0.19906145,0.19331416,0.18677264,0.17926309,0.17050686,0.16001090,0.14675214,0.12783662,0.06426038
91320,0.22823563,0.22804868,0.22748678,0.22654673,0.22522300,0.22350749,0.22138908,0.21885303,0.21588004,0.21244498,0.20851499,0.20404656,0.19898111,0.19323767,0.18670043,0.17919568,0.17044488,0.15995519,0.14670396,0.12779840,0.06423808
91380,0.22813475,0.22794794,0.22738646,0.22644709,0.22512433,0.22341007,0.22129320,0.21875897,0.21578811,0.21235548,0.20842824,0.20396290,0.19890089,0.19316128,0.18662833,0.17912837,0.17038299,0.15989956,0.14665586,0.12776024,0.06421584
91440,0.22803404,0.22784736,0.22728629,0.22634762,0.22502582,0.22331281,0.22119748,0.21866507,0.21569632,0.21226612,0.20834163,0.20387937,0.19882080,0.19308502,0.18655633,0.17906116,0.17032119,0.15984402,0.14660783,0.12772213,0.06419365
91500,0.22793348,0.22774695,0.22718629,0.22624830,0.22492747,0.22321571,0.22110190,0.21857132,0.21560469,0.21217691,0.20825515,0.20379597,0.19874083,0.19300888,0.18648445,0.17899405,0.17025949,0.15978856,0.14655987,0.12768407,0.06417151
91560,0.22783309,0.22764669,0.22708644,0.22614914,0.22482928,0.22311876,0.22100648,0.21847771,0.21551319,0.21208783,0.20816881,0.20371269,0.19866098,0.19293285,0.18641268,0.17892705,0.17019789,0.15973318,0.14651198,0.12764607,0.06414943
91620,0.22773286,0.22754660,0.22698676,0.22605015,0.22473124,0.22302197,0.22091121,0.21838426,0.21542184,0.21199890,0.20808261,0.20362955,0.19858126,0.19285694,0.18634102,0.17886015,0.17013637,0.15967788,0.14646416,0.12760813,0.06412741
91680,0.22763279,0.22744666,0.22688724,0.22595131,0.22463337,0.22292533,0.22081609,0.21829095,0.21533064,0.21191010,0.20799654,0.20354654,0.19850167,0.19278115,0.18626947,0.17879335,0.17007495,0.15962267,0.14641640,0.12757024,0.06410544
91740,0.22753288,0.22734689,0.22678787,0.22585263,0.22453564,0.22282884,0.22072113,0.21819779,0.21523958,0.21182145,0.20791060,0.20346366,0.19842220,0.19270548,0.18619803,0.17872666,0.17001362,0.15956754,0.14636872,0.12753240,0.06408352
91800,0.22743313,0.22724728,0.22668867,0.22575410,0.22443808,0.22273251,0.22062631,0.21810478,0.21514867,0.21173294,0.20782480,0.20338091,0.19834285,0.19262992,0.18612670,0.17866006,0.16995238,0.15951249,0.14632111,0.12749462,0.06406165
91860,0.22733354,0.22714782,0.22658962,0.22565573,0.22434066,0.22263633,0.22053165,0.21801191,0.21505790,0.21164456,0.20773914,0.20329829,0.19826362,0.19255448,0.18605548,0.17859356,0.16989124,0.15945753,0.14627357,0.12745690,0.06403984
91920,0.22723411,0.22704853,0.22649073,0.22555753,0.22424341,0.22254030,0.22043713,0.21791919,0.21496727,0.21155632,0.20765361,0.20321579,0.19818452,0.19247915,0.18598437,0.17852717,0.16983019,0.15940264,0.14622610,0.12741922,0.06401808
91980,0.22713484,0.22694939,0.22639200,0.22545947,0.22414631,0.22244443,0.22034277,0.21782662,0.21487678,0.21146823,0.20756821,0.20313343,0.19810554,0.19240395,0.18591336,0.17846088,0.16976922,0.15934784,0.14617870,0.12738160,0.06399638
92040,0.22703572,0.22685041,0.22629343,0.22536158,0.22404936,0.22234871,0.22024855,0.21773420,0.21478644,0.21138027,0.20748295,0.20305119,0.19802668,0.19232885,0.18584247,0.17839468,0.16970835,0.15929311,0.14613136,0.12734404,0.06397473
92100,0.22693677,0.22675159,0.22619501,0.22526383,0.22395257,0.22225314,0.22015449,0.21764192,0.21469624,0.21129244,0.20739782,0.20296908,0.19794794,0.19225387,0.18577168,0.17832859,0.16964757,0.15923847,0.14608410,0.12730653,0.06395313
92160,0.22683797,0.22665292,0.22609675,0.22516625,0.22385593,0.22215772,0.22006057,0.21754979,0.21460618,0.21120476,0.20731282,0.20288710,0.19786933,0.19217901,0.18570100,0.17826260,0.16958689,0.15918391,0.14603690,0.12726907,0.06393158
92220,0.22673932,0.22655442,0.22599864,0.22506882,0.22375944,0.22206246,0.21996680,0.21745780,0.21451626,0.21111721,0.20722795,0.20280524,0.19779083,0.19210426,0.18563043,0.17819670,0.16952629,0.15912943,0.14598978,0.12723167,0.06391009
92280,0.22664084,0.22645606,0.22590069,0.22497154,0.22366311,0.22196734,0.21987318,0.21736595,0.21442649,0.21102980,0.20714322,0.20272351,0.19771246,0.19202963,0.18555996,0.17813091,0.16946578,0.15907503,0.14594272,0.12719432,0.06388865
92340,0.22654251,0.22635787,0.22580290,0.22487442,0.22356693,0.22187237,0.21977970,0.21727425,0.21433685,0.21094253,0.20705862,0.20264191,0.19763421,0.19195511,0.18548960,0.17806521,0.16940536,0.15902071,0.14589573,0.12715702,0.06386726
92400,0.22644434,0.22625983,0.22570526,0.22477745,0.22347090,0.22177756,0.21968638,0.21718270,0.21424736,0.21085539,0.20697415,0.20256044,0.19755608,0.19188070,0.18541935,0.17799961,0.16934503,0.15896647,0.14584880,0.12711978,0.06384592
92460,0.22634632,0.22616194,0.22560778,0.22468063,0.22337502,0.22168289,0.21959320,0.21709129,0.21415800,0.21076839,0.20688981,0.20247909,0.19747807,0.19180641,0.18534921,0.17793412,0.16928480,0.15891230,0.14580195,0.12708258,0.06382463
92520,0.22624845,0.22606421,0.22551045,0.22458397,0.22327929,0.22158837,0.21950016,0.21700002,0.21406878,0.21068152,0.20680560,0.20239786,0.19740017,0.19173223,0.18527917,0.17786872,0.16922465,0.15885822,0.14575516,0.12704545,0.06380340
92580,0.22615075,0.22596664,0.22541327,0.22448746,0.22318372,0.22149400,0.21940728,0.21690889,0.21397971,0.21059479,0.20672152,0.20231676,0.19732240,0.19165816,0.18520924,0.17780341,0.16916459,0.15880422,0.14570844,0.12700836,0.06378221
92640,0.22605319,0.22586922,0.22531625,0.22439110,0.22308829,0.22139978,0.21931453,0.21681791,0.21389077,0.21050819,0.20663758,0.20223579,0.19724475,0.19158421,0.18513941,0.17773821,0.16910462,0.15875030,0.14566179,0.12697133,0.06376108
92700,0.22595579,0.22577195,0.22521938,0.22429489,0.22299302,0.22130571,0.21922194,0.21672707,0.21380197,0.21042173,0.20655376,0.20215494,0.19716721,0.19151037,0.18506969,0.17767310,0.16904474,0.15869645,0.14561521,0.12693435,0.06374000
92760,0.22585855,0.22567484,0.22512266,0.22419884,0.22289789,0.22121178,0.21912949,0.21663637,0.21371331,0.21033540,0.20647007,0.20207421,0.19708980,0.19143664,0.18500007,0.17760809,0.16898495,0.15864269,0.14556869,0.12689742,0.06371897
92820,0.22576145,0.22557788,0.22502610,0.22410293,0.22280292,0.22111801,0.21903718,0.21654581,0.21362479,0.21024921,0.20638651,0.20199361,0.19701250,0.19136302,0.18493056,0.17754318,0.16892524,0.15858900,0.14552224,0.12686054,0.06369799
92880,0.22566451,0.22548107,0.22492968,0.22400718,0.22270809,0.22102437,0.21894502,0.21645539,0.21353640,0.21016315,0.20630308,0.20191313,0.19693532,0.19128952,0.18486115,0.17747837,0.16886563,0.15853539,0.14547586,0.12682372,0.06367706
92940,0.22556773,0.22538441,0.22483342,0.22391158,0.22261341,0.22093089,0.21885300,0.21636512,0.21344815,0.21007722,0.20621978,0.20183278,0.19685826,0.19121612,0.18479185,0.17741365,0.16880610,0.15848186,0.14542954,0.12678694,0.06365618
93000,0.22547109,0.22528791,0.22473731,0.22381613,0.22251888,0.22083755,0.21876112,0.21627498,0.21336004,0.20999142,0.20613660,0.20175255,0.19678131,0.19114284,0.18472265,0.17734903,0.16874666,0.15842841,0.14538329,0.12675022,0.06363535
93060,0.22537461,0.22519155,0.22464135,0.22372082,0.22242450,0.22074436,0.21866939,0.21618499,0.21327207,0.20990576,0.20605356,0.20167244,0.19670448,0.19106967,0.18465355,0.17728450,0.16868731,0.15837504,0.14533710,0.12671356,0.06361457
93120,0.22527827,0.22509535,0.22454554,0.22362567,0.22233027,0.22065131,0.21857780,0.21609513,0.21318423,0.20982023,0.20597064,0.20159245,0.19662777,0.19099661,0.18458456,0.17722007,0.16862804,0.15832174,0.14529099,0.12667694,0.06359384
93180,0.22518209,0.22499930,0.22444988,0.22353066,0.22223618,0.22055841,0.21848635,0.21600542,0.21309653,0.20973483,0.20588785,0.20151259,0.19655118,0.19092366,0.18451568,0.17715574,0.16856887,0.15826852,0.14524493,0.12664037,0.06357316
93240,0.22508606,0.22490340,0.22435437,0.22343580,0.22214224,0.22046565,0.21839505,0.21591584,0.21300896,0.20964957,0.20580518,0.20143285,0.19647470,0.19085081,0.18444689,0.17709150,0.16850978,0.15821538,0.14519895,0.12660386,0.06355253
93300,0.22499018,0.22480765,0.22425901,0.22334110,0.22204844,0.22037304,0.21830389,0.21582640,0.21292153,0.20956443,0.20572265,0.20135323,0.19639834,0.19077808,0.18437821,0.17702736,0.16845077,0.15816231,0.14515303,0.12656740,0.06353195
93360,0.22489445,0.22471204,0.22416380,0.22324653,0.22195480,0.22028057,0.21821286,0.21573710,0.21283423,0.20947943,0.20564024,0.20127373,0.19632209,0.19070546,0.18430963,0.17696331,0.16839185,0.15810933,0.14510717,0.12653098,0.06351142
93420,0.22479886,0.22461659,0.22406873,0.22315212,0.22186129,0.22018824,0.21812198,0.21564794,0.21274707,0.20939455,0.20555795,0.20119435,0.19624596,0.19063295,0.18424115,0.17689935,0.16833302,0.15805642,0.14506138,0.12649462,0.06349093
93480,0.22470343,0.22452129,0.22397382,0.22305785,0.22176794,0.22009606,0.21803124,0.21555892,0.21266004,0.20930981,0.20547579,0.20111509,0.19616994,0.19056054,0.18417278,0.17683549,0.16827428,0.15800358,0.14501566,0.12645831,0.06347050
93540,0.22460815,0.22442613,0.22387905,0.22296373,0.22167472,0.22000402,0.21794064,0.21547003,0.21257314,0.20922519,0.20539376,0.20103596,0.19609404,0.19048825,0.18410451,0.17677173,0.16821562,0.15795082,0.14497000,0.12642205,0.06345011
93600,0.22451301,0.22433112,0.22378443,0.22286976,0.22158166,0.21991212,0.21785018,0.21538128,0.21248638,0.20914071,0.20531185,0.20095694,0.19601825,0.19041606,0.18403634,0.17670806,0.16815705,0.15789814,0.14492441,0.12638584,0.06342978
93660,0.22441804,0.22423628,0.22368997,0.22277594,0.22148875,0.21982038,0.21775988,0.21529268,0.21239977,0.20905636,0.20523008,0.20087805,0.19594259,0.19034399,0.18396828,0.17664449,0.16809857,0.15784554,0.14487888,0.12634969,0.06340949
93720,0.22432320,0.22414157,0.22359565,0.22268227,0.22139598,0.21972878,0.21766971,0.21520421,0.21231328,0.20897214,0.20514842,0.20079928,0.19586704,0.19027203,0.18390031,0.17658101,0.16804017,0.15779301,0.14483342,0.12631358,0.06338925
93780,0.22422851,0.22404701,0.22350147,0.22258873,0.22130334,0.21963731,0.21757967,0.21511587,0.21222692,0.20888805,0.20506689,0.20072063,0.19579160,0.19020017,0.18383245,0.17651763,0.16798185,0.15774056,0.14478802,0.12627753,0.06336906
93840,0.22413397,0.22395259,0.22340744,0.22249534,0.22121085,0.21954598,0.21748977,0.21502767,0.21214069,0.20880408,0.20498548,0.20064209,0.19571627,0.19012841,0.18376468,0.17645433,0.16792362,0.15768818,0.14474269,0.12624152,0.06334892
93900,0.22403957,0.22385832,0.22331355,0.22240209,0.22111850,0.21945479,0.21740000,0.21493960,0.21205459,0.20872024,0.20490419,0.20056367,0.19564105,0.19005677,0.18369702,0.17639113,0.16786547,0.15763588,0.14469742,0.12620556,0.06332882
93960,0.22394531,0.22376420,0.22321981,0.22230899,0.22102629,0.21936374,0.21731037,0.21485166,0.21196862,0.20863652,0.20482303,0.20048536,0.19556594,0.18998522,0.18362945,0.17632802,0.16780741,0.15758365,0.14465221,0.12616966,0.06330877
94020,0.22385120,0.22367021,0.22312621,0.22221603,0.22093423,0.21927283,0.21722088,0.21476386,0.21188279,0.20855293,0.20474198,0.20040718,0.19549095,0.18991379,0.18356198,0.17626500,0.16774943,0.15753149,0.14460706,0.12613380,0.06328877
94080,0.22375724,0.22357637,0.22303275,0.22212321,0.22084230,0.21918206,0.21713153,0.21467620,0.21179708,0.20846947,0.20466106,0.20032911,0.19541607,0.18984246,0.18349461,0.17620207,0.16769154,0.15747941,0.14456198,0.12609799,0.06326882
94140,0.22366342,0.22348268,0.22293944,0.22203053,0.22075052,0.21909143,0.21704231,0.21458866,0.21171150,0.20838614,0.20458026,0.20025116,0.19534130,0.18977123,0.18342735,0.17613924,0.16763372,0.15742741,0.14451697,0.12606223,0.06324891
94200,0.22356974,0.22338913,0.22284627,0.22193800,0.22065888,0.21900094,0.21695324,0.21450126,0.21162606,0.20830293,0.20449959,0.20017333,0.19526664,0.18970012,0.18336018,0.17607650,0.16757600,0.15737548,0.14447201,0.12602652,0.06322905
94260,0.22347621,0.22329573,0.22275325,0.22184561,0.22056738,0.21891058,0.21686429,0.21441400,0.21154075,0.20821985,0.20441904,0.20009561,0.19519210,0.18962911,0.18329311,0.17601385,0.16751835,0.15732362,0.14442712,0.12599086,0.06320924
94320,0.22338283,0.22320247,0.22266037,0.22175336,0.22047602,0.21882037,0.21677549,0.21432687,0.21145556,0.20813690,0.20433860,0.20001801,0.19511766,0.18955820,0.18322614,0.17595129,0.16746079,0.15727184,0.14438230,0.12595525,0.06318947
94380,0.22328958,0.22310935,0.22256763,0.22166125,0.22038480,0.21873029,0.21668682,0.21423987,0.21137050,0.20805406,0.20425829,0.19994053,0.19504334,0.18948740,0.18315926,0.17588882,0.16740331,0.15722013,0.14433753,0.12591969,0.06316975
94440,0.22319648,0.22301638,0.22247503,0.22156929,0.22029371,0.21864035,0.21659828,0.21415300,0.21128558,0.20797136,0.20417810,0.19986316,0.19496913,0.18941670,0.18309249,0.17582644,0.16734592,0.15716850,0.14429283,0.12588417,0.06315008
94500,0.22310353,0.22292355,0.22238258,0.22147746,0.22020277,0.21855055,0.21650988,0.21406626,0.21120078,0.20788878,0.20409803,0.19978591,0.19489502,0.18934611,0.18302581,0.17576416,0.16728861,0.15711693,0.14424819,0.12584871,0.06313045
94560,0.22301071,0.22283086,0.22229027,0.22138578,0.22011197,0.21846089,0.21642161,0.21397966,0.21111611,0.20780632,0.20401808,0.19970877,0.19482103,0.18927562,0.18295924,0.17570196,0.16723138,0.15706545,0.14420361,0.12581329,0.06311087
94620,0.22291804,0.22273832,0.22219810,0.22129423,0.22002131,0.21837136,0.21633348,0.21389319,0.21103157,0.20772399,0.20393825,0.19963176,0.19474715,0.18920524,0.18289276,0.17563986,0.16717423,0.15701403,0.14415910,0.12577793,0.06309134
94680,0.22282552,0.22264591,0.22210607,0.22120283,0.21993079,0.21828198,0.21624549,0.21380685,0.21094716,0.20764179,0.20385855,0.19955485,0.19467338,0.18913496,0.18282638,0.17557785,0.16711717,0.15696269,0.14411465,0.12574261,0.06307185
94740,0.22273313,0.22255365,0.22201418,0.22111157,0.21984040,0.21819272,0.21615762,0.21372064,0.21086287,0.20755971,0.20377896,0.19947806,0.19459972,0.18906479,0.18276009,0.17551592,0.16706019,0.15691142,0.14407026,0.12570734,0.06305241
94800,0.22264088,0.22246153,0.22192243,0.22102045,0.21975015,0.21810360,0.21606989,0.21363456,0.21077872,0.20747775,0.20369949,0.19940139,0.19452617,0.18899471,0.18269390,0.17545409,0.16700328,0.15686023,0.14402594,0.12567212,0.06303301
94860,0.22254878,0.22236955,0.22183083,0.22092946,0.21966004,0.21801462,0.21598230,0.21354862,0.21069469,0.20739591,0.20362014,0.19932483,0.19445272,0.18892474,0.18262781,0.17539234,0.16694647,0.15680910,0.14398167,0.12563695,0.06301366
94920,0.22245682,0.22227771,0.22173936,0.22083862,0.21957007,0.21792577,0.21589483,0.21346280,0.21061078,0.20731420,0.20354091,0.19924838,0.19437939,0.18885488,0.18256182,0.17533069,0.16688973,0.15675805,0.14393747,0.12560182,0.06299435
94980,0.22236499,0.22218601,0.22164803,0.22074791,0.21948023,0.21783706,0.21580750,0.21337711,0.21052701,0.20723261,0.20346179,0.19917205,0.19430616,0.18878512,0.18249592,0.17526912,0.16683307,0.15670707,0.14389333,0.12556674,0.06297509
95040,0.22227331,0.22209445,0.22155684,0.22065734,0.21939053,0.21774848,0.21572030,0.21329155,0.21044335,0.20715114,0.20338280,0.19909583,0.19423305,0.18871546,0.18243012,0.17520765,0.16677650,0.15665617,0.14384925,0.12553171,0.06295587
95100,0.22218177,0.22200303,0.22146579,0.22056691,0.21930097,0.21766004,0.21563324,0.21320612,0.21035983,0.20706980,0.20330392,0.19901972,0.19416004,0.18864590,0.18236441,0.17514626,0.16672000,0.15660533,0.14380523,0.12549673,0.06293670
95160,0.22209036,0.22191175,0.22137488,0.22047661,0.21921154,0.21757173,0.21554630,0.21312082,0.21027643,0.20698858,0.20322516,0.19894373,0.19408713,0.18857644,0.18229880,0.17508496,0.16666359,0.15655457,0.14376127,0.12546180,0.06291757
95220,0.22199910,0.22182061,0.22128411,0.22038646,0.21912225,0.21748356,0.21545950,0.21303565,0.21019316,0.20690748,0.20314652,0.19886785,0.19401434,0.18850709,0.18223328,0.17502375,0.16660726,0.15650388,0.14371737,0.12542691,0.06289849
95280,0.22190797,0.22172960,0.22119347,0.22029644,0.21903310,0.21739552,0.21537283,0.21295061,0.21011001,0.20682650,0.20306799,0.19879208,0.19394165,0.18843784,0.18216786,0.17496263,0.16655101,0.15645326,0.14367354,0.12539208,0.06287945
95340,0.22181698,0.22163874,0.22110298,0.22020656,0.21894408,0.21730761,0.21528629,0.21286569,0.21002698,0.20674564,0.20298959,0.19871643,0.19386907,0.18836869,0.18210254,0.17490159,0.16649484,0.15640271,0.14362976,0.12535729,0.06286046
95400,0.22172613,0.22154801,0.22101262,0.22011681,0.21885519,0.21721983,0.21519988,0.21278090,0.20994408,0.20666490,0.20291130,0.19864088,0.19379660,0.18829964,0.18203731,0.17484065,0.16643874,0.15635224,0.14358605,0.12532254,0.06284151
95460,0.22163542,0.22145742,0.22092239,0.22002720,0.21876644,0.21713219,0.21511360,0.21269624,0.20986131,0.20658428,0.20283312,0.19856545,0.19372423,0.18823069,0.18197218,0.17477979,0.16638273,0.15630183,0.14354240,0.12528785,0.06282260
95520,0.22154485,0.22136697,0.22083231,0.21993772,0.21867782,0.21704468,0.21502744,0.21261171,0.20977866,0.20650378,0.20275506,0.19849013,0.19365197,0.18816184,0.18190714,0.17471902,0.16632680,0.15625150,0.14349880,0.12525320,0.06280374
95580,0.22145441,0.22127666,0.22074236,0.21984838,0.21858934,0.21695730,0.21494142,0.21252730,0.20969613,0.20642341,0.20267712,0.19841493,0.19357982,0.18809309,0.18184219,0.17465834,0.16627095,0.15620123,0.14345527,0.12521860,0.06278492
95640,0.22136411,0.22118648,0.22065254,0.21975918,0.21850099,0.21687006,0.21485553,0.21244302,0.20961372,0.20634315,0.20259929,0.19833983,0.19350777,0.18802445,0.18177734,0.17459774,0.16621517,0.15615104,0.14341180,0.12518404,0.06276615
95700,0.22127395,0.22109644,0.22056287,0.21967011,0.21841277,0.21678294,0.21476977,0.21235887,0.20953144,0.20626301,0.20252158,0.19826484,0.19343583,0.18795590,0.18171258,0.17453723,0.16615948,0.15610091,0.14336839,0.12514953,0.06274742
95760,0.22118392,0.22100653,0.22047332,0.21958117,0.21832469,0.21669596,0.21468414,0.21227484,0.20944928,0.20618299,0.20244398,0.19818996,0.19336400,0.18788745,0.18164791,0.17447681,0.16610387,0.15605086,0.14332503,0.12511507,0.06272873
95820,0.22109403,0.22091676,0.22038392,0.21949237,0.21823673,0.21660910,0.21459863,0.21219094,0.20936725,0.20610309,0.20236650,0.19811520,0.19329226,0.18781910,0.18158334,0.17441647,0.16604833,0.15600088,0.14328174,0.12508065,0.06271009
95880,0.22100428,0.22082713,0.22029464,0.21940370,0.21814892,0.21652238,0.21451325,0.21210716,0.20928533,0.20602331,0.20228914,0.19804054,0.19322064,0.18775086,0.18151887,0.17435622,0.16599287,0.15595097,0.14323851,0.12504629,0.06269148
95940,0.22091466,0.22073763,0.22020551,0.21931517,0.21806123,0.21643578,0.21442800,0.21202351,0.20920354,0.20594365,0.20221188,0.19796600,0.19314912,0.18768271,0.18145448,0.17429606,0.16593749,0.15590112,0.14319533,0.12501196,0.06267293
96000,0.22082517,0.22064826,0.22011650,0.21922677,0.21797367,0.21634932,0.21434288,0.21193999,0.20912187,0.20586410,0.20213474,0.19789156,0.19307770,0.18761466,0.18139019,0.17423598,0.16588219,0.15585135,0.14315222,0.12497769,0.06265441
96060,0.22073582,0.22055903,0.22002763,0.21913850,0.21788625,0.21626299,0.21425788,0.21185658,0.20904032,0.20578467,0.20205772,0.19781723,0.19300638,0.18754670,0.18132599,0.17417599,0.16582697,0.15580164,0.14310916,0.12494346,0.06263594
96120,0.22064660,0.22046993,0.21993889,0.21905036,0.21779895,0.21617678,0.21417302,0.21177330,0.20895889,0.20570536,0.20198081,0.19774301,0.19293517,0.18747885,0.18126188,0.17411608,0.16577183,0.15575201,0.14306617,0.12490927,0.06261751
96180,0.22055752,0.22038097,0.21985029,0.21896236,0.21771179,0.21609070,0.21408827,0.21169015,0.20887758,0.20562617,0.20190401,0.19766890,0.19286407,0.18741109,0.18119786,0.17405626,0.16571676,0.15570244,0.14302323,0.12487513,0.06259912
96240,0.22046857,0.22029214,0.21976182,0.21887448,0.21762476,0.21600476,0.21400366,0.21160712,0.20879640,0.20554710,0.20182732,0.19759490,0.19279307,0.18734344,0.18113394,0.17399652,0.16566177,0.15565295,0.14298035,0.12484104,0.06258077
96300,0.22037976,0.22020344,0.21967348,0.21878674,0.21753786,0.21591894,0.21391917,0.21152421,0.20871533,0.20546814,0.20175075,0.19752101,0.19272217,0.18727588,0.18107011,0.17393687,0.16560686,0.15560352,0.14293753,0.12480700,0.06256247
96360,0.22029107,0.22011488,0.21958527,0.21869913,0.21745108,0.21583324,0.21383480,0.21144143,0.20863438,0.20538929,0.20167428,0.19744722,0.19265137,0.18720842,0.18100637,0.17387730,0.16555202,0.15555416,0.14289477,0.12477300,0.06254421
96420,0.22020252,0.22002645,0.21949720,0.21861165,0.21736444,0.21574768,0.21375056,0.21135876,0.20855355,0.20531056,0.20159794,0.19737354,0.19258068,0.18714105,0.18094272,0.17381782,0.16549726,0.15550487,0.14285207,0.12473904,0.06252599
96480,0.22011410,0.21993815,0.21940925,0.21852430,0.21727793,0.21566224,0.21366645,0.21127622,0.20847284,0.20523195,0.20152170,0.19729997,0.19251009,0.18707378,0.18087916,0.17375842,0.16544258,0.15545564,0.14280942,0.12470513,0.06250781
96540,0.22002582,0.21984998,0.21932144,0.21843708,0.21719154,0.21557693,0.21358246,0.21119380,0.20839226,0.20515346,0.20144557,0.19722650,0.19243960,0.18700661,0.18081569,0.17369911,0.16538798,0.15540649,0.14276684,0.12467126,0.06248967
96600,0.21993766,0.21976194,0.21923376,0.21834999,0.21710528,0.21549175,0.21349860,0.21111151,0.20831178,0.20507508,0.20136956,0.19715315,0.19236921,0.18693954,0.18075231,0.17363988,0.16533345,0.15535740,0.14272431,0.12463745,0.06247158
96660,0.21984964,0.21967404,0.21914621,0.21826304,0.21701915,0.21540669,0.21341485,0.21102933,0.20823143,0.20499681,0.20129365,0.19707990,0.19229892,0.18687256,0.18068902,0.17358073,0.16527900,0.15530838,0.14268184,0.12460367,0.06245352
96720,0.21976175,0.21958627,0.21905879,0.21817621,0.21693315,0.21532176,0.21333124,0.21094728,0.20815120,0.20491866,0.20121786,0.19700675,0.19222874,0.18680567,0.18062583,0.17352167,0.16522462,0.15525943,0.14263943,0.12456994,0.06243551
96780,0.21967399,0.21949862,0.21897150,0.21808951,0.21684728,0.21523695,0.21324774,0.21086535,0.20807108,0.20484062,0.20114218,0.19693371,0.19215866,0.18673889,0.18056272,0.17346269,0.16517032,0.15521055,0.14259707,0.12453626,0.06241754
96840,0.21958636,0.21941111,0.21888434,0.21800293,0.21676153,0.21515227,0.21316437,0.21078354,0.20799108,0.20476270,0.20106660,0.19686078,0.19208868,0.18667220,0.18049970,0.17340379,0.16511610,0.15516173,0.14255477,0.12450262,0.06239961
96900,0.21949886,0.21932373,0.21879731,0.21791649,0.21667591,0.21506772,0.21308113,0.21070185,0.20791120,0.20468489,0.20099114,0.19678796,0.19201880,0.18660560,0.18043678,0.17334498,0.16506195,0.15511298,0.14251253,0.12446902,0.06238172
96960,0.21941149,0.21923647,0.21871041,0.21783017,0.21659042,0.21498329,0.21299800,0.21062027,0.20783144,0.20460719,0.20091579,0.19671523,0.19194902,0.18653910,0.18037394,0.17328625,0.16500788,0.15506430,0.14247035,0.12443547,0.06236387
97020,0.21932425,0.21914935,0.21862363,0.21774398,0.21650505,0.21489898,0.21291500,0.21053882,0.20775179,0.20452961,0.20084055,0.19664262,0.19187934,0.18647270,0.18031119,0.17322760,0.16495388,0.15501568,0.14242822,0.12440197,0.06234606
97080,0.21923713,0.21906235,0.21853699,0.21765792,0.21641981,0.21481480,0.21283212,0.21045749,0.20767226,0.20445214,0.20076541,0.19657011,0.19180976,0.18640639,0.18024853,0.17316903,0.16489996,0.15496714,0.14238615,0.12436850,0.06232829
97140,0.21915015,0.21897549,0.21845047,0.21757199,0.21633470,0.21473074,0.21274936,0.21037628,0.20759284,0.20437479,0.20069039,0.19649770,0.19174028,0.18634017,0.18018596,0.17311055,0.16484611,0.15491865,0.14234414,0.12433509,0.06231057
97200,0.21906330,0.21888875,0.21836408,0.21748618,0.21624971,0.21464681,0.21266672,0.21029518,0.20751354,0.20429754,0.20061547,0.19642540,0.19167090,0.18627405,0.18012347,0.17305215,0.16479233,0.15487024,0.14230218,0.12430171,0.06229288
97260,0.21897658,0.21880215,0.21827783,0.21740052,0.21616486,0.21456301,0.21258422,0.21021422,0.20743437,0.20422042,0.20054067,0.19635321,0.19160163,0.18620803,0.18006109,0.17299384,0.16473864,0.15482190,0.14226029,0.12426839,0.06227524
97320,0.21888999,0.21871568,0.21819170,0.21731497,0.21608013,0.21447933,0.21250183,0.21013337,0.20735531,0.20414341,0.20046598,0.19628112,0.19153245,0.18614210,0.17999878,0.17293560,0.16468502,0.15477362,0.14221845,0.12423511,0.06225763
97380,0.21880353,0.21862933,0.21810570,0.21722954,0.21599552,0.21439577,0.21241956,0.21005263,0.20727636,0.20406651,0.20039139,0.19620913,0.19146337,0.18607627,0.17993657,0.17287745,0.16463148,0.15472540,0.14217667,0.12420187,0.06224006
97440,0.21871719,0.21854310,0.21801982,0.21714424,0.21591103,0.21431233,0.21233741,0.20997201,0.20719752,0.20398971,0.20031691,0.19613725,0.19139438,0.18601052,0.17987444,0.17281937,0.16457800,0.15467725,0.14213494,0.12416867,0.06222253
97500,0.21863097,0.21845700,0.21793407,0.21705907,0.21582666,0.21422901,0.21225538,0.20989151,0.20711880,0.20391303,0.20024253,0.19606546,0.19132550,0.18594487,0.17981239,0.17276138,0.16452460,0.15462916,0.14209326,0.12413552,0.06220505
97560,0.21854488,0.21837102,0.21784844,0.21697401,0.21574242,0.21414582,0.21217346,0.20981112,0.20704019,0.20383645,0.20016826,0.19599378,0.19125671,0.18587931,0.17975044,0.17270347,0.16447127,0.15458114,0.14205165,0.12410241,0.06218760
97620,0.21845892,0.21828518,0.21776293,0.21688909,0.21565830,0.21406274,0.21209167,0.20973085,0.20696169,0.20375999,0.20009410,0.19592220,0.19118802,0.18581384,0.17968857,0.17264563,0.16441802,0.15453319,0.14201008,0.12406934,0.06217019
97680,0.21837308,0.21819945,0.21767755,0.21680428,0.21557430,0.21397978,0.21200999,0.20965070,0.20688331,0.20368363,0.20002004,0.19585073,0.19111943,0.18574846,0.17962678,0.17258788,0.16436483,0.15448530,0.14196857,0.12403631,0.06215281
97740,0.21828737,0.21811385,0.21759230,0.21671960,0.21549043,0.21389695,0.21192843,0.20957066,0.20680504,0.20360739,0.19994609,0.19577935,0.19105093,0.18568318,0.17956508,0.17253021,0.16431172,0.15443747,0.14192712,0.12400333,0.06213548
97800,0.21820178,0.21802838,0.21750717,0.21663505,0.21540667,0.21381423,0.21184700,0.20949074,0.20672688,0.20353125,0.19987224,0.19570808,0.19098254,0.18561799,0.17950347,0.17247261,0.16425869,0.15438972,0.14188573,0.12397040,0.06211819
97860,0.21811632,0.21794304,0.21742217,0.21655061,0.21532305,0.21373164,0.21176568,0.20941093,0.20664884,0.20345523,0.19979851,0.19563691,0.19091423,0.18555289,0.17944195,0.17241510,0.16420573,0.15434202,0.14184439,0.12393750,0.06210094
97920,0.21803099,0.21785782,0.21733729,0.21646631,0.21523954,0.21364917,0.21168448,0.20933125,0.20657091,0.20337932,0.19972487,0.19556584,0.19084603,0.18548788,0.17938051,0.17235767,0.16415284,0.15429439,0.14180310,0.12390465,0.06208372
97980,0.21794578,0.21777272,0.21725253,0.21638212,0.21515615,0.21356682,0.21160339,0.20925167,0.20649310,0.20330351,0.19965135,0.19549487,0.19077793,0.18542297,0.17931916,0.17230032,0.16410002,0.15424683,0.14176187,0.12387184,0.06206655
98040,0.21786069,0.21768775,0.21716790,0.21629806,0.21507289,0.21348458,0.21152243,0.20917221,0.20641539,0.20322781,0.19957792,0.19542401,0.19070991,0.18535814,0.17925789,0.17224304,0.16404727,0.15419932,0.14172069,0.12383908,0.06204941
98100,0.21777573,0.21760290,0.21708339,0.21621411,0.21498974,0.21340247,0.21144158,0.20909287,0.20633780,0.20315223,0.19950461,0.19535324,0.19064200,0.18529341,0.17919671,0.17218585,0.16399460,0.15415189,0.14167957,0.12380636,0.06203231
98160,0.21769089,0.21751817,0.21699900,0.21613030,0.21490672,0.21332047,0.21136084,0.20901364,0.20626031,0.20307675,0.19943139,0.19528257,0.19057418,0.18522877,0.17913562,0.17212873,0.16394200,0.15410451,0.14163851,0.12377368,0.06201525
98220,0.21760617,0.21743357,0.21691474,0.21604660,0.21482382,0.21323860,0.21128023,0.20893452,0.20618295,0.20300137,0.19935829,0.19521201,0.19050646,0.18516422,0.17907461,0.17207170,0.16388947,0.15405720,0.14159750,0.12374104,0.06199822
98280,0.21752158,0.21734909,0.21683060,0.21596303,0.21474104,0.21315684,0.21119973,0.20885552,0.20610569,0.20292611,0.19928528,0.19514154,0.19043883,0.18509976,0.17901368,0.17201474,0.16383702,0.15400996,0.14155654,0.12370845,0.06198124
98340,0.21743712,0.21726474,0.21674659,0.21587958,0.21465838,0.21307521,0.21111935,0.20877664,0.20602854,0.20285096,0.19921239,0.19507118,0.19037130,0.18503539,0.17895285,0.17195786,0.16378463,0.15396278,0.14151564,0.12367589,0.06196429
98400,0.21735277,0.21718051,0.21666270,0.21579625,0.21457584,0.21299369,0.21103909,0.20869787,0.20595151,0.20277591,0.19913959,0.19500092,0.19030387,0.18497111,0.17889209,0.17190106,0.16373232,0.15391566,0.14147479,0.12364338,0.06194738
98460,0.21726855,0.21709640,0.21657892,0.21571303,0.21449342,0.21291229,0.21095894,0.20861921,0.20587458,0.20270097,0.19906690,0.19493075,0.19023653,0.18490692,0.17883142,0.17184434,0.16368008,0.15386861,0.14143400,0.12361092,0.06193051
98520,0.21718445,0.21701241,0.21649527,0.21562994,0.21441112,0.21283100,0.21087890,0.20854066,0.20579777,0.20262614,0.19899431,0.19486069,0.19016928,0.18484282,0.17877083,0.17178770,0.16362791,0.15382162,0.14139326,0.12357849,0.06191368
98580,0.21710048,0.21692855,0.21641174,0.21554697,0.21432894,0.21274983,0.21079899,0.20846223,0.20572106,0.20255141,0.19892183,0.19479072,0.19010213,0.18477881,0.17871033,0.17173113,0.16357581,0.15377469,0.14135257,0.12354611,0.06189688
98640,0.21701662,0.21684480,0.21632833,0.21546413,0.21424687,0.21266879,0.21071918,0.20838391,0.20564446,0.20247679,0.19884945,0.19472085,0.19003507,0.18471489,0.17864991,0.17167464,0.16352378,0.15372783,0.14131194,0.12351377,0.06188012
98700,0.21693289,0.21676118,0.21624504,0.21538140,0.21416493,0.21258785,0.21063949,0.20830570,0.20556798,0.20240228,0.19877717,0.19465108,0.18996811,0.18465106,0.17858958,0.17161823,0.16347182,0.15368103,0.14127136,0.12348147,0.06186340
98760,0.21684927,0.21667768,0.21616188,0.21529879,0.21408310,0.21250704,0.21055992,0.20822760,0.20549160,0.20232788,0.19870499,0.19458141,0.18990124,0.18458732,0.17852932,0.17156190,0.16341993,0.15363429,0.14123083,0.12344921,0.06184672
98820,0.21676578,0.21659430,0.21607883,0.21521630,0.21400139,0.21242634,0.21048046,0.20814962,0.20541534,0.20225357,0.19863292,0.19451184,0.18983447,0.18452366,0.17846916,0.17150564,0.16336811,0.15358761,0.14119036,0.12341699,0.06183007
98880,0.21668241,0.21651104,0.21599590,0.21513392,0.21391980,0.21234575,0.21040112,0.20807175,0.20533918,0.20217938,0.19856095,0.19444237,0.18976779,0.18446010,0.17840907,0.17144946,0.16331637,0.15354100,0.14114995,0.12338482,0.06181346
98940,0.21659916,0.21642790,0.21591309,0.21505167,0.21383833,0.21226529,0.21032188,0.20799398,0.20526313,0.20210529,0.19848908,0.19437299,0.18970120,0.18439662,0.17834907,0.17139336,0.16326469,0.15349445,0.14110958,0.12335269,0.06179689
99000,0.21651603,0.21634488,0.21583041,0.21496954,0.21375697,0.21218494,0.21024277,0.20791634,0.20518719,0.20203131,0.19841731,0.19430371,0.18963471,0.18433323,0.17828915,0.17133734,0.16321309,0.15344796,0.14106927,0.12332060,0.06178035
99060,0.21643302,0.21626198,0.21574784,0.21488752,0.21367573,0.21210470,0.21016376,0.20783880,0.20511135,0.20195743,0.19834564,0.19423453,0.18956831,0.18426993,0.17822932,0.17128139,0.16316155,0.15340154,0.14102901,0.12328855,0.06176385
99120,0.21635013,0.21617920,0.21566539,0.21480562,0.21359461,0.21202458,0.21008487,0.20776137,0.20503563,0.20188365,0.19827408,0.19416545,0.18950200,0.18420672,0.17816956,0.17122552,0.16311008,0.15335517,0.14098881,0.12325654,0.06174739
99180,0.21626736,0.21609653,0.21558306,0.21472385,0.21351361,0.21194457,0.21000609,0.20768405,0.20496001,0.20180998,0.19820261,0.19409646,0.18943578,0.18414360,0.17810989,0.17116972,0.16305869,0.15330887,0.14094865,0.12322457,0.06173096
99240,0.21618470,0.21601399,0.21550084,0.21464218,0.21343272,0.21186468,0.20992743,0.20760684,0.20488450,0.20173642,0.19813125,0.19402758,0.18936966,0.18408056,0.17805030,0.17111401,0.16300736,0.15326263,0.14090855,0.12319264,0.06171457
99300,0.21610217,0.21593157,0.21541875,0.21456064,0.21335194,0.21178490,0.20984887,0.20752975,0.20480910,0.20166296,0.19805999,0.19395878,0.18930363,0.18401761,0.17799080,0.17105836,0.16295610,0.15321645,0.14086851,0.12316076,0.06169821
99360,0.21601976,0.21584926,0.21533677,0.21447921,0.21327129,0.21170524,0.20977043,0.20745276,0.20473380,0.20158960,0.19798882,0.19389009,0.18923769,0.18395475,0.17793137,0.17100280,0.16290491,0.15317033,0.14082851,0.12312891,0.06168189
99420,0.21593746,0.21576708,0.21525491,0.21439790,0.21319074,0.21162569,0.20969210,0.20737588,0.20465861,0.20151634,0.19791776,0.19382149,0.18917184,0.18389198,0.17787203,0.17094730,0.16285379,0.15312428,0.14078857,0.12309711,0.06166561
99480,0.21585528,0.21568501,0.21517317,0.21431670,0.21311032,0.21154626,0.20961388,0.20729911,0.20458353,0.20144319,0.19784680,0.19375298,0.18910609,0.18382929,0.17781277,0.17089189,0.16280274,0.15307828,0.14074868,0.12306535,0.06164936
99540,0.21577322,0.21560306,0.21509155,0.21423563,0.21303001,0.21146693,0.20953578,0.20722245,0.20450856,0.20137015,0.19777593,0.19368457,0.18904042,0.18376669,0.17775358,0.17083655,0.16275176,0.15303235,0.14070884,0.12303363,0.06163315
99600,0.21569128,0.21552122,0.21501004,0.21415466,0.21294981,0.21138772,0.20945778,0.20714590,0.20443369,0.20129720,0.19770517,0.19361626,0.18897485,0.18370417,0.17769449,0.17078128,0.16270084,0.15298648,0.14066906,0.12300194,0.06161698
99660,0.21560945,0.21543951,0.21492865,0.21407382,0.21286973,0.21130863,0.20937990,0.20706946,0.20435892,0.20122436,0.19763451,0.19354804,0.18890937,0.18364174,0.17763547,0.17072609,0.16265000,0.15294067,0.14062932,0.12297030,0.06160084
99720,0.21552775,0.21535791,0.21484738,0.21399309,0.21278976,0.21122964,0.20930212,0.20699313,0.20428426,0.20115162,0.19756394,0.19347992,0.18884398,0.18357940,0.17757653,0.17067098,0.16259922,0.15289491,0.14058964,0.12293870,0.06158473
99780,0.21544615,0.21527642,0.21476622,0.21391247,0.21270990,0.21115077,0.20922446,0.20691690,0.20420971,0.20107898,0.19749347,0.19341189,0.18877868,0.18351714,0.17751767,0.17061593,0.16254851,0.15284922,0.14055001,0.12290714,0.06156866
99840,0.21536468,0.21519505,0.21468517,0.21383197,0.21263016,0.21107201,0.20914691,0.20684078,0.20413526,0.20100645,0.19742311,0.19334396,0.18871347,0.18345497,0.17745889,0.17056097,0.16249787,0.15280359,0.14051043,0.12287562,0.06155263
99900,0.21528332,0.21511380,0.21460425,0.21375158,0.21255053,0.21099336,0.20906946,0.20676477,0.20406092,0.20093402,0.19735284,0.19327612,0.18864835,0.18339288,0.17740020,0.17050608,0.16244729,0.15275802,0.14047091,0.12284414,0.06153663
99960,0.21520208,0.21503267,0.21452343,0.21367131,0.21247102,0.21091483,0.20899213,0.20668887,0.20398668,0.20086168,0.19728266,0.19320838,0.18858332,0.18333088,0.17734158,0.17045126,0.16239679,0.15271252,0.14043143,0.12281270,0.06152066
100020,0.21512095,0.21495165,0.21444274,0.21359115,0.21239162,0.21083640,0.20891490,0.20661307,0.20391255,0.20078945,0.19721259,0.19314073,0.18851838,0.18326897,0.17728304,0.17039651,0.16234635,0.15266707,0.14039201,0.12278130,0.06150473
100080,0.21503994,0.21487074,0.21436215,0.21351110,0.21231233,0.21075809,0.20883779,0.20653738,0.20383852,0.20071732,0.19714261,0.19307317,0.18845353,0.18320713,0.17722458,0.17034184,0.16229598,0.15262168,0.14035263,0.12274994,0.06148884
100140,0.21495904,0.21478995,0.21428168,0.21343117,0.21223315,0.21067988,0.20876078,0.20646180,0.20376459,0.20064530,0.19707274,0.19300571,0.18838876,0.18314539,0.17716620,0.17028725,0.16224567,0.15257635,0.14031331,0.12271862,0.06147298
100200,0.21487826,0.21470928,0.21420133,0.21335135,0.21215408,0.21060179,0.20868388,0.20638632,0.20369077,0.20057337,0.19700295,0.19293834,0.18832409,0.18308373,0.17710791,0.17023272,0.16219544,0.15253108,0.14027404,0.12268734,0.06145715
100260,0.21479759,0.21462872,0.21412109,0.21327165,0.21207513,0.21052381,0.20860709,0.20631095,0.20361705,0.20050154,0.19693327,0.19287106,0.18825951,0.18302215,0.17704969,0.17017827,0.16214527,0.15248587,0.14023482,0.12265610,0.06144136
100320,0.21471704,0.21454827,0.21404096,0.21319206,0.21199629,0.21044594,0.20853041,0.20623568,0.20354343,0.20042981,0.19686368,0.19280388,0.18819501,0.18296065,0.17699154,0.17012390,0.16209516,0.15244071,0.14019565,0.12262490,0.06142561
100380,0.21463660,0.21446794,0.21396095,0.21311258,0.21191756,0.21036817,0.20845384,0.20616052,0.20346992,0.20035818,0.19679419,0.19273679,0.18813061,0.18289924,0.17693348,0.17006959,0.16204513,0.15239562,0.14015653,0.12259374,0.06140988
100440,0.21455627,0.21438772,0.21388105,0.21303321,0.21183894,0.21029052,0.20837737,0.20608547,0.20339650,0.20028666,0.19672479,0.19266979,0.18806629,0.18283792,0.17687550,0.17001536,0.16199516,0.15235059,0.14011746,0.12256261,0.06139420
100500,0.21447606,0.21430761,0.21380126,0.21295395,0.21176043,0.21021297,0.20830101,0.20601052,0.20332320,0.20021523,0.19665550,0.19260288,0.18800206,0.18277668,0.17681759,0.16996120,0.16194525,0.15230562,0.14007844,0.12253153,0.06137854
100560,0.21439596,0.21422762,0.21372159,0.21287481,0.21168203,0.21013554,0.20822476,0.20593567,0.20324999,0.20014390,0.19658629,0.19253607,0.18793792,0.18271552,0.17675977,0.16990712,0.16189541,0.15226070,0.14003947,0.12250049,0.06136292
100620,0.21431597,0.21414774,0.21364202,0.21279578,0.21160375,0.21005821,0.20814861,0.20586093,0.20317689,0.20007267,0.19651719,0.19246935,0.18787387,0.18265444,0.17670202,0.16985311,0.16184564,0.15221584,0.14000056,0.12246948,0.06134734
100680,0.21423610,0.21406797,0.21356257,0.21271686,0.21152557,0.20998099,0.20807257,0.20578630,0.20310388,0.20000154,0.19644817,0.19240272,0.18780990,0.18259345,0.17664434,0.16979916,0.16179593,0.15217105,0.13996169,0.12243852,0.06133178
100740,0.21415634,0.21398831,0.21348324,0.21263805,0.21144750,0.20990389,0.20799664,0.20571177,0.20303098,0.19993050,0.19637926,0.19233618,0.18774602,0.18253254,0.17658675,0.16974530,0.16174629,0.15212631,0.13992287,0.12240759,0.06131626
100800,0.21407669,0.21390877,0.21340401,0.21255935,0.21136954,0.20982688,0.20792081,0.20563734,0.20295818,0.19985957,0.19631043,0.19226973,0.18768223,0.18247171,0.17652923,0.16969150,0.16169672,0.15208163,0.13988410,0.12237670,0.06130078
100860,0.21399717,0.21382935,0.21332490,0.21248077,0.21129170,0.20975000,0.20784511,0.20556303,0.20288550,0.19978874,0.19624172,0.19220338,0.18761853,0.18241097,0.17647180,0.16963778,0.16164722,0.15203701,0.13984539,0.12234586,0.06128533
100920,0.21391775,0.21375004,0.21324591,0.21240230,0.21121397,0.20967322,0.20776950,0.20548881,0.20281290,0.19971801,0.19617309,0.19213712,0.18755492,0.18235031,0.17641445,0.16958413,0.16159778,0.15199245,0.13980672,0.12231505,0.06126991
100980,0.21383844,0.21367083,0.21316702,0.21232393,0.21113634,0.20959654,0.20769399,0.20541470,0.20274041,0.19964737,0.19610456,0.19207095,0.18749139,0.18228974,0.17635717,0.16953055,0.16154840,0.15194795,0.13976811,0.12228428,0.06125453
101040,0.21375924,0.21359174,0.21308823,0.21224568,0.21105882,0.20951997,0.20761859,0.20534069,0.20266801,0.19957683,0.19603611,0.19200487,0.18742795,0.18222924,0.17629996,0.16947704,0.16149909,0.15190350,0.13972954,0.12225354,0.06123918
101100,0.21368015,0.21351275,0.21300956,0.21216753,0.21098141,0.20944351,0.20754329,0.20526677,0.20259572,0.19950639,0.19596776,0.19193888,0.18736459,0.18216882,0.17624283,0.16942360,0.16144984,0.15185911,0.13969102,0.12222285,0.06122386
101160,0.21360117,0.21343388,0.21293100,0.21208949,0.21090410,0.20936715,0.20746809,0.20519297,0.20252352,0.19943604,0.19589951,0.19187297,0.18730132,0.18210848,0.17618577,0.16937023,0.16140065,0.15181477,0.13965254,0.12219219,0.06120857
101220,0.21352230,0.21335511,0.21285255,0.21201156,0.21082690,0.20929090,0.20739300,0.20511926,0.20245143,0.19936578,0.19583135,0.19180716,0.18723813,0.18204823,0.17612879,0.16931693,0.16135153,0.15177050,0.13961412,0.12216157,0.06119332
101280,0.21344354,0.21327645,0.21277420,0.21193373,0.21074981,0.20921475,0.20731802,0.20504565,0.20237943,0.19929563,0.19576327,0.19174143,0.18717503,0.18198805,0.17607189,0.16926370,0.16130248,0.15172628,0.13957575,0.12213099,0.06117810
101340,0.21336489,0.21319791,0.21269596,0.21185602,0.21067282,0.20913871,0.20724313,0.20497215,0.20230753,0.19922557,0.19569530,0.19167580,0.18711201,0.18192796,0.17601506,0.16921055,0.16125348,0.15168212,0.13953742,0.12210045,0.06116291
101400,0.21328635,0.21311947,0.21261784,0.21177841,0.21059595,0.20906277,0.20716835,0.20489874,0.20223573,0.19915560,0.19562741,0.19161025,0.18704908,0.18186795,0.17595831,0.16915746,0.16120456,0.15163801,0.13949915,0.12206995,0.06114775
101460,0.21320792,0.21304114,0.21253982,0.21170091,0.21051918,0.20898694,0.20709368,0.20482544,0.20216403,0.19908574,0.19555962,0.19154479,0.18698623,0.18180802,0.17590164,0.16910444,0.16115569,0.15159396,0.13946092,0.12203948,0.06113263
101520,0.21312960,0.21296292,0.21246191,0.21162352,0.21044251,0.20891121,0.20701911,0.20475224,0.20209242,0.19901596,0.19549192,0.19147943,0.18692347,0.18174817,0.17584504,0.16905149,0.16110689,0.15154997,0.13942274,0.12200905,0.06111754
101580,0.21305138,0.21288482,0.21238412,0.21154624,0.21036596,0.20883560,0.20694464,0.20467915,0.20202092,0.19894629,0.19542432,0.19141415,0.18686080,0.18168840,0.17578852,0.16899862,0.16105816,0.15150604,0.13938461,0.12197866,0.06110248
101640,0.21297328,0.21280681,0.21230642,0.21146906,0.21028951,0.20876008,0.20687027,0.20460615,0.20194952,0.19887671,0.19535681,0.19134896,0.18679820,0.18162870,0.17573207,0.16894581,0.16100949,0.15146216,0.13934653,0.12194831,0.06108746
101700,0.21289528,0.21272892,0.21222884,0.21139199,0.21021316,0.20868467,0.20679601,0.20453325,0.20187821,0.19880722,0.19528938,0.19128385,0.18673570,0.18156909,0.17567569,0.16889307,0.16096088,0.15141834,0.13930849,0.12191799,0.06107246
101760,0.21281739,0.21265114,0.21215136,0.21131503,0.21013692,0.20860936,0.20672185,0.20446045,0.20180700,0.19873783,0.19522205,0.19121884,0.18667327,0.18150956,0.17561939,0.16884040,0.16091233,0.15137458,0.13927051,0.12188771,0.06105750
101820,0.21273962,0.21257346,0.21207399,0.21123817,0.21006078,0.20853416,0.20664779,0.20438775,0.20173588,0.19866853,0.19515481,0.19115391,0.18661093,0.18145011,0.17556317,0.16878780,0.16086385,0.15133087,0.13923257,0.12185747,0.06104257
101880,0.21266195,0.21249589,0.21199673,0.21116143,0.20998476,0.20845906,0.20657383,0.20431516,0.20166487,0.19859933,0.19508766,0.19108907,0.18654868,0.18139074,0.17550702,0.16873527,0.16081543,0.15128722,0.13919468,0.12182727,0.06102767
101940,0.21258438,0.21241843,0.21191958,0.21108478,0.20990883,0.20838406,0.20649998,0.20424266,0.20159395,0.19853023,0.19502061,0.19102432,0.18648651,0.18133145,0.17545094,0.16868281,0.16076707,0.15124362,0.13915684,0.12179711,0.06101281
102000,0.21250693,0.21234108,0.21184253,0.21100825,0.20983302,0.20830917,0.20642623,0.20417027,0.20152314,0.19846121,0.19495365,0.19095966,0.18642442,0.18127223,0.17539495,0.16863042,0.16071878,0.15120008,0.13911905,0.12176698,0.06099798
102060,0.21242958,0.21226383,0.21176559,0.21093182,0.20975730,0.20823438,0.20635257,0.20409797,0.20145241,0.19839230,0.19488677,0.19089509,0.18636242,0.18121310,0.17533902,0.16857810,0.16067055,0.15115660,0.13908130,0.12173689,0.06098317
102120,0.21235234,0.21218669,0.21168876,0.21085550,0.20968169,0.20815970,0.20627902,0.20402577,0.20138179,0.19832347,0.19481999,0.19083060,0.18630049,0.18115404,0.17528317,0.16852585,0.16062238,0.15111317,0.13904360,0.12170683,0.06096840
102180,0.21227521,0.21210966,0.21161203,0.21077928,0.20960619,0.20808512,0.20620557,0.20395367,0.20131126,0.19825474,0.19475330,0.19076620,0.18623866,0.18109507,0.17522739,0.16847366,0.16057428,0.15106980,0.13900595,0.12167682,0.06095366
102240,0.21219818,0.21203273,0.21153541,0.21070316,0.20953079,0.20801064,0.20613223,0.20388167,0.20124082,0.19818610,0.19468669,0.19070188,0.18617690,0.18103617,0.17517168,0.16842154,0.16052624,0.15102648,0.13896835,0.12164684,0.06093895
102300,0.21212126,0.21195591,0.21145889,0.21062715,0.20945549,0.20793626,0.20605898,0.20380976,0.20117048,0.19811756,0.19462018,0.19063765,0.18611523,0.18097735,0.17511605,0.16836949,0.16047826,0.15098322,0.13893079,0.12161689,0.06092428
102360,0.21204444,0.21187920,0.21138248,0.21055125,0.20938030,0.20786198,0.20598583,0.20373796,0.20110024,0.19804911,0.19455376,0.19057351,0.18605364,0.18091861,0.17506049,0.16831751,0.16043034,0.15094002,0.13889329,0.12158699,0.06090963
102420,0.21196773,0.21180259,0.21130617,0.21047545,0.20930521,0.20778781,0.20591278,0.20366625,0.20103009,0.19798075,0.19448743,0.19050946,0.18599213,0.18085994,0.17500501,0.16826560,0.16038248,0.15089687,0.13885582,0.12155712,0.06089502
102480,0.21189113,0.21172609,0.21122997,0.21039975,0.20923022,0.20771374,0.20583983,0.20359464,0.20096004,0.19791248,0.19442118,0.19044549,0.18593070,0.18080136,0.17494960,0.16821376,0.16033469,0.15085377,0.13881841,0.12152729,0.06088043
102540,0.21181463,0.21164969,0.21115388,0.21032416,0.20915533,0.20763976,0.20576699,0.20352313,0.20089009,0.19784431,0.19435503,0.19038160,0.18586936,0.18074285,0.17489426,0.16816198,0.16028695,0.15081073,0.13878104,0.12149749,0.06086588
102600,0.21173824,0.21157340,0.21107788,0.21024867,0.20908055,0.20756590,0.20569424,0.20345172,0.20082023,0.19777623,0.19428896,0.19031781,0.18580810,0.18068442,0.17483899,0.16811027,0.16023928,0.15076774,0.13874372,0.12146773,0.06085136
102660,0.21166195,0.21149721,0.21100200,0.21017329,0.20900587,0.20749213,0.20562159,0.20338040,0.20075046,0.19770824,0.19422299,0.19025409,0.18574692,0.18062606,0.17478380,0.16805862,0.16019167,0.15072481,0.13870645,0.12143801,0.06083686
102720,0.21158577,0.21142113,0.21092621,0.21009800,0.20893130,0.20741846,0.20554904,0.20330918,0.20068079,0.19764034,0.19415710,0.19019047,0.18568582,0.18056779,0.17472868,0.16800705,0.16014413,0.15068194,0.13866922,0.12140832,0.06082240
102780,0.21150969,0.21134515,0.21085054,0.21002283,0.20885682,0.20734489,0.20547659,0.20323806,0.20061121,0.19757254,0.19409130,0.19012692,0.18562480,0.18050959,0.17467363,0.16795554,0.16009664,0.15063912,0.13863204,0.12137867,0.06080797
102840,0.21143372,0.21126927,0.21077496,0.20994775,0.20878245,0.20727143,0.20540424,0.20316703,0.20054173,0.19750482,0.19402559,0.19006347,0.18556386,0.18045147,0.17461866,0.16790410,0.16004921,0.15059635,0.13859491,0.12134906,0.06079357
102900,0.21135785,0.21119350,0.21069949,0.20987278,0.20870818,0.20719806,0.20533198,0.20309610,0.20047234,0.19743720,0.19395997,0.19000010,0.18550301,0.18039342,0.17456375,0.16785273,0.16000185,0.15055364,0.13855782,0.12131948,0.06077920
102960,0.21128208,0.21111784,0.21062412,0.20979791,0.20863401,0.20712479,0.20525983,0.20302527,0.20040305,0.19736967,0.19389444,0.18993681,0.18544223,0.18033545,0.17450892,0.16780142,0.15995454,0.15051098,0.13852078,0.12128994,0.06076486
103020,0.21120642,0.21104227,0.21054886,0.20972314,0.20855994,0.20705163,0.20518777,0.20295453,0.20033384,0.19730223,0.19382899,0.18987360,0.18538154,0.18027756,0.17445416,0.16775018,0.15990730,0.15046837,0.13848378,0.12126044,0.06075055
103080,0.21113086,0.21096681,0.21047369,0.20964848,0.20848597,0.20697856,0.20511581,0.20288389,0.20026474,0.19723488,0.19376363,0.18981049,0.18532093,0.18021975,0.17439947,0.16769900,0.15986012,0.15042582,0.13844684,0.12123097,0.06073627
103140,0.21105540,0.21089146,0.21039863,0.20957391,0.20841210,0.20690559,0.20504395,0.20281334,0.20019572,0.19716762,0.19369836,0.18974745,0.18526039,0.18016201,0.17434485,0.16764789,0.15981300,0.15038332,0.13840993,0.12120154,0.06072202
103200,0.21098005,0.21081620,0.21032368,0.20949945,0.20833834,0.20683273,0.20497218,0.20274289,0.20012680,0.19710045,0.19363318,0.18968450,0.18519994,0.18010434,0.17429031,0.16759685,0.15976594,0.15034088,0.13837308,0.12117214,0.06070780
103260,0.21090480,0.21074105,0.21024882,0.20942509,0.20826467,0.20675996,0.20490052,0.20267253,0.20005797,0.19703337,0.19356809,0.18962163,0.18513957,0.18004676,0.17423583,0.16754588,0.15971894,0.15029849,0.13833626,0.12114278,0.06069361
103320,0.21082965,0.21066601,0.21017407,0.20935083,0.20819111,0.20668729,0.20482895,0.20260227,0.19998924,0.19696638,0.19350308,0.18955885,0.18507928,0.17998924,0.17418143,0.16749497,0.15967199,0.15025616,0.13829950,0.12111345,0.06067946
103380,0.21075461,0.21059106,0.21009942,0.20927667,0.20811764,0.20661471,0.20475747,0.20253211,0.19992059,0.19689948,0.19343815,0.18949615,0.18501906,0.17993181,0.17412710,0.16744412,0.15962511,0.15021387,0.13826278,0.12108416,0.06066532
103440,0.21067967,0.21051621,0.21002487,0.20920262,0.20804427,0.20654224,0.20468610,0.20246204,0.19985204,0.19683267,0.19337332,0.18943353,0.18495893,0.17987445,0.17407284,0.16739334,0.15957829,0.15017165,0.13822611,0.12105491,0.06065122
103500,0.21060482,0.21044147,0.20995042,0.20912866,0.20797101,0.20646986,0.20461482,0.20239206,0.19978358,0.19676595,0.19330857,0.18937100,0.18489887,0.17981716,0.17401864,0.16734263,0.15953153,0.15012947,0.13818948,0.12102569,0.06063715
103560,0.21053009,0.21036683,0.20987607,0.20905480,0.20789784,0.20639759,0.20454363,0.20232218,0.19971522,0.19669932,0.19324391,0.18930855,0.18483890,0.17975995,0.17396452,0.16729198,0.15948483,0.15008735,0.13815289,0.12099650,0.06062311
103620,0.21045545,0.21029229,0.20980183,0.20898105,0.20782477,0.20632541,0.20447254,0.20225239,0.19964694,0.19663278,0.19317933,0.18924618,0.18477900,0.17970281,0.17391047,0.16724140,0.15943819,0.15004528,0.13811636,0.12096736,0.06060910
103680,0.21038091,0.21021785,0.20972768,0.20890739,0.20775180,0.20625332,0.20440155,0.20218269,0.19957875,0.19656633,0.19311484,0.18918389,0.18471918,0.17964575,0.17385649,0.16719088,0.15939160,0.15000326,0.13807986,0.12093824,0.06059512
103740,0.21030648,0.21014351,0.20965363,0.20883383,0.20767893,0.20618134,0.20433065,0.20211309,0.19951066,0.19649996,0.19305043,0.18912169,0.18465944,0.17958876,0.17380258,0.16714043,0.15934508,0.14996130,0.13804342,0.12090916,0.06058116
103800,0.21023214,0.21006927,0.20957969,0.20876037,0.20760616,0.20610945,0.20425985,0.20204358,0.19944266,0.19643369,0.19298611,0.18905957,0.18459978,0.17953185,0.17374874,0.16709004,0.15929861,0.14991938,0.13800701,0.12088012,0.06056724
103860,0.21015791,0.20999514,0.20950584,0.20868701,0.20753348,0.20603766,0.20418914,0.20197417,0.19937475,0.19636750,0.19292187,0.18899753,0.18454020,0.17947501,0.17369497,0.16703972,0.15925221,0.14987753,0.13797066,0.12085111,0.06055334
103920,0.21008377,0.20992110,0.20943210,0.20861375,0.20746090,0.20596596,0.20411853,0.20190485,0.19930693,0.19630140,0.19285772,0.18893557,0.18448070,0.17941824,0.17364127,0.16698946,0.15920586,0.14983572,0.13793434,0.12082214,0.06053947
103980,0.21000974,0.20984716,0.20935845,0.20854059,0.20738843,0.20589436,0.20404801,0.20183562,0.19923920,0.19623539,0.19279366,0.18887370,0.18442127,0.17936155,0.17358763,0.16693926,0.15915957,0.14979396,0.13789808,0.12079320,0.06052564
104040,0.20993580,0.20977333,0.20928490,0.20846753,0.20731604,0.20582286,0.20397759,0.20176648,0.19917156,0.19616946,0.19272968,0.18881190,0.18436192,0.17930494,0.17353407,0.16688913,0.15911334,0.14975226,0.13786185,0.12076430,0.06051183
104100,0.20986197,0.20969959,0.20921145,0.20839457,0.20724376,0.20575145,0.20390726,0.20169743,0.19910401,0.19610362,0.19266578,0.18875019,0.18430265,0.17924839,0.17348058,0.16683907,0.15906717,0.14971061,0.13782567,0.12073543,0.06049804
104160,0.20978823,0.20962595,0.20913811,0.20832170,0.20717157,0.20568014,0.20383703,0.20162848,0.19903655,0.19603787,0.19260197,0.18868855,0.18424345,0.17919192,0.17342715,0.16678906,0.15902106,0.14966901,0.13778954,0.12070660,0.06048429
104220,0.20971460,0.20955241,0.20906485,0.20824893,0.20709948,0.20560892,0.20376689,0.20155962,0.19896918,0.19597221,0.19253824,0.18862700,0.18418434,0.17913552,0.17337380,0.16673912,0.15897501,0.14962747,0.13775345,0.12067780,0.06047057
104280,0.20964106,0.20947897,0.20899170,0.20817626,0.20702749,0.20553780,0.20369684,0.20149085,0.19890189,0.19590663,0.19247460,0.18856553,0.18412530,0.17907920,0.17332051,0.16668925,0.15892901,0.14958597,0.13771740,0.12064903,0.06045687
104340,0.20956762,0.20940563,0.20891865,0.20810369,0.20695559,0.20546678,0.20362689,0.20142217,0.19883470,0.19584114,0.19241104,0.18850414,0.18406633,0.17902295,0.17326729,0.16663944,0.15888307,0.14954453,0.13768140,0.12062030,0.06044321
104400,0.20949428,0.20933238,0.20884569,0.20803121,0.20688379,0.20539585,0.20355703,0.20135359,0.19876760,0.19577574,0.19234756,0.18844283,0.18400745,0.17896677,0.17321414,0.16658969,0.15883719,0.14950314,0.13764544,0.12059161,0.06042957
104460,0.20942105,0.20925925,0.20877284,0.20795885,0.20681209,0.20532502,0.20348727,0.20128510,0.19870059,0.19571043,0.19228418,0.18838161,0.18394865,0.17891067,0.17316106,0.16654001,0.15879137,0.14946181,0.13760953,0.12056295,0.06041596
104520,0.20934792,0.20918621,0.20870009,0.20788657,0.20674049,0.20525429,0.20341760,0.20121670,0.19863368,0.19564521,0.19222087,0.18832047,0.18388992,0.17885464,0.17310805,0.16649039,0.15874561,0.14942052,0.13757367,0.12053432,0.06040238
104580,0.20927488,0.20911326,0.20862743,0.20781439,0.20666898,0.20518364,0.20334802,0.20114839,0.19856684,0.19558007,0.19215765,0.18825940,0.18383127,0.17879868,0.17305511,0.16644084,0.15869991,0.14937929,0.13753784,0.12050573,0.06038882
104640,0.20920193,0.20904041,0.20855487,0.20774230,0.20659756,0.20511309,0.20327854,0.20108017,0.19850009,0.19551501,0.19209451,0.18819841,0.18377269,0.17874280,0.17300223,0.16639134,0.15865426,0.14933810,0.13750206,0.12047717,0.06037530
104700,0.20912908,0.20896766,0.20848240,0.20767031,0.20652624,0.20504263,0.20320914,0.20101204,0.19843343,0.19545004,0.19203145,0.18813750,0.18371418,0.17868698,0.17294942,0.16634191,0.15860867,0.14929697,0.13746632,0.12044865,0.06036180
104760,0.20905633,0.20889500,0.20841002,0.20759841,0.20645501,0.20497227,0.20313983,0.20094400,0.19836686,0.19538515,0.19196847,0.18807667,0.18365575,0.17863123,0.17289667,0.16629254,0.15856313,0.14925588,0.13743063,0.12042016,0.06034833
104820,0.20898367,0.20882244,0.20833775,0.20752661,0.20638388,0.20490199,0.20307062,0.20087604,0.19830038,0.19532035,0.19190557,0.18801591,0.18359740,0.17857556,0.17284400,0.16624323,0.15851765,0.14921485,0.13739497,0.12039170,0.06033488
104880,0.20891111,0.20874997,0.20826557,0.20745490,0.20631283,0.20483181,0.20300150,0.20080818,0.19823398,0.19525563,0.19184275,0.18795524,0.18353912,0.17851996,0.17279139,0.16619399,0.15847223,0.14917387,0.13735937,0.12036328,0.06032147
104940,0.20883865,0.20867760,0.20819348,0.20738329,0.20624189,0.20476173,0.20293247,0.20074041,0.19816767,0.19519099,0.19178002,0.18789464,0.18348092,0.17846443,0.17273884,0.16614480,0.15842686,0.14913293,0.13732380,0.12033489,0.06030808
105000,0.20876628,0.20860533,0.20812149,0.20731177,0.20617104,0.20469173,0.20286353,0.20067272,0.19810144,0.19512644,0.19171737,0.18783412,0.18342279,0.17840896,0.17268637,0.16609568,0.15838155,0.14909205,0.13728828,0.12030653,0.06029472
105060,0.20869401,0.20853315,0.20804960,0.20724035,0.20610028,0.20462183,0.20279468,0.20060512,0.19803530,0.19506198,0.19165480,0.18777369,0.18336473,0.17835358,0.17263396,0.16604662,0.15833630,0.14905122,0.13725280,0.12027821,0.06028138
105120,0.20862184,0.20846107,0.20797780,0.20716903,0.20602961,0.20455202,0.20272592,0.20053762,0.19796925,0.19499760,0.19159231,0.18771333,0.18330676,0.17829826,0.17258161,0.16599762,0.15829111,0.14901044,0.13721736,0.12024992,0.06026808
105180,0.20854976,0.20838909,0.20790610,0.20709780,0.20595905,0.20448231,0.20265725,0.20047020,0.19790329,0.19493330,0.19152991,0.18765305,0.18324885,0.17824301,0.17252934,0.16594869,0.15824597,0.14896971,0.13718197,0.12022167,0.06025480
105240,0.20847778,0.20831720,0.20783449,0.20702666,0.20588857,0.20441268,0.20258868,0.20040287,0.19783742,0.19486909,0.19146758,0.18759284,0.18319103,0.17818784,0.17247713,0.16589981,0.15820088,0.14892903,0.13714662,0.12019344,0.06024155
105300,0.20840589,0.20824541,0.20776298,0.20695562,0.20581818,0.20434315,0.20252019,0.20033563,0.19777163,0.19480496,0.19140534,0.18753272,0.18313327,0.17813273,0.17242498,0.16585100,0.15815586,0.14888840,0.13711131,0.12016526,0.06022832
105360,0.20833410,0.20817371,0.20769156,0.20688467,0.20574789,0.20427371,0.20245179,0.20026848,0.19770592,0.19474092,0.19134317,0.18747267,0.18307559,0.17807769,0.17237290,0.16580224,0.15811088,0.14884782,0.13707604,0.12013710,0.06021512
105420,0.20826240,0.20810211,0.20762024,0.20681381,0.20567769,0.20420436,0.20238349,0.20020141,0.19764030,0.19467696,0.19128109,0.18741270,0.18301798,0.17802273,0.17232089,0.16575355,0.15806597,0.14880728,0.13704082,0.12010898,0.06020195
105480,0.20819080,0.20803060,0.20754901,0.20674305,0.20560759,0.20413510,0.20231527,0.20013444,0.19757477,0.19461308,0.19121909,0.18735280,0.18296045,0.17796783,0.17226895,0.16570492,0.15802111,0.14876680,0.13700564,0.12008089,0.06018881
105540,0.20811929,0.20795918,0.20747787,0.20667238,0.20553758,0.20406593,0.20224714,0.20006755,0.19750932,0.19454928,0.19115716,0.18729299,0.18290299,0.17791301,0.17221707,0.16565636,0.15797631,0.14872637,0.13697050,0.12005283,0.06017569
105600,0.20804788,0.20788786,0.20740683,0.20660181,0.20546766,0.20399686,0.20217911,0.20000075,0.19744396,0.19448557,0.19109532,0.18723325,0.18284561,0.17785825,0.17216525,0.16560785,0.15793156,0.14868599,0.13693541,0.12002481,0.06016260
105660,0.20797657,0.20781664,0.20733589,0.20653133,0.20539783,0.20392788,0.20211116,0.19993404,0.19737869,0.19442194,0.19103356,0.18717359,0.18278830,0.17780357,0.17211351,0.16555940,0.15788687,0.14864566,0.13690036,0.11999682,0.06014954
105720,0.20790534,0.20774551,0.20726504,0.20646094,0.20532809,0.20385898,0.20204330,0.19986741,0.19731350,0.19435840,0.19097188,0.18711400,0.18273106,0.17774895,0.17206182,0.16551102,0.15784223,0.14860538,0.13686535,0.11996887,0.06013650
105780,0.20783421,0.20767447,0.20719428,0.20639064,0.20525845,0.20379018,0.20197553,0.19980087,0.19724839,0.19429494,0.19091028,0.18705450,0.18267389,0.17769440,0.17201020,0.16546269,0.15779765,0.14856514,0.13683038,0.11994094,0.06012349
105840,0.20776318,0.20760353,0.20712361,0.20632044,0.20518890,0.20372147,0.20190785,0.19973442,0.19718337,0.19423155,0.19084876,0.18699506,0.18261680,0.17763993,0.17195865,0.16541443,0.15775312,0.14852496,0.13679545,0.11991305,0.06011051
105900,0.20769223,0.20753268,0.20705304,0.20625033,0.20511944,0.20365284,0.20184026,0.19966805,0.19711843,0.19416825,0.19078731,0.18693571,0.18255978,0.17758552,0.17190716,0.16536622,0.15770865,0.14848482,0.13676057,0.11988519,0.06009755
105960,0.20762139,0.20746192,0.20698256,0.20618031,0.20505006,0.20358431,0.20177276,0.19960177,0.19705358,0.19410504,0.19072595,0.18687643,0.18250284,0.17753118,0.17185574,0.16531808,0.15766423,0.14844474,0.13672573,0.11985737,0.06008462
106020,0.20755063,0.20739126,0.20691217,0.20611038,0.20498079,0.20351587,0.20170534,0.19953558,0.19698881,0.19404190,0.19066467,0.18681723,0.18244596,0.17747691,0.17180438,0.16526999,0.15761987,0.14840470,0.13669092,0.11982958,0.06007171
106080,0.20747997,0.20732069,0.20684187,0.20604055,0.20491160,0.20344751,0.20163801,0.19946948,0.19692413,0.19397885,0.19060346,0.18675810,0.18238916,0.17742271,0.17175309,0.16522197,0.15757557,0.14836471,0.13665617,0.11980182,0.06005883
106140,0.20740940,0.20725021,0.20677167,0.20597081,0.20484250,0.20337925,0.20157077,0.19940346,0.19685953,0.19391588,0.19054233,0.18669905,0.18233244,0.17736858,0.17170186,0.16517400,0.15753131,0.14832477,0.13662145,0.11977409,0.06004598
106200,0.20733892,0.20717982,0.20670156,0.20590115,0.20477349,0.20331107,0.20150362,0.19933752,0.19679501,0.19385299,0.19048128,0.18664007,0.18227578,0.17731451,0.17165069,0.16512610,0.15748712,0.14828488,0.13658677,0.11974639,0.06003315
106260,0.20726854,0.20710953,0.20663154,0.20583159,0.20470457,0.20324299,0.20143655,0.19927167,0.19673058,0.19379018,0.19042032,0.18658117,0.18221920,0.17726051,0.17159959,0.16507825,0.15744297,0.14824503,0.13655214,0.11971873,0.06002035
106320,0.20719824,0.20703933,0.20656161,0.20576212,0.20463575,0.20317499,0.20136958,0.19920591,0.19666623,0.19372745,0.19035942,0.18652235,0.18216268,0.17720659,0.17154856,0.16503047,0.15739888,0.14820524,0.13651754,0.11969110,0.06000758
106380,0.20712804,0.20696922,0.20649178,0.20569274,0.20456701,0.20310708,0.20130269,0.19914023,0.19660196,0.19366480,0.19029861,0.18646360,0.18210624,0.17715273,0.17149758,0.16498274,0.15735485,0.14816549,0.13648299,0.11966350,0.05999483
106440,0.20705793,0.20689920,0.20642203,0.20562346,0.20449836,0.20303926,0.20123588,0.19907464,0.19653778,0.19360223,0.19023788,0.18640492,0.18204987,0.17709894,0.17144667,0.16493507,0.15731087,0.14812579,0.13644848,0.11963594,0.05998210
106500,0.20698792,0.20682928,0.20635238,0.20555426,0.20442980,0.20297153,0.20116917,0.19900913,0.19647368,0.19353975,0.19017722,0.18634632,0.18199358,0.17704521,0.17139583,0.16488747,0.15726694,0.14808614,0.13641401,0.11960840,0.05996941
106560,0.20691799,0.20675944,0.20628282,0.20548515,0.20436134,0.20290388,0.20110254,0.19894371,0.19640966,0.19347734,0.19011664,0.18628780,0.18193735,0.17699156,0.17134505,0.16483992,0.15722307,0.14804654,0.13637959,0.11958090,0.05995673
106620,0.20684816,0.20668970,0.20621335,0.20541613,0.20429296,0.20283633,0.20103599,0.19887837,0.19634573,0.19341502,0.19005614,0.18622935,0.18188120,0.17693797,0.17129433,0.16479243,0.15717925,0.14800699,0.13634520,0.11955343,0.05994409
106680,0.20677842,0.20662005,0.20614397,0.20534721,0.20422467,0.20276886,0.20096954,0.19881312,0.19628187,0.19335277,0.18999571,0.18617097,0.18182512,0.17688445,0.17124367,0.16474500,0.15713549,0.14796748,0.13631085,0.11952599,0.05993146
106740,0.20670877,0.20655049,0.20607468,0.20527837,0.20415646,0.20270148,0.20090317,0.19874795,0.19621811,0.19329060,0.18993537,0.18611267,0.18176910,0.17683099,0.17119308,0.16469762,0.15709177,0.14792802,0.13627655,0.11949859,0.05991887
106800,0.20663921,0.20648102,0.20600548,0.20520962,0.20408835,0.20263419,0.20083688,0.19868286,0.19615442,0.19322852,0.18987510,0.18605444,0.18171316,0.17677761,0.17114255,0.16465031,0.15704812,0.14788861,0.13624228,0.11947121,0.05990630
106860,0.20656974,0.20641164,0.20593637,0.20514096,0.20402033,0.20256698,0.20077068,0.19861786,0.19609081,0.19316651,0.18981490,0.18599629,0.18165729,0.17672429,0.17109209,0.16460305,0.15700451,0.14784925,0.13620806,0.11944387,0.05989375
106920,0.20650036,0.20634235,0.20586735,0.20507240,0.20395239,0.20249986,0.20070457,0.19855294,0.19602729,0.19310459,0.18975479,0.18593821,0.18160149,0.17667103,0.17104169,0.16455586,0.15696096,0.14780994,0.13617388,0.11941656,0.05988123
106980,0.20643107,0.20627315,0.20579842,0.20500392,0.20388454,0.20243283,0.20063854,0.19848811,0.19596385,0.19304274,0.18969475,0.18588020,0.18154576,0.17661785,0.17099135,0.16450872,0.15691746,0.14777067,0.13613973,0.11938928,0.05986874
107040,0.20636187,0.20620404,0.20572958,0.20493552,0.20381678,0.20236589,0.20057260,0.19842336,0.19590048,0.19298097,0.18963478,0.18582227,0.18149010,0.17656473,0.17094107,0.16446164,0.15687402,0.14773145,0.13610563,0.11936204,0.05985627
107100,0.20629276,0.20613502,0.20566083,0.20486722,0.20374911,0.20229903,0.20050674,0.19835869,0.19583720,0.19291928,0.18957490,0.18576441,0.18143451,0.17651168,0.17089085,0.16441461,0.15683063,0.14769227,0.13607157,0.11933482,0.05984382
107160,0.20622374,0.20606609,0.20559216,0.20479901,0.20368153,0.20223226,0.20044097,0.19829411,0.19577401,0.19285767,0.18951508,0.18570662,0.18137899,0.17645869,0.17084070,0.16436765,0.15678729,0.14765315,0.13603755,0.11930764,0.05983140
107220,0.20615481,0.20599725,0.20552359,0.20473088,0.20361403,0.20216557,0.20037528,0.19822961,0.19571089,0.19279614,0.18945535,0.18564891,0.18132354,0.17640577,0.17079061,0.16432074,0.15674400,0.14761407,0.13600357,0.11928048,0.05981900
107280,0.20608597,0.20592849,0.20545511,0.20466284,0.20354662,0.20209897,0.20030967,0.19816519,0.19564785,0.19273468,0.18939569,0.18559127,0.18126816,0.17635292,0.17074058,0.16427389,0.15670077,0.14757503,0.13596963,0.11925336,0.05980663
107340,0.20601721,0.20585983,0.20538671,0.20459489,0.20347930,0.20203245,0.20024415,0.19810085,0.19558489,0.19267331,0.18933611,0.18553370,0.18121285,0.17630013,0.17069062,0.16422710,0.15665758,0.14753605,0.13593573,0.11922627,0.05979429
107400,0.20594855,0.20579126,0.20531840,0.20452703,0.20341206,0.20196603,0.20017872,0.19803660,0.19552202,0.19261201,0.18927660,0.18547621,0.18115761,0.17624740,0.17064071,0.16418037,0.15661446,0.14749711,0.13590187,0.11919921,0.05978197
107460,0.20587998,0.20572277,0.20525018,0.20445926,0.20334491,0.20189968,0.20011337,0.19797243,0.19545922,0.19255079,0.18921717,0.18541878,0.18110244,0.17619475,0.17059087,0.16413369,0.15657138,0.14745822,0.13586804,0.11917219,0.05976967
107520,0.20581149,0.20565437,0.20518205,0.20439157,0.20327785,0.20183342,0.20004810,0.19790834,0.19539651,0.19248965,0.18915781,0.18536143,0.18104734,0.17614216,0.17054109,0.16408707,0.15652835,0.14741937,0.13583426,0.11914519,0.05975740
107580,0.20574309,0.20558607,0.20511401,0.20432397,0.20321087,0.20176725,0.19998291,0.19784433,0.19533387,0.19242858,0.18909853,0.18530415,0.18099230,0.17608963,0.17049137,0.16404050,0.15648538,0.14738057,0.13580052,0.11911823,0.05974515
107640,0.20567478,0.20551784,0.20504605,0.20425646,0.20314398,0.20170116,0.19991781,0.19778041,0.19527131,0.19236760,0.18903932,0.18524695,0.18093734,0.17603717,0.17044171,0.16399400,0.15644246,0.14734182,0.13576682,0.11909129,0.05973292
107700,0.20560656,0.20544971,0.20497818,0.20418903,0.20307717,0.20163516,0.19985280,0.19771657,0.19520884,0.19230669,0.18898018,0.18518981,0.18088244,0.17598477,0.17039211,0.16394755,0.15639959,0.14730311,0.13573316,0.11906439,0.05972072
107760,0.20553843,0.20538167,0.20491040,0.20412169,0.20301045,0.20156924,0.19978786,0.19765280,0.19514644,0.19224585,0.18892113,0.18513275,0.18082761,0.17593244,0.17034258,0.16390116,0.15635678,0.14726445,0.13569953,0.11903751,0.05970855
107820,0.20547038,0.20531371,0.20484271,0.20405444,0.20294382,0.20150341,0.19972301,0.19758912,0.19508412,0.19218510,0.18886214,0.18507576,0.18077285,0.17588018,0.17029310,0.16385482,0.15631401,0.14722584,0.13566595,0.11901067,0.05969640
107880,0.20540242,0.20524584,0.20477510,0.20398727,0.20287727,0.20143766,0.19965824,0.19752552,0.19502188,0.19212442,0.18880323,0.18501884,0.18071816,0.17582798,0.17024368,0.16380854,0.15627130,0.14718727,0.13563241,0.11898386,0.05968427
107940,0.20533455,0.20517805,0.20470758,0.20392019,0.20281080,0.20137199,0.19959355,0.19746200,0.19495972,0.19206382,0.18874440,0.18496199,0.18066354,0.17577584,0.17019433,0.16376232,0.15622864,0.14714875,0.13559890,0.11895708,0.05967217
108000,0.20526677,0.20511036,0.20464015,0.20385319,0.20274443,0.20130641,0.19952895,0.19739856,0.19489764,0.19200329,0.18868563,0.18490522,0.18060898,0.17572377,0.17014504,0.16371615,0.15618602,0.14711027,0.13556544,0.11893033,0.05966009
108060,0.20519908,0.20504276,0.20457281,0.20378629,0.20267814,0.20124092,0.19946444,0.19733521,0.19483565,0.19194285,0.18862696,0.18484852,0.18055450,0.17567177,0.17009581,0.16367004,0.15614347,0.14707184,0.13553202,0.11890362,0.05964803
108120,0.20513148,0.20497524,0.20450555,0.20371948,0.20261194,0.20117551,0.19940000,0.19727194,0.19477373,0.19188248,0.18856835,0.18479189,0.18050009,0.17561983,0.17004664,0.16362399,0.15610097,0.14703346,0.13549863,0.11887693,0.05963600
108180,0.20506395,0.20490780,0.20443838,0.20365274,0.20254582,0.20111018,0.19933565,0.19720875,0.19471188,0.19182219,0.18850981,0.18473532,0.18044574,0.17556795,0.16999753,0.16357800,0.15605851,0.14699512,0.13546528,0.11885027,0.05962400
108240,0.20499652,0.20484045,0.20437129,0.20358609,0.20247978,0.20104493,0.19927137,0.19714563,0.19465012,0.19176197,0.18845134,0.18467883,0.18039145,0.17551613,0.16994848,0.16353205,0.15601611,0.14695683,0.13543197,0.11882364,0.05961201
108300,0.20492917,0.20477319,0.20430429,0.20351952,0.20241382,0.20097976,0.19920718,0.19708259,0.19458842,0.19170182,0.18839295,0.18462241,0.18033724,0.17546438,0.16989949,0.16348616,0.15597375,0.14691858,0.13539870,0.11879705,0.05960005
108360,0.20486190,0.20470601,0.20423737,0.20345304,0.20234795,0.20091468,0.19914307,0.19701964,0.19452681,0.19164175,0.18833463,0.18456605,0.18028309,0.17541269,0.16985056,0.16344033,0.15593145,0.14688037,0.13536547,0.11877048,0.05958812
108420,0.20479472,0.20463892,0.20417054,0.20338664,0.20228216,0.20084968,0.19907903,0.19695676,0.19446528,0.19158176,0.18827638,0.18450977,0.18022900,0.17536107,0.16980168,0.16339456,0.15588919,0.14684222,0.13533228,0.11874394,0.05957620
108480,0.20472762,0.20457191,0.20410379,0.20332032,0.20221645,0.20078476,0.19901508,0.19689396,0.19440382,0.19152184,0.18821820,0.18445355,0.18017498,0.17530951,0.16975287,0.16334883,0.15584699,0.14680410,0.13529912,0.11871743,0.05956431
108540,0.20466061,0.20450498,0.20403712,0.20325409,0.20215083,0.20071992,0.19895121,0.19683124,0.19434244,0.19146199,0.18816010,0.18439741,0.18012103,0.17525801,0.16970411,0.16330317,0.15580483,0.14676603,0.13526601,0.11869096,0.05955245
108600,0.20459369,0.20443814,0.20397054,0.20318794,0.20208529,0.20065517,0.19888742,0.19676859,0.19428113,0.19140222,0.18810206,0.18434133,0.18006715,0.17520657,0.16965542,0.16325755,0.15576273,0.14672801,0.13523293,0.11866451,0.05954060
108660,0.20452685,0.20437139,0.20390405,0.20312188,0.20201983,0.20059049,0.19882371,0.19670603,0.19421990,0.19134252,0.18804410,0.18428533,0.18001333,0.17515520,0.16960678,0.16321200,0.15572068,0.14669003,0.13519989,0.11863809,0.05952878
108720,0.20446009,0.20430472,0.20383764,0.20305590,0.20195446,0.20052590,0.19876008,0.19664355,0.19415875,0.19128290,0.18798622,0.18422939,0.17995958,0.17510389,0.16955820,0.16316650,0.15567867,0.14665209,0.13516689,0.11861170,0.05951698
108780,0.20439342,0.20423814,0.20377131,0.20299000,0.20188917,0.20046139,0.19869653,0.19658114,0.19409768,0.19122336,0.18792840,0.18417352,0.17990589,0.17505264,0.16950969,0.16312105,0.15563672,0.14661420,0.13513392,0.11858535,0.05950521
108840,0.20432684,0.20417164,0.20370507,0.20292419,0.20182396,0.20039697,0.19863306,0.19651881,0.19403668,0.19116388,0.18787066,0.18411773,0.17985227,0.17500146,0.16946123,0.16307566,0.15559482,0.14657636,0.13510100,0.11855902,0.05949346
108900,0.20426034,0.20410522,0.20363891,0.20285846,0.20175884,0.20033262,0.19856967,0.19645657,0.19397576,0.19110449,0.18781299,0.18406200,0.17979872,0.17495034,0.16941283,0.16303032,0.15555297,0.14653856,0.13506811,0.11853272,0.05948173
108960,0.20419392,0.20403889,0.20357283,0.20279282,0.20169379,0.20026835,0.19850636,0.19639439,0.19391492,0.19104516,0.18775539,0.18400634,0.17974523,0.17489928,0.16936449,0.16298503,0.15551116,0.14650080,0.13503526,0.11850645,0.05947003
109020,0.20412759,0.20397264,0.20350684,0.20272725,0.20162883,0.20020417,0.19844313,0.19633230,0.19385415,0.19098591,0.18769786,0.18395075,0.17969181,0.17484828,0.16931620,0.16293981,0.15546941,0.14646309,0.13500245,0.11848021,0.05945835
109080,0.20406134,0.20390648,0.20344093,0.20266177,0.20156395,0.20014006,0.19837998,0.19627028,0.19379345,0.19092673,0.18764040,0.18389522,0.17963845,0.17479734,0.16926798,0.16289463,0.15542771,0.14642542,0.13496967,0.11845400,0.05944669
109140,0.20399517,0.20384040,0.20337511,0.20259637,0.20149915,0.20007604,0.19831691,0.19620835,0.19373284,0.19086763,0.18758301,0.18383977,0.17958516,0.17474647,0.16921981,0.16284951,0.15538605,0.14638779,0.13493694,0.11842782,0.05943505
109200,0.20392909,0.20377440,0.20330937,0.20253106,0.20143443,0.20001210,0.19825392,0.19614649,0.19367230,0.19080860,0.18752570,0.18378438,0.17953194,0.17469566,0.16917170,0.16280444,0.15534445,0.14635021,0.13490424,0.11840167,0.05942344
109260,0.20386309,0.20370849,0.20324371,0.20246583,0.20136980,0.19994823,0.19819101,0.19608470,0.19361183,0.19074965,0.18746846,0.18372907,0.17947878,0.17464491,0.16912365,0.16275943,0.15530289,0.14631268,0.13487158,0.11837555,0.05941185
109320,0.20379718,0.20364266,0.20317814,0.20240068,0.20130525,0.19988445,0.19812817,0.19602300,0.19355144,0.19069076,0.18741129,0.18367382,0.17942568,0.17459423,0.16907566,0.16271447,0.15526139,0.14627519,0.13483896,0.11834946,0.05940028
109380,0.20373135,0.20357691,0.20311264,0.20233561,0.20124078,0.19982075,0.19806542,0.19596137,0.19349113,0.19063196,0.18735418,0.18361864,0.17937265,0.17454360,0.16902773,0.16266957,0.15521993,0.14623774,0.13480638,0.11832340,0.05938873
109440,0.20366560,0.20351125,0.20304723,0.20227063,0.20117639,0.19975713,0.19800274,0.19589982,0.19343089,0.19057322,0.18729715,0.18356352,0.17931969,0.17449304,0.16897985,0.16262472,0.15517852,0.14620034,0.13477383,0.11829737,0.05937721
109500,0.20359993,0.20344567,0.20298191,0.20220572,0.20111208,0.19969359,0.19794014,0.19583835,0.19337072,0.19051456,0.18724019,0.18350848,0.17926679,0.17444253,0.16893204,0.16257992,0.15513716,0.14616297,0.13474132,0.11827136,0.05936571
109560,0.20353435,0.20338017,0.20291666,0.20214090,0.20104785,0.19963012,0.19787762,0.19577695,0.19331063,0.19045596,0.18718330,0.18345350,0.17921395,0.17439209,0.16888428,0.16253518,0.15509585,0.14612566,0.13470884,0.11824539,0.05935423
109620,0.20346885,0.20331475,0.20285150,0.20207616,0.20098370,0.19956674,0.19781518,0.19571563,0.19325062,0.19039745,0.18712648,0.18339859,0.17916118,0.17434171,0.16883657,0.16249049,0.15505459,0.14608838,0.13467641,0.11821945,0.05934277
109680,0.20340343,0.20324942,0.20278641,0.20201149,0.20091963,0.19950344,0.19775282,0.19565438,0.19319068,0.19033900,0.18706973,0.18334374,0.17910847,0.17429139,0.16878893,0.16244585,0.15501338,0.14605115,0.13464401,0.11819353,0.05933134
109740,0.20333810,0.20318417,0.20272141,0.20194692,0.20085564,0.19944021,0.19769053,0.19559322,0.19313081,0.19028063,0.18701305,0.18328897,0.17905583,0.17424113,0.16874134,0.16240127,0.15497221,0.14601397,0.13461165,0.11816764,0.05931993
109800,0.20327284,0.20311900,0.20265650,0.20188242,0.20079173,0.19937707,0.19762832,0.19553212,0.19307102,0.19022232,0.18695643,0.18323426,0.17900325,0.17419094,0.16869381,0.16235673,0.15493110,0.14597682,0.13457932,0.11814178,0.05930854
109860,0.20320767,0.20305391,0.20259166,0.20181800,0.20072790,0.19931400,0.19756619,0.19547111,0.19301130,0.19016409,0.18689989,0.18317962,0.17895073,0.17414080,0.16864633,0.16231226,0.15489003,0.14593972,0.13454704,0.11811595,0.05929717
109920,0.20314258,0.20298890,0.20252690,0.20175366,0.20066415,0.19925101,0.19750414,0.19541017,0.19295165,0.19010594,0.18684342,0.18312504,0.17889828,0.17409072,0.16859891,0.16226783,0.15484901,0.14590267,0.13451479,0.11809015,0.05928583
109980,0.20307757,0.20292397,0.20246223,0.20168941,0.20060049,0.19918810,0.19744216,0.19534930,0.19289208,0.19004785,0.18678702,0.18307053,0.17884590,0.17404071,0.16855155,0.16222346,0.15480804,0.14586565,0.13448257,0.11806438,0.05927450
110040,0.20301264,0.20285913,0.20239763,0.20162523,0.20053690,0.19912527,0.19738026,0.19528851,0.19283259,0.18998983,0.18673068,0.18301609,0.17879357,0.17399075,0.16850425,0.16217914,0.15476712,0.14582868,0.13445040,0.11803864,0.05926320
110100,0.20294780,0.20279437,0.20233312,0.20156113,0.20047339,0.19906252,0.19731844,0.19522780,0.19277316,0.18993189,0.18667442,0.18296171,0.17874131,0.17394086,0.16845700,0.16213487,0.15472625,0.14579175,0.13441826,0.11801293,0.05925192
110160,0.20288303,0.20272969,0.20226869,0.20149712,0.20040996,0.19899984,0.19725669,0.19516716,0.19271381,0.18987402,0.18661822,0.18290740,0.17868912,0.17389102,0.16840981,0.16209066,0.15468542,0.14575487,0.13438615,0.11798724,0.05924066
110220,0.20281835,0.20266508,0.20220433,0.20143318,0.20034660,0.19893724,0.19719502,0.19510659,0.19265454,0.18981622,0.18656210,0.18285316,0.17863698,0.17384125,0.16836268,0.16204650,0.15464464,0.14571802,0.13435409,0.11796158,0.05922943
110280,0.20275374,0.20260056,0.20214006,0.20136932,0.20028333,0.19887473,0.19713343,0.19504610,0.19259533,0.18975849,0.18650604,0.18279898,0.17858491,0.17379153,0.16831560,0.16200239,0.15460391,0.14568122,0.13432206,0.11793596,0.05921821
110340,0.20268922,0.20253612,0.20207587,0.20130555,0.20022014,0.19881228,0.19707191,0.19498569,0.19253620,0.18970083,0.18645005,0.18274487,0.17853290,0.17374188,0.16826858,0.16195833,0.15456323,0.14564447,0.13429006,0.11791036,0.05920702
110400,0.20262478,0.20247176,0.20201176,0.20124185,0.20015702,0.19874992,0.19701047,0.19492535,0.19247714,0.18964324,0.18639413,0.18269083,0.17848096,0.17369228,0.16822161,0.16191432,0.15452259,0.14560775,0.13425811,0.11788478,0.05919585
110460,0.20256042,0.20240748,0.20194773,0.20117823,0.20009398,0.19868763,0.19694911,0.19486508,0.19241816,0.18958572,0.18633827,0.18263685,0.17842908,0.17364275,0.16817470,0.16187037,0.15448201,0.14557108,0.13422618,0.11785924,0.05918470
110520,0.20249613,0.20234328,0.20188378,0.20111469,0.20003102,0.19862542,0.19688782,0.19480489,0.19235925,0.18952828,0.18628249,0.18258293,0.17837726,0.17359327,0.16812785,0.16182647,0.15444147,0.14553445,0.13419430,0.11783373,0.05917357
110580,0.20243193,0.20227916,0.20181990,0.20105123,0.19996814,0.19856329,0.19682661,0.19474478,0.19230040,0.18947090,0.18622677,0.18252908,0.17832550,0.17354385,0.16808105,0.16178262,0.15440097,0.14549786,0.13416245,0.11780824,0.05916246
110640,0.20236781,0.20221512,0.20175611,0.20098785,0.19990534,0.19850123,0.19676547,0.19468473,0.19224164,0.18941359,0.18617112,0.18247530,0.17827381,0.17349450,0.16803431,0.16173882,0.15436053,0.14546132,0.13413064,0.11778278,0.05915137
110700,0.20230377,0.20215116,0.20169239,0.20092455,0.19984262,0.19843926,0.19670441,0.19462476,0.19218294,0.18935636,0.18611554,0.18242158,0.17822218,0.17344520,0.16798762,0.16169508,0.15432013,0.14542481,0.13409886,0.11775735,0.05914031
110760,0.20223981,0.20208728,0.20162876,0.20086132,0.19977997,0.19837735,0.19664343,0.19456487,0.19212432,0.18929919,0.18606003,0.18236793,0.17817061,0.17339596,0.16794099,0.16165138,0.15427978,0.14538835,0.13406712,0.11773195,0.05912927
110820,0.20217592,0.20202348,0.20156520,0.20079818,0.19971740,0.19831553,0.19658251,0.19450505,0.19206576,0.18924209,0.18600458,0.18231434,0.17811910,0.17334678,0.16789442,0.16160774,0.15423947,0.14535193,0.13403542,0.11770658,0.05911824
110880,0.20211212,0.20195976,0.20150173,0.20073511,0.19965491,0.19825378,0.19652168,0.19444530,0.19200728,0.18918507,0.18594920,0.18226082,0.17806765,0.17329765,0.16784789,0.16156415,0.15419922,0.14531555,0.13400375,0.11768123,0.05910724
110940,0.20204839,0.20189611,0.20143833,0.20067212,0.19959249,0.19819210,0.19646092,0.19438563,0.19194887,0.18912811,0.18589389,0.18220736,0.17801627,0.17324859,0.16780143,0.16152061,0.15415901,0.14527922,0.13397212,0.11765592,0.05909626
111000,0.20198474,0.20183255,0.20137501,0.20060921,0.19953015,0.19813051,0.19640023,0.19432602,0.19189054,0.18907122,0.18583865,0.18215396,0.17796495,0.17319959,0.16775502,0.16147712,0.15411884,0.14524292,0.13394052,0.11763063,0.05908530
111060,0.20192118,0.20176906,0.20131176,0.20054637,0.19946789,0.19806898,0.19633962,0.19426649,0.19183227,0.18901440,0.18578347,0.18210063,0.17791369,0.17315064,0.16770866,0.16143368,0.15407872,0.14520667,0.13390896,0.11760536,0.05907437
111120,0.20185769,0.20170565,0.20124860,0.20048361,0.19940570,0.19800754,0.19627908,0.19420704,0.19177407,0.18895765,0.18572836,0.18204737,0.17786249,0.17310175,0.16766236,0.16139029,0.15403865,0.14517046,0.13387743,0.11758013,0.05906345
111180,0.20179428,0.20164232,0.20118551,0.20042093,0.19934360,0.19794617,0.19621862,0.19414766,0.19171595,0.18890097,0.18567331,0.18199416,0.17781135,0.17305292,0.16761612,0.16134695,0.15399863,0.14513429,0.13384594,0.11755492,0.05905255
111240,0.20173094,0.20157907,0.20112250,0.20035833,0.19928156,0.19788487,0.19615823,0.19408834,0.19165790,0.18884436,0.18561834,0.18194103,0.17776027,0.17300415,0.16756992,0.16130367,0.15395865,0.14509816,0.13381448,0.11752974,0.05904168
111300,0.20166769,0.20151590,0.20105957,0.20029581,0.19921961,0.19782365,0.19609791,0.19402911,0.19159991,0.18878781,0.18556342,0.18188795,0.17770926,0.17295543,0.16752379,0.16126043,0.15391872,0.14506207,0.13378306,0.11750459,0.05903082
111360,0.20160451,0.20145280,0.20099672,0.20023336,0.19915773,0.19776251,0.19603767,0.19396994,0.19154200,0.18873134,0.18550858,0.18183494,0.17765830,0.17290678,0.16747770,0.16121724,0.15387884,0.14502603,0.13375168,0.11747947,0.05901999
111420,0.20154141,0.20138978,0.20093394,0.20017098,0.19909592,0.19770144,0.19597750,0.19391085,0.19148416,0.18867493,0.18545380,0.18178199,0.17760741,0.17285818,0.16743168,0.16117411,0.15383900,0.14499002,0.13372033,0.11745437,0.05900917
111480,0.20147839,0.20132684,0.20087124,0.20010869,0.19903419,0.19764044,0.19591741,0.19385182,0.19142639,0.18861859,0.18539909,0.18172911,0.17755657,0.17280964,0.16738570,0.16113103,0.15379920,0.14495406,0.13368902,0.11742931,0.05899838
111540,0.20141545,0.20126398,0.20080862,0.20004647,0.19897254,0.19757952,0.19585738,0.19379287,0.19136868,0.18856232,0.18534444,0.18167629,0.17750580,0.17276115,0.16733978,0.16108799,0.15375945,0.14491814,0.13365774,0.11740427,0.05898761
111600,0.20135258,0.20120119,0.20074607,0.19998433,0.19891096,0.19751867,0.19579744,0.19373400,0.19131105,0.18850612,0.18528986,0.18162353,0.17745509,0.17271273,0.16729391,0.16104501,0.15371975,0.14488225,0.13362649,0.11737925,0.05897685
111660,0.20128980,0.20113849,0.20068361,0.19992227,0.19884947,0.19745791,0.19573757,0.19367520,0.19125350,0.18844999,0.18523535,0.18157085,0.17740444,0.17266436,0.16724811,0.16100208,0.15368010,0.14484642,0.13359529,0.11735427,0.05896612
111720,0.20122709,0.20107586,0.20062123,0.19986028,0.19878805,0.19739721,0.19567777,0.19361647,0.19119601,0.18839393,0.18518090,0.18151822,0.17735386,0.17261606,0.16720235,0.16095920,0.15364050,0.14481062,0.13356412,0.11732931,0.05895541
111780,0.20116446,0.20101331,0.20055891,0.19979837,0.19872670,0.19733659,0.19561804,0.19355781,0.19113859,0.18833793,0.18512652,0.18146566,0.17730333,0.17256780,0.16715665,0.16091637,0.15360093,0.14477486,0.13353298,0.11730438,0.05894472
111840,0.20110190,0.20095083,0.20049667,0.19973653,0.19866542,0.19727604,0.19555839,0.19349921,0.19108124,0.18828200,0.18507220,0.18141315,0.17725286,0.17251961,0.16711100,0.16087358,0.15356141,0.14473914,0.13350188,0.11727948,0.05893405
111900,0.20103942,0.20088843,0.20043451,0.19967477,0.19860422,0.19721557,0.19549880,0.19344069,0.19102395,0.18822614,0.18501795,0.18136071,0.17720244,0.17247147,0.16706540,0.16083085,0.15352194,0.14470346,0.13347081,0.11725460,0.05892340
111960,0.20097701,0.20082610,0.20037242,0.19961308,0.19854309,0.19715516,0.19543929,0.19338224,0.19096674,0.18817034,0.18496376,0.18130833,0.17715209,0.17242338,0.16701986,0.16078816,0.15348251,0.14466783,0.13343977,0.11722975,0.05891277
112020,0.20091468,0.20076385,0.20031041,0.19955147,0.19848204,0.19709483,0.19537985,0.19332386,0.19090959,0.18811461,0.18490963,0.18125601,0.17710180,0.17237535,0.16697436,0.16074553,0.15344313,0.14463223,0.13340877,0.11720493,0.05890216
112080,0.20085242,0.20070167,0.20024847,0.19948993,0.19842106,0.19703458,0.19532048,0.19326555,0.19085251,0.18805894,0.18485557,0.18120376,0.17705157,0.17232738,0.16692892,0.16070294,0.15340379,0.14459667,0.13337780,0.11718013,0.05889157
112140,0.20079024,0.20063957,0.20018661,0.19942846,0.19836015,0.19697439,0.19526118,0.19320731,0.19079550,0.18800335,0.18480158,0.18115156,0.17700139,0.17227946,0.16688354,0.16066040,0.15336450,0.14456115,0.13334687,0.11715536,0.05888100
112200,0.20072814,0.20057755,0.20012482,0.19936707,0.19829932,0.19691428,0.19520196,0.19314914,0.19073856,0.18794781,0.18474764,0.18109943,0.17695128,0.17223160,0.16683820,0.16061791,0.15332525,0.14452567,0.13331597,0.11713062,0.05887045
112260,0.20066611,0.20051560,0.20006311,0.19930575,0.19823856,0.19685424,0.19514280,0.19309103,0.19068169,0.18789235,0.18469378,0.18104736,0.17690122,0.17218380,0.16679292,0.16057547,0.15328604,0.14449024,0.13328511,0.11710590,0.05885991
112320,0.20060416,0.20045372,0.20000147,0.19924451,0.19817788,0.19679427,0.19508372,0.19303300,0.19062488,0.18783695,0.18463997,0.18099535,0.17685122,0.17213605,0.16674770,0.16053308,0.15324688,0.14445484,0.13325428,0.11708121,0.05884940
112380,0.20054228,0.20039192,0.19993991,0.19918335,0.19811727,0.19673438,0.19502471,0.19297504,0.19056815,0.18778162,0.18458623,0.18094341,0.17680128,0.17208836,0.16670252,0.16049074,0.15320777,0.14441948,0.13322348,0.11705655,0.05883891
112440,0.20048048,0.20033020,0.19987842,0.19912225,0.19805673,0.19667456,0.19496577,0.19291715,0.19051148,0.18772635,0.18453256,0.18089152,0.17675141,0.17204073,0.16665740,0.16044845,0.15316870,0.14438416,0.13319272,0.11703192,0.05882844
112500,0.20041875,0.20026855,0.19981701,0.19906124,0.19799626,0.19661481,0.19490690,0.19285933,0.19045488,0.18767115,0.18447895,0.18083970,0.17670159,0.17199315,0.16661233,0.16040620,0.15312967,0.14434888,0.13316200,0.11700731,0.05881799
112560,0.20035710,0.20020698,0.19975567,0.19900029,0.19793587,0.19655513,0.19484810,0.19280158,0.19039835,0.18761602,0.18442540,0.18078794,0.17665182,0.17194562,0.16656731,0.16036401,0.15309069,0.14431365,0.13313130,0.11698272,0.05880756
112620,0.20029552,0.20014548,0.19969441,0.19893942,0.19787555,0.19649553,0.19478937,0.19274390,0.19034188,0.18756095,0.18437191,0.18073623,0.17660212,0.17189815,0.16652234,0.16032186,0.15305176,0.14427845,0.13310064,0.11695817,0.05879714
112680,0.20023401,0.20008405,0.19963322,0.19887862,0.19781531,0.19643599,0.19473072,0.19268628,0.19028548,0.18750595,0.18431849,0.18068459,0.17655247,0.17185074,0.16647743,0.16027976,0.15301286,0.14424329,0.13307002,0.11693364,0.05878675
112740,0.20017258,0.20002270,0.19957210,0.19881790,0.19775513,0.19637653,0.19467213,0.19262874,0.19022915,0.18745101,0.18426513,0.18063301,0.17650289,0.17180338,0.16643257,0.16023771,0.15297401,0.14420817,0.13303943,0.11690913,0.05877638
112800,0.20011123,0.19996142,0.19951106,0.19875725,0.19769503,0.19631714,0.19461361,0.19257126,0.19017289,0.18739614,0.18421184,0.18058149,0.17645336,0.17175608,0.16638776,0.16019570,0.15293521,0.14417308,0.13300887,0.11688466,0.05876602
112860,0.20004995,0.19990022,0.19945009,0.19869667,0.19763500,0.19625782,0.19455517,0.19251386,0.19011669,0.18734133,0.18415861,0.18053004,0.17640389,0.17170883,0.16634300,0.16015375,0.15289645,0.14413804,0.13297835,0.11686021,0.05875569
112920,0.19998874,0.19983909,0.19938919,0.19863617,0.19757505,0.19619858,0.19449679,0.19245652,0.19006056,0.18728659,0.18410544,0.18047864,0.17635448,0.17166164,0.16629829,0.16011184,0.15285773,0.14410304,0.13294786,0.11683578,0.05874537
112980,0.19992761,0.19977804,0.19932837,0.19857574,0.19751517,0.19613940,0.19443849,0.19239925,0.19000450,0.18723191,0.18405234,0.18042731,0.17630512,0.17161450,0.16625364,0.16006999,0.15281906,0.14406808,0.13291740,0.11681139,0.05873507
113040,0.19986655,0.19971706,0.19926763,0.19851538,0.19745536,0.19608030,0.19438025,0.19234205,0.18994851,0.18717730,0.18399930,0.18037603,0.17625583,0.17156742,0.16620904,0.16002818,0.15278044,0.14403316,0.13288698,0.11678702,0.05872480
113100,0.19980557,0.19965615,0.19920695,0.19845509,0.19739562,0.19602126,0.19432209,0.19228492,0.18989258,0.18712276,0.18394632,0.18032482,0.17620659,0.17152039,0.16616448,0.15998642,0.15274185,0.14399827,0.13285659,0.11676267,0.05871454
113160,0.19974466,0.19959532,0.19914635,0.19839488,0.19733595,0.19596230,0.19426399,0.19222786,0.18983672,0.18706828,0.18389340,0.18027366,0.17615741,0.17147342,0.16611998,0.15994470,0.15270331,0.14396343,0.13282623,0.11673835,0.05870430
113220,0.19968382,0.19953456,0.19908582,0.19833474,0.19727635,0.19590341,0.19420597,0.19217086,0.18978093,0.18701386,0.18384055,0.18022257,0.17610828,0.17142650,0.16607554,0.15990304,0.15266481,0.14392862,0.13279591,0.11671406,0.05869408
113280,0.19962305,0.19947387,0.19902537,0.19827467,0.19721683,0.19584459,0.19414801,0.19211393,0.18972520,0.18695951,0.18378775,0.18017153,0.17605922,0.17137964,0.16603114,0.15986142,0.15262636,0.14389385,0.13276562,0.11668979,0.05868388
113340,0.19956236,0.19941325,0.19896498,0.19821467,0.19715738,0.19578584,0.19409012,0.19205707,0.18966954,0.18690522,0.18373502,0.18012055,0.17601021,0.17133283,0.16598679,0.15981984,0.15258795,0.14385912,0.13273536,0.11666555,0.05867370
113400,0.19950174,0.19935271,0.19890467,0.19815475,0.19709799,0.19572716,0.19403230,0.19200028,0.18961394,0.18685099,0.18368236,0.18006964,0.17596126,0.17128607,0.16594250,0.15977832,0.15254958,0.14382443,0.13270514,0.11664134,0.05866354
113460,0.19944120,0.19929224,0.19884443,0.19809490,0.19703868,0.19566854,0.19397455,0.19194356,0.18955841,0.18679683,0.18362975,0.18001878,0.17591236,0.17123937,0.16589825,0.15973684,0.15251126,0.14378978,0.13267495,0.11661715,0.05865339
113520,0.19938072,0.19923184,0.19878427,0.19803512,0.19697944,0.19561000,0.19391687,0.19188690,0.18950295,0.18674274,0.18357721,0.17996799,0.17586352,0.17119272,0.16585406,0.15969541,0.15247298,0.14375517,0.13264479,0.11659299,0.05864327
113580,0.19932032,0.19917152,0.19872417,0.19797541,0.19692027,0.19555153,0.19385926,0.19183031,0.18944755,0.18668870,0.18352472,0.17991725,0.17581474,0.17114613,0.16580992,0.15965403,0.15243474,0.14372059,0.13261467,0.11656885,0.05863316
113640,0.19925999,0.19911127,0.19866415,0.19791577,0.19686118,0.19549313,0.19380171,0.19177378,0.18939221,0.18663474,0.18347230,0.17986657,0.17576602,0.17109959,0.16576582,0.15961270,0.15239655,0.14368606,0.13258458,0.11654474,0.05862307
113700,0.19919974,0.19905109,0.19860420,0.19785620,0.19680215,0.19543480,0.19374424,0.19171733,0.18933695,0.18658083,0.18341994,0.17981595,0.17571735,0.17105310,0.16572178,0.15957141,0.15235840,0.14365156,0.13255452,0.11652065,0.05861300
113760,0.19913955,0.19899098,0.19854432,0.19779671,0.19674319,0.19537654,0.19368683,0.19166094,0.18928174,0.18652699,0.18336765,0.17976540,0.17566874,0.17100667,0.16567779,0.15953017,0.15232029,0.14361710,0.13252450,0.11649659,0.05860295
113820,0.19907944,0.19893095,0.19848452,0.19773728,0.19668431,0.19531835,0.19362949,0.19160462,0.18922661,0.18647321,0.18331541,0.17971490,0.17562018,0.17096029,0.16563385,0.15948897,0.15228223,0.14358268,0.13249451,0.11647256,0.05859292
113880,0.19901940,0.19887098,0.19842478,0.19767793,0.19662549,0.19526022,0.19357222,0.19154836,0.18917153,0.18641950,0.18326324,0.17966445,0.17557168,0.17091397,0.16558996,0.15944782,0.15224420,0.14354830,0.13246455,0.11644855,0.05858291
113940,0.19895943,0.19881109,0.19836512,0.19761865,0.19656674,0.19520217,0.19351502,0.19149218,0.18911653,0.18636585,0.18321112,0.17961407,0.17552324,0.17086769,0.16554612,0.15940672,0.15220622,0.14351395,0.13243462,0.11642457,0.05857292
114000,0.19889954,0.19875127,0.19830553,0.19755944,0.19650807,0.19514418,0.19345788,0.19143605,0.18906159,0.18631226,0.18315907,0.17956375,0.17547486,0.17082148,0.16550233,0.15936567,0.15216829,0.14347964,0.13240472,0.11640061,0.05856294
114060,0.19883971,0.19869152,0.19824600,0.19750029,0.19644946,0.19508627,0.19340082,0.19138000,0.18900671,0.18625873,0.18310708,0.17951348,0.17542653,0.17077531,0.16545859,0.15932466,0.15213039,0.14344538,0.13237486,0.11637668,0.05855298
114120,0.19877996,0.19863184,0.19818655,0.19744122,0.19639092,0.19502842,0.19334382,0.19132401,0.18895190,0.18620527,0.18305515,0.17946328,0.17537825,0.17072920,0.16541490,0.15928370,0.15209254,0.14341114,0.13234503,0.11635277,0.05854304
114180,0.19872027,0.19857223,0.19812717,0.19738222,0.19633246,0.19497064,0.19328689,0.19126809,0.18889715,0.18615187,0.18300328,0.17941313,0.17533003,0.17068314,0.16537126,0.15924278,0.15205473,0.14337695,0.13231524,0.11632889,0.05853312
114240,0.19866066,0.19851270,0.19806786,0.19732329,0.19627406,0.19491293,0.19323002,0.19121223,0.18884246,0.18609853,0.18295147,0.17936304,0.17528187,0.17063713,0.16532767,0.15920191,0.15201696,0.14334280,0.13228547,0.11630504,0.05852322
114300,0.19860112,0.19845323,0.19800863,0.19726443,0.19621573,0.19485529,0.19317322,0.19115644,0.18878785,0.18604526,0.18289972,0.17931301,0.17523376,0.17059118,0.16528413,0.15916109,0.15197924,0.14330868,0.13225574,0.11628120,0.05851334
114360,0.19854165,0.19839384,0.19794946,0.19720564,0.19615747,0.19479772,0.19311649,0.19110071,0.18873329,0.18599205,0.18284803,0.17926303,0.17518571,0.17054528,0.16524064,0.15912032,0.15194155,0.14327460,0.13222604,0.11625740,0.05850347
114420,0.19848225,0.19833451,0.19789036,0.19714692,0.19609928,0.19474021,0.19305983,0.19104505,0.18867880,0.18593890,0.18279640,0.17921312,0.17513772,0.17049943,0.16519719,0.15907958,0.15190391,0.14324056,0.13219637,0.11623362,0.05849362
114480,0.19842292,0.19827526,0.19783133,0.19708827,0.19604116,0.19468277,0.19300323,0.19098946,0.18862437,0.18588581,0.18274483,0.17916326,0.17508978,0.17045363,0.16515380,0.15903890,0.15186631,0.14320655,0.13216674,0.11620986,0.05848379
114540,0.19836367,0.19821608,0.19777237,0.19702969,0.19598311,0.19462540,0.19294670,0.19093393,0.18857001,0.18583278,0.18269332,0.17911346,0.17504189,0.17040789,0.16511046,0.15899826,0.15182876,0.14317258,0.13213713,0.11618614,0.05847398
114600,0.19830448,0.19815697,0.19771349,0.19697118,0.19592512,0.19456810,0.19289024,0.19087846,0.18851571,0.18577982,0.18264188,0.17906372,0.17499406,0.17036220,0.16506716,0.15895767,0.15179124,0.14313865,0.13210756,0.11616243,0.05846419
114660,0.19824536,0.19809792,0.19765467,0.19691274,0.19586721,0.19451087,0.19283384,0.19082306,0.18846147,0.18572692,0.18259049,0.17901403,0.17494628,0.17031656,0.16502392,0.15891712,0.15175377,0.14310476,0.13207802,0.11613875,0.05845441
114720,0.19818631,0.19803895,0.19759592,0.19685436,0.19580936,0.19445370,0.19277751,0.19076773,0.18840730,0.18567408,0.18253916,0.17896440,0.17489856,0.17027097,0.16498072,0.15887662,0.15171634,0.14307091,0.13204852,0.11611510,0.05844465
114780,0.19812734,0.19798005,0.19753724,0.19679606,0.19575158,0.19439660,0.19272125,0.19071246,0.18835319,0.18562130,0.18248789,0.17891483,0.17485090,0.17022544,0.16493758,0.15883616,0.15167895,0.14303709,0.13201904,0.11609147,0.05843491
114840,0.19806843,0.19792121,0.19747863,0.19673782,0.19569387,0.19433957,0.19266505,0.19065726,0.18829914,0.18556858,0.18243668,0.17886532,0.17480329,0.17017996,0.16489448,0.15879575,0.15164160,0.14300331,0.13198960,0.11606786,0.05842519
114900,0.19800959,0.19786245,0.19742009,0.19667965,0.19563623,0.19428260,0.19260892,0.19060212,0.18824516,0.18551592,0.18238553,0.17881586,0.17475573,0.17013453,0.16485143,0.15875538,0.15160429,0.14296956,0.13196019,0.11604428,0.05841549
114960,0.19795082,0.19780375,0.19736162,0.19662155,0.19557865,0.19422570,0.19255285,0.19054704,0.18819124,0.18546333,0.18233443,0.17876646,0.17470823,0.17008915,0.16480843,0.15871506,0.15156702,0.14293586,0.13193081,0.11602073,0.05840580
115020,0.19789212,0.19774513,0.19730321,0.19656352,0.19552114,0.19416887,0.19249685,0.19049203,0.18813738,0.18541079,0.18228340,0.17871712,0.17466078,0.17004382,0.16476548,0.15867479,0.15152980,0.14290218,0.13190146,0.11599720,0.05839613
115080,0.19783349,0.19768657,0.19724488,0.19650556,0.19546370,0.19411211,0.19244092,0.19043708,0.18808359,0.18535832,0.18223243,0.17866784,0.17461339,0.16999854,0.16472257,0.15863456,0.15149262,0.14286855,0.13187214,0.11597369,0.05838648
115140,0.19777493,0.19762808,0.19718662,0.19644767,0.19540633,0.19405541,0.19238505,0.19038220,0.18802985,0.18530591,0.18218151,0.17861861,0.17456605,0.16995332,0.16467972,0.15859437,0.15145547,0.14283495,0.13184285,0.11595021,0.05837684
115200,0.19771643,0.19756966,0.19712842,0.19638984,0.19534903,0.19399878,0.19232924,0.19032738,0.18797618,0.18525355,0.18213065,0.17856943,0.17451876,0.16990814,0.16463691,0.15855423,0.15141837,0.14280139,0.13181360,0.11592675,0.05836723
115260,0.19765802,0.19751132,0.19707030,0.19633209,0.19529180,0.19394222,0.19227351,0.19027263,0.18792259,0.18520127,0.18207986,0.17852032,0.17447154,0.16986303,0.16459416,0.15851414,0.15138132,0.14276788,0.13178438,0.11590333,0.05835763
115320,0.19759967,0.19745305,0.19701224,0.19627441,0.19523463,0.19388572,0.19221784,0.19021795,0.18786904,0.18514904,0.18202913,0.17847127,0.17442436,0.16981796,0.16455145,0.15847409,0.15134430,0.14273439,0.13175519,0.11587992,0.05834805
115380,0.19754138,0.19739483,0.19695425,0.19621679,0.19517753,0.19382929,0.19216223,0.19016332,0.18781556,0.18509688,0.18197845,0.17842227,0.17437724,0.16977294,0.16450879,0.15843409,0.15130732,0.14270094,0.13172603,0.11585654,0.05833849
115440,0.19748317,0.19733669,0.19689633,0.19615923,0.19512049,0.19377292,0.19210669,0.19010876,0.18776214,0.18504477,0.18192783,0.17837332,0.17433017,0.16972797,0.16446617,0.15839413,0.15127039,0.14266753,0.13169690,0.11583318,0.05832894
115500,0.19742502,0.19727861,0.19683847,0.19610174,0.19506352,0.19371662,0.19205121,0.19005426,0.18770878,0.18499272,0.18187726,0.17832443,0.17428316,0.16968305,0.16442361,0.15835421,0.15123349,0.14263415,0.13166781,0.11580985,0.05831941
115560,0.19736693,0.19722061,0.19678069,0.19604432,0.19500662,0.19366039,0.19199579,0.18999982,0.18765549,0.18494073,0.18182676,0.17827559,0.17423619,0.16963819,0.16438109,0.15831434,0.15119663,0.14260081,0.13163874,0.11578654,0.05830990
115620,0.19730892,0.19716266,0.19672296,0.19598697,0.19494978,0.19360422,0.19194044,0.18994545,0.18760225,0.18488880,0.18177631,0.17822681,0.17418928,0.16959337,0.16433861,0.15827451,0.15115982,0.14256750,0.13160970,0.11576325,0.05830041
115680,0.19725097,0.19710479,0.19666531,0.19592968,0.19489301,0.19354811,0.19188516,0.18989114,0.18754907,0.18483692,0.18172592,0.17817809,0.17414243,0.16954860,0.16429619,0.15823472,0.15112304,0.14253423,0.13158070,0.11573999,0.05829093
115740,0.19719309,0.19704698,0.19660772,0.19587246,0.19483630,0.19349207,0.19182993,0.18983689,0.18749596,0.18478511,0.18167558,0.17812942,0.17409562,0.16950389,0.16425381,0.15819498,0.15108631,0.14250100,0.13155173,0.11571675,0.05828147
115800,0.19713528,0.19698924,0.19655020,0.19581530,0.19477966,0.19343609,0.19177477,0.18978270,0.18744291,0.18473336,0.18162531,0.17808080,0.17404887,0.16945922,0.16421148,0.15815528,0.15104961,0.14246780,0.13152278,0.11569354,0.05827202
115860,0.19707753,0.19693157,0.19649275,0.19575822,0.19472308,0.19338018,0.19171968,0.18972857,0.18738991,0.18468167,0.18157509,0.17803224,0.17400217,0.16941460,0.16416920,0.15811563,0.15101295,0.14243464,0.13149387,0.11567035,0.05826260
115920,0.19701986,0.19687397,0.19643536,0.19570119,0.19466658,0.19332433,0.19166464,0.18967451,0.18733698,0.18463003,0.18152492,0.17798374,0.17395552,0.16937003,0.16412696,0.15807602,0.15097634,0.14240151,0.13146499,0.11564719,0.05825319
115980,0.19696225,0.19681643,0.19637804,0.19564424,0.19461013,0.19326855,0.19160967,0.18962051,0.18728411,0.18457846,0.18147482,0.17793529,0.17390893,0.16932552,0.16408477,0.15803645,0.15093976,0.14236842,0.13143614,0.11562405,0.05824380
116040,0.19690470,0.19675896,0.19632079,0.19558735,0.19455375,0.19321283,0.19155477,0.18956658,0.18723130,0.18452694,0.18142477,0.17788690,0.17386239,0.16928105,0.16404263,0.15799693,0.15090323,0.14233537,0.13140732,0.11560093,0.05823442
116100,0.19684723,0.19670155,0.19626360,0.19553053,0.19449744,0.19315718,0.19149993,0.18951270,0.18717855,0.18447549,0.18137478,0.17783856,0.17381590,0.16923664,0.16400054,0.15795745,0.15086673,0.14230235,0.13137853,0.11557784,0.05822506
116160,0.19678982,0.19664422,0.19620648,0.19547377,0.19444120,0.19310159,0.19144515,0.18945889,0.18712587,0.18442409,0.18132485,0.17779028,0.17376947,0.16919227,0.16395849,0.15791802,0.15083028,0.14226937,0.13134977,0.11555477,0.05821572
116220,0.19673248,0.19658695,0.19614943,0.19541708,0.19438501,0.19304607,0.19139044,0.18940514,0.18707324,0.18437275,0.18127497,0.17774205,0.17372309,0.16914795,0.16391649,0.15787863,0.15079386,0.14223642,0.13132104,0.11553172,0.05820640
116280,0.19667520,0.19652974,0.19609244,0.19536045,0.19432890,0.19299061,0.19133578,0.18935145,0.18702067,0.18432147,0.18122515,0.17769387,0.17367675,0.16910369,0.16387453,0.15783928,0.15075749,0.14220351,0.13129234,0.11550870,0.05819709
116340,0.19661799,0.19647260,0.19603552,0.19530389,0.19427284,0.19293521,0.19128119,0.18929782,0.18696816,0.18427025,0.18117539,0.17764575,0.17363048,0.16905947,0.16383262,0.15779997,0.15072115,0.14217063,0.13126367,0.11548571,0.05818780
116400,0.19656084,0.19641553,0.19597866,0.19524740,0.19421686,0.19287988,0.19122667,0.18924425,0.18691572,0.18421908,0.18112568,0.17759768,0.17358425,0.16901530,0.16379076,0.15776071,0.15068485,0.14213779,0.13123503,0.11546273,0.05817853
116460,0.19650377,0.19635853,0.19592187,0.19519097,0.19416093,0.19282461,0.19117220,0.18919075,0.18686333,0.18416798,0.18107603,0.17754967,0.17353807,0.16897118,0.16374895,0.15772149,0.15064860,0.14210498,0.13120643,0.11543978,0.05816927
116520,0.19644675,0.19630159,0.19586515,0.19513461,0.19410508,0.19276941,0.19111780,0.18913731,0.18681100,0.18411693,0.18102644,0.17750171,0.17349195,0.16892711,0.16370718,0.15768232,0.15061238,0.14207221,0.13117785,0.11541686,0.05816003
116580,0.19638981,0.19624471,0.19580849,0.19507831,0.19404928,0.19271427,0.19106347,0.18908392,0.18675874,0.18406594,0.18097690,0.17745381,0.17344588,0.16888309,0.16366546,0.15764319,0.15057620,0.14203948,0.13114930,0.11539396,0.05815080
116640,0.19633293,0.19618791,0.19575190,0.19502208,0.19399356,0.19265919,0.19100919,0.18903061,0.18670653,0.18401502,0.18092742,0.17740597,0.17339986,0.16883912,0.16362378,0.15760410,0.15054007,0.14200678,0.13112079,0.11537108,0.05814160
116700,0.19627612,0.19613117,0.19569538,0.19496591,0.19393789,0.19260418,0.19095498,0.18897735,0.18665438,0.18396415,0.18087800,0.17735817,0.17335390,0.16879520,0.16358215,0.15756506,0.15050397,0.14197411,0.13109230,0.11534822,0.05813241
116760,0.19621937,0.19607449,0.19563891,0.19490981,0.19388229,0.19254923,0.19090083,0.18892415,0.18660230,0.18391333,0.18082863,0.17731043,0.17330798,0.16875133,0.16354057,0.15752605,0.15046791,0.14194148,0.13106385,0.11532539,0.05812323
116820,0.19616269,0.19601788,0.19558252,0.19485377,0.19382676,0.19249434,0.19084674,0.18887101,0.18655027,0.18386257,0.18077932,0.17726274,0.17326212,0.16870750,0.16349903,0.15748709,0.15043189,0.14190889,0.13103542,0.11530258,0.05811407
116880,0.19610607,0.19596134,0.19552619,0.19479779,0.19377128,0.19243952,0.19079272,0.18881794,0.18649830,0.18381188,0.18073006,0.17721511,0.17321630,0.16866373,0.16345754,0.15744818,0.15039590,0.14187633,0.13100702,0.11527980,0.05810493
116940,0.19604952,0.19590486,0.19546992,0.19474188,0.19371588,0.19238476,0.19073875,0.18876492,0.18644639,0.18376123,0.18068086,0.17716753,0.17317054,0.16862000,0.16341610,0.15740930,0.15035996,0.14184380,0.13097866,0.11525704,0.05809581
117000,0.19599304,0.19584844,0.19541372,0.19468604,0.19366053,0.19233006,0.19068485,0.18871197,0.18639454,0.18371065,0.18063172,0.17712000,0.17312483,0.16857632,0.16337470,0.15737047,0.15032406,0.14181131,0.13095032,0.11523430,0.05808670
117060,0.19593662,0.19579209,0.19535758,0.19463026,0.19360525,0.19227542,0.19063101,0.18865907,0.18634275,0.18366012,0.18058262,0.17707253,0.17307917,0.16853269,0.16333334,0.15733168,0.15028819,0.14177886,0.13092201,0.11521159,0.05807760
117120,0.19588026,0.19573580,0.19530151,0.19457454,0.19355003,0.19222085,0.19057723,0.18860624,0.18629101,0.18360966,0.18053359,0.17702511,0.17303356,0.16848911,0.16329203,0.15729293,0.15025237,0.14174644,0.13089374,0.11518890,0.05806853
117180,0.19582397,0.19567958,0.19524550,0.19451889,0.19349488,0.19216634,0.19052351,0.18855346,0.18623934,0.18355924,0.18048461,0.17697775,0.17298801,0.16844558,0.16325077,0.15725423,0.15021658,0.14171405,0.13086549,0.11516623,0.05805947
117240,0.19576774,0.19562343,0.19518956,0.19446330,0.19343978,0.19211189,0.19046985,0.18850075,0.18618772,0.18350889,0.18043569,0.17693043,0.17294250,0.16840209,0.16320955,0.15721556,0.15018083,0.14168170,0.13083727,0.11514358,0.05805042
117300,0.19571158,0.19556734,0.19513368,0.19440777,0.19338476,0.19205750,0.19041626,0.18844809,0.18613617,0.18345859,0.18038682,0.17688317,0.17289705,0.16835866,0.16316838,0.15717694,0.15014512,0.14164938,0.13080908,0.11512096,0.05804139
117360,0.19565548,0.19551131,0.19507786,0.19435231,0.19332979,0.19200318,0.19036272,0.18839550,0.18608467,0.18340835,0.18033800,0.17683597,0.17285164,0.16831527,0.16312725,0.15713836,0.15010945,0.14161710,0.13078092,0.11509836,0.05803238
117420,0.19559945,0.19545535,0.19502211,0.19429691,0.19327489,0.19194892,0.19030925,0.18834296,0.18603323,0.18335817,0.18028924,0.17678881,0.17280629,0.16827193,0.16308617,0.15709983,0.15007381,0.14158485,0.13075280,0.11507579,0.05802339
117480,0.19554348,0.19539945,0.19496642,0.19424158,0.19322005,0.19189472,0.19025584,0.18829049,0.18598185,0.18330804,0.18024054,0.17674171,0.17276098,0.16822864,0.16304513,0.15706133,0.15003822,0.14155264,0.13072470,0.11505324,0.05801441
117540,0.19548758,0.19534361,0.19491080,0.19418630,0.19316527,0.19184058,0.19020249,0.18823807,0.18593052,0.18325797,0.18019189,0.17669466,0.17271573,0.16818539,0.16300414,0.15702288,0.15000266,0.14152046,0.13069663,0.11503071,0.05800544
117600,0.19543174,0.19528784,0.19485524,0.19413110,0.19311056,0.19178651,0.19014919,0.18818572,0.18587926,0.18320795,0.18014329,0.17664767,0.17267053,0.16814220,0.16296319,0.15698447,0.14996715,0.14148831,0.13066858,0.11500820,0.05799649
117660,0.19537596,0.19523214,0.19479974,0.19407595,0.19305591,0.19173249,0.19009596,0.18813342,0.18582805,0.18315799,0.18009475,0.17660072,0.17262537,0.16809905,0.16292229,0.15694610,0.14993167,0.14145620,0.13064057,0.11498572,0.05798756
117720,0.19532025,0.19517650,0.19474431,0.19402087,0.19300132,0.19167854,0.19004279,0.18808119,0.18577690,0.18310809,0.18004627,0.17655383,0.17258027,0.16805595,0.16288143,0.15690777,0.14989622,0.14142412,0.13061259,0.11496326,0.05797865
117780,0.19526460,0.19512092,0.19468894,0.19396585,0.19294679,0.19162465,0.18998969,0.18802901,0.18572581,0.18305825,0.17999784,0.17650699,0.17253522,0.16801289,0.16284062,0.15686949,0.14986082,0.14139208,0.13058464,0.11494082,0.05796975
117840,0.19520901,0.19506540,0.19463363,0.19391089,0.19289233,0.19157082,0.18993664,0.18797689,0.18567477,0.18300846,0.17994946,0.17646021,0.17249021,0.16796989,0.16279985,0.15683124,0.14982545,0.14136007,0.13055671,0.11491841,0.05796086
117900,0.19515349,0.19500995,0.19457839,0.19385600,0.19283792,0.19151705,0.18988365,0.18792483,0.18562380,0.18295872,0.17990114,0.17641347,0.17244526,0.16792693,0.16275913,0.15679304,0.14979013,0.14132809,0.13052882,0.11489602,0.05795199
117960,0.19509803,0.19495456,0.19452321,0.19380117,0.19278358,0.19146334,0.18983072,0.18787283,0.18557288,0.18290905,0.17985287,0.17636679,0.17240036,0.16788402,0.16271845,0.15675488,0.14975484,0.14129615,0.13050095,0.11487365,0.05794314
118020,0.19504264,0.19489923,0.19446809,0.19374640,0.19272930,0.19140970,0.18977785,0.18782089,0.18552202,0.18285942,0.17980465,0.17632016,0.17235550,0.16784115,0.16267782,0.15671676,0.14971959,0.14126424,0.13047312,0.11485130,0.05793430
118080,0.19498731,0.19484397,0.19441304,0.19369169,0.19267508,0.19135611,0.18972504,0.18776900,0.18547121,0.18280986,0.17975649,0.17627358,0.17231070,0.16779833,0.16263723,0.15667868,0.14968437,0.14123237,0.13044531,0.11482898,0.05792548
118140,0.19493204,0.19478877,0.19435805,0.19363705,0.19262093,0.19130258,0.18967229,0.18771718,0.18542046,0.18276035,0.17970838,0.17622705,0.17226595,0.16775556,0.16259668,0.15664064,0.14964919,0.14120053,0.13041753,0.11480668,0.05791667
118200,0.19487683,0.19473363,0.19430312,0.19358247,0.19256683,0.19124912,0.18961960,0.18766541,0.18536977,0.18271089,0.17966033,0.17618058,0.17222124,0.16771284,0.16255618,0.15660265,0.14961406,0.14116872,0.13038978,0.11478440,0.05790788
118260,0.19482169,0.19467856,0.19424825,0.19352795,0.19251280,0.19119572,0.18956697,0.18761371,0.18531914,0.18266149,0.17961233,0.17613416,0.17217659,0.16767016,0.16251572,0.15656469,0.14957895,0.14113695,0.13036206,0.11476215,0.05789911
118320,0.19476661,0.19462355,0.19419345,0.19347349,0.19245883,0.19114237,0.18951440,0.18756206,0.18526856,0.18261215,0.17956438,0.17608778,0.17213198,0.16762753,0.16247531,0.15652678,0.14954389,0.14110521,0.13033437,0.11473992,0.05789035
118380,0.19471159,0.19456860,0.19413871,0.19341909,0.19240492,0.19108909,0.18946189,0.18751046,0.18521804,0.18256286,0.17951649,0.17604146,0.17208742,0.16758495,0.16243494,0.15648890,0.14950886,0.14107350,0.13030670,0.11471771,0.05788160
118440,0.19465663,0.19451371,0.19408403,0.19336476,0.19235107,0.19103587,0.18940944,0.18745893,0.18516758,0.18251362,0.17946865,0.17599519,0.17204291,0.16754242,0.16239461,0.15645107,0.14947388,0.14104183,0.13027907,0.11469552,0.05787287
118500,0.19460174,0.19445889,0.19402941,0.19331048,0.19229728,0.19098270,0.18935704,0.18740745,0.18511717,0.18246444,0.17942086,0.17594898,0.17199846,0.16749993,0.16235433,0.15641328,0.14943892,0.14101019,0.13025146,0.11467335,0.05786416
118560,0.19454691,0.19440412,0.19397485,0.19325627,0.19224355,0.19092960,0.18930471,0.18735604,0.18506682,0.18241532,0.17937313,0.17590281,0.17195404,0.16745748,0.16231409,0.15637553,0.14940401,0.14097858,0.13022389,0.11465121,0.05785546
118620,0.19449214,0.19434942,0.19392036,0.19320212,0.19218988,0.19087656,0.18925243,0.18730468,0.18501653,0.18236625,0.17932545,0.17585669,0.17190968,0.16741508,0.16227390,0.15633782,0.14936913,0.14094701,0.13019634,0.11462909,0.05784678
118680,0.19443743,0.19429478,0.19386592,0.19314803,0.19213628,0.19082357,0.18920022,0.18725337,0.18496629,0.18231723,0.17927782,0.17581063,0.17186537,0.16737273,0.16223375,0.15630015,0.14933429,0.14091547,0.13016882,0.11460699,0.05783811
118740,0.19438279,0.19424021,0.19381155,0.19309400,0.19208273,0.19077065,0.18914806,0.18720213,0.18491611,0.18226827,0.17923024,0.17576461,0.17182111,0.16733043,0.16219364,0.15626252,0.14929949,0.14088397,0.13014132,0.11458492,0.05782946
118800,0.19432820,0.19418569,0.19375724,0.19304003,0.19202924,0.19071778,0.18909596,0.18715094,0.18486599,0.18221936,0.17918272,0.17571865,0.17177689,0.16728817,0.16215358,0.15622493,0.14926472,0.14085249,0.13011386,0.11456286,0.05782082
118860,0.19427369,0.19413125,0.19370300,0.19298613,0.19197582,0.19066499,0.18904393,0.18709982,0.18481592,0.18217052,0.17913526,0.17567274,0.17173273,0.16724596,0.16211356,0.15618738,0.14923000,0.14082106,0.13008643,0.11454083,0.05781220
118920,0.19421923,0.19407686,0.19364882,0.19293229,0.19192246,0.19061224,0.18899195,0.18704875,0.18476591,0.18212173,0.17908784,0.17562688,0.17168861,0.16720380,0.16207359,0.15614988,0.14919531,0.14078965,0.13005902,0.11451883,0.05780359
118980,0.19416483,0.19402253,0.19359469,0.19287851,0.19186916,0.19055956,0.18894003,0.18699773,0.18471596,0.18207298,0.17904048,0.17558107,0.17164455,0.16716168,0.16203365,0.15611241,0.14916065,0.14075828,0.13003164,0.11449684,0.05779500
119040,0.19411050,0.19396826,0.19354063,0.19282479,0.19181591,0.19050693,0.18888816,0.18694677,0.18466605,0.18202429,0.17899317,0.17553531,0.17160052,0.16711961,0.16199376,0.15607498,0.14912603,0.14072693,0.13000429,0.11447487,0.05778642
119100,0.19405622,0.19391405,0.19348662,0.19277112,0.19176273,0.19045436,0.18883635,0.18689587,0.18461621,0.18197566,0.17894591,0.17548960,0.17155655,0.16707758,0.16195392,0.15603759,0.14909145,0.14069563,0.12997697,0.11445293,0.05777786
119160,0.19400201,0.19385990,0.19343268,0.19271752,0.19170960,0.19040185,0.18878460,0.18684502,0.18456642,0.18192708,0.17889870,0.17544394,0.17151262,0.16703559,0.16191411,0.15600024,0.14905691,0.14066435,0.12994968,0.11443101,0.05776931
119220,0.19394785,0.19380582,0.19337879,0.19266397,0.19165653,0.19034940,0.18873291,0.18679423,0.18451668,0.18187855,0.17885154,0.17539833,0.17146874,0.16699366,0.16187435,0.15596293,0.14902240,0.14063310,0.12992241,0.11440911,0.05776078
119280,0.19389376,0.19375179,0.19332497,0.19261049,0.19160352,0.19029701,0.18868127,0.18674350,0.18446700,0.18183007,0.17880444,0.17535277,0.17142491,0.16695176,0.16183463,0.15592566,0.14898792,0.14060189,0.12989517,0.11438723,0.05775226
119340,0.19383972,0.19369782,0.19327120,0.19255706,0.19155057,0.19024467,0.18862969,0.18669282,0.18441737,0.18178165,0.17875738,0.17530725,0.17138113,0.16690991,0.16179495,0.15588843,0.14895348,0.14057071,0.12986796,0.11436538,0.05774376
119400,0.19378575,0.19364391,0.19321750,0.19250369,0.19149768,0.19019240,0.18857817,0.18664220,0.18436780,0.18173328,0.17871038,0.17526179,0.17133739,0.16686811,0.16175531,0.15585124,0.14891908,0.14053957,0.12984077,0.11434354,0.05773527
119460,0.19373183,0.19359007,0.19316385,0.19245039,0.19144485,0.19014018,0.18852671,0.18659163,0.18431828,0.18168497,0.17866343,0.17521638,0.17129370,0.16682635,0.16171572,0.15581409,0.14888472,0.14050845,0.12981362,0.11432173,0.05772680
119520,0.19367798,0.19353628,0.19311027,0.19239714,0.19139208,0.19008802,0.18847530,0.18654112,0.18426881,0.18163670,0.17861653,0.17517101,0.17125006,0.16678464,0.16167617,0.15577698,0.14885039,0.14047737,0.12978649,0.11429994,0.05771834
119580,0.19362418,0.19348255,0.19305674,0.19234395,0.19133936,0.19003592,0.18842395,0.18649067,0.18421941,0.18158849,0.17856968,0.17512570,0.17120647,0.16674297,0.16163666,0.15573991,0.14881610,0.14044632,0.12975939,0.11427817,0.05770990
119640,0.19357045,0.19342889,0.19300328,0.19229082,0.19128671,0.18998387,0.18837266,0.18644027,0.18417005,0.18154034,0.17852289,0.17508043,0.17116292,0.16670135,0.16159719,0.15570287,0.14878184,0.14041530,0.12973232,0.11425643,0.05770147
119700,0.19351678,0.19337528,0.19294988,0.19223776,0.19123411,0.18993188,0.18832142,0.18638993,0.18412075,0.18149224,0.17847614,0.17503522,0.17111942,0.16665977,0.16155777,0.15566588,0.14874762,0.14038431,0.12970527,0.11423470,0.05769305
119760,0.19346317,0.19332174,0.19289653,0.19218475,0.19118157,0.18987996,0.18827024,0.18633965,0.18407151,0.18144419,0.17842945,0.17499005,0.17107597,0.16661824,0.16151839,0.15562893,0.14871344,0.14035336,0.12967825,0.11421300,0.05768465
119820,0.19340962,0.19326825,0.19284325,0.19213180,0.19112910,0.18982809,0.18821912,0.18628942,0.18402232,0.18139619,0.17838281,0.17494494,0.17103257,0.16657675,0.16147905,0.15559201,0.14867929,0.14032244,0.12965126,0.11419132,0.05767627
119880,0.19335612,0.19321482,0.19279002,0.19207890,0.19107667,0.18977627,0.18816805,0.18623924,0.18397318,0.18134824,0.17833621,0.17489987,0.17098921,0.16653530,0.16143975,0.15555513,0.14864517,0.14029155,0.12962430,0.11416966,0.05766790
119940,0.19330269,0.19316146,0.19273685,0.19202607,0.19102431,0.18972452,0.18811704,0.18618912,0.18392410,0.18130035,0.17828967,0.17485485,0.17094590,0.16649390,0.16140050,0.15551830,0.14861109,0.14026069,0.12959737,0.11414802,0.05765954
120000,0.19324931,0.19310815,0.19268374,0.19197330,0.19097200,0.18967282,0.18806609,0.18613905,0.18387507,0.18125251,0.17824318,0.17480988,0.17090263,0.16645255,0.16136128,0.15548150,0.14857705,0.14022986,0.12957046,0.11412640,0.05765120
120060,0.19319599,0.19305490,0.19263069,0.19192058,0.19091976,0.18962117,0.18801519,0.18608905,0.18382609,0.18120472,0.17819674,0.17476496,0.17085941,0.16641124,0.16132211,0.15544474,0.14854305,0.14019907,0.12954358,0.11410480,0.05764287
120120,0.19314274,0.19300171,0.19257770,0.19186792,0.19086757,0.18956959,0.18796435,0.18603909,0.18377717,0.18115699,0.17815035,0.17472009,0.17081624,0.16636997,0.16128298,0.15540802,0.14850908,0.14016831,0.12951672,0.11408323,0.05763456
120180,0.19308954,0.19294858,0.19252477,0.19181532,0.19081544,0.18951806,0.18791357,0.18598919,0.18372831,0.18110930,0.17810401,0.17467526,0.17077312,0.16632875,0.16124389,0.15537134,0.14847514,0.14013758,0.12948990,0.11406168,0.05762626
120240,0.19303641,0.19289551,0.19247190,0.19176279,0.19076336,0.18946659,0.18786284,0.18593935,0.18367949,0.18106168,0.17805773,0.17463049,0.17073004,0.16628757,0.16120485,0.15533469,0.14844124,0.14010688,0.12946310,0.11404014,0.05761798
120300,0.19298333,0.19284250,0.19241909,0.19171030,0.19071135,0.18941518,0.18781217,0.18588956,0.18363073,0.18101410,0.17801149,0.17458576,0.17068701,0.16624644,0.16116584,0.15529809,0.14840738,0.14007621,0.12943633,0.11401863,0.05760971
120360,0.19293031,0.19278955,0.19236633,0.19165788,0.19065939,0.18936383,0.18776155,0.18583983,0.18358203,0.18096657,0.17796531,0.17454109,0.17064403,0.16620535,0.16112688,0.15526153,0.14837355,0.14004558,0.12940959,0.11399715,0.05760145
120420,0.19287735,0.19273665,0.19231364,0.19160552,0.19060749,0.18931253,0.18771099,0.18579015,0.18353338,0.18091910,0.17791917,0.17449646,0.17060109,0.16616430,0.16108796,0.15522500,0.14833976,0.14001498,0.12938287,0.11397568,0.05759321
120480,0.19282445,0.19268382,0.19226100,0.19155321,0.19055565,0.18926128,0.18766049,0.18574052,0.18348478,0.18087168,0.17787308,0.17445188,0.17055819,0.16612330,0.16104908,0.15518851,0.14830600,0.13998440,0.12935618,0.11395423,0.05758498
120540,0.19277161,0.19263104,0.19220842,0.19150096,0.19050386,0.18921010,0.18761004,0.18569095,0.18343623,0.18082430,0.17782705,0.17440734,0.17051535,0.16608234,0.16101024,0.15515206,0.14827228,0.13995386,0.12932952,0.11393281,0.05757677
120600,0.19271882,0.19257832,0.19215590,0.19144877,0.19045213,0.18915897,0.18755965,0.18564144,0.18338774,0.18077699,0.17778106,0.17436286,0.17047255,0.16604143,0.16097144,0.15511565,0.14823859,0.13992335,0.12930288,0.11391140,0.05756857
120660,0.19266609,0.19252566,0.19210343,0.19139663,0.19040046,0.18910789,0.18750931,0.18559197,0.18333930,0.18072972,0.17773512,0.17431842,0.17042979,0.16600056,0.16093268,0.15507927,0.14820493,0.13989287,0.12927627,0.11389002,0.05756039
120720,0.19261343,0.19247306,0.19205103,0.19134456,0.19034885,0.18905688,0.18745902,0.18554257,0.18329091,0.18068250,0.17768924,0.17427403,0.17038708,0.16595973,0.16089396,0.15504294,0.14817132,0.13986243,0.12924969,0.11386866,0.05755222
120780,0.19256082,0.19242051,0.19199868,0.19129254,0.19029729,0.18900591,0.18740880,0.18549321,0.18324257,0.18063534,0.17764340,0.17422969,0.17034442,0.16591895,0.16085529,0.15500664,0.14813773,0.13983201,0.12922313,0.11384732,0.05754406
120840,0.19250826,0.19236802,0.19194639,0.19124058,0.19024579,0.18895501,0.18735862,0.18544391,0.18319429,0.18058822,0.17759761,0.17418540,0.17030180,0.16587821,0.16081665,0.15497038,0.14810419,0.13980163,0.12919660,0.11382600,0.05753592
120900,0.19245577,0.19231560,0.19189416,0.19118867,0.19019434,0.18890416,0.18730851,0.18539467,0.18314606,0.18054116,0.17755187,0.17414115,0.17025923,0.16583751,0.16077806,0.15493416,0.14807067,0.13977127,0.12917010,0.11380470,0.05752779
120960,0.19240333,0.19226323,0.19184198,0.19113682,0.19014296,0.18885337,0.18725844,0.18534547,0.18309789,0.18049415,0.17750618,0.17409696,0.17021671,0.16579686,0.16073951,0.15489798,0.14803719,0.13974095,0.12914363,0.11378342,0.05751967
121020,0.19235096,0.19221091,0.19178987,0.19108503,0.19009163,0.18880263,0.18720843,0.18529634,0.18304976,0.18044719,0.17746055,0.17405281,0.17017423,0.16575625,0.16070099,0.15486183,0.14800375,0.13971066,0.12911718,0.11376216,0.05751157
121080,0.19229864,0.19215866,0.19173781,0.19103330,0.19004035,0.18875194,0.18715848,0.18524725,0.18300169,0.18040028,0.17741496,0.17400870,0.17013179,0.16571568,0.16066252,0.15482572,0.14797034,0.13968040,0.12909076,0.11374093,0.05750348
121140,0.19224637,0.19210646,0.19168580,0.19098162,0.18998913,0.18870132,0.18710858,0.18519822,0.18295367,0.18035342,0.17736942,0.17396465,0.17008940,0.16567516,0.16062409,0.15478965,0.14793697,0.13965017,0.12906436,0.11371971,0.05749541
121200,0.19219417,0.19205432,0.19163386,0.19093000,0.18993797,0.18865075,0.18705874,0.18514924,0.18290570,0.18030661,0.17732392,0.17392064,0.17004706,0.16563468,0.16058570,0.15475362,0.14790363,0.13961997,0.12903799,0.11369852,0.05748735
121260,0.19214202,0.19200224,0.19158197,0.19087844,0.18988686,0.18860023,0.18700895,0.18510032,0.18285779,0.18025986,0.17727848,0.17387668,0.17000476,0.16559424,0.16054735,0.15471763,0.14787032,0.13958981,0.12901165,0.11367734,0.05747931
121320,0.19208993,0.19195021,0.19153014,0.19082693,0.18983581,0.18854977,0.18695921,0.18505145,0.18280992,0.18021315,0.17723309,0.17383277,0.16996251,0.16555385,0.16050904,0.15468167,0.14783705,0.13955967,0.12898533,0.11365619,0.05747127
121380,0.19203790,0.19189824,0.19147837,0.19077548,0.18978482,0.18849937,0.18690953,0.18500263,0.18276211,0.18016649,0.17718774,0.17378890,0.16992030,0.16551349,0.16047077,0.15464575,0.14780381,0.13952956,0.12895905,0.11363506,0.05746326
121440,0.19198592,0.19184633,0.19142665,0.19072409,0.18973388,0.18844901,0.18685991,0.18495387,0.18271435,0.18011989,0.17714245,0.17374508,0.16987813,0.16547318,0.16043254,0.15460987,0.14777061,0.13949949,0.12893278,0.11361395,0.05745525
121500,0.19193400,0.19179448,0.19137499,0.19067275,0.18968300,0.18839872,0.18681033,0.18490515,0.18266665,0.18007333,0.17709720,0.17370131,0.16983601,0.16543292,0.16039436,0.15457402,0.14773744,0.13946944,0.12890655,0.11359286,0.05744726
121560,0.19188214,0.19174268,0.19132338,0.19062147,0.18963217,0.18834848,0.18676082,0.18485650,0.18261899,0.18002683,0.17705200,0.17365758,0.16979394,0.16539269,0.16035621,0.15453822,0.14770431,0.13943943,0.12888034,0.11357179,0.05743928
121620,0.19183034,0.19169094,0.19127184,0.19057025,0.18958140,0.18829829,0.18671135,0.18480789,0.18257139,0.17998037,0.17700685,0.17361390,0.16975191,0.16535251,0.16031810,0.15450245,0.14767121,0.13940945,0.12885415,0.11355074,0.05743132
121680,0.19177859,0.19163925,0.19122034,0.19051908,0.18953068,0.18824816,0.18666194,0.18475934,0.18252383,0.17993397,0.17696175,0.17357027,0.16970993,0.16531237,0.16028003,0.15446671,0.14763814,0.13937949,0.12882799,0.11352971,0.05742337
121740,0.19172690,0.19158763,0.19116891,0.19046796,0.18948002,0.18819809,0.18661258,0.18471084,0.18247633,0.17988761,0.17691670,0.17352668,0.16966799,0.16527228,0.16024200,0.15443102,0.14760511,0.13934957,0.12880186,0.11350870,0.05741543
121800,0.19167526,0.19153606,0.19111753,0.19041691,0.18942942,0.18814806,0.18656328,0.18466239,0.18242888,0.17984131,0.17687170,0.17348314,0.16962609,0.16523222,0.16020401,0.15439536,0.14757211,0.13931968,0.12877576,0.11348771,0.05740751
121860,0.19162368,0.19148454,0.19106621,0.19036591,0.18937887,0.18809810,0.18651403,0.18461399,0.18238148,0.17979505,0.17682674,0.17343965,0.16958424,0.16519221,0.16016606,0.15435974,0.14753915,0.13928982,0.12874968,0.11346674,0.05739960
121920,0.19157216,0.19143308,0.19101494,0.19031496,0.18932837,0.18804818,0.18646483,0.18456565,0.18233414,0.17974885,0.17678183,0.17339621,0.16954243,0.16515224,0.16012815,0.15432415,0.14750622,0.13925999,0.12872362,0.11344580,0.05739171
121980,0.19152069,0.19138168,0.19096373,0.19026407,0.18927793,0.18799833,0.18641569,0.18451736,0.18228684,0.17970269,0.17673697,0.17335281,0.16950067,0.16511231,0.16009028,0.15428861,0.14747332,0.13923019,0.12869760,0.11342487,0.05738382
122040,0.19146928,0.19133033,0.19091258,0.19021324,0.18922755,0.18794852,0.18636660,0.18446912,0.18223959,0.17965659,0.17669216,0.17330945,0.16945895,0.16507243,0.16005245,0.15425310,0.14744046,0.13920042,0.12867159,0.11340396,0.05737595
122100,0.19141793,0.19127904,0.19086148,0.19016246,0.18917722,0.18789877,0.18631756,0.18442094,0.18219240,0.17961053,0.17664740,0.17326614,0.16941728,0.16503258,0.16001466,0.15421762,0.14740763,0.13917067,0.12864562,0.11338308,0.05736810
122160,0.19136663,0.19122781,0.19081043,0.19011173,0.18912694,0.18784907,0.18626858,0.18437280,0.18214525,0.17956452,0.17660268,0.17322288,0.16937565,0.16499278,0.15997691,0.15418218,0.14737484,0.13914096,0.12861967,0.11336221,0.05736025
122220,0.19131539,0.19117663,0.19075944,0.19006106,0.18907672,0.18779943,0.18621965,0.18432472,0.18209816,0.17951856,0.17655801,0.17317967,0.16933406,0.16495302,0.15993920,0.15414678,0.14734207,0.13911128,0.12859374,0.11334137,0.05735242
122280,0.19126420,0.19112551,0.19070851,0.19001045,0.18902655,0.18774984,0.18617077,0.18427669,0.18205112,0.17947266,0.17651339,0.17313650,0.16929252,0.16491330,0.15990153,0.15411142,0.14730935,0.13908163,0.12856785,0.11332054,0.05734461
122340,0.19121307,0.19107444,0.19065763,0.18995989,0.18897644,0.18770031,0.18612194,0.18422871,0.18200413,0.17942680,0.17646882,0.17309337,0.16925102,0.16487362,0.15986389,0.15407609,0.14727665,0.13905201,0.12854197,0.11329974,0.05733681
122400,0.19116199,0.19102343,0.19060681,0.18990938,0.18892638,0.18765082,0.18607317,0.18418078,0.18195718,0.17938099,0.17642429,0.17305029,0.16920957,0.16483399,0.15982630,0.15404080,0.14724399,0.13902242,0.12851613,0.11327895,0.05732902
122460,0.19111098,0.19097248,0.19055605,0.18985894,0.18887638,0.18760140,0.18602446,0.18413291,0.18191030,0.17933523,0.17637982,0.17300727,0.16916816,0.16479440,0.15978875,0.15400555,0.14721137,0.13899286,0.12849031,0.11325819,0.05732124
122520,0.19106002,0.19092158,0.19050534,0.18980855,0.18882644,0.18755203,0.18597579,0.18408509,0.18186346,0.17928952,0.17633539,0.17296428,0.16912680,0.16475485,0.15975124,0.15397033,0.14717877,0.13896333,0.12846451,0.11323745,0.05731348
122580,0.19100911,0.19087074,0.19045469,0.18975821,0.18877654,0.18750271,0.18592718,0.18403732,0.18181667,0.17924386,0.17629101,0.17292134,0.16908548,0.16471534,0.15971376,0.15393515,0.14714621,0.13893383,0.12843875,0.11321672,0.05730573
122640,0.19095826,0.19081994,0.19040409,0.18970792,0.18872670,0.18745344,0.18587862,0.18398960,0.18176993,0.17919825,0.17624667,0.17287845,0.16904420,0.16467587,0.15967632,0.15390001,0.14711369,0.13890436,0.12841300,0.11319602,0.05729799
122700,0.19090746,0.19076921,0.19035354,0.18965769,0.18867691,0.18740423,0.18583011,0.18394193,0.18172324,0.17915268,0.17620238,0.17283560,0.16900296,0.16463645,0.15963892,0.15386490,0.14708119,0.13887492,0.12838728,0.11317533,0.05729027
122760,0.19085672,0.19071853,0.19030305,0.18960752,0.18862718,0.18735507,0.18578165,0.18389431,0.18167660,0.17910716,0.17615814,0.17279279,0.16896177,0.16459706,0.15960156,0.15382983,0.14704873,0.13884551,0.12836159,0.11315467,0.05728255
122820,0.19080603,0.19066790,0.19025261,0.18955739,0.18857749,0.18730596,0.18573324,0.18384674,0.18163001,0.17906169,0.17611394,0.17275003,0.16892062,0.16455771,0.15956424,0.15379479,0.14701630,0.13881612,0.12833592,0.11313402,0.05727486
122880,0.19075539,0.19061733,0.19020222,0.18950732,0.18852787,0.18725690,0.18568489,0.18379922,0.18158347,0.17901627,0.17606979,0.17270731,0.16887951,0.16451841,0.15952695,0.15375978,0.14698390,0.13878677,0.12831028,0.11311340,0.05726717
122940,0.19070481,0.19056681,0.19015189,0.18945730,0.18847829,0.18720789,0.18563658,0.18375175,0.18153697,0.17897089,0.17602569,0.17266464,0.16883844,0.16447914,0.15948971,0.15372482,0.14695154,0.13875745,0.12828466,0.11309279,0.05725950
123000,0.19065428,0.19051634,0.19010162,0.18940734,0.18842877,0.18715894,0.18558833,0.18370434,0.18149053,0.17892557,0.17598163,0.17262201,0.16879742,0.16443991,0.15945250,0.15368989,0.14691921,0.13872815,0.12825906,0.11307221,0.05725184
123060,0.19060381,0.19046593,0.19005139,0.18935743,0.18837930,0.18711004,0.18554013,0.18365697,0.18144413,0.17888029,0.17593762,0.17257943,0.16875644,0.16440073,0.15941533,0.15365499,0.14688691,0.13869888,0.12823350,0.11305164,0.05724419
123120,0.19055339,0.19041558,0.19000122,0.18930757,0.18832988,0.18706119,0.18549198,0.18360965,0.18139779,0.17883506,0.17589365,0.17253689,0.16871551,0.16436159,0.15937820,0.15362013,0.14685464,0.13866965,0.12820795,0.11303109,0.05723656
123180,0.19050303,0.19036527,0.18995111,0.18925777,0.18828052,0.18701239,0.18544388,0.18356239,0.18135149,0.17878988,0.17584974,0.17249440,0.16867461,0.16432248,0.15934111,0.15358531,0.14682241,0.13864044,0.12818243,0.11301057,0.05722893
123240,0.19045272,0.19031502,0.18990105,0.18920802,0.18823121,0.18696365,0.18539583,0.18351517,0.18130524,0.17874474,0.17580586,0.17245195,0.16863376,0.16428342,0.15930405,0.15355052,0.14679021,0.13861126,0.12815694,0.11299006,0.05722132
123300,0.19040246,0.19026483,0.18985104,0.18915833,0.18818195,0.18691496,0.18534784,0.18346800,0.18125905,0.17869965,0.17576204,0.17240955,0.16859295,0.16424440,0.15926704,0.15351577,0.14675804,0.13858211,0.12813147,0.11296957,0.05721373
123360,0.19035226,0.19021469,0.18980109,0.18910868,0.18813274,0.18686632,0.18529989,0.18342089,0.18121290,0.17865462,0.17571826,0.17236719,0.16855219,0.16420542,0.15923006,0.15348105,0.14672591,0.13855299,0.12810603,0.11294911,0.05720615
123420,0.19030211,0.19016461,0.18975119,0.18905910,0.18808359,0.18681773,0.18525200,0.18337383,0.18116680,0.17860962,0.17567453,0.17232488,0.16851146,0.16416648,0.15919312,0.15344637,0.14669380,0.13852390,0.12808061,0.11292866,0.05719858
123480,0.19025202,0.19011457,0.18970134,0.18900956,0.18803449,0.18676920,0.18520416,0.18332681,0.18112075,0.17856468,0.17563084,0.17228261,0.16847078,0.16412758,0.15915622,0.15341172,0.14666173,0.13849484,0.12805522,0.11290823,0.05719102
123540,0.19020197,0.19006459,0.18965155,0.18896008,0.18798545,0.18672071,0.18515637,0.18327984,0.18107474,0.17851978,0.17558720,0.17224038,0.16843014,0.16408872,0.15911935,0.15337711,0.14662969,0.13846580,0.12802985,0.11288782,0.05718347
123600,0.19015199,0.19001467,0.18960181,0.18891064,0.18793645,0.18667228,0.18510863,0.18323293,0.18102879,0.17847493,0.17554360,0.17219819,0.16838955,0.16404990,0.15908253,0.15334253,0.14659769,0.13843680,0.12800451,0.11286743,0.05717594
123660,0.19010205,0.18996479,0.18955212,0.18886127,0.18788751,0.18662389,0.18506094,0.18318606,0.18098288,0.17843013,0.17550005,0.17215606,0.16834899,0.16401112,0.15904574,0.15330799,0.14656571,0.13840782,0.12797919,0.11284706,0.05716842
123720,0.19005217,0.18991497,0.18950248,0.18881194,0.18783861,0.18657556,0.18501330,0.18313924,0.18093703,0.17838537,0.17545655,0.17211396,0.16830848,0.16397238,0.15900898,0.15327348,0.14653377,0.13837887,0.12795390,0.11282671,0.05716091
123780,0.19000234,0.18986521,0.18945290,0.18876267,0.18778978,0.18652729,0.18496571,0.18309248,0.18089122,0.17834067,0.17541309,0.17207191,0.16826801,0.16393368,0.15897227,0.15323901,0.14650186,0.13834995,0.12792863,0.11280638,0.05715342
123840,0.18995257,0.18981550,0.18940337,0.18871345,0.18774099,0.18647906,0.18491817,0.18304576,0.18084546,0.17829600,0.17536968,0.17202990,0.16822758,0.16389502,0.15893559,0.15320457,0.14646998,0.13832106,0.12790338,0.11278607,0.05714593
123900,0.18990285,0.18976584,0.18935390,0.18866428,0.18769226,0.18643089,0.18487068,0.18299909,0.18079975,0.17825139,0.17532631,0.17198794,0.16818719,0.16385640,0.15889896,0.15317017,0.14643814,0.13829220,0.12787816,0.11276578,0.05713846
123960,0.18985318,0.18971623,0.18930448,0.18861517,0.18764357,0.18638276,0.18482325,0.18295248,0.18075409,0.17820683,0.17528299,0.17194602,0.16814685,0.16381782,0.15886236,0.15313581,0.14640632,0.13826337,0.12785297,0.11274551,0.05713101
124020,0.18980357,0.18966668,0.18925511,0.18856611,0.18759495,0.18633469,0.18477586,0.18290591,0.18070847,0.17816231,0.17523971,0.17190415,0.16810655,0.16377928,0.15882579,0.15310148,0.14637454,0.13823457,0.12782780,0.11272525,0.05712356
124080,0.18975401,0.18961718,0.18920579,0.18851710,0.18754637,0.18628667,0.18472853,0.18285939,0.18066291,0.17811783,0.17519648,0.17186232,0.16806629,0.16374078,0.15878927,0.15306718,0.14634279,0.13820579,0.12780265,0.11270502,0.05711613
124140,0.18970450,0.18956773,0.18915653,0.18846814,0.18749784,0.18623870,0.18468124,0.18281292,0.18061739,0.17807341,0.17515329,0.17182053,0.16802607,0.16370231,0.15875278,0.15303292,0.14631107,0.13817705,0.12777753,0.11268480,0.05710871
124200,0.18965504,0.18951834,0.18910732,0.18841923,0.18744936,0.18619078,0.18463400,0.18276650,0.18057191,0.17802903,0.17511015,0.17177878,0.16798589,0.16366389,0.15871633,0.15299869,0.14627939,0.13814833,0.12775244,0.11266461,0.05710130
124260,0.18960564,0.18946900,0.18905816,0.18837038,0.18740094,0.18614291,0.18458682,0.18272013,0.18052649,0.17798469,0.17506706,0.17173708,0.16794575,0.16362551,0.15867991,0.15296450,0.14624773,0.13811964,0.12772736,0.11264443,0.05709390
124320,0.18955629,0.18941971,0.18900905,0.18832158,0.18735256,0.18609509,0.18453968,0.18267380,0.18048112,0.17794040,0.17502400,0.17169543,0.16790566,0.16358717,0.15864354,0.15293034,0.14621611,0.13809098,0.12770232,0.11262427,0.05708652
124380,0.18950699,0.18937047,0.18896000,0.18827283,0.18730424,0.18604732,0.18449259,0.18262753,0.18043579,0.17789616,0.17498100,0.17165381,0.16786561,0.16354886,0.15860720,0.15289622,0.14618452,0.13806234,0.12767729,0.11260413,0.05707915
124440,0.18945774,0.18932128,0.18891099,0.18822413,0.18725597,0.18599960,0.18444556,0.18258130,0.18039051,0.17785197,0.17493804,0.17161224,0.16782559,0.16351060,0.15857089,0.15286213,0.14615296,0.13803374,0.12765229,0.11258402,0.05707179
124500,0.18940855,0.18927215,0.18886204,0.18817548,0.18720775,0.18595194,0.18439857,0.18253512,0.18034527,0.17780782,0.17489512,0.17157071,0.16778562,0.16347237,0.15853463,0.15282807,0.14612143,0.13800516,0.12762732,0.11256391,0.05706444
124560,0.18935941,0.18922307,0.18881314,0.18812689,0.18715958,0.18590432,0.18435163,0.18248899,0.18030009,0.17776372,0.17485225,0.17152922,0.16774569,0.16343419,0.15849840,0.15279405,0.14608993,0.13797661,0.12760237,0.11254383,0.05705711
124620,0.18931032,0.18917404,0.18876429,0.18807834,0.18711147,0.18585675,0.18430474,0.18244291,0.18025495,0.17771966,0.17480942,0.17148778,0.16770580,0.16339604,0.15846220,0.15276007,0.14605847,0.13794809,0.12757744,0.11252377,0.05704978
124680,0.18926128,0.18912506,0.18871550,0.18802985,0.18706340,0.18580924,0.18425790,0.18239688,0.18020986,0.17767565,0.17476664,0.17144638,0.16766596,0.16335793,0.15842605,0.15272612,0.14602704,0.13791960,0.12755254,0.11250373,0.05704247
124740,0.18921230,0.18907614,0.18866675,0.18798141,0.18701538,0.18576177,0.18421111,0.18235090,0.18016481,0.17763169,0.17472390,0.17140502,0.16762615,0.16331986,0.15838993,0.15269220,0.14599563,0.13789113,0.12752766,0.11248370,0.05703517
124800,0.18916336,0.18902726,0.18861806,0.18793302,0.18696742,0.18571435,0.18416437,0.18230496,0.18011982,0.17758777,0.17468120,0.17136371,0.16758638,0.16328183,0.15835385,0.15265831,0.14596426,0.13786270,0.12750280,0.11246370,0.05702789
124860,0.18911448,0.18897844,0.18856942,0.18788468,0.18691950,0.18566699,0.18411768,0.18225907,0.18007487,0.17754390,0.17463855,0.17132244,0.16754666,0.16324384,0.15831780,0.15262447,0.14593292,0.13783429,0.12747797,0.11244371,0.05702061
124920,0.18906565,0.18892967,0.18852083,0.18783639,0.18687164,0.18561967,0.18407104,0.18221324,0.18002997,0.17750007,0.17459595,0.17128121,0.16750697,0.16320589,0.15828179,0.15259065,0.14590161,0.13780591,0.12745317,0.11242374,0.05701335
124980,0.18901687,0.18888095,0.18847229,0.18778815,0.18682383,0.18557240,0.18402444,0.18216744,0.17998511,0.17745629,0.17455339,0.17124002,0.16746733,0.16316797,0.15824582,0.15255687,0.14587033,0.13777756,0.12742838,0.11240380,0.05700610
125040,0.18896814,0.18883228,0.18842381,0.18773997,0.18677606,0.18552519,0.18397790,0.18212170,0.17994030,0.17741255,0.17451087,0.17119888,0.16742773,0.16313010,0.15820988,0.15252312,0.14583909,0.13774923,0.12740363,0.11238387,0.05699886
125100,0.18891947,0.18878367,0.18837537,0.18769183,0.18672835,0.18547802,0.18393140,0.18207600,0.17989554,0.17736886,0.17446839,0.17115778,0.16738817,0.16309226,0.15817398,0.15248941,0.14580787,0.13772093,0.12737889,0.11236395,0.05699163
125160,0.18887084,0.18873510,0.18832698,0.18764375,0.18668069,0.18543090,0.18388496,0.18203036,0.17985082,0.17732521,0.17442596,0.17111672,0.16734865,0.16305446,0.15813812,0.15245573,0.14577669,0.13769267,0.12735418,0.11234406,0.05698442
125220,0.18882227,0.18868659,0.18827865,0.18759571,0.18663307,0.18538383,0.18383856,0.18198476,0.17980615,0.17728161,0.17438358,0.17107570,0.16730916,0.16301670,0.15810229,0.15242208,0.14574553,0.13766442,0.12732949,0.11232419,0.05697721
125280,0.18877375,0.18863813,0.18823037,0.18754773,0.18658551,0.18533681,0.18379221,0.18193920,0.17976153,0.17723806,0.17434124,0.17103473,0.16726972,0.16297898,0.15806650,0.15238847,0.14571441,0.13763621,0.12730483,0.11230433,0.05697002
125340,0.18872528,0.18858972,0.18818214,0.18749980,0.18653800,0.18528984,0.18374591,0.18189370,0.17971696,0.17719455,0.17429894,0.17099379,0.16723032,0.16294130,0.15803074,0.15235489,0.14568332,0.13760802,0.12728019,0.11228450,0.05696284
125400,0.18867686,0.18854136,0.18813395,0.18745191,0.18649053,0.18524292,0.18369965,0.18184824,0.17967243,0.17715109,0.17425668,0.17095290,0.16719096,0.16290365,0.15799502,0.15232134,0.14565226,0.13757986,0.12725557,0.11226468,0.05695567
125460,0.18862849,0.18849305,0.18808582,0.18740408,0.18644312,0.18519605,0.18365345,0.18180283,0.17962794,0.17710767,0.17421447,0.17091205,0.16715164,0.16286605,0.15795934,0.15228783,0.14562123,0.13755173,0.12723098,0.11224488,0.05694852
125520,0.18858017,0.18844479,0.18803774,0.18735630,0.18639576,0.18514923,0.18360729,0.18175747,0.17958350,0.17706429,0.17417231,0.17087125,0.16711236,0.16282848,0.15792369,0.15225435,0.14559023,0.13752363,0.12720641,0.11222510,0.05694137
125580,0.18853190,0.18839658,0.18798971,0.18730857,0.18634844,0.18510246,0.18356118,0.18171215,0.17953911,0.17702096,0.17413018,0.17083048,0.16707312,0.16279095,0.15788808,0.15222091,0.14555926,0.13749555,0.12718187,0.11220534,0.05693424
125640,0.18848369,0.18834842,0.18794173,0.18726088,0.18630118,0.18505573,0.18351512,0.18166688,0.17949477,0.17697768,0.17408810,0.17078976,0.16703392,0.16275346,0.15785251,0.15218750,0.14552832,0.13746750,0.12715735,0.11218559,0.05692712
125700,0.18843552,0.18830032,0.18789380,0.18721325,0.18625396,0.18500906,0.18346911,0.18162166,0.17945047,0.17693444,0.17404606,0.17074908,0.16699476,0.16271600,0.15781697,0.15215412,0.14549741,0.13743948,0.12713285,0.11216587,0.05692001
125760,0.18838741,0.18825226,0.18784593,0.18716567,0.18620680,0.18496243,0.18342315,0.18157649,0.17940622,0.17689124,0.17400407,0.17070844,0.16695565,0.16267859,0.15778146,0.15212077,0.14546653,0.13741149,0.12710838,0.11214616,0.05691291
125820,0.18833934,0.18820425,0.18779810,0.18711814,0.18615968,0.18491585,0.18337723,0.18153136,0.17936201,0.17684809,0.17396212,0.17066784,0.16691656,0.16264121,0.15774599,0.15208746,0.14543569,0.13738352,0.12708392,0.11212647,0.05690582
125880,0.18829133,0.18815630,0.18775032,0.18707065,0.18611261,0.18486932,0.18333136,0.18148628,0.17931785,0.17680498,0.17392021,0.17062728,0.16687752,0.16260387,0.15771056,0.15205418,0.14540487,0.13735558,0.12705950,0.11210681,0.05689875
125940,0.18824336,0.18810839,0.18770259,0.18702322,0.18606560,0.18482284,0.18328554,0.18144125,0.17927373,0.17676192,0.17387834,0.17058677,0.16683852,0.16256656,0.15767516,0.15202094,0.14537408,0.13732767,0.12703509,0.11208715,0.05689169
126000,0.18819545,0.18806054,0.18765491,0.18697584,0.18601863,0.18477641,0.18323977,0.18139626,0.17922966,0.17671890,0.17383652,0.17054629,0.16679956,0.16252930,0.15763980,0.15198772,0.14534333,0.13729978,0.12701071,0.11206752,0.05688463
126060,0.18814759,0.18801274,0.18760729,0.18692851,0.18597171,0.18473003,0.18319405,0.18135132,0.17918564,0.17667594,0.17379475,0.17050586,0.16676065,0.16249207,0.15760448,0.15195455,0.14531261,0.13727193,0.12698636,0.11204791,0.05687759
126120,0.18809978,0.18796499,0.18755971,0.18688123,0.18592485,0.18468369,0.18314837,0.18130643,0.17914166,0.17663301,0.17375302,0.17046548,0.16672177,0.16245489,0.15756919,0.15192141,0.14528191,0.13724410,0.12696203,0.11202831,0.05687057
126180,0.18805202,0.18791728,0.18751218,0.18683399,0.18587803,0.18463741,0.18310274,0.18126159,0.17909773,0.17659013,0.17371132,0.17042513,0.16668293,0.16241774,0.15753394,0.15188829,0.14525125,0.13721630,0.12693772,0.11200874,0.05686355
126240,0.18800430,0.18786963,0.18746470,0.18678681,0.18583125,0.18459117,0.18305716,0.18121679,0.17905384,0.17654729,0.17366967,0.17038482,0.16664412,0.16238062,0.15749872,0.15185521,0.14522061,0.13718852,0.12691343,0.11198918,0.05685654
126300,0.18795664,0.18782202,0.18741727,0.18673967,0.18578453,0.18454498,0.18301162,0.18117203,0.17901000,0.17650449,0.17362807,0.17034455,0.16660536,0.16234354,0.15746353,0.15182217,0.14519001,0.13716077,0.12688916,0.11196964,0.05684955
126360,0.18790902,0.18777446,0.18736989,0.18669258,0.18573785,0.18449883,0.18296613,0.18112732,0.17896620,0.17646174,0.17358650,0.17030432,0.16656663,0.16230650,0.15742838,0.15178915,0.14515943,0.13713304,0.12686492,0.11195011,0.05684257
126420,0.18786146,0.18772696,0.18732256,0.18664554,0.18569122,0.18445273,0.18292069,0.18108266,0.17892245,0.17641903,0.17354497,0.17026414,0.16652795,0.16226950,0.15739326,0.15175617,0.14512889,0.13710535,0.12684070,0.11193061,0.05683559
126480,0.18781394,0.18767950,0.18727528,0.18659855,0.18564464,0.18440668,0.18287529,0.18103804,0.17887874,0.17637636,0.17350349,0.17022399,0.16648930,0.16223253,0.15735818,0.15172322,0.14509837,0.13707768,0.12681651,0.11191112,0.05682863
126540,0.18776647,0.18763209,0.18722804,0.18655161,0.18559811,0.18436068,0.18282994,0.18099347,0.17883507,0.17633374,0.17346205,0.17018388,0.16645069,0.16219560,0.15732314,0.15169030,0.14506788,0.13705003,0.12679233,0.11189165,0.05682168
126600,0.18771905,0.18758472,0.18718085,0.18650471,0.18555162,0.18431473,0.18278464,0.18094894,0.17879145,0.17629116,0.17342065,0.17014382,0.16641212,0.16215871,0.15728812,0.15165741,0.14503743,0.13702241,0.12676818,0.11187220,0.05681474
126660,0.18767168,0.18753741,0.18713371,0.18645786,0.18550518,0.18426882,0.18273938,0.18090446,0.17874788,0.17624862,0.17337930,0.17010379,0.16637359,0.16212185,0.15725315,0.15162456,0.14500700,0.13699482,0.12674406,0.11185276,0.05680782
126720,0.18762436,0.18749015,0.18708663,0.18641107,0.18545879,0.18422296,0.18269417,0.18086003,0.17870434,0.17620612,0.17333798,0.17006381,0.16633510,0.16208503,0.15721821,0.15159173,0.14497660,0.13696726,0.12671995,0.11183335,0.05680090
126780,0.18757709,0.18744293,0.18703958,0.18636432,0.18541245,0.18417714,0.18264901,0.18081564,0.17866086,0.17616367,0.17329671,0.17002386,0.16629664,0.16204824,0.15718330,0.15155895,0.14494623,0.13693972,0.12669587,0.11181395,0.05679400
126840,0.18752986,0.18739577,0.18699259,0.18631761,0.18536616,0.18413138,0.18260389,0.18077129,0.17861741,0.17612127,0.17325548,0.16998396,0.16625823,0.16201150,0.15714842,0.15152619,0.14491589,0.13691221,0.12667181,0.11179457,0.05678710
126900,0.18748269,0.18734865,0.18694565,0.18627096,0.18531991,0.18408566,0.18255882,0.18072699,0.17857402,0.17607890,0.17321429,0.16994409,0.16621985,0.16197479,0.15711359,0.15149346,0.14488559,0.13688472,0.12664778,0.11177521,0.05678022
126960,0.18743556,0.18730158,0.18689876,0.18622436,0.18527372,0.18403999,0.18251379,0.18068274,0.17853066,0.17603658,0.17317315,0.16990427,0.16618151,0.16193812,0.15707878,0.15146077,0.14485531,0.13685726,0.12662376,0.11175586,0.05677335
127020,0.18738849,0.18725457,0.18685191,0.18617780,0.18522757,0.18399436,0.18246881,0.18063853,0.17848735,0.17599431,0.17313204,0.16986449,0.16614322,0.16190148,0.15704401,0.15142811,0.14482506,0.13682983,0.12659977,0.11173654,0.05676649
127080,0.18734146,0.18720760,0.18680511,0.18613129,0.18518146,0.18394878,0.18242388,0.18059437,0.17844409,0.17595207,0.17309098,0.16982475,0.16610496,0.16186488,0.15700928,0.15139548,0.14479484,0.13680243,0.12657580,0.11171723,0.05675964
127140,0.18729448,0.18716067,0.18675836,0.18608483,0.18513541,0.18390325,0.18237900,0.18055025,0.17840087,0.17590988,0.17304996,0.16978504,0.16606673,0.16182832,0.15697458,0.15136289,0.14476465,0.13677505,0.12655186,0.11169794,0.05675280
127200,0.18724755,0.18711380,0.18671166,0.18603842,0.18508940,0.18385777,0.18233415,0.18050618,0.17835769,0.17586773,0.17300897,0.16974538,0.16602855,0.16179179,0.15693991,0.15133032,0.14473448,0.13674769,0.12652794,0.11167867,0.05674597
127260,0.18720066,0.18706697,0.18666501,0.18599205,0.18504344,0.18381233,0.18228936,0.18046215,0.17831456,0.17582563,0.17296803,0.16970575,0.16599040,0.16175530,0.15690528,0.15129779,0.14470435,0.13672037,0.12650403,0.11165941,0.05673916
127320,0.18715383,0.18702019,0.18661840,0.18594573,0.18499752,0.18376693,0.18224461,0.18041817,0.17827147,0.17578356,0.17292714,0.16966617,0.16595229,0.16171884,0.15687068,0.15126529,0.14467425,0.13669306,0.12648016,0.11164017,0.05673235
127380,0.18710704,0.18697346,0.18657184,0.18589946,0.18495165,0.18372159,0.18219991,0.18037423,0.17822842,0.17574154,0.17288628,0.16962663,0.16591422,0.16168242,0.15683612,0.15123282,0.14464417,0.13666579,0.12645630,0.11162095,0.05672556
127440,0.18706030,0.18692678,0.18652533,0.18585324,0.18490583,0.18367629,0.18215525,0.18033033,0.17818542,0.17569956,0.17284546,0.16958712,0.16587619,0.16164604,0.15680159,0.15120038,0.14461413,0.13663854,0.12643247,0.11160175,0.05671877
127500,0.18701361,0.18688015,0.18647887,0.18580706,0.18486006,0.18363104,0.18211064,0.18028648,0.17814246,0.17565763,0.17280469,0.16954766,0.16583819,0.16160969,0.15676709,0.15116797,0.14458411,0.13661132,0.12640866,0.11158257,0.05671200
127560,0.18696697,0.18683356,0.18643246,0.18576093,0.18481434,0.18358583,0.18206607,0.18024268,0.17809955,0.17561573,0.17276396,0.16950823,0.16580024,0.16157338,0.15673263,0.15113560,0.14455412,0.13658412,0.12638487,0.11156340,0.05670524
127620,0.18692037,0.18678703,0.18638609,0.18571486,0.18476866,0.18354067,0.18202155,0.18019892,0.17805668,0.17557388,0.17272327,0.16946885,0.16576232,0.16153711,0.15669820,0.15110326,0.14452416,0.13655695,0.12636110,0.11154425,0.05669849
127680,0.18687383,0.18674054,0.18633977,0.18566882,0.18472303,0.18349556,0.18197708,0.18015521,0.17801385,0.17553208,0.17268262,0.16942950,0.16572444,0.16150087,0.15666381,0.15107095,0.14449424,0.13652981,0.12633736,0.11152512,0.05669175
127740,0.18682733,0.18669410,0.18629350,0.18562284,0.18467744,0.18345049,0.18193265,0.18011154,0.17797107,0.17549031,0.17264201,0.16939020,0.16568660,0.16146467,0.15662945,0.15103867,0.14446434,0.13650269,0.12631364,0.11150600,0.05668502
127800,0.18678088,0.18664770,0.18624728,0.18557690,0.18463190,0.18340547,0.18188826,0.18006791,0.17792833,0.17544859,0.17260144,0.16935093,0.16564879,0.16142851,0.15659512,0.15100642,0.14443447,0.13647559,0.12628994,0.11148691,0.05667830
127860,0.18673448,0.18660135,0.18620110,0.18553101,0.18458641,0.18336050,0.18184392,0.18002433,0.17788563,0.17540691,0.17256091,0.16931170,0.16561103,0.16139237,0.15656083,0.15097421,0.14440462,0.13644853,0.12626626,0.11146783,0.05667160
127920,0.18668812,0.18655506,0.18615497,0.18548516,0.18454097,0.18331557,0.18179963,0.17998080,0.17784297,0.17536527,0.17252042,0.16927252,0.16557330,0.16135628,0.15652657,0.15094202,0.14437481,0.13642149,0.12624261,0.11144877,0.05666490
127980,0.18664181,0.18650880,0.18610889,0.18543936,0.18449557,0.18327068,0.18175538,0.17993730,0.17780036,0.17532367,0.17247998,0.16923337,0.16553560,0.16132022,0.15649235,0.15090987,0.14434502,0.13639447,0.12621898,0.11142972,0.05665821
128040,0.18659555,0.18646260,0.18606285,0.18539361,0.18445021,0.18322584,0.18171117,0.17989385,0.17775779,0.17528211,0.17243957,0.16919426,0.16549795,0.16128420,0.15645815,0.15087775,0.14431527,0.13636748,0.12619537,0.11141070,0.05665154
128100,0.18654934,0.18641644,0.18601687,0.18534791,0.18440491,0.18318105,0.18166701,0.17985045,0.17771527,0.17524060,0.17239920,0.16915518,0.16546033,0.16124821,0.15642400,0.15084565,0.14428554,0.13634051,0.12617178,0.11139169,0.05664487
128160,0.18650317,0.18637033,0.18597092,0.18530225,0.18435965,0.18313630,0.18162290,0.17980709,0.17767279,0.17519912,0.17235888,0.16911615,0.16542275,0.16121226,0.15638987,0.15081359,0.14425584,0.13631358,0.12614821,0.11137269,0.05663822
128220,0.18645705,0.18632427,0.18592503,0.18525663,0.18431443,0.18309160,0.18157883,0.17976377,0.17763035,0.17515769,0.17231859,0.16907716,0.16538521,0.16117634,0.15635578,0.15078157,0.14422617,0.13628666,0.12612467,0.11135372,0.05663157
128280,0.18641098,0.18627825,0.18587918,0.18521107,0.18426926,0.18304695,0.18153480,0.17972050,0.17758795,0.17511630,0.17227835,0.16903820,0.16534770,0.16114046,0.15632172,0.15074957,0.14419653,0.13625977,0.12610115,0.11133476,0.05662494
128340,0.18636495,0.18623228,0.18583338,0.18516555,0.18422414,0.18300234,0.18149082,0.17967727,0.17754560,0.17507496,0.17223814,0.16899929,0.16531023,0.16110461,0.15628770,0.15071760,0.14416691,0.13623291,0.12607765,0.11131582,0.05661832
128400,0.18631897,0.18618636,0.18578763,0.18512008,0.18417906,0.18295777,0.18144689,0.17963408,0.17750329,0.17503365,0.17219798,0.16896041,0.16527280,0.16106880,0.15625370,0.15068566,0.14413733,0.13620608,0.12605417,0.11129690,0.05661171
128460,0.18627304,0.18614048,0.18574192,0.18507465,0.18413403,0.18291325,0.18140299,0.17959094,0.17746102,0.17499239,0.17215785,0.16892157,0.16523541,0.16103302,0.15621975,0.15065376,0.14410777,0.13617926,0.12603071,0.11127799,0.05660510
128520,0.18622715,0.18609465,0.18569626,0.18502927,0.18408905,0.18286877,0.18135915,0.17954784,0.17741879,0.17495116,0.17211777,0.16888277,0.16519805,0.16099728,0.15618582,0.15062189,0.14407824,0.13615248,0.12600728,0.11125910,0.05659851
128580,0.18618132,0.18604887,0.18565064,0.18498394,0.18404411,0.18282434,0.18131534,0.17950478,0.17737661,0.17490998,0.17207773,0.16884401,0.16516073,0.16096158,0.15615193,0.15059004,0.14404874,0.13612572,0.12598386,0.11124023,0.05659193
128640,0.18613552,0.18600313,0.18560508,0.18493865,0.18399921,0.18277996,0.18127158,0.17946177,0.17733447,0.17486884,0.17203772,0.16880529,0.16512344,0.16092591,0.15611807,0.15055823,0.14401927,0.13609898,0.12596047,0.11122138,0.05658536
128700,0.18608978,0.18595744,0.18555955,0.18489341,0.18395436,0.18273562,0.18122787,0.17941880,0.17729237,0.17482774,0.17199776,0.16876661,0.16508620,0.16089027,0.15608424,0.15052645,0.14398983,0.13607227,0.12593710,0.11120254,0.05657880
128760,0.18604408,0.18591180,0.18551408,0.18484821,0.18390956,0.18269132,0.18118420,0.17937588,0.17725031,0.17478668,0.17195783,0.16872796,0.16504899,0.16085467,0.15605045,0.15049470,0.14396041,0.13604559,0.12591376,0.11118372,0.05657225
128820,0.18599843,0.18586620,0.18546865,0.18480306,0.18386480,0.18264707,0.18114057,0.17933300,0.17720830,0.17474567,0.17191795,0.16868935,0.16501181,0.16081910,0.15601669,0.15046298,0.14393102,0.13601893,0.12589043,0.11116492,0.05656571
128880,0.18595282,0.18582065,0.18542327,0.18475796,0.18382009,0.18260287,0.18109699,0.17929016,0.17716633,0.17470469,0.17187810,0.16865078,0.16497468,0.16078357,0.15598296,0.15043129,0.14390166,0.13599229,0.12586713,0.11114613,0.05655919
128940,0.18590726,0.18577515,0.18537793,0.18471290,0.18377542,0.18255871,0.18105345,0.17924736,0.17712440,0.17466375,0.17183830,0.16861225,0.16493758,0.16074808,0.15594927,0.15039963,0.14387233,0.13596568,0.12584384,0.11112736,0.05655267
129000,0.18586175,0.18572969,0.18533264,0.18466788,0.18373080,0.18251459,0.18100996,0.17920461,0.17708251,0.17462286,0.17179853,0.16857376,0.16490051,0.16071262,0.15591561,0.15036800,0.14384303,0.13593910,0.12582058,0.11110861,0.05654616
129060,0.18581628,0.18568428,0.18528739,0.18462292,0.18368622,0.18247052,0.18096651,0.17916190,0.17704066,0.17458201,0.17175881,0.16853531,0.16486349,0.16067719,0.15588198,0.15033640,0.14381375,0.13591254,0.12579734,0.11108987,0.05653966
129120,0.18577086,0.18563891,0.18524219,0.18457799,0.18364169,0.18242649,0.18092310,0.17911923,0.17699886,0.17454119,0.17171912,0.16849689,0.16482650,0.16064180,0.15584838,0.15030484,0.14378450,0.13588601,0.12577413,0.11107116,0.05653317
129180,0.18572548,0.18559359,0.18519704,0.18453312,0.18359720,0.18238251,0.18087974,0.17907661,0.17695710,0.17450042,0.17167947,0.16845851,0.16478954,0.16060644,0.15581482,0.15027330,0.14375528,0.13585950,0.12575093,0.11105245,0.05652670
129240,0.18568016,0.18554832,0.18515193,0.18448829,0.18355276,0.18233857,0.18083642,0.17903402,0.17691538,0.17445969,0.17163986,0.16842017,0.16475262,0.16057112,0.15578129,0.15024179,0.14372609,0.13583301,0.12572776,0.11103377,0.05652023
129300,0.18563487,0.18550309,0.18510687,0.18444350,0.18350836,0.18229467,0.18079314,0.17899148,0.17687370,0.17441900,0.17160030,0.16838187,0.16471574,0.16053583,0.15574779,0.15021031,0.14369693,0.13580655,0.12570460,0.11101510,0.05651377
129360,0.18558963,0.18545791,0.18506185,0.18439876,0.18346401,0.18225082,0.18074991,0.17894899,0.17683206,0.17437835,0.17156077,0.16834360,0.16467890,0.16050057,0.15571432,0.15017887,0.14366779,0.13578012,0.12568147,0.11099645,0.05650733
129420,0.18554444,0.18541277,0.18501688,0.18435406,0.18341970,0.18220701,0.18070672,0.17890653,0.17679046,0.17433774,0.17152128,0.16830537,0.16464209,0.16046535,0.15568089,0.15014745,0.14363868,0.13575371,0.12565836,0.11097782,0.05650089
129480,0.18549929,0.18536768,0.18497195,0.18430941,0.18337544,0.18216325,0.18066357,0.17886412,0.17674891,0.17429717,0.17148182,0.16826718,0.16460531,0.16043017,0.15564749,0.15011607,0.14360960,0.13572732,0.12563527,0.11095920,0.05649446
129540,0.18545419,0.18532263,0.18492707,0.18426480,0.18333122,0.18211953,0.18062047,0.17882175,0.17670740,0.17425664,0.17144241,0.16822903,0.16456857,0.16039502,0.15561412,0.15008471,0.14358055,0.13570096,0.12561220,0.11094060,0.05648805
129600,0.18540914,0.18527763,0.18488223,0.18422024,0.18328705,0.18207586,0.18057741,0.17877943,0.17666593,0.17421615,0.17140304,0.16819092,0.16453187,0.16035990,0.15558078,0.15005338,0.14355152,0.13567463,0.12558916,0.11092202,0.05648164
129660,0.18536413,0.18523268,0.18483745,0.18417573,0.18324292,0.18203223,0.18053440,0.17873715,0.17662450,0.17417570,0.17136371,0.16815284,0.16449521,0.16032482,0.15554748,0.15002209,0.14352253,0.13564832,0.12556613,0.11090345,0.05647525
129720,0.18531917,0.18518778,0.18479270,0.18413127,0.18319884,0.18198865,0.18049143,0.17869491,0.17658312,0.17413530,0.17132442,0.16811481,0.16445859,0.16028978,0.15551421,0.14999083,0.14349356,0.13562204,0.12554313,0.11088491,0.05646886
129780,0.18527425,0.18514291,0.18474801,0.18408684,0.18315480,0.18194511,0.18044850,0.17865271,0.17654177,0.17409493,0.17128516,0.16807681,0.16442199,0.16025476,0.15548097,0.14995959,0.14346462,0.13559578,0.12552015,0.11086637,0.05646249
129840,0.18522938,0.18509809,0.18470335,0.18404246,0.18311080,0.18190161,0.18040561,0.17861055,0.17650046,0.17405460,0.17124594,0.16803884,0.16438544,0.16021978,0.15544776,0.14992839,0.14343570,0.13556954,0.12549719,0.11084786,0.05645612
129900,0.18518455,0.18505332,0.18465874,0.18399812,0.18306685,0.18185815,0.18036277,0.17856844,0.17645920,0.17401432,0.17120677,0.16800091,0.16434891,0.16018484,0.15541459,0.14989721,0.14340681,0.13554333,0.12547425,0.11082936,0.05644976
129960,0.18513977,0.18500859,0.18461417,0.18395383,0.18302294,0.18181474,0.18031996,0.17852636,0.17641797,0.17397407,0.17116762,0.16796302,0.16431243,0.16014992,0.15538144,0.14986606,0.14337795,0.13551714,0.12545133,0.11081087,0.05644342
130020,0.18509503,0.18496390,0.18456965,0.18390958,0.18297907,0.18177137,0.18027720,0.17848433,0.17637679,0.17393386,0.17112852,0.16792517,0.16427597,0.16011504,0.15534833,0.14983495,0.14334912,0.13549097,0.12542843,0.11079241,0.05643708
130080,0.18505033,0.18491926,0.18452517,0.18386537,0.18293525,0.18172804,0.18023448,0.17844234,0.17633564,0.17389368,0.17108946,0.16788735,0.16423956,0.16008020,0.15531525,0.14980386,0.14332031,0.13546484,0.12540555,0.11077395,0.05643076
130140,0.18500568,0.18487466,0.18448074,0.18382121,0.18289147,0.18168476,0.18019181,0.17840039,0.17629454,0.17385355,0.17105043,0.16784957,0.16420318,0.16004539,0.15528220,0.14977280,0.14329153,0.13543872,0.12538269,0.11075552,0.05642444
130200,0.18496107,0.18483011,0.18443635,0.18377709,0.18284774,0.18164151,0.18014917,0.17835848,0.17625348,0.17381346,0.17101144,0.16781183,0.16416683,0.16001061,0.15524918,0.14974177,0.14326278,0.13541263,0.12535986,0.11073710,0.05641813
130260,0.18491651,0.18478560,0.18439200,0.18373302,0.18280404,0.18159831,0.18010658,0.17831661,0.17621245,0.17377341,0.17097249,0.16777412,0.16413052,0.15997586,0.15521619,0.14971077,0.14323405,0.13538656,0.12533704,0.11071870,0.05641184
130320,0.18487199,0.18474114,0.18434770,0.18368899,0.18276039,0.18155516,0.18006403,0.17827478,0.17617147,0.17373339,0.17093358,0.16773645,0.16409424,0.15994115,0.15518323,0.14967980,0.14320535,0.13536052,0.12531425,0.11070032,0.05640555
130380,0.18482752,0.18469672,0.18430344,0.18364500,0.18271679,0.18151204,0.18002153,0.17823300,0.17613053,0.17369342,0.17089470,0.16769882,0.16405800,0.15990647,0.15515031,0.14964886,0.14317668,0.13533450,0.12529147,0.11068195,0.05639927
130440,0.18478309,0.18465234,0.18425923,0.18360106,0.18267323,0.18146897,0.17997906,0.17819126,0.17608963,0.17365348,0.17085587,0.16766122,0.16402180,0.15987182,0.15511742,0.14961795,0.14314803,0.13530850,0.12526872,0.11066359,0.05639301
130500,0.18473870,0.18460801,0.18421506,0.18355716,0.18262971,0.18142595,0.17993664,0.17814955,0.17604876,0.17361359,0.17081707,0.16762366,0.16398563,0.15983721,0.15508456,0.14958707,0.14311941,0.13528253,0.12524599,0.11064526,0.05638675
130560,0.18469436,0.18456373,0.18417093,0.18351330,0.18258623,0.18138296,0.17989426,0.17810789,0.17600794,0.17357373,0.17077831,0.16758613,0.16394949,0.15980263,0.15505173,0.14955621,0.14309082,0.13525659,0.12522327,0.11062694,0.05638050
130620,0.18465007,0.18451948,0.18412685,0.18346949,0.18254280,0.18134002,0.17985192,0.17806627,0.17596716,0.17353392,0.17073959,0.16754865,0.16391339,0.15976809,0.15501893,0.14952539,0.14306226,0.13523066,0.12520058,0.11060864,0.05637426
130680,0.18460581,0.18447528,0.18408282,0.18342573,0.18249941,0.18129712,0.17980962,0.17802470,0.17592642,0.17349414,0.17070090,0.16751120,0.16387732,0.15973358,0.15498616,0.14949460,0.14303372,0.13520477,0.12517791,0.11059035,0.05636803
130740,0.18456161,0.18443113,0.18403882,0.18338200,0.18245607,0.18125426,0.17976737,0.17798316,0.17588572,0.17345440,0.17066226,0.16747378,0.16384129,0.15969910,0.15495343,0.14946383,0.14300521,0.13517889,0.12515526,0.11057208,0.05636182
130800,0.18451744,0.18438702,0.18399487,0.18333832,0.18241276,0.18121145,0.17972515,0.17794166,0.17584506,0.17341470,0.17062365,0.16743640,0.16380530,0.15966465,0.15492072,0.14943309,0.14297672,0.13515304,0.12513263,0.11055382,0.05635561
130860,0.18447332,0.18434295,0.18395096,0.18329468,0.18236950,0.18116867,0.17968298,0.17790020,0.17580444,0.17337504,0.17058507,0.16739906,0.16376934,0.15963024,0.15488805,0.14940239,0.14294826,0.13512721,0.12511002,0.11053558,0.05634941
130920,0.18442924,0.18429893,0.18390710,0.18325109,0.18232628,0.18112594,0.17964085,0.17785879,0.17576386,0.17333541,0.17054654,0.16736175,0.16373341,0.15959586,0.15485540,0.14937171,0.14291983,0.13510141,0.12508744,0.11051736,0.05634322
130980,0.18438521,0.18425495,0.18386328,0.18320753,0.18228311,0.18108325,0.17959876,0.17781741,0.17572331,0.17329583,0.17050804,0.16732448,0.16369752,0.15956151,0.15482279,0.14934106,0.14289142,0.13507563,0.12506487,0.11049916,0.05633704
131040,0.18434122,0.18421101,0.18381950,0.18316402,0.18223997,0.18104061,0.17955671,0.17777608,0.17568281,0.17325628,0.17046958,0.16728725,0.16366166,0.15952719,0.15479021,0.14931044,0.14286304,0.13504987,0.12504232,0.11048097,0.05633087
131100,0.18429727,0.18416712,0.18377577,0.18312056,0.18219688,0.18099800,0.17951470,0.17773478,0.17564235,0.17321677,0.17043116,0.16725005,0.16362583,0.15949291,0.15475766,0.14927984,0.14283469,0.13502414,0.12501979,0.11046279,0.05632471
131160,0.18425337,0.18412327,0.18373208,0.18307714,0.18215384,0.18095544,0.17947274,0.17769353,0.17560193,0.17317731,0.17039278,0.16721289,0.16359005,0.15945866,0.15472514,0.14924928,0.14280637,0.13499843,0.12499729,0.11044463,0.05631855
131220,0.18420951,0.18407946,0.18368844,0.18303376,0.18211083,0.18091292,0.17943082,0.17765232,0.17556154,0.17313788,0.17035443,0.16717576,0.16355429,0.15942445,0.15469266,0.14921875,0.14277807,0.13497275,0.12497480,0.11042649,0.05631241
131280,0.18416570,0.18403570,0.18364483,0.18299042,0.18206787,0.18087045,0.17938893,0.17761115,0.17552120,0.17309848,0.17031612,0.16713868,0.16351857,0.15939027,0.15466020,0.14918824,0.14274979,0.13494709,0.12495234,0.11040837,0.05630628
131340,0.18412193,0.18399198,0.18360128,0.18294713,0.18202495,0.18082801,0.17934709,0.17757002,0.17548090,0.17305913,0.17027785,0.16710162,0.16348289,0.15935612,0.15462778,0.14915777,0.14272155,0.13492145,0.12492989,0.11039026,0.05630016
131400,0.18407820,0.18394831,0.18355776,0.18290388,0.18198208,0.18078562,0.17930529,0.17752893,0.17544064,0.17301982,0.17023961,0.16706460,0.16344724,0.15932200,0.15459538,0.14912732,0.14269333,0.13489584,0.12490747,0.11037216,0.05629404
131460,0.18403451,0.18390467,0.18351428,0.18286067,0.18193924,0.18074326,0.17926354,0.17748787,0.17540041,0.17298054,0.17020142,0.16702762,0.16341162,0.15928791,0.15456302,0.14909690,0.14266514,0.13487025,0.12488506,0.11035409,0.05628794
131520,0.18399087,0.18386108,0.18347085,0.18281750,0.18189645,0.18070095,0.17922182,0.17744686,0.17536022,0.17294130,0.17016325,0.16699067,0.16337604,0.15925386,0.15453068,0.14906651,0.14263697,0.13484469,0.12486268,0.11033602,0.05628185
131580,0.18394727,0.18381754,0.18342747,0.18277438,0.18185370,0.18065868,0.17918014,0.17740589,0.17532008,0.17290210,0.17012513,0.16695376,0.16334049,0.15921984,0.15449838,0.14903615,0.14260883,0.13481914,0.12484032,0.11031798,0.05627576
131640,0.18390371,0.18377403,0.18338412,0.18273130,0.18181099,0.18061645,0.17913850,0.17736496,0.17527997,0.17286294,0.17008704,0.16691689,0.16330498,0.15918585,0.15446611,0.14900581,0.14258071,0.13479362,0.12481797,0.11029995,0.05626969
131700,0.18386020,0.18373057,0.18334082,0.18268826,0.18176832,0.18057427,0.17909691,0.17732407,0.17523990,0.17282382,0.17004899,0.16688005,0.16326949,0.15915190,0.15443386,0.14897551,0.14255262,0.13476813,0.12479565,0.11028194,0.05626362
131760,0.18381673,0.18368715,0.18329756,0.18264527,0.18172569,0.18053212,0.17905535,0.17728322,0.17519987,0.17278473,0.17001098,0.16684324,0.16323405,0.15911797,0.15440165,0.14894523,0.14252456,0.13474265,0.12477335,0.11026394,0.05625756
131820,0.18377330,0.18364378,0.18325434,0.18260231,0.18168311,0.18049002,0.17901384,0.17724241,0.17515988,0.17274568,0.16997300,0.16680647,0.16319863,0.15908408,0.15436947,0.14891498,0.14249652,0.13471720,0.12475106,0.11024595,0.05625151
131880,0.18372991,0.18360045,0.18321116,0.18255940,0.18164057,0.18044796,0.17897236,0.17720164,0.17511993,0.17270667,0.16993506,0.16676974,0.16316326,0.15905022,0.15433732,0.14888476,0.14246851,0.13469178,0.12472880,0.11022799,0.05624548
131940,0.18368657,0.18355716,0.18316803,0.18251653,0.18159807,0.18040593,0.17893093,0.17716091,0.17508001,0.17266770,0.16989715,0.16673304,0.16312791,0.15901640,0.15430520,0.14885457,0.14244052,0.13466638,0.12470656,0.11021004,0.05623945
132000,0.18364327,0.18351391,0.18312494,0.18247370,0.18155561,0.18036395,0.17888954,0.17712021,0.17504014,0.17262876,0.16985929,0.16669638,0.16309260,0.15898260,0.15427311,0.14882440,0.14241256,0.13464100,0.12468433,0.11019210,0.05623343
132060,0.18360001,0.18347070,0.18308189,0.18243092,0.18151320,0.18032201,0.17884819,0.17707956,0.17500030,0.17258987,0.16982145,0.16665975,0.16305732,0.15894884,0.15424105,0.14879427,0.14238463,0.13461564,0.12466213,0.11017418,0.05622742
132120,0.18355680,0.18342754,0.18303889,0.18238817,0.18147082,0.18028012,0.17880687,0.17703895,0.17496051,0.17255101,0.16978366,0.16662315,0.16302208,0.15891511,0.15420902,0.14876416,0.14235672,0.13459031,0.12463995,0.11015628,0.05622141
132180,0.18351363,0.18338442,0.18299592,0.18234547,0.18142849,0.18023826,0.17876560,0.17699838,0.17492075,0.17251218,0.16974590,0.16658660,0.16298687,0.15888141,0.15417702,0.14873408,0.14232884,0.13456500,0.12461778,0.11013839,0.05621542
132240,0.18347050,0.18334134,0.18295300,0.18230281,0.18138620,0.18019644,0.17872437,0.17695784,0.17488103,0.17247340,0.16970818,0.16655007,0.16295169,0.15884774,0.15414505,0.14870403,0.14230098,0.13453971,0.12459564,0.11012052,0.05620944
132300,0.18342741,0.18329831,0.18291012,0.18226019,0.18134394,0.18015467,0.17868318,0.17691735,0.17484135,0.17243465,0.16967049,0.16651358,0.16291655,0.15881411,0.15411311,0.14867401,0.14227315,0.13451445,0.12457351,0.11010266,0.05620347
132360,0.18338436,0.18325531,0.18286729,0.18221762,0.18130174,0.18011293,0.17864203,0.17687689,0.17480171,0.17239594,0.16963284,0.16647713,0.16288144,0.15878051,0.15408120,0.14864401,0.14224535,0.13448920,0.12455141,0.11008482,0.05619750
132420,0.18334136,0.18321236,0.18282449,0.18217508,0.18125957,0.18007124,0.17860092,0.17683648,0.17476210,0.17235727,0.16959523,0.16644071,0.16284636,0.15874694,0.15404932,0.14861404,0.14221757,0.13446399,0.12452933,0.11006700,0.05619155
132480,0.18329840,0.18316945,0.18278174,0.18213259,0.18121744,0.18002958,0.17855985,0.17679610,0.17472253,0.17231863,0.16955765,0.16640433,0.16281132,0.15871340,0.15401747,0.14858410,0.14218981,0.13443879,0.12450726,0.11004919,0.05618560
132540,0.18325548,0.18312658,0.18273902,0.18209014,0.18117535,0.17998797,0.17851881,0.17675576,0.17468301,0.17228004,0.16952011,0.16636798,0.16277631,0.15867989,0.15398565,0.14855419,0.14216209,0.13441362,0.12448522,0.11003139,0.05617966
132600,0.18321260,0.18308376,0.18269635,0.18204773,0.18113331,0.17994640,0.17847782,0.17671546,0.17464352,0.17224148,0.16948261,0.16633167,0.16274133,0.15864641,0.15395386,0.14852431,0.14213438,0.13438847,0.12446319,0.11001362,0.05617373
132660,0.18316977,0.18304097,0.18265373,0.18200536,0.18109131,0.17990486,0.17843687,0.17667520,0.17460407,0.17220295,0.16944514,0.16629539,0.16270639,0.15861297,0.15392210,0.14849445,0.14210671,0.13436334,0.12444119,0.10999585,0.05616781
132720,0.18312697,0.18299823,0.18261114,0.18196303,0.18104934,0.17986337,0.17839596,0.17663498,0.17456465,0.17216447,0.16940770,0.16625914,0.16267148,0.15857955,0.15389037,0.14846462,0.14207905,0.13433824,0.12441920,0.10997811,0.05616190
132780,0.18308422,0.18295553,0.18256859,0.18192075,0.18100742,0.17982192,0.17835509,0.17659480,0.17452528,0.17212602,0.16937031,0.16622293,0.16263660,0.15854617,0.15385867,0.14843482,0.14205143,0.13431316,0.12439724,0.10996037,0.05615600
132840,0.18304151,0.18291287,0.18252609,0.18187850,0.18096554,0.17978051,0.17831426,0.17655466,0.17448594,0.17208760,0.16933295,0.16618675,0.16260176,0.15851282,0.15382700,0.14840505,0.14202383,0.13428810,0.12437529,0.10994266,0.05615011
132900,0.18299884,0.18287026,0.18248363,0.18183630,0.18092370,0.17973914,0.17827346,0.17651456,0.17444664,0.17204923,0.16929562,0.16615061,0.16256695,0.15847950,0.15379536,0.14837531,0.14199625,0.13426307,0.12435337,0.10992496,0.05614423
132960,0.18295621,0.18282768,0.18244121,0.18179413,0.18088190,0.17969781,0.17823271,0.17647449,0.17440738,0.17201089,0.16925833,0.16611451,0.16253217,0.15844622,0.15376374,0.14834559,0.14196870,0.13423805,0.12433146,0.10990727,0.05613835
133020,0.18291363,0.18278515,0.18239883,0.18175201,0.18084014,0.17965652,0.17819199,0.17643446,0.17436815,0.17197259,0.16922107,0.16607843,0.16249742,0.15841296,0.15373216,0.14831590,0.14194118,0.13421306,0.12430957,0.10988960,0.05613249
133080,0.18287108,0.18274265,0.18235649,0.18170993,0.18079842,0.17961527,0.17815132,0.17639448,0.17432897,0.17193432,0.16918386,0.16604240,0.16246271,0.15837974,0.15370061,0.14828623,0.14191368,0.13418810,0.12428770,0.10987195,0.05612663
133140,0.18282858,0.18270020,0.18231419,0.18166789,0.18075674,0.17957405,0.17811068,0.17635453,0.17428982,0.17189609,0.16914667,0.16600639,0.16242803,0.15834654,0.15366909,0.14825660,0.14188620,0.13416315,0.12426586,0.10985431,0.05612078
133200,0.18278612,0.18265779,0.18227193,0.18162589,0.18071510,0.17953288,0.17807009,0.17631462,0.17425071,0.17185790,0.16910952,0.16597042,0.16239338,0.15831338,0.15363759,0.14822699,0.14185875,0.13413823,0.12424403,0.10983668,0.05611495
133260,0.18274371,0.18261543,0.18222972,0.18158394,0.18067351,0.17949176,0.17802954,0.17627475,0.17421164,0.17181975,0.16907242,0.16593449,0.16235877,0.15828025,0.15360613,0.14819741,0.14183133,0.13411334,0.12422222,0.10981908,0.05610912
133320,0.18270133,0.18257310,0.18218755,0.18154202,0.18063196,0.17945067,0.17798902,0.17623492,0.17417261,0.17178163,0.16903534,0.16589859,0.16232420,0.15824716,0.15357470,0.14816786,0.14180394,0.13408846,0.12420043,0.10980148,0.05610330
133380,0.18265900,0.18253082,0.18214542,0.18150015,0.18059044,0.17940962,0.17794855,0.17619513,0.17413361,0.17174355,0.16899830,0.16586273,0.16228965,0.15821409,0.15354329,0.14813834,0.14177656,0.13406361,0.12417866,0.10978391,0.05609748
133440,0.18261670,0.18248858,0.18210333,0.18145831,0.18054897,0.17936861,0.17790811,0.17615537,0.17409465,0.17170551,0.16896130,0.16582689,0.16225513,0.15818105,0.15351192,0.14810884,0.14174922,0.13403878,0.12415691,0.10976634,0.05609168
133500,0.18257444,0.18244637,0.18206128,0.18141652,0.18050753,0.17932764,0.17786771,0.17611565,0.17405573,0.17166750,0.16892433,0.16579109,0.16222065,0.15814804,0.15348057,0.14807937,0.14172189,0.13401397,0.12413518,0.10974880,0.05608589
133560,0.18253223,0.18240421,0.18201927,0.18137476,0.18046613,0.17928670,0.17782734,0.17607597,0.17401684,0.17162952,0.16888739,0.16575533,0.16218620,0.15811507,0.15344925,0.14804993,0.14169459,0.13398918,0.12411347,0.10973126,0.05608010
133620,0.18249006,0.18236208,0.18197730,0.18133305,0.18042478,0.17924581,0.17778702,0.17603633,0.17397799,0.17159159,0.16885049,0.16571959,0.16215178,0.15808212,0.15341796,0.14802051,0.14166732,0.13396441,0.12409177,0.10971375,0.05607432
133680,0.18244792,0.18232000,0.18193537,0.18129137,0.18038346,0.17920496,0.17774674,0.17599672,0.17393918,0.17155368,0.16881362,0.16568390,0.16211739,0.15804921,0.15338670,0.14799112,0.14164007,0.13393967,0.12407010,0.10969624,0.05606856
133740,0.18240583,0.18227796,0.18189348,0.18124973,0.18034218,0.17916414,0.17770649,0.17595715,0.17390040,0.17151582,0.16877679,0.16564823,0.16208304,0.15801632,0.15335547,0.14796175,0.14161284,0.13391495,0.12404844,0.10967876,0.05606280
133800,0.18236377,0.18223596,0.18185163,0.18120814,0.18030094,0.17912336,0.17766628,0.17591762,0.17386166,0.17147799,0.16873999,0.16561260,0.16204872,0.15798347,0.15332426,0.14793242,0.14158564,0.13389025,0.12402681,0.10966128,0.05605705
133860,0.18232176,0.18219399,0.18180982,0.18116658,0.18025974,0.17908262,0.17762611,0.17587813,0.17382296,0.17144019,0.16870323,0.16557700,0.16201442,0.15795064,0.15329309,0.14790311,0.14155847,0.13386557,0.12400519,0.10964383,0.05605130
133920,0.18227979,0.18215207,0.18176805,0.18112507,0.18021858,0.17904193,0.17758598,0.17583867,0.17378429,0.17140243,0.16866650,0.16554143,0.16198017,0.15791785,0.15326194,0.14787382,0.14153132,0.13384092,0.12398359,0.10962638,0.05604557
133980,0.18223786,0.18211019,0.18172632,0.18108359,0.18017746,0.17900127,0.17754588,0.17579926,0.17374566,0.17136471,0.16862981,0.16550590,0.16194594,0.15788509,0.15323082,0.14784457,0.14150419,0.13381629,0.12396201,0.10960896,0.05603984
134040,0.18219597,0.18206835,0.18168463,0.18104215,0.18013638,0.17896064,0.17750583,0.17575988,0.17370707,0.17132702,0.16859315,0.16547040,0.16191174,0.15785235,0.15319974,0.14781534,0.14147709,0.13379168,0.12394045,0.10959154,0.05603413
134100,0.18215411,0.18202655,0.18164298,0.18100075,0.18009534,0.17892006,0.17746581,0.17572053,0.17366852,0.17128937,0.16855652,0.16543494,0.16187758,0.15781965,0.15316868,0.14778613,0.14145001,0.13376709,0.12391891,0.10957415,0.05602842
134160,0.18211230,0.18198479,0.18160137,0.18095940,0.18005434,0.17887952,0.17742583,0.17568123,0.17363000,0.17125175,0.16851993,0.16539951,0.16184345,0.15778698,0.15313764,0.14775696,0.14142296,0.13374252,0.12389739,0.10955676,0.05602272
134220,0.18207053,0.18194307,0.18155980,0.18091808,0.18001337,0.17883901,0.17738589,0.17564196,0.17359151,0.17121417,0.16848338,0.16536411,0.16180935,0.15775434,0.15310664,0.14772781,0.14139593,0.13371798,0.12387588,0.10953940,0.05601703
134280,0.18202880,0.18190139,0.18151827,0.18087680,0.17997245,0.17879855,0.17734599,0.17560273,0.17355307,0.17117663,0.16844686,0.16532874,0.16177528,0.15772173,0.15307567,0.14769868,0.14136892,0.13369345,0.12385440,0.10952204,0.05601135
134340,0.18198711,0.18185975,0.18147678,0.18083557,0.17993157,0.17875812,0.17730613,0.17556354,0.17351466,0.17113912,0.16841037,0.16529341,0.16174125,0.15768915,0.15304472,0.14766959,0.14134194,0.13366895,0.12383293,0.10950471,0.05600568
134400,0.18194546,0.18181815,0.18143533,0.18079437,0.17989072,0.17871774,0.17726630,0.17552439,0.17347629,0.17110165,0.16837392,0.16525811,0.16170725,0.15765660,0.15301381,0.14764052,0.14131499,0.13364448,0.12381149,0.10948738,0.05600001
134460,0.18190385,0.18177658,0.18139392,0.18075321,0.17984991,0.17867738,0.17722651,0.17548527,0.17343795,0.17106421,0.16833750,0.16522284,0.16167327,0.15762408,0.15298292,0.14761147,0.14128806,0.13362002,0.12379006,0.10947008,0.05599436
134520,0.18186228,0.18173506,0.18135255,0.18071209,0.17980915,0.17863707,0.17718676,0.17544618,0.17339965,0.17102680,0.16830112,0.16518761,0.16163933,0.15759159,0.15295206,0.14758246,0.14126115,0.13359558,0.12376865,0.10945278,0.05598871
134580,0.18182075,0.18169358,0.18131121,0.18067100,0.17976842,0.17859680,0.17714705,0.17540714,0.17336138,0.17098943,0.16826477,0.16515241,0.16160542,0.15755913,0.15292122,0.14755347,0.14123427,0.13357117,0.12374726,0.10943550,0.05598307
134640,0.18177925,0.18165214,0.18126992,0.18062996,0.17972773,0.17855656,0.17710737,0.17536813,0.17332315,0.17095210,0.16822845,0.16511724,0.16157154,0.15752669,0.15289042,0.14752450,0.14120741,0.13354678,0.12372588,0.10941824,0.05597744
134700,0.18173780,0.18161073,0.18122867,0.18058896,0.17968707,0.17851636,0.17706774,0.17532916,0.17328496,0.17091480,0.16819217,0.16508211,0.16153770,0.15749429,0.15285964,0.14749556,0.14118058,0.13352241,0.12370453,0.10940099,0.05597181
134760,0.18169639,0.18156937,0.18118745,0.18054800,0.17964646,0.17847621,0.17702814,0.17529023,0.17324681,0.17087754,0.16815592,0.16504701,0.16150388,0.15746192,0.15282890,0.14746665,0.14115377,0.13349806,0.12368320,0.10938376,0.05596620
134820,0.18165502,0.18152805,0.18114628,0.18050707,0.17960589,0.17843609,0.17698858,0.17525133,0.17320869,0.17084031,0.16811971,0.16501194,0.16147010,0.15742958,0.15279818,0.14743777,0.14112698,0.13347373,0.12366188,0.10936654,0.05596059
134880,0.18161368,0.18148677,0.18110515,0.18046619,0.17956535,0.17839601,0.17694905,0.17521247,0.17317060,0.17080312,0.16808353,0.16497690,0.16143635,0.15739727,0.15276749,0.14740891,0.14110022,0.13344943,0.12364058,0.10934933,0.05595500
134940,0.18157239,0.18144552,0.18106405,0.18042534,0.17952486,0.17835596,0.17690957,0.17517365,0.17313256,0.17076596,0.16804738,0.16494190,0.16140263,0.15736499,0.15273682,0.14738007,0.14107348,0.13342514,0.12361931,0.10933214,0.05594941
135000,0.18153114,0.18140432,0.18102300,0.18038454,0.17948440,0.17831596,0.17687012,0.17513486,0.17309455,0.17072884,0.16801127,0.16490693,0.16136894,0.15733274,0.15270619,0.14735127,0.14104677,0.13340088,0.12359805,0.10931497,0.05594383
135060,0.18148992,0.18136316,0.18098198,0.18034377,0.17944399,0.17827599,0.17683071,0.17509612,0.17305657,0.17069176,0.16797520,0.16487199,0.16133528,0.15730052,0.15267558,0.14732249,0.14102008,0.13337664,0.12357681,0.10929781,0.05593826
135120,0.18144875,0.18132203,0.18094100,0.18030304,0.17940360,0.17823606,0.17679133,0.17505740,0.17301863,0.17065470,0.16793915,0.16483708,0.16130166,0.15726833,0.15264501,0.14729373,0.14099341,0.13335242,0.12355558,0.10928066,0.05593269
135180,0.18140761,0.18128094,0.18090007,0.18026235,0.17936326,0.17819617,0.17675199,0.17501873,0.17298072,0.17061768,0.16790314,0.16480221,0.16126806,0.15723617,0.15261445,0.14726501,0.14096677,0.13332823,0.12353438,0.10926353,0.05592714
135240,0.18136651,0.18123989,0.18085917,0.18022170,0.17932296,0.17815631,0.17671269,0.17498009,0.17294286,0.17058070,0.16786716,0.16476737,0.16123449,0.15720403,0.15258393,0.14723630,0.14094016,0.13330405,0.12351319,0.10924641,0.05592159
135300,0.18132546,0.18119888,0.18081831,0.18018108,0.17928269,0.17811650,0.17667343,0.17494148,0.17290502,0.17054375,0.16783122,0.16473256,0.16120096,0.15717193,0.15255344,0.14720763,0.14091356,0.13327990,0.12349203,0.10922931,0.05591605
135360,0.18128444,0.18115791,0.18077748,0.18014051,0.17924246,0.17807672,0.17663420,0.17490292,0.17286722,0.17050684,0.16779531,0.16469779,0.16116746,0.15713986,0.15252297,0.14717898,0.14088699,0.13325576,0.12347088,0.10921222,0.05591052
135420,0.18124346,0.18111698,0.18073670,0.18009997,0.17920227,0.17803698,0.17659501,0.17486439,0.17282946,0.17046996,0.16775944,0.16466304,0.16113399,0.15710781,0.15249253,0.14715035,0.14086045,0.13323165,0.12344975,0.10919515,0.05590500
135480,0.18120252,0.18107609,0.18069595,0.18005947,0.17916212,0.17799727,0.17655586,0.17482589,0.17279173,0.17043311,0.16772359,0.16462833,0.16110055,0.15707580,0.15246212,0.14712175,0.14083392,0.13320756,0.12342864,0.10917809,0.05589948
135540,0.18116161,0.18103524,0.18065525,0.18001901,0.17912201,0.17795761,0.17651675,0.17478743,0.17275404,0.17039630,0.16768778,0.16459365,0.16106714,0.15704381,0.15243173,0.14709318,0.14080742,0.13318349,0.12340754,0.10916105,0.05589398
135600,0.18112075,0.18099442,0.18061458,0.17997859,0.17908193,0.17791798,0.17647767,0.17474901,0.17271639,0.17035953,0.16765201,0.16455900,0.16103376,0.15701186,0.15240138,0.14706463,0.14078095,0.13315944,0.12338647,0.10914402,0.05588848
135660,0.18107992,0.18095365,0.18057395,0.17993821,0.17904190,0.17787839,0.17643863,0.17471063,0.17267877,0.17032278,0.16761626,0.16452439,0.16100041,0.15697993,0.15237105,0.14703611,0.14075450,0.13313542,0.12336541,0.10912700,0.05588299
135720,0.18103914,0.18091291,0.18053336,0.17989786,0.17900190,0.17783883,0.17639962,0.17467228,0.17264118,0.17028608,0.16758055,0.16448980,0.16096709,0.15694803,0.15234075,0.14700762,0.14072807,0.13311141,0.12334437,0.10911000,0.05587751
135780,0.18099839,0.18087221,0.18049281,0.17985756,0.17896193,0.17779932,0.17636065,0.17463396,0.17260363,0.17024940,0.16754488,0.16445525,0.16093380,0.15691616,0.15231047,0.14697915,0.14070167,0.13308743,0.12332335,0.10909301,0.05587203
135840,0.18095768,0.18083155,0.18045230,0.17981729,0.17892201,0.17775984,0.17632172,0.17459568,0.17256611,0.17021276,0.16750924,0.16442073,0.16090055,0.15688432,0.15228023,0.14695070,0.14067528,0.13306346,0.12330235,0.10907604,0.05586657
135900,0.18091701,0.18079093,0.18041182,0.17977706,0.17888212,0.17772040,0.17628283,0.17455744,0.17252863,0.17017616,0.16747363,0.16438625,0.16086732,0.15685251,0.15225001,0.14692229,0.14064893,0.13303952,0.12328136,0.10905909,0.05586111
135960,0.18087638,0.18075035,0.18037138,0.17973687,0.17884227,0.17768099,0.17624397,0.17451924,0.17249119,0.17013959,0.16743805,0.16435179,0.16083413,0.15682073,0.15221982,0.14689389,0.14062259,0.13301560,0.12326040,0.10904214,0.05585566
136020,0.18083579,0.18070980,0.18033099,0.17969671,0.17880246,0.17764162,0.17620515,0.17448107,0.17245378,0.17010305,0.16740250,0.16431737,0.16080096,0.15678898,0.15218965,0.14686553,0.14059628,0.13299170,0.12323945,0.10902521,0.05585022
136080,0.18079523,0.18066930,0.18029063,0.17965659,0.17876269,0.17760229,0.17616636,0.17444293,0.17241640,0.17006655,0.16736699,0.16428298,0.16076783,0.15675726,0.15215952,0.14683718,0.14057000,0.13296782,0.12321852,0.10900830,0.05584479
136140,0.18075471,0.18062883,0.18025030,0.17961652,0.17872295,0.17756300,0.17612762,0.17440483,0.17237906,0.17003008,0.16733152,0.16424862,0.16073472,0.15672556,0.15212941,0.14680887,0.14054373,0.13294396,0.12319761,0.10899140,0.05583936
136200,0.18071424,0.18058840,0.18021002,0.17957647,0.17868325,0.17752374,0.17608890,0.17436677,0.17234176,0.16999364,0.16729607,0.16421429,0.16070165,0.15669390,0.15209933,0.14678058,0.14051749,0.13292013,0.12317672,0.10897451,0.05583395
136260,0.18067380,0.18054800,0.18016977,0.17953647,0.17864359,0.17748452,0.17605023,0.17432874,0.17230449,0.16995724,0.16726066,0.16417999,0.16066861,0.15666226,0.15206927,0.14675231,0.14049128,0.13289631,0.12315584,0.10895764,0.05582854
136320,0.18063339,0.18050765,0.18012956,0.17949651,0.17860397,0.17744534,0.17601159,0.17429075,0.17226725,0.16992088,0.16722528,0.16414573,0.16063559,0.15663065,0.15203924,0.14672407,0.14046508,0.13287252,0.12313499,0.10894078,0.05582314
136380,0.18059303,0.18046734,0.18008939,0.17945658,0.17856438,0.17740619,0.17597298,0.17425279,0.17223005,0.16988454,0.16718993,0.16411149,0.16060261,0.15659907,0.15200924,0.14669586,0.14043891,0.13284874,0.12311415,0.10892394,0.05581774
136440,0.18055270,0.18042706,0.18004926,0.17941669,0.17852483,0.17736708,0.17593442,0.17421487,0.17219288,0.16984824,0.16715462,0.16407729,0.16056966,0.15656752,0.15197927,0.14666767,0.14041277,0.13282499,0.12309333,0.10890711,0.05581236
136500,0.18051241,0.18038682,0.18000916,0.17937683,0.17848532,0.17732801,0.17589588,0.17417699,0.17215575,0.16981198,0.16711933,0.16404312,0.16053674,0.15653600,0.15194932,0.14663950,0.14038664,0.13280126,0.12307252,0.10889029,0.05580698
136560,0.18047216,0.18034662,0.17996911,0.17933702,0.17844584,0.17728898,0.17585739,0.17413914,0.17211865,0.16977574,0.16708409,0.16400898,0.16050384,0.15650451,0.15191940,0.14661136,0.14036054,0.13277754,0.12305174,0.10887349,0.05580161
136620,0.18043195,0.18030645,0.17992909,0.17929724,0.17840640,0.17724998,0.17581893,0.17410132,0.17208159,0.16973954,0.16704887,0.16397487,0.16047098,0.15647305,0.15188951,0.14658325,0.14033447,0.13275385,0.12303097,0.10885671,0.05579625
136680,0.18039178,0.18026632,0.17988911,0.17925750,0.17836700,0.17721101,0.17578051,0.17406354,0.17204456,0.16970338,0.16701369,0.16394079,0.16043815,0.15644161,0.15185965,0.14655516,0.14030841,0.13273018,0.12301022,0.10883993,0.05579090
136740,0.18035164,0.18022624,0.17984916,0.17921780,0.17832764,0.17717209,0.17574212,0.17402580,0.17200757,0.16966725,0.16697853,0.16390675,0.16040535,0.15641020,0.15182981,0.14652710,0.14028238,0.13270653,0.12298949,0.10882318,0.05578555
136800,0.18031154,0.18018618,0.17980925,0.17917813,0.17828831,0.17713319,0.17570377,0.17398809,0.17197061,0.16963115,0.16694341,0.16387274,0.16037258,0.15637883,0.15180000,0.14649906,0.14025637,0.13268291,0.12296877,0.10880643,0.05578021
136860,0.18027149,0.18014618,0.17976939,0.17913850,0.17824902,0.17709435,0.17566546,0.17395042,0.17193369,0.16959509,0.16690833,0.16383876,0.16033984,0.15634748,0.15177022,0.14647105,0.14023039,0.13265930,0.12294808,0.10878970,0.05577488
136920,0.18023147,0.18010620,0.17972956,0.17909892,0.17820977,0.17705553,0.17562718,0.17391278,0.17189680,0.16955906,0.16687328,0.16380481,0.16030713,0.15631616,0.15174046,0.14644306,0.14020443,0.13263571,0.12292740,0.10877299,0.05576956
136980,0.18019148,0.18006627,0.17968977,0.17905936,0.17817056,0.17701675,0.17558894,0.17387518,0.17185994,0.16952306,0.16683826,0.16377089,0.16027445,0.15628487,0.15171073,0.14641510,0.14017849,0.13261215,0.12290675,0.10875629,0.05576425
137040,0.18015153,0.18002637,0.17965001,0.17901985,0.17813138,0.17697801,0.17555073,0.17383761,0.17182312,0.16948710,0.16680327,0.16373700,0.16024179,0.15625360,0.15168103,0.14638716,0.14015258,0.13258860,0.12288610,0.10873960,0.05575894
137100,0.18011162,0.17998650,0.17961029,0.17898037,0.17809223,0.17693930,0.17551255,0.17380008,0.17178633,0.16945117,0.16676831,0.16370314,0.16020917,0.15622237,0.15165135,0.14635925,0.14012669,0.13256508,0.12286548,0.10872293,0.05575364
137160,0.18007175,0.17994668,0.17957061,0.17894092,0.17805312,0.17690063,0.17547442,0.17376258,0.17174958,0.16941527,0.16673339,0.16366931,0.16017658,0.15619116,0.15162170,0.14633136,0.14010082,0.13254157,0.12284487,0.10870626,0.05574835
137220,0.18003191,0.17990689,0.17953096,0.17890151,0.17801405,0.17686199,0.17543631,0.17372511,0.17171286,0.16937940,0.16669849,0.16363552,0.16014401,0.15615998,0.15159208,0.14630350,0.14007497,0.13251809,0.12282428,0.10868962,0.05574307
137280,0.17999211,0.17986714,0.17949135,0.17886214,0.17797502,0.17682339,0.17539825,0.17368768,0.17167617,0.16934357,0.16666363,0.16360175,0.16011148,0.15612883,0.15156248,0.14627566,0.14004914,0.13249462,0.12280371,0.10867299,0.05573779
137340,0.17995235,0.17982742,0.17945178,0.17882281,0.17793602,0.17678482,0.17536021,0.17365028,0.17163951,0.16930777,0.16662880,0.16356802,0.16007897,0.15609770,0.15153291,0.14624784,0.14002334,0.13247118,0.12278316,0.10865637,0.05573253
137400,0.17991262,0.17978774,0.17941224,0.17878351,0.17789705,0.17674629,0.17532221,0.17361292,0.17160289,0.16927200,0.16659400,0.16353431,0.16004650,0.15606661,0.15150336,0.14622005,0.13999756,0.13244775,0.12276262,0.10863976,0.05572727
137460,0.17987293,0.17974810,0.17937274,0.17874425,0.17785812,0.17670779,0.17528425,0.17357559,0.17156631,0.16923626,0.16655923,0.16350064,0.16001405,0.15603554,0.15147384,0.14619229,0.13997180,0.13242435,0.12274210,0.10862317,0.05572201
137520,0.17983328,0.17970849,0.17933328,0.17870502,0.17781923,0.17666933,0.17524632,0.17353830,0.17152975,0.16920056,0.16652450,0.16346699,0.15998163,0.15600450,0.15144435,0.14616454,0.13994607,0.13240097,0.12272160,0.10860659,0.05571677
137580,0.17979366,0.17966892,0.17929385,0.17866583,0.17778038,0.17663091,0.17520843,0.17350104,0.17149323,0.16916489,0.16648979,0.16343338,0.15994924,0.15597348,0.15141488,0.14613683,0.13992035,0.13237760,0.12270111,0.10859003,0.05571153
137640,0.17975408,0.17962939,0.17925446,0.17862668,0.17774156,0.17659252,0.17517057,0.17346381,0.17145675,0.16912925,0.16645512,0.16339979,0.15991688,0.15594250,0.15138544,0.14610913,0.13989466,0.13235426,0.12268064,0.10857348,0.05570630
137700,0.17971454,0.17958989,0.17921511,0.17858756,0.17770277,0.17655417,0.17513275,0.17342662,0.17142029,0.16909365,0.16642048,0.16336624,0.15988455,0.15591154,0.15135603,0.14608147,0.13986900,0.13233093,0.12266019,0.10855694,0.05570108
137760,0.17967503,0.17955044,0.17917579,0.17854848,0.17766403,0.17651585,0.17509496,0.17338947,0.17138387,0.16905807,0.16638587,0.16333272,0.15985225,0.15588061,0.15132664,0.14605382,0.13984335,0.13230763,0.12263976,0.10854042,0.05569587
137820,0.17963556,0.17951101,0.17913651,0.17850944,0.17762531,0.17647757,0.17505721,0.17335234,0.17134749,0.16902253,0.16635129,0.16329923,0.15981998,0.15584971,0.15129728,0.14602620,0.13981773,0.13228435,0.12261934,0.10852391,0.05569066
137880,0.17959613,0.17947163,0.17909726,0.17847043,0.17758664,0.17643932,0.17501949,0.17331526,0.17131113,0.16898703,0.16631675,0.16326576,0.15978774,0.15581883,0.15126794,0.14599861,0.13979213,0.13226109,0.12259895,0.10850742,0.05568546
137940,0.17955673,0.17943228,0.17905806,0.17843146,0.17754800,0.17640111,0.17498181,0.17327820,0.17127482,0.16895155,0.16628223,0.16323233,0.15975553,0.15578799,0.15123863,0.14597104,0.13976655,0.13223784,0.12257857,0.10849093,0.05568027
138000,0.17951738,0.17939297,0.17901889,0.17839252,0.17750939,0.17636293,0.17494416,0.17324118,0.17123853,0.16891611,0.16624775,0.16319893,0.15972334,0.15575717,0.15120935,0.14594349,0.13974099,0.13221462,0.12255820,0.10847447,0.05567509
138060,0.17947805,0.17935369,0.17897975,0.17835362,0.17747083,0.17632479,0.17490654,0.17320420,0.17120228,0.16888070,0.16621330,0.16316556,0.15969119,0.15572638,0.15118009,0.14591597,0.13971546,0.13219142,0.12253786,0.10845801,0.05566991
138120,0.17943877,0.17931445,0.17894065,0.17831476,0.17743229,0.17628669,0.17486896,0.17316724,0.17116606,0.16884532,0.16617887,0.16313222,0.15965906,0.15569561,0.15115086,0.14588847,0.13968995,0.13216824,0.12251753,0.10844157,0.05566474
138180,0.17939951,0.17927525,0.17890159,0.17827593,0.17739379,0.17624861,0.17483142,0.17313032,0.17112987,0.16880998,0.16614448,0.16309891,0.15962696,0.15566487,0.15112165,0.14586100,0.13966446,0.13214507,0.12249722,0.10842515,0.05565958
138240,0.17936030,0.17923608,0.17886256,0.17823714,0.17735533,0.17621058,0.17479390,0.17309344,0.17109371,0.16877466,0.16611013,0.16306563,0.15959489,0.15563416,0.15109247,0.14583355,0.13963899,0.13212193,0.12247692,0.10840873,0.05565442
138300,0.17932112,0.17919695,0.17882357,0.17819838,0.17731690,0.17617258,0.17475643,0.17305659,0.17105759,0.16873938,0.16607580,0.16303238,0.15956285,0.15560348,0.15106332,0.14580612,0.13961355,0.13209881,0.12245664,0.10839233,0.05564928
138360,0.17928198,0.17915785,0.17878461,0.17815966,0.17727851,0.17613461,0.17471899,0.17301977,0.17102151,0.16870413,0.16604150,0.16299916,0.15953084,0.15557283,0.15103419,0.14577872,0.13958813,0.13207570,0.12243638,0.10837595,0.05564414
138420,0.17924287,0.17911879,0.17874569,0.17812097,0.17724015,0.17609668,0.17468158,0.17298299,0.17098545,0.16866891,0.16600724,0.16296597,0.15949886,0.15554220,0.15100509,0.14575135,0.13956273,0.13205262,0.12241614,0.10835957,0.05563901
138480,0.17920380,0.17907977,0.17870681,0.17808232,0.17720183,0.17605878,0.17464420,0.17294624,0.17094943,0.16863373,0.16597300,0.16293280,0.15946690,0.15551160,0.15097601,0.14572399,0.13953735,0.13202956,0.12239592,0.10834321,0.05563388
138540,0.17916477,0.17904078,0.17866796,0.17804371,0.17716355,0.17602092,0.17460687,0.17290952,0.17091344,0.16859857,0.16593880,0.16289967,0.15943498,0.15548103,0.15094696,0.14569666,0.13951199,0.13200651,0.12237571,0.10832687,0.05562877
138600,0.17912577,0.17900183,0.17862915,0.17800513,0.17712530,0.17598309,0.17456956,0.17287284,0.17087748,0.16856345,0.16590463,0.16286657,0.15940308,0.15545048,0.15091794,0.14566936,0.13948666,0.13198349,0.12235552,0.10831054,0.05562366
138660,0.17908681,0.17896292,0.17859038,0.17796659,0.17708708,0.17594530,0.17453229,0.17283619,0.17084156,0.16852837,0.16587049,0.16283350,0.15937121,0.15541997,0.15088894,0.14564208,0.13946135,0.13196049,0.12233534,0.10829422,0.05561856
138720,0.17904789,0.17892404,0.17855164,0.17792808,0.17704890,0.17590755,0.17449506,0.17279958,0.17080567,0.16849331,0.16583638,0.16280046,0.15933938,0.15538948,0.15085996,0.14561482,0.13943606,0.13193750,0.12231519,0.10827791,0.05561346
138780,0.17900900,0.17888520,0.17851293,0.17788961,0.17701076,0.17586983,0.17445785,0.17276300,0.17076981,0.16845828,0.16580230,0.16276745,0.15930756,0.15535901,0.15083102,0.14558759,0.13941079,0.13191454,0.12229505,0.10826162,0.05560837
138840,0.17897014,0.17884639,0.17847426,0.17785117,0.17697265,0.17583214,0.17442069,0.17272645,0.17073399,0.16842329,0.16576825,0.16273447,0.15927578,0.15532858,0.15080209,0.14556038,0.13938554,0.13189159,0.12227492,0.10824534,0.05560329
138900,0.17893133,0.17880762,0.17843563,0.17781277,0.17693457,0.17579448,0.17438355,0.17268993,0.17069820,0.16838833,0.16573423,0.16270152,0.15924403,0.15529817,0.15077320,0.14553320,0.13936032,0.13186867,0.12225482,0.10822908,0.05559822
138960,0.17889254,0.17876888,0.17839703,0.17777441,0.17689653,0.17575686,0.17434645,0.17265345,0.17066244,0.16835339,0.16570024,0.16266859,0.15921230,0.15526778,0.15074432,0.14550603,0.13933512,0.13184576,0.12223473,0.10821283,0.05559316
139020,0.17885379,0.17873018,0.17835847,0.17773608,0.17685853,0.17571928,0.17430938,0.17261700,0.17062671,0.16831850,0.16566629,0.16263570,0.15918060,0.15523743,0.15071548,0.14547890,0.13930994,0.13182288,0.12221465,0.10819659,0.05558810
139080,0.17881508,0.17869151,0.17831994,0.17769778,0.17682055,0.17568173,0.17427235,0.17258058,0.17059101,0.16828363,0.16563236,0.16260284,0.15914893,0.15520710,0.15068666,0.14545178,0.13928478,0.13180001,0.12219460,0.10818036,0.05558305
139140,0.17877641,0.17865288,0.17828145,0.17765952,0.17678262,0.17564421,0.17423535,0.17254420,0.17055535,0.16824879,0.16559846,0.16257000,0.15911729,0.15517680,0.15065786,0.14542469,0.13925964,0.13177716,0.12217456,0.10816415,0.05557801
139200,0.17873777,0.17861429,0.17824299,0.17762129,0.17674472,0.17560673,0.17419838,0.17250785,0.17051972,0.16821399,0.16556460,0.16253720,0.15908568,0.15514652,0.15062909,0.14539762,0.13923452,0.13175434,0.12215454,0.10814796,0.05557297
139260,0.17869916,0.17857573,0.17820457,0.17758310,0.17670685,0.17556928,0.17416145,0.17247153,0.17048412,0.16817921,0.16553076,0.16250442,0.15905409,0.15511627,0.15060035,0.14537058,0.13920943,0.13173153,0.12213453,0.10813177,0.05556794
139320,0.17866059,0.17853720,0.17816619,0.17754495,0.17666902,0.17553187,0.17412455,0.17243525,0.17044855,0.16814447,0.16549696,0.16247168,0.15902254,0.15508605,0.15057163,0.14534356,0.13918436,0.13170874,0.12211454,0.10811560,0.05556292
139380,0.17862206,0.17849871,0.17812784,0.17750682,0.17663122,0.17549449,0.17408769,0.17239900,0.17041302,0.16810976,0.16546318,0.16243896,0.15899101,0.15505586,0.15054293,0.14531657,0.13915931,0.13168597,0.12209457,0.10809944,0.05555790
139440,0.17858356,0.17846026,0.17808952,0.17746874,0.17659346,0.17545714,0.17405086,0.17236278,0.17037752,0.16807508,0.16542944,0.16240627,0.15895951,0.15502569,0.15051426,0.14528959,0.13913428,0.13166322,0.12207462,0.10808330,0.05555290
139500,0.17854509,0.17842184,0.17805124,0.17743069,0.17655573,0.17541983,0.17401406,0.17232660,0.17034205,0.16804043,0.16539573,0.16237361,0.15892804,0.15499555,0.15048562,0.14526264,0.13910927,0.13164049,0.12205468,0.10806716,0.05554790
139560,0.17850666,0.17838346,0.17801299,0.17739267,0.17651803,0.17538255,0.17397729,0.17229044,0.17030661,0.16800582,0.16536204,0.16234098,0.15889659,0.15496543,0.15045700,0.14523572,0.13908429,0.13161778,0.12203476,0.10805104,0.05554290
139620,0.17846827,0.17834511,0.17797478,0.17735469,0.17648037,0.17534531,0.17394056,0.17225432,0.17027120,0.16797123,0.16532839,0.16230838,0.15886517,0.15493535,0.15042841,0.14520882,0.13905932,0.13159509,0.12201485,0.10803494,0.05553792
139680,0.17842991,0.17830680,0.17793661,0.17731674,0.17644275,0.17530810,0.17390387,0.17221824,0.17023583,0.16793668,0.16529477,0.16227581,0.15883379,0.15490528,0.15039984,0.14518194,0.13903438,0.13157242,0.12199496,0.10801885,0.05553294
139740,0.17839159,0.17826852,0.17789846,0.17727883,0.17640516,0.17527092,0.17386720,0.17218218,0.17020049,0.16790215,0.16526118,0.16224327,0.15880242,0.15487525,0.15037129,0.14515508,0.13900946,0.13154976,0.12197509,0.10800277,0.05552797
139800,0.17835330,0.17823028,0.17786036,0.17724095,0.17636760,0.17523378,0.17383057,0.17214616,0.17016518,0.16786766,0.16522761,0.16221076,0.15877109,0.15484524,0.15034278,0.14512825,0.13898456,0.13152713,0.12195524,0.10798670,0.05552300
139860,0.17831504,0.17819207,0.17782229,0.17720311,0.17633008,0.17519667,0.17379397,0.17211017,0.17012990,0.16783320,0.16519408,0.16217827,0.15873979,0.15481526,0.15031428,0.14510144,0.13895968,0.13150452,0.12193540,0.10797065,0.05551805
139920,0.17827683,0.17815389,0.17778425,0.17716530,0.17629259,0.17515960,0.17375741,0.17207422,0.17009465,0.16779877,0.16516058,0.16214582,0.15870851,0.15478530,0.15028581,0.14507465,0.13893483,0.13148192,0.12191558,0.10795461,0.05551310
139980,0.17823864,0.17811576,0.17774625,0.17712752,0.17625513,0.17512256,0.17372088,0.17203829,0.17005944,0.16776437,0.16512710,0.16211339,0.15867726,0.15475537,0.15025737,0.14504789,0.13890999,0.13145935,0.12189577,0.10793858,0.05550815
140040,0.17820049,0.17807765,0.17770828,0.17708978,0.17621771,0.17508555,0.17368438,0.17200240,0.17002425,0.16773000,0.16509366,0.16208100,0.15864604,0.15472547,0.15022895,0.14502115,0.13888518,0.13143679,0.12187598,0.10792257,0.05550322
140100,0.17816238,0.17803958,0.17767034,0.17705207,0.17618032,0.17504858,0.17364791,0.17196654,0.16998910,0.16769566,0.16506025,0.16204863,0.15861484,0.15469559,0.15020056,0.14499444,0.13886038,0.13141425,0.12185621,0.10790657,0.05549829
140160,0.17812430,0.17800155,0.17763245,0.17701440,0.17614297,0.17501163,0.17361148,0.17193071,0.16995398,0.16766135,0.16502687,0.16201629,0.15858367,0.15466574,0.15017219,0.14496774,0.13883561,0.13139173,0.12183646,0.10789058,0.05549337
140220,0.17808625,0.17796355,0.17759458,0.17697676,0.17610565,0.17497473,0.17357508,0.17189492,0.16991889,0.16762708,0.16499351,0.16198398,0.15855254,0.15463592,0.15014384,0.14494108,0.13881086,0.13136923,0.12181672,0.10787461,0.05548845
140280,0.17804824,0.17792558,0.17755675,0.17693916,0.17606837,0.17493785,0.17353871,0.17185916,0.16988384,0.16759283,0.16496019,0.16195169,0.15852142,0.15460612,0.15011552,0.14491443,0.13878613,0.13134675,0.12179700,0.10785864,0.05548354
140340,0.17801027,0.17788765,0.17751895,0.17690159,0.17603112,0.17490101,0.17350238,0.17182343,0.16984881,0.16755862,0.16492690,0.16191944,0.15849034,0.15457635,0.15008723,0.14488780,0.13876142,0.13132429,0.12177729,0.10784270,0.05547864
140400,0.17797232,0.17784975,0.17748119,0.17686406,0.17599390,0.17486421,0.17346608,0.17178773,0.16981382,0.16752443,0.16489363,0.16188722,0.15845928,0.15454660,0.15005896,0.14486120,0.13873674,0.13130185,0.12175760,0.10782676,0.05547375
140460,0.17793442,0.17781190,0.17744347,0.17682656,0.17595672,0.17482744,0.17342981,0.17175207,0.16977886,0.16749028,0.16486040,0.16185502,0.15842826,0.15451689,0.15003072,0.14483463,0.13871207,0.13127943,0.12173793,0.10781084,0.05546886
140520,0.17789655,0.17777407,0.17740578,0.17678910,0.17591957,0.17479070,0.17339358,0.17171644,0.16974393,0.16745616,0.16482720,0.16182286,0.15839726,0.15448720,0.15000250,0.14480808,0.13868743,0.13125703,0.12171827,0.10779493,0.05546398
140580,0.17785872,0.17773628,0.17736812,0.17675166,0.17588246,0.17475400,0.17335738,0.17168084,0.16970903,0.16742207,0.16479403,0.16179072,0.15836628,0.15445753,0.14997430,0.14478155,0.13866281,0.13123464,0.12169863,0.10777904,0.05545911
140640,0.17782091,0.17769852,0.17733050,0.17671426,0.17584537,0.17471732,0.17332121,0.17164527,0.16967417,0.16738801,0.16476088,0.16175861,0.15833534,0.15442789,0.14994613,0.14475504,0.13863821,0.13121227,0.12167901,0.10776315,0.05545425
140700,0.17778314,0.17766080,0.17729291,0.17667690,0.17580832,0.17468068,0.17328507,0.17160973,0.16963933,0.16735398,0.16472777,0.16172653,0.15830442,0.15439828,0.14991798,0.14472855,0.13861363,0.13118993,0.12165940,0.10774728,0.05544939
140760,0.17774541,0.17762311,0.17725535,0.17663957,0.17577131,0.17464407,0.17324897,0.17157422,0.16960452,0.16731998,0.16469468,0.16169447,0.15827352,0.15436869,0.14988986,0.14470209,0.13858907,0.13116760,0.12163981,0.10773142,0.05544453
140820,0.17770770,0.17758545,0.17721783,0.17660227,0.17573432,0.17460750,0.17321289,0.17153875,0.16956975,0.16728601,0.16466162,0.16166245,0.15824266,0.15433912,0.14986176,0.14467565,0.13856453,0.13114529,0.12162023,0.10771558,0.05543969
140880,0.17767004,0.17754782,0.17718034,0.17656500,0.17569737,0.17457095,0.17317685,0.17150331,0.16953500,0.16725206,0.16462859,0.16163045,0.15821182,0.15430958,0.14983369,0.14464923,0.13854001,0.13112300,0.12160068,0.10769975,0.05543485
140940,0.17763240,0.17751023,0.17714288,0.17652777,0.17566046,0.17453444,0.17314084,0.17146790,0.16950029,0.16721815,0.16459559,0.16159848,0.15818101,0.15428007,0.14980564,0.14462284,0.13851551,0.13110072,0.12158113,0.10768393,0.05543002
141000,0.17759480,0.17747268,0.17710546,0.17649057,0.17562357,0.17449797,0.17310486,0.17143252,0.16946561,0.16718427,0.16456262,0.16156654,0.15815022,0.15425058,0.14977761,0.14459646,0.13849103,0.13107847,0.12156160,0.10766812,0.05542519
141060,0.17755723,0.17743516,0.17706807,0.17645341,0.17558672,0.17446152,0.17306892,0.17139717,0.16943095,0.16715042,0.16452968,0.16153462,0.15811946,0.15422112,0.14974961,0.14457011,0.13846658,0.13105623,0.12154209,0.10765232,0.05542038
141120,0.17751970,0.17739767,0.17703072,0.17641627,0.17554990,0.17442511,0.17303301,0.17136185,0.16939633,0.16711660,0.16449677,0.16150274,0.15808873,0.15419169,0.14972163,0.14454378,0.13844214,0.13103402,0.12152260,0.10763654,0.05541556
141180,0.17748220,0.17736021,0.17699339,0.17637917,0.17551312,0.17438873,0.17299712,0.17132656,0.16936174,0.16708280,0.16446388,0.16147088,0.15805802,0.15416227,0.14969367,0.14451748,0.13841772,0.13101182,0.12150312,0.10762077,0.05541076
141240,0.17744473,0.17732279,0.17695611,0.17634211,0.17547636,0.17435238,0.17296127,0.17129131,0.16932718,0.16704904,0.16443103,0.16143905,0.15802734,0.15413289,0.14966574,0.14449120,0.13839333,0.13098964,0.12148365,0.10760502,0.05540596
141300,0.17740730,0.17728540,0.17691885,0.17630508,0.17543964,0.17431606,0.17292546,0.17125608,0.16929265,0.16701531,0.16439820,0.16140724,0.15799669,0.15410353,0.14963784,0.14446494,0.13836895,0.13096747,0.12146421,0.10758927,0.05540117
141360,0.17736990,0.17724804,0.17688163,0.17626808,0.17540296,0.17427978,0.17288967,0.17122089,0.16925815,0.16698161,0.16436540,0.16137547,0.15796607,0.15407419,0.14960995,0.14443870,0.13834460,0.13094533,0.12144478,0.10757354,0.05539639
141420,0.17733254,0.17721072,0.17684444,0.17623111,0.17536630,0.17424353,0.17285392,0.17118573,0.16922368,0.16694793,0.16433264,0.16134372,0.15793547,0.15404489,0.14958210,0.14441248,0.13832027,0.13092321,0.12142536,0.10755782,0.05539161
141480,0.17729520,0.17717344,0.17680729,0.17619418,0.17532968,0.17420731,0.17281820,0.17115060,0.16918924,0.16691429,0.16429990,0.16131200,0.15790490,0.15401560,0.14955426,0.14438629,0.13829596,0.13090110,0.12140596,0.10754212,0.05538684
141540,0.17725791,0.17713618,0.17677016,0.17615728,0.17529309,0.17417113,0.17278251,0.17111551,0.16915484,0.16688068,0.16426719,0.16128031,0.15787435,0.15398634,0.14952645,0.14436012,0.13827166,0.13087901,0.12138658,0.10752642,0.05538207
141600,0.17722064,0.17709896,0.17673308,0.17612041,0.17525654,0.17413497,0.17274685,0.17108044,0.16912046,0.16684709,0.16423451,0.16124865,0.15784383,0.15395711,0.14949867,0.14433397,0.13824739,0.13085694,0.12136721,0.10751074,0.05537732
141660,0.17718341,0.17706177,0.17669602,0.17608358,0.17522002,0.17409885,0.17271123,0.17104540,0.16908612,0.16681354,0.16420185,0.16121702,0.15781334,0.15392791,0.14947090,0.14430784,0.13822314,0.13083489,0.12134786,0.10749508,0.05537257
141720,0.17714621,0.17702462,0.17665900,0.17604678,0.17518352,0.17406276,0.17267563,0.17101040,0.16905180,0.16678002,0.16416923,0.16118541,0.15778288,0.15389872,0.14944317,0.14428174,0.13819891,0.13081286,0.12132853,0.10747942,0.05536782
141780,0.17710905,0.17698750,0.17662201,0.17601001,0.17514707,0.17402671,0.17264007,0.17097542,0.16901751,0.16674652,0.16413663,0.16115383,0.15775244,0.15386957,0.14941545,0.14425566,0.13817470,0.13079085,0.12130921,0.10746378,0.05536309
141840,0.17707191,0.17695041,0.17658505,0.17597327,0.17511064,0.17399068,0.17260453,0.17094048,0.16898326,0.16671305,0.16410406,0.16112227,0.15772203,0.15384043,0.14938776,0.14422960,0.13815051,0.13076885,0.12128990,0.10744815,0.05535835
141900,0.17703481,0.17691335,0.17654813,0.17593657,0.17507424,0.17395469,0.17256903,0.17090557,0.16894903,0.16667962,0.16407153,0.16109075,0.15769164,0.15381133,0.14936009,0.14420356,0.13812634,0.13074687,0.12127061,0.10743253,0.05535363
141960,0.17699775,0.17687633,0.17651124,0.17589990,0.17503788,0.17391873,0.17253357,0.17087069,0.16891483,0.16664621,0.16403901,0.16105925,0.15766128,0.15378224,0.14933245,0.14417754,0.13810219,0.13072491,0.12125134,0.10741692,0.05534891
142020,0.17696071,0.17683934,0.17647438,0.17586326,0.17500155,0.17388280,0.17249813,0.17083584,0.16888067,0.16661283,0.16400653,0.16102778,0.15763095,0.15375319,0.14930483,0.14415155,0.13807806,0.13070297,0.12123208,0.10740133,0.05534420
142080,0.17692371,0.17680239,0.17643756,0.17582665,0.17496526,0.17384690,0.17246272,0.17080102,0.16884653,0.16657948,0.16397408,0.16099634,0.15760064,0.15372416,0.14927723,0.14412558,0.13805396,0.13068105,0.12121284,0.10738575,0.05533950
142140,0.17688675,0.17676546,0.17640076,0.17579008,0.17492899,0.17381103,0.17242735,0.17076623,0.16881243,0.16654617,0.16394165,0.16096492,0.15757036,0.15369515,0.14924966,0.14409963,0.13802987,0.13065915,0.12119362,0.10737018,0.05533480
142200,0.17684981,0.17672857,0.17636401,0.17575354,0.17489276,0.17377520,0.17239201,0.17073147,0.16877836,0.16651288,0.16390926,0.16093353,0.15754010,0.15366617,0.14922211,0.14407370,0.13800580,0.13063726,0.12117441,0.10735462,0.05533011
142260,0.17681291,0.17669172,0.17632728,0.17571703,0.17485656,0.17373940,0.17235670,0.17069675,0.16874431,0.16647962,0.16387689,0.16090217,0.15750988,0.15363721,0.14919459,0.14404780,0.13798175,0.13061539,0.12115522,0.10733908,0.05532543
142320,0.17677605,0.17665489,0.17629059,0.17568056,0.17482040,0.17370363,0.17232142,0.17066205,0.16871030,0.16644639,0.16384455,0.16087084,0.15747968,0.15360828,0.14916708,0.14402192,0.13795773,0.13059354,0.12113604,0.10732355,0.05532075
142380,0.17673921,0.17661810,0.17625393,0.17564412,0.17478427,0.17366790,0.17228617,0.17062739,0.16867632,0.16641319,0.16381224,0.16083954,0.15744950,0.15357938,0.14913961,0.14399606,0.13793372,0.13057171,0.12111688,0.10730803,0.05531608
142440,0.17670241,0.17658135,0.17621730,0.17560771,0.17474816,0.17363219,0.17225095,0.17059275,0.16864236,0.16638001,0.16377996,0.16080826,0.15741935,0.15355050,0.14911215,0.14397022,0.13790973,0.13054990,0.12109773,0.10729253,0.05531141
142500,0.17666564,0.17654462,0.17618071,0.17557133,0.17471209,0.17359651,0.17221576,0.17055815,0.16860844,0.16634687,0.16374770,0.16077701,0.15738923,0.15352164,0.14908472,0.14394440,0.13788577,0.13052810,0.12107860,0.10727703,0.05530675
142560,0.17662891,0.17650793,0.17614414,0.17553499,0.17467605,0.17356087,0.17218061,0.17052357,0.16857454,0.16631376,0.16371548,0.16074578,0.15735913,0.15349281,0.14905731,0.14391860,0.13786182,0.13050633,0.12105948,0.10726155,0.05530210
142620,0.17659220,0.17647127,0.17610761,0.17549867,0.17464004,0.17352526,0.17214548,0.17048903,0.16854067,0.16628067,0.16368328,0.16071458,0.15732906,0.15346400,0.14902993,0.14389283,0.13783789,0.13048457,0.12104038,0.10724608,0.05529746
142680,0.17655553,0.17643464,0.17607111,0.17546239,0.17460407,0.17348968,0.17211039,0.17045452,0.16850684,0.16624761,0.16365111,0.16068341,0.15729901,0.15343522,0.14900257,0.14386708,0.13781399,0.13046283,0.12102130,0.10723063,0.05529282
142740,0.17651889,0.17639804,0.17603465,0.17542614,0.17456813,0.17345413,0.17207533,0.17042003,0.16847303,0.16621459,0.16361896,0.16065227,0.15726899,0.15340646,0.14897523,0.14384135,0.13779010,0.13044110,0.12100223,0.10721518,0.05528819
142800,0.17648228,0.17636148,0.17599821,0.17538993,0.17453221,0.17341861,0.17204030,0.17038558,0.16843926,0.16618159,0.16358685,0.16062115,0.15723900,0.15337772,0.14894791,0.14381564,0.13776623,0.13041940,0.12098318,0.10719975,0.05528356
142860,0.17644571,0.17632495,0.17596181,0.17535374,0.17449633,0.17338313,0.17200529,0.17035116,0.16840551,0.16614862,0.16355476,0.16059006,0.15720903,0.15334902,0.14892062,0.14378995,0.13774239,0.13039771,0.12096414,0.10718433,0.05527894
142920,0.17640917,0.17628845,0.17592544,0.17531759,0.17446049,0.17334767,0.17197032,0.17031677,0.16837179,0.16611567,0.16352270,0.16055900,0.15717909,0.15332033,0.14889335,0.14376429,0.13771856,0.13037604,0.12094512,0.10716892,0.05527433
142980,0.17637266,0.17625198,0.17588911,0.17528147,0.17442467,0.17331225,0.17193538,0.17028240,0.16833810,0.16608276,0.16349067,0.16052796,0.15714917,0.15329167,0.14886611,0.14373865,0.13769475,0.13035439,0.12092611,0.10715353,0.05526972
143040,0.17633618,0.17621555,0.17585280,0.17524538,0.17438888,0.17327686,0.17190048,0.17024807,0.16830445,0.16604988,0.16345867,0.16049696,0.15711928,0.15326304,0.14883889,0.14371302,0.13767097,0.13033275,0.12090712,0.10713814,0.05526512
143100,0.17629974,0.17617915,0.17581653,0.17520932,0.17435313,0.17324150,0.17186560,0.17021377,0.16827082,0.16601702,0.16342669,0.16046597,0.15708942,0.15323443,0.14881169,0.14368742,0.13764720,0.13031114,0.12088814,0.10712277,0.05526053
143160,0.17626332,0.17614278,0.17578029,0.17517330,0.17431741,0.17320617,0.17183075,0.17017950,0.16823722,0.16598420,0.16339475,0.16043502,0.15705958,0.15320584,0.14878451,0.14366184,0.13762345,0.13028954,0.12086918,0.10710741,0.05525594
143220,0.17622694,0.17610644,0.17574408,0.17513731,0.17428172,0.17317087,0.17179593,0.17014526,0.16820365,0.16595140,0.16336283,0.16040409,0.15702976,0.15317728,0.14875736,0.14363629,0.13759973,0.13026796,0.12085024,0.10709207,0.05525136
143280,0.17619060,0.17607013,0.17570790,0.17510134,0.17424606,0.17313560,0.17176115,0.17011105,0.16817011,0.16591863,0.16333093,0.16037319,0.15699997,0.15314874,0.14873023,0.14361075,0.13757602,0.13024640,0.12083131,0.10707673,0.05524679
143340,0.17615428,0.17603386,0.17567176,0.17506541,0.17421043,0.17310036,0.17172639,0.17007686,0.16813660,0.16588589,0.16329907,0.16034231,0.15697021,0.15312023,0.14870312,0.14358524,0.13755233,0.13022485,0.12081240,0.10706141,0.05524222
143400,0.17611800,0.17599762,0.17563565,0.17502952,0.17417484,0.17306516,0.17169167,0.17004271,0.16810311,0.16585318,0.16326723,0.16031146,0.15694047,0.15309174,0.14867604,0.14355975,0.13752866,0.13020332,0.12079350,0.10704610,0.05523766
143460,0.17608174,0.17596141,0.17559956,0.17499365,0.17413927,0.17302998,0.17165697,0.17000859,0.16806966,0.16582049,0.16323542,0.16028064,0.15691076,0.15306328,0.14864898,0.14353427,0.13750501,0.13018181,0.12077461,0.10703080,0.05523310
143520,0.17604552,0.17592523,0.17556352,0.17495782,0.17410374,0.17299484,0.17162231,0.16997450,0.16803624,0.16578784,0.16320364,0.16024985,0.15688108,0.15303484,0.14862194,0.14350882,0.13748139,0.13016032,0.12075574,0.10701552,0.05522855
143580,0.17600934,0.17588909,0.17552750,0.17492201,0.17406823,0.17295972,0.17158767,0.16994044,0.16800284,0.16575521,0.16317189,0.16021908,0.15685142,0.15300642,0.14859493,0.14348340,0.13745778,0.13013885,0.12073689,0.10700024,0.05522401
143640,0.17597318,0.17585297,0.17549151,0.17488624,0.17403276,0.17292464,0.17155307,0.16990641,0.16796948,0.16572261,0.16314016,0.16018834,0.15682178,0.15297803,0.14856794,0.14345799,0.13743419,0.13011739,0.12071805,0.10698498,0.05521947
143700,0.17593705,0.17581689,0.17545556,0.17485050,0.17399732,0.17288959,0.17151850,0.16987240,0.16793614,0.16569004,0.16310846,0.16015762,0.15679217,0.15294966,0.14854097,0.14343260,0.13741062,0.13009595,0.12069923,0.10696973,0.05521494
143760,0.17590096,0.17578084,0.17541964,0.17481479,0.17396191,0.17285457,0.17148395,0.16983843,0.16790283,0.16565750,0.16307679,0.16012693,0.15676259,0.15292132,0.14851402,0.14340724,0.13738707,0.13007453,0.12068042,0.10695449,0.05521042
143820,0.17586490,0.17574482,0.17538375,0.17477911,0.17392654,0.17281958,0.17144944,0.16980449,0.16786956,0.16562498,0.16304514,0.16009627,0.15673303,0.15289300,0.14848710,0.14338190,0.13736354,0.13005313,0.12066163,0.10693927,0.05520590
143880,0.17582887,0.17570884,0.17534789,0.17474347,0.17389119,0.17278462,0.17141496,0.16977057,0.16783631,0.16559250,0.16301353,0.16006563,0.15670350,0.15286470,0.14846020,0.14335657,0.13734002,0.13003174,0.12064285,0.10692405,0.05520139
143940,0.17579287,0.17567288,0.17531206,0.17470785,0.17385587,0.17274969,0.17138051,0.16973669,0.16780308,0.16556004,0.16298194,0.16003502,0.15667399,0.15283643,0.14843332,0.14333127,0.13731653,0.13001037,0.12062409,0.10690885,0.05519688
144000,0.17575691,0.17563696,0.17527626,0.17467227,0.17382059,0.17271479,0.17134608,0.16970283,0.16776989,0.16552761,0.16295037,0.16000444,0.15664450,0.15280819,0.14840646,0.14330599,0.13729306,0.12998902,0.12060534,0.10689366,0.05519238
144060,0.17572098,0.17560107,0.17524050,0.17463672,0.17378534,0.17267993,0.17131170,0.16966901,0.16773673,0.16549521,0.16291884,0.15997388,0.15661505,0.15277997,0.14837963,0.14328074,0.13726961,0.12996769,0.12058662,0.10687848,0.05518789
144120,0.17568508,0.17556521,0.17520477,0.17460120,0.17375012,0.17264510,0.17127734,0.16963522,0.16770360,0.16546284,0.16288734,0.15994335,0.15658562,0.15275177,0.14835282,0.14325550,0.13724618,0.12994638,0.12056790,0.10686332,0.05518340
144180,0.17564921,0.17552939,0.17516907,0.17456572,0.17371493,0.17261029,0.17124301,0.16960146,0.16767050,0.16543050,0.16285586,0.15991285,0.15655621,0.15272360,0.14832604,0.14323029,0.13722277,0.12992508,0.12054920,0.10684817,0.05517892
144240,0.17561337,0.17549359,0.17513340,0.17453026,0.17367977,0.17257552,0.17120871,0.16956772,0.16763742,0.16539818,0.16282440,0.15988237,0.15652683,0.15269545,0.14829927,0.14320509,0.13719937,0.12990380,0.12053051,0.10683302,0.05517445
144300,0.17557756,0.17545782,0.17509776,0.17449483,0.17364464,0.17254077,0.17117443,0.16953401,0.16760438,0.16536589,0.16279298,0.15985192,0.15649747,0.15266732,0.14827253,0.14317992,0.13717600,0.12988254,0.12051184,0.10681789,0.05516998
144360,0.17554179,0.17542209,0.17506215,0.17445943,0.17360954,0.17250605,0.17114019,0.16950033,0.16757136,0.16533363,0.16276158,0.15982149,0.15646814,0.15263922,0.14824581,0.14315477,0.13715264,0.12986129,0.12049319,0.10680278,0.05516552
144420,0.17550604,0.17538638,0.17502658,0.17442407,0.17357447,0.17247137,0.17110598,0.16946669,0.16753837,0.16530139,0.16273020,0.15979109,0.15643883,0.15261114,0.14821911,0.14312964,0.13712931,0.12984006,0.12047454,0.10678767,0.05516106
144480,0.17547033,0.17535071,0.17499103,0.17438873,0.17353943,0.17243671,0.17107179,0.16943306,0.16750540,0.16526919,0.16269886,0.15976072,0.15640955,0.15258308,0.14819244,0.14310452,0.13710599,0.12981885,0.12045592,0.10677258,0.05515661
144540,0.17543464,0.17531507,0.17495551,0.17435343,0.17350442,0.17240209,0.17103764,0.16939947,0.16747247,0.16523701,0.16266754,0.15973037,0.15638029,0.15255505,0.14816579,0.14307943,0.13708269,0.12979765,0.12043731,0.10675749,0.05515217
144600,0.17539899,0.17527946,0.17492003,0.17431815,0.17346944,0.17236749,0.17100351,0.16936591,0.16743956,0.16520486,0.16263624,0.15970004,0.15635106,0.15252704,0.14813915,0.14305436,0.13705941,0.12977647,0.12041871,0.10674242,0.05514773
144660,0.17536337,0.17524388,0.17488457,0.17428291,0.17343449,0.17233292,0.17096942,0.16933238,0.16740668,0.16517273,0.16260498,0.15966974,0.15632185,0.15249905,0.14811254,0.14302931,0.13703615,0.12975531,0.12040013,0.10672736,0.05514330
144720,0.17532778,0.17520833,0.17484915,0.17424769,0.17339958,0.17229839,0.17093535,0.16929887,0.16737383,0.16514064,0.16257374,0.15963947,0.15629266,0.15247109,0.14808596,0.14300429,0.13701291,0.12973417,0.12038156,0.10671231,0.05513887
144780,0.17529222,0.17517281,0.17481376,0.17421251,0.17336469,0.17226388,0.17090132,0.16926539,0.16734101,0.16510857,0.16254252,0.15960922,0.15626350,0.15244315,0.14805939,0.14297928,0.13698969,0.12971304,0.12036301,0.10669728,0.05513445
144840,0.17525669,0.17513732,0.17477839,0.17417736,0.17332983,0.17222940,0.17086731,0.16923195,0.16730822,0.16507652,0.16251133,0.15957900,0.15623437,0.15241523,0.14803285,0.14295429,0.13696648,0.12969193,0.12034447,0.10668225,0.05513004
144900,0.17522119,0.17510186,0.17474306,0.17414223,0.17329500,0.17219496,0.17083333,0.16919853,0.16727545,0.16504451,0.16248017,0.15954881,0.15620526,0.15238734,0.14800633,0.14292932,0.13694330,0.12967084,0.12032594,0.10666724,0.05512563
144960,0.17518572,0.17506644,0.17470776,0.17410714,0.17326020,0.17216054,0.17079938,0.16916514,0.16724271,0.16501252,0.16244904,0.15951864,0.15617617,0.15235947,0.14797983,0.14290438,0.13692013,0.12964977,0.12030744,0.10665224,0.05512123
145020,0.17515028,0.17503104,0.17467249,0.17407208,0.17322544,0.17212615,0.17076546,0.16913178,0.16721000,0.16498056,0.16241793,0.15948849,0.15614711,0.15233163,0.14795335,0.14287945,0.13689699,0.12962871,0.12028894,0.10663725,0.05511684
145080,0.17511488,0.17499568,0.17463725,0.17403705,0.17319070,0.17209179,0.17073157,0.16909844,0.16717732,0.16494863,0.16238685,0.15945837,0.15611807,0.15230381,0.14792690,0.14285455,0.13687386,0.12960767,0.12027046,0.10662227,0.05511245
145140,0.17507950,0.17496034,0.17460204,0.17400205,0.17315599,0.17205746,0.17069771,0.16906514,0.16714467,0.16491672,0.16235580,0.15942828,0.15608906,0.15227601,0.14790047,0.14282966,0.13685075,0.12958664,0.12025200,0.10660731,0.05510806
145200,0.17504416,0.17492504,0.17456686,0.17396708,0.17312131,0.17202317,0.17066388,0.16903187,0.16711205,0.16488485,0.16232477,0.15939821,0.15606007,0.15224823,0.14787406,0.14280480,0.13682766,0.12956564,0.12023355,0.10659235,0.05510369
145260,0.17500884,0.17488977,0.17453172,0.17393214,0.17308667,0.17198890,0.17063008,0.16899862,0.16707945,0.16485300,0.16229377,0.15936817,0.15603111,0.15222048,0.14784767,0.14277996,0.13680459,0.12954465,0.12021512,0.10657741,0.05509932
145320,0.17497356,0.17485453,0.17449660,0.17389723,0.17305205,0.17195466,0.17059630,0.16896540,0.16704688,0.16482117,0.16226279,0.15933815,0.15600217,0.15219275,0.14782131,0.14275514,0.13678154,0.12952367,0.12019670,0.10656248,0.05509495
145380,0.17493831,0.17481932,0.17446151,0.17386235,0.17301746,0.17192045,0.17056256,0.16893221,0.16701434,0.16478938,0.16223185,0.15930816,0.15597325,0.15216505,0.14779496,0.14273033,0.13675851,0.12950272,0.12017829,0.10654756,0.05509059
145440,0.17490308,0.17478413,0.17442645,0.17382750,0.17298290,0.17188627,0.17052884,0.16889905,0.16698182,0.16475761,0.16220092,0.15927819,0.15594436,0.15213736,0.14776864,0.14270555,0.13673549,0.12948178,0.12015990,0.10653265,0.05508624
145500,0.17486789,0.17474898,0.17439143,0.17379268,0.17294838,0.17185212,0.17049515,0.16886592,0.16694934,0.16472586,0.16217002,0.15924825,0.15591550,0.15210970,0.14774234,0.14268079,0.13671249,0.12946085,0.12014152,0.10651775,0.05508189
145560,0.17483273,0.17471386,0.17435643,0.17375789,0.17291388,0.17181800,0.17046150,0.16883281,0.16691688,0.16469415,0.16213915,0.15921834,0.15588665,0.15208207,0.14771606,0.14265605,0.13668952,0.12943995,0.12012316,0.10650287,0.05507755
145620,0.17479759,0.17467877,0.17432146,0.17372313,0.17287941,0.17178390,0.17042787,0.16879974,0.16688445,0.16466246,0.16210831,0.15918845,0.15585783,0.15205445,0.14768980,0.14263133,0.13666656,0.12941906,0.12010481,0.10648799,0.05507321
145680,0.17476249,0.17464371,0.17428653,0.17368840,0.17284497,0.17174984,0.17039427,0.16876669,0.16685204,0.16463080,0.16207749,0.15915858,0.15582904,0.15202686,0.14766357,0.14260663,0.13664362,0.12939819,0.12008648,0.10647313,0.05506888
145740,0.17472742,0.17460868,0.17425162,0.17365370,0.17281056,0.17171581,0.17036070,0.16873367,0.16681967,0.16459916,0.16204670,0.15912874,0.15580027,0.15199930,0.14763735,0.14258195,0.13662070,0.12937733,0.12006816,0.10645828,0.05506456
145800,0.17469238,0.17457368,0.17421674,0.17361903,0.17277618,0.17168180,0.17032715,0.16870068,0.16678732,0.16456756,0.16201593,0.15909893,0.15577153,0.15197175,0.14761116,0.14255729,0.13659780,0.12935649,0.12004986,0.10644344,0.05506024
145860,0.17465737,0.17453871,0.17418190,0.17358439,0.17274183,0.17164783,0.17029364,0.16866772,0.16675500,0.16453598,0.16198520,0.15906914,0.15574280,0.15194423,0.14758499,0.14253265,0.13657491,0.12933567,0.12003157,0.10642861,0.05505593
145920,0.17462239,0.17450377,0.17414708,0.17354978,0.17270751,0.17161388,0.17026016,0.16863478,0.16672271,0.16450442,0.16195448,0.15903937,0.15571411,0.15191673,0.14755884,0.14250803,0.13655205,0.12931487,0.12001330,0.10641380,0.05505162
145980,0.17458744,0.17446887,0.17411230,0.17351520,0.17267322,0.17157997,0.17022670,0.16860188,0.16669045,0.16447290,0.16192380,0.15900963,0.15568544,0.15188926,0.14753272,0.14248343,0.13652920,0.12929408,0.11999504,0.10639900,0.05504732
146040,0.17455253,0.17443399,0.17407754,0.17348065,0.17263896,0.17154608,0.17019327,0.16856900,0.16665821,0.16444140,0.16189314,0.15897992,0.15565679,0.15186181,0.14750661,0.14245885,0.13650638,0.12927331,0.11997679,0.10638420,0.05504303
146100,0.17451764,0.17439914,0.17404282,0.17344613,0.17260473,0.17151222,0.17015988,0.16853615,0.16662600,0.16440992,0.16186250,0.15895023,0.15562816,0.15183438,0.14748053,0.14243430,0.13648357,0.12925255,0.11995856,0.10636942,0.05503874
146160,0.17448278,0.17436432,0.17400812,0.17341164,0.17257053,0.17147839,0.17012651,0.16850333,0.16659382,0.16437848,0.16183189,0.15892057,0.15559956,0.15180697,0.14745447,0.14240976,0.13646078,0.12923182,0.11994034,0.10635465,0.05503445
146220,0.17444795,0.17432953,0.17397346,0.17337718,0.17253635,0.17144459,0.17009316,0.16847053,0.16656166,0.16434706,0.16180131,0.15889093,0.15557098,0.15177959,0.14742843,0.14238524,0.13643801,0.12921109,0.11992214,0.10633989,0.05503018
146280,0.17441315,0.17429477,0.17393882,0.17334275,0.17250221,0.17141082,0.17005985,0.16843777,0.16652954,0.16431566,0.16177075,0.15886131,0.15554243,0.15175223,0.14740241,0.14236074,0.13641525,0.12919039,0.11990395,0.10632514,0.05502591
146340,0.17437838,0.17426004,0.17390421,0.17330835,0.17246809,0.17137708,0.17002657,0.16840503,0.16649743,0.16428430,0.16174022,0.15883172,0.15551390,0.15172489,0.14737641,0.14233626,0.13639252,0.12916970,0.11988578,0.10631041,0.05502164
146400,0.17434364,0.17422534,0.17386963,0.17327397,0.17243401,0.17134336,0.16999331,0.16837232,0.16646536,0.16425296,0.16170971,0.15880216,0.15548540,0.15169757,0.14735044,0.14231180,0.13636980,0.12914903,0.11986762,0.10629568,0.05501738
146460,0.17430893,0.17419067,0.17383509,0.17323963,0.17239995,0.17130968,0.16996008,0.16833963,0.16643331,0.16422164,0.16167923,0.15877262,0.15545691,0.15167028,0.14732448,0.14228737,0.13634710,0.12912837,0.11984947,0.10628097,0.05501313
146520,0.17427424,0.17415603,0.17380057,0.17320532,0.17236593,0.17127602,0.16992688,0.16830698,0.16640130,0.16419035,0.16164877,0.15874310,0.15542846,0.15164301,0.14729855,0.14226295,0.13632442,0.12910774,0.11983134,0.10626627,0.05500888
146580,0.17423959,0.17412142,0.17376608,0.17317103,0.17233193,0.17124239,0.16989371,0.16827435,0.16636930,0.16415909,0.16161834,0.15871361,0.15540002,0.15161576,0.14727264,0.14223855,0.13630176,0.12908711,0.11981323,0.10625158,0.05500463
146640,0.17420497,0.17408684,0.17373162,0.17313678,0.17229796,0.17120879,0.16986056,0.16824175,0.16633734,0.16412786,0.16158794,0.15868415,0.15537161,0.15158854,0.14724675,0.14221417,0.13627912,0.12906651,0.11979512,0.10623690,0.05500040
146700,0.17417038,0.17405229,0.17369719,0.17310255,0.17226402,0.17117522,0.16982745,0.16820918,0.16630540,0.16409665,0.16155756,0.15865470,0.15534322,0.15156133,0.14722088,0.14218981,0.13625649,0.12904592,0.11977704,0.10622223,0.05499617
146760,0.17413582,0.17401777,0.17366279,0.17306835,0.17223011,0.17114168,0.16979436,0.16817663,0.16627349,0.16406547,0.16152721,0.15862529,0.15531486,0.15153415,0.14719503,0.14216548,0.13623389,0.12902535,0.11975896,0.10620757,0.05499194
146820,0.17410129,0.17398328,0.17362842,0.17303419,0.17219622,0.17110817,0.16976130,0.16814412,0.16624161,0.16403431,0.16149688,0.15859590,0.15528652,0.15150700,0.14716920,0.14214116,0.13621130,0.12900479,0.11974090,0.10619293,0.05498772
146880,0.17406678,0.17394882,0.17359408,0.17300005,0.17216237,0.17107468,0.16972827,0.16811163,0.16620975,0.16400318,0.16146658,0.15856653,0.15525820,0.15147986,0.14714340,0.14211686,0.13618873,0.12898425,0.11972286,0.10617829,0.05498351
146940,0.17403231,0.17391438,0.17355977,0.17296594,0.17212855,0.17104123,0.16969527,0.16807917,0.16617792,0.16397208,0.16143630,0.15853718,0.15522991,0.15145275,0.14711761,0.14209258,0.13616618,0.12896373,0.11970482,0.10616367,0.05497930
147000,0.17399787,0.17387998,0.17352549,0.17293186,0.17209475,0.17100780,0.16966230,0.16804673,0.16614612,0.16394100,0.16140605,0.15850787,0.15520164,0.15142566,0.14709185,0.14206832,0.13614364,0.12894322,0.11968681,0.10614906,0.05497510
147060,0.17396345,0.17384561,0.17349123,0.17289781,0.17206098,0.17097440,0.16962935,0.16801433,0.16611434,0.16390995,0.16137582,0.15847857,0.15517340,0.15139859,0.14706611,0.14204408,0.13612113,0.12892273,0.11966880,0.10613446,0.05497090
147120,0.17392907,0.17381126,0.17345701,0.17286379,0.17202725,0.17094103,0.16959643,0.16798195,0.16608259,0.16387893,0.16134562,0.15844930,0.15514517,0.15137154,0.14704039,0.14201986,0.13609863,0.12890225,0.11965082,0.10611987,0.05496671
147180,0.17389471,0.17377695,0.17342281,0.17282979,0.17199354,0.17090769,0.16956354,0.16794960,0.16605087,0.16384793,0.16131545,0.15842006,0.15511698,0.15134452,0.14701469,0.14199566,0.13607615,0.12888180,0.11963284,0.10610529,0.05496252
147240,0.17386039,0.17374266,0.17338865,0.17279583,0.17195986,0.17087437,0.16953068,0.16791727,0.16601918,0.16381696,0.16128530,0.15839084,0.15508880,0.15131752,0.14698901,0.14197148,0.13605369,0.12886135,0.11961488,0.10609072,0.05495834
147300,0.17382609,0.17370840,0.17335451,0.17276189,0.17192620,0.17084109,0.16949784,0.16788497,0.16598751,0.16378601,0.16125517,0.15836164,0.15506065,0.15129054,0.14696335,0.14194732,0.13603125,0.12884093,0.11959693,0.10607616,0.05495417
147360,0.17379182,0.17367418,0.17332041,0.17272799,0.17189258,0.17080783,0.16946504,0.16785271,0.16595586,0.16375509,0.16122508,0.15833247,0.15503252,0.15126359,0.14693771,0.14192318,0.13600882,0.12882052,0.11957900,0.10606162,0.05495000
147420,0.17375758,0.17363998,0.17328633,0.17269411,0.17185899,0.17077460,0.16943226,0.16782046,0.16592425,0.16372420,0.16119500,0.15830332,0.15500441,0.15123665,0.14691210,0.14189906,0.13598642,0.12880013,0.11956108,0.10604709,0.05494583
147480,0.17372337,0.17360581,0.17325228,0.17266026,0.17182542,0.17074140,0.16939950,0.16778825,0.16589266,0.16369333,0.16116495,0.15827420,0.15497633,0.15120974,0.14688650,0.14187496,0.13596403,0.12877975,0.11954318,0.10603256,0.05494167
147540,0.17368919,0.17357167,0.17321826,0.17262644,0.17179188,0.17070822,0.16936678,0.16775606,0.16586110,0.16366248,0.16113493,0.15824510,0.15494827,0.15118285,0.14686093,0.14185087,0.13594166,0.12875939,0.11952529,0.10601805,0.05493752
147600,0.17365504,0.17353756,0.17318427,0.17259265,0.17175837,0.17067508,0.16933408,0.16772390,0.16582956,0.16363167,0.16110493,0.15821603,0.15492024,0.15115598,0.14683538,0.14182681,0.13591930,0.12873904,0.11950741,0.10600355,0.05493338
147660,0.17362093,0.17350348,0.17315031,0.17255889,0.17172490,0.17064197,0.16930142,0.16769177,0.16579806,0.16360088,0.16107496,0.15818698,0.15489223,0.15112914,0.14680985,0.14180277,0.13589697,0.12871872,0.11948955,0.10598906,0.05492923
147720,0.17358684,0.17346943,0.17311638,0.17252516,0.17169145,0.17060888,0.16926878,0.16765967,0.16576658,0.16357012,0.16104501,0.15815795,0.15486424,0.15110232,0.14678434,0.14177875,0.13587466,0.12869841,0.11947170,0.10597459,0.05492510
147780,0.17355277,0.17343541,0.17308248,0.17249146,0.17165803,0.17057582,0.16923617,0.16762759,0.16573512,0.16353938,0.16101509,0.15812895,0.15483628,0.15107552,0.14675885,0.14175475,0.13585236,0.12867811,0.11945387,0.10596012,0.05492097
147840,0.17351874,0.17340141,0.17304860,0.17245778,0.17162463,0.17054279,0.16920359,0.16759554,0.16570370,0.16350867,0.16098519,0.15809998,0.15480834,0.15104874,0.14673338,0.14173076,0.13583008,0.12865783,0.11943605,0.10594566,0.05491685
147900,0.17348473,0.17336745,0.17301475,0.17242414,0.17159126,0.17050979,0.16917103,0.16756351,0.16567229,0.16347798,0.16095532,0.15807102,0.15478042,0.15102198,0.14670794,0.14170680,0.13580781,0.12863757,0.11941824,0.10593122,0.05491273
147960,0.17345076,0.17333351,0.17298094,0.17239052,0.17155792,0.17047681,0.16913850,0.16753151,0.16564092,0.16344732,0.16092547,0.15804209,0.15475252,0.15099525,0.14668251,0.14168285,0.13578557,0.12861732,0.11940045,0.10591678,0.05490861
148020,0.17341681,0.17329960,0.17294715,0.17235693,0.17152461,0.17044386,0.16910599,0.16749954,0.16560956,0.16341668,0.16089565,0.15801319,0.15472465,0.15096853,0.14665710,0.14165892,0.13576334,0.12859709,0.11938267,0.10590236,0.05490450
148080,0.17338289,0.17326572,0.17291338,0.17232336,0.17149133,0.17041094,0.16907352,0.16746760,0.16557824,0.16338607,0.16086585,0.15798430,0.15469680,0.15094184,0.14663171,0.14163502,0.13574113,0.12857687,0.11936491,0.10588795,0.05490040
148140,0.17334900,0.17323187,0.17287965,0.17228983,0.17145807,0.17037804,0.16904107,0.16743568,0.16554694,0.16335549,0.16083607,0.15795544,0.15466897,0.15091517,0.14660635,0.14161113,0.13571894,0.12855667,0.11934715,0.10587355,0.05489630
148200,0.17331513,0.17319804,0.17284595,0.17225632,0.17142485,0.17034518,0.16900865,0.16740379,0.16551567,0.16332493,0.16080632,0.15792661,0.15464116,0.15088852,0.14658100,0.14158726,0.13569676,0.12853649,0.11932942,0.10585915,0.05489221
148260,0.17328130,0.17316425,0.17281227,0.17222284,0.17139165,0.17031234,0.16897625,0.16737192,0.16548442,0.16329439,0.16077660,0.15789780,0.15461338,0.15086190,0.14655568,0.14156341,0.13567461,0.12851632,0.11931169,0.10584477,0.05488813
148320,0.17324749,0.17313048,0.17277862,0.17218939,0.17135848,0.17027953,0.16894388,0.16734008,0.16545320,0.16326388,0.16074689,0.15786901,0.15458562,0.15083529,0.14653037,0.14153958,0.13565247,0.12849617,0.11929398,0.10583041,0.05488404
148380,0.17321371,0.17309674,0.17274500,0.17215597,0.17132533,0.17024674,0.16891154,0.16730827,0.16542200,0.16323339,0.16071722,0.15784024,0.15455788,0.15080871,0.14650509,0.14151576,0.13563034,0.12847603,0.11927628,0.10581605,0.05487997
148440,0.17317996,0.17306303,0.17271141,0.17212258,0.17129221,0.17021398,0.16887923,0.16727648,0.16539083,0.16320293,0.16068756,0.15781150,0.15453016,0.15078214,0.14647982,0.14149197,0.13560824,0.12845591,0.11925860,0.10580170,0.05487590
148500,0.17314624,0.17302935,0.17267784,0.17208921,0.17125912,0.17018125,0.16884694,0.16724472,0.16535969,0.16317250,0.16065794,0.15778279,0.15450247,0.15075560,0.14645458,0.14146820,0.13558615,0.12843580,0.11924093,0.10578736,0.05487183
148560,0.17311255,0.17299569,0.17264431,0.17205587,0.17122606,0.17014855,0.16881468,0.16721299,0.16532857,0.16314209,0.16062833,0.15775409,0.15447480,0.15072908,0.14642935,0.14144444,0.13556408,0.12841571,0.11922327,0.10577304,0.05486777
148620,0.17307888,0.17296207,0.17261080,0.17202256,0.17119303,0.17011588,0.16878244,0.16718128,0.16529748,0.16311171,0.16059875,0.15772542,0.15444716,0.15070259,0.14640415,0.14142071,0.13554203,0.12839564,0.11920563,0.10575872,0.05486372
148680,0.17304525,0.17292847,0.17257732,0.17198928,0.17116002,0.17008323,0.16875024,0.16714960,0.16526642,0.16308135,0.16056920,0.15769678,0.15441953,0.15067611,0.14637897,0.14139699,0.13551999,0.12837558,0.11918800,0.10574442,0.05485967
148740,0.17301164,0.17289490,0.17254387,0.17195602,0.17112705,0.17005061,0.16871806,0.16711795,0.16523538,0.16305101,0.16053967,0.15766815,0.15439193,0.15064966,0.14635381,0.14137329,0.13549798,0.12835554,0.11917039,0.10573012,0.05485563
148800,0.17297806,0.17286136,0.17251045,0.17192280,0.17109410,0.17001802,0.16868591,0.16708632,0.16520436,0.16302070,0.16051016,0.15763955,0.15436435,0.15062322,0.14632866,0.14134961,0.13547598,0.12833551,0.11915279,0.10571584,0.05485159
148860,0.17294451,0.17282785,0.17247705,0.17188960,0.17106118,0.16998545,0.16865378,0.16705472,0.16517338,0.16299042,0.16048068,0.15761098,0.15433679,0.15059681,0.14630354,0.14132595,0.13545400,0.12831550,0.11913520,0.10570157,0.05484756
148920,0.17291098,0.17279437,0.17244369,0.17185643,0.17102828,0.16995291,0.16862168,0.16702315,0.16514241,0.16296016,0.16045122,0.15758243,0.15430926,0.15057042,0.14627844,0.14130231,0.13543203,0.12829550,0.11911762,0.10568731,0.05484353
148980,0.17287749,0.17276091,0.17241035,0.17182329,0.17099541,0.16992040,0.16858961,0.16699160,0.16511148,0.16292993,0.16042179,0.15755390,0.15428175,0.15054405,0.14625336,0.14127869,0.13541009,0.12827552,0.11910006,0.10567306,0.05483951
149040,0.17284402,0.17272748,0.17237704,0.17179017,0.17096257,0.16988792,0.16855756,0.16696008,0.16508057,0.16289972,0.16039238,0.15752539,0.15425426,0.15051771,0.14622830,0.14125509,0.13538815,0.12825556,0.11908252,0.10565882,0.05483549
149100,0.17281058,0.17269408,0.17234375,0.17175708,0.17092976,0.16985546,0.16852554,0.16692858,0.16504968,0.16286954,0.16036300,0.15749691,0.15422679,0.15049138,0.14620326,0.14123150,0.13536624,0.12823561,0.11906498,0.10564459,0.05483148
149160,0.17277717,0.17266071,0.17231050,0.17172402,0.17089697,0.16982303,0.16849355,0.16689711,0.16501882,0.16283938,0.16033364,0.15746845,0.15419935,0.15046508,0.14617824,0.14120794,0.13534435,0.12821568,0.11904746,0.10563037,0.05482748
149220,0.17274379,0.17262736,0.17227727,0.17169099,0.17086422,0.16979063,0.16846159,0.16686566,0.16498798,0.16280924,0.16030430,0.15744001,0.15417192,0.15043879,0.14615324,0.14118439,0.13532247,0.12819576,0.11902995,0.10561616,0.05482347
149280,0.17271043,0.17259404,0.17224407,0.17165798,0.17083148,0.16975825,0.16842965,0.16683425,0.16495717,0.16277913,0.16027499,0.15741160,0.15414452,0.15041253,0.14612826,0.14116086,0.13530061,0.12817586,0.11901246,0.10560197,0.05481948
149340,0.17267710,0.17256076,0.17221089,0.17162501,0.17079878,0.16972590,0.16839773,0.16680285,0.16492639,0.16274905,0.16024570,0.15738321,0.15411715,0.15038629,0.14610329,0.14113735,0.13527876,0.12815597,0.11899498,0.10558778,0.05481549
149400,0.17264380,0.17252749,0.17217775,0.17159206,0.17076610,0.16969358,0.16836585,0.16677149,0.16489563,0.16271899,0.16021643,0.15735485,0.15408979,0.15036007,0.14607835,0.14111386,0.13525694,0.12813610,0.11897751,0.10557360,0.05481150
149460,0.17261053,0.17249426,0.17214463,0.17155913,0.17073346,0.16966128,0.16833399,0.16674015,0.16486490,0.16268896,0.16018719,0.15732650,0.15406246,0.15033387,0.14605343,0.14109039,0.13523513,0.12811624,0.11896006,0.10555944,0.05480752
149520,0.17257729,0.17246106,0.17211154,0.17152624,0.17070083,0.16962902,0.16830215,0.16670883,0.16483419,0.16265895,0.16015798,0.15729818,0.15403515,0.15030769,0.14602853,0.14106694,0.13521334,0.12809640,0.11894262,0.10554528,0.05480355
149580,0.17254407,0.17242788,0.17207848,0.17149337,0.17066824,0.16959678,0.16827035,0.16667755,0.16480351,0.16262896,0.16012878,0.15726989,0.15400786,0.15028154,0.14600365,0.14104350,0.13519156,0.12807658,0.11892519,0.10553114,0.05479958
149640,0.17251088,0.17239473,0.17204545,0.17146053,0.17063567,0.16956456,0.16823857,0.16664629,0.16477285,0.16259900,0.16009962,0.15724161,0.15398059,0.15025540,0.14597879,0.14102009,0.13516980,0.12805677,0.11890778,0.10551701,0.05479562
149700,0.17247772,0.17236161,0.17201245,0.17142772,0.17060313,0.16953238,0.16820682,0.16661505,0.16474222,0.16256907,0.16007047,0.15721337,0.15395335,0.15022929,0.14595395,0.14099669,0.13514806,0.12803698,0.11889038,0.10550289,0.05479166
149760,0.17244459,0.17232852,0.17197947,0.17139494,0.17057062,0.16950021,0.16817509,0.16658384,0.16471162,0.16253916,0.16004135,0.15718514,0.15392613,0.15020320,0.14592913,0.14097331,0.13512634,0.12801720,0.11887300,0.10548877,0.05478771
149820,0.17241149,0.17229545,0.17194652,0.17136218,0.17053814,0.16946808,0.16814339,0.16655266,0.16468104,0.16250927,0.16001226,0.15715693,0.15389893,0.15017713,0.14590433,0.14094995,0.13510464,0.12799744,0.11885562,0.10547467,0.05478376
149880,0.17237841,0.17226241,0.17191359,0.17132945,0.17050568,0.16943597,0.16811171,0.16652150,0.16465048,0.16247941,0.15998318,0.15712875,0.15387175,0.15015108,0.14587955,0.14092661,0.13508295,0.12797769,0.11883826,0.10546058,0.05477981
149940,0.17234536,0.17222940,0.17188069,0.17129674,0.17047324,0.16940389,0.16808006,0.16649037,0.16461995,0.16244957,0.15995413,0.15710059,0.15384459,0.15012505,0.14585479,0.14090329,0.13506127,0.12795796,0.11882092,0.10544650,0.05477588
150000,0.17231233,0.17219641,0.17184783,0.17126407,0.17044084,0.16937184,0.16804844,0.16645926,0.16458945,0.16241976,0.15992511,0.15707246,0.15381746,0.15009904,0.14583005,0.14087998,0.13503962,0.12793824,0.11880358,0.10543243,0.05477194
150060,0.17227934,0.17216345,0.17181498,0.17123142,0.17040846,0.16933981,0.16801684,0.16642818,0.16455897,0.16238997,0.15989611,0.15704435,0.15379035,0.15007305,0.14580533,0.14085670,0.13501798,0.12791854,0.11878626,0.10541837,0.05476802
150120,0.17224637,0.17213052,0.17178217,0.17119880,0.17037611,0.16930781,0.16798527,0.16639712,0.16452851,0.16236020,0.15986713,0.15701626,0.15376326,0.15004708,0.14578063,0.14083343,0.13499636,0.12789885,0.11876896,0.10540432,0.05476409
150180,0.17221343,0.17209762,0.17174938,0.17116620,0.17034378,0.16927583,0.16795373,0.16636609,0.16449808,0.16233046,0.15983817,0.15698819,0.15373619,0.15002114,0.14575594,0.14081018,0.13497476,0.12787918,0.11875166,0.10539028,0.05476018
150240,0.17218052,0.17206475,0.17171662,0.17113363,0.17031149,0.16924388,0.16792221,0.16633508,0.16446767,0.16230075,0.15980924,0.15696014,0.15370914,0.14999521,0.14573128,0.14078695,0.13495317,0.12785953,0.11873438,0.10537626,0.05475626
150300,0.17214763,0.17203190,0.17168389,0.17110109,0.17027921,0.16921196,0.16789072,0.16630410,0.16443729,0.16227106,0.15978034,0.15693212,0.15368212,0.14996931,0.14570664,0.14076374,0.13493160,0.12783989,0.11871712,0.10536224,0.05475236
150360,0.17211477,0.17199908,0.17165118,0.17106858,0.17024697,0.16918006,0.16785925,0.16627315,0.16440694,0.16224139,0.15975145,0.15690412,0.15365511,0.14994342,0.14568202,0.14074054,0.13491004,0.12782026,0.11869986,0.10534823,0.05474846
150420,0.17208194,0.17196628,0.17161850,0.17103609,0.17021475,0.16914819,0.16782781,0.16624222,0.16437661,0.16221174,0.15972259,0.15687615,0.15362813,0.14991756,0.14565741,0.14071737,0.13488851,0.12780065,0.11868262,0.10533423,0.05474456
150480,0.17204913,0.17193352,0.17158585,0.17100363,0.17018256,0.16911635,0.16779640,0.16621132,0.16434630,0.16218213,0.15969375,0.15684819,0.15360117,0.14989172,0.14563283,0.14069421,0.13486699,0.12778106,0.11866539,0.10532025,0.05474067
150540,0.17201636,0.17190078,0.17155323,0.17097120,0.17015040,0.16908453,0.16776501,0.16618044,0.16431602,0.16215253,0.15966494,0.15682026,0.15357423,0.14986589,0.14560826,0.14067107,0.13484549,0.12776148,0.11864818,0.10530627,0.05473678
150600,0.17198361,0.17186807,0.17152063,0.17093879,0.17011826,0.16905274,0.16773364,0.16614959,0.16428576,0.16212296,0.15963615,0.15679236,0.15354732,0.14984009,0.14558372,0.14064795,0.13482400,0.12774191,0.11863098,0.10529231,0.05473290
150660,0.17195088,0.17183538,0.17148806,0.17090641,0.17008615,0.16902098,0.16770231,0.16611876,0.16425553,0.16209342,0.15960738,0.15676447,0.15352042,0.14981431,0.14555919,0.14062485,0.13480253,0.12772236,0.11861379,0.10527835,0.05472902
150720,0.17191819,0.17180272,0.17145551,0.17087406,0.17005406,0.16898924,0.16767100,0.16608796,0.16422533,0.16206389,0.15957864,0.15673661,0.15349355,0.14978855,0.14553469,0.14060176,0.13478108,0.12770283,0.11859661,0.10526441,0.05472515
150780,0.17188552,0.17177009,0.17142300,0.17084173,0.17002200,0.16895753,0.16763971,0.16605718,0.16419514,0.16203440,0.15954992,0.15670877,0.15346670,0.14976282,0.14551020,0.14057870,0.13475964,0.12768331,0.11857945,0.10525047,0.05472128
150840,0.17185288,0.17173749,0.17139051,0.17080943,0.16998997,0.16892584,0.16760845,0.16602643,0.16416499,0.16200492,0.15952123,0.15668095,0.15343987,0.14973710,0.14548574,0.14055565,0.13473822,0.12766380,0.11856230,0.10523655,0.05471742
150900,0.17182026,0.17170491,0.17135804,0.17077716,0.16995796,0.16889418,0.16757722,0.16599571,0.16413486,0.16197547,0.15949255,0.15665315,0.15341306,0.14971140,0.14546129,0.14053262,0.13471682,0.12764432,0.11854517,0.10522264,0.05471357
150960,0.17178768,0.17167236,0.17132561,0.17074491,0.16992599,0.16886255,0.16754601,0.16596501,0.16410475,0.16194605,0.15946390,0.15662538,0.15338628,0.14968572,0.14543686,0.14050961,0.13469544,0.12762484,0.11852804,0.10520873,0.05470972
151020,0.17175511,0.17163984,0.17129320,0.17071269,0.16989403,0.16883094,0.16751483,0.16593433,0.16407466,0.16191664,0.15943528,0.15659763,0.15335951,0.14966007,0.14541245,0.14048662,0.13467407,0.12760538,0.11851093,0.10519484,0.05470587
151080,0.17172258,0.17160734,0.17126082,0.17068050,0.16986211,0.16879936,0.16748367,0.16590368,0.16404461,0.16188727,0.15940667,0.15656990,0.15333277,0.14963443,0.14538806,0.14046364,0.13465272,0.12758594,0.11849384,0.10518096,0.05470203
151140,0.17169007,0.17157488,0.17122846,0.17064833,0.16983021,0.16876780,0.16745254,0.16587305,0.16401457,0.16185791,0.15937809,0.15654220,0.15330605,0.14960881,0.14536369,0.14044068,0.13463138,0.12756651,0.11847675,0.10516708,0.05469819
151200,0.17165759,0.17154243,0.17119613,0.17061619,0.16979833,0.16873627,0.16742143,0.16584245,0.16398456,0.16182858,0.15934954,0.15651451,0.15327935,0.14958322,0.14533934,0.14041774,0.13461006,0.12754710,0.11845968,0.10515322,0.05469436
151260,0.17162514,0.17151002,0.17116383,0.17058408,0.16976649,0.16870477,0.16739035,0.16581188,0.16395458,0.16179928,0.15932101,0.15648686,0.15325267,0.14955765,0.14531502,0.14039483,0.13458876,0.12752770,0.11844262,0.10513937,0.05469053
151320,0.17159272,0.17147764,0.17113156,0.17055200,0.16973467,0.16867330,0.16735930,0.16578134,0.16392462,0.16177000,0.15929250,0.15645922,0.15322602,0.14953210,0.14529071,0.14037192,0.13456748,0.12750832,0.11842558,0.10512553,0.05468671
151380,0.17156032,0.17144528,0.17109931,0.17051994,0.16970288,0.16864185,0.16732827,0.16575081,0.16389469,0.16174074,0.15926401,0.15643161,0.15319938,0.14950656,0.14526641,0.14034904,0.13454621,0.12748895,0.11840855,0.10511170,0.05468290
151440,0.17152795,0.17141294,0.17106709,0.17048791,0.16967111,0.16861042,0.16729727,0.16572031,0.16386478,0.16171151,0.15923555,0.15640401,0.15317277,0.14948105,0.14524214,0.14032617,0.13452496,0.12746959,0.11839153,0.10509788,0.05467909
151500,0.17149561,0.17138063,0.17103489,0.17045590,0.16963937,0.16857902,0.16726629,0.16568984,0.16383489,0.16168230,0.15920711,0.15637644,0.15314618,0.14945556,0.14521789,0.14030333,0.13450372,0.12745026,0.11837452,0.10508407,0.05467528
151560,0.17146329,0.17134835,0.17100272,0.17042392,0.16960765,0.16854765,0.16723534,0.16565939,0.16380503,0.16165311,0.15917869,0.15634889,0.15311960,0.14943008,0.14519365,0.14028049,0.13448251,0.12743093,0.11835753,0.10507027,0.05467148
151620,0.17143099,0.17131609,0.17097058,0.17039196,0.16957596,0.16851630,0.16720441,0.16562896,0.16377519,0.16162395,0.15915029,0.15632136,0.15309305,0.14940463,0.14516944,0.14025768,0.13446130,0.12741162,0.11834055,0.10505648,0.05466768
151680,0.17139872,0.17128386,0.17093846,0.17036003,0.16954429,0.16848497,0.16717351,0.16559856,0.16374537,0.16159481,0.15912192,0.15629386,0.15306652,0.14937920,0.14514524,0.14023489,0.13444012,0.12739233,0.11832358,0.10504270,0.05466389
151740,0.17136648,0.17125166,0.17090637,0.17032813,0.16951265,0.16845367,0.16714263,0.16556818,0.16371558,0.16156569,0.15909357,0.15626637,0.15304002,0.14935379,0.14512106,0.14021211,0.13441895,0.12737304,0.11830663,0.10502893,0.05466010
151800,0.17133427,0.17121948,0.17087431,0.17029625,0.16948104,0.16842240,0.16711177,0.16553783,0.16368581,0.16153659,0.15906524,0.15623891,0.15301353,0.14932839,0.14509690,0.14018935,0.13439779,0.12735378,0.11828968,0.10501517,0.05465632
151860,0.17130208,0.17118733,0.17084227,0.17026440,0.16944945,0.16839115,0.16708095,0.16550750,0.16365607,0.16150752,0.15903694,0.15621147,0.15298706,0.14930302,0.14507276,0.14016660,0.13437665,0.12733453,0.11827275,0.10500142,0.05465254
151920,0.17126992,0.17115521,0.17081025,0.17023257,0.16941788,0.16835993,0.16705014,0.16547720,0.16362635,0.16147848,0.15900865,0.15618405,0.15296061,0.14927767,0.14504864,0.14014388,0.13435553,0.12731529,0.11825583,0.10498768,0.05464877
151980,0.17123778,0.17112311,0.17077827,0.17020077,0.16938635,0.16832873,0.16701936,0.16544692,0.16359666,0.16144945,0.15898039,0.15615665,0.15293419,0.14925233,0.14502454,0.14012117,0.13433443,0.12729607,0.11823893,0.10497395,0.05464500
152040,0.17120567,0.17109103,0.17074630,0.17016900,0.16935483,0.16829756,0.16698861,0.16541666,0.16356698,0.16142045,0.15895216,0.15612928,0.15290778,0.14922702,0.14500046,0.14009848,0.13431334,0.12727686,0.11822204,0.10496023,0.05464124
152100,0.17117359,0.17105899,0.17071437,0.17013725,0.16932335,0.16826641,0.16695788,0.16538643,0.16353734,0.16139147,0.15892394,0.15610193,0.15288140,0.14920173,0.14497639,0.14007581,0.13429226,0.12725767,0.11820516,0.10494652,0.05463748
152160,0.17114153,0.17102697,0.17068246,0.17010552,0.16929189,0.16823529,0.16692718,0.16535623,0.16350771,0.16136252,0.15889575,0.15607460,0.15285504,0.14917645,0.14495234,0.14005315,0.13427121,0.12723849,0.11818829,0.10493282,0.05463373
152220,0.17110950,0.17099497,0.17065058,0.17007383,0.16926045,0.16820419,0.16689650,0.16532605,0.16347811,0.16133359,0.15886758,0.15604729,0.15282870,0.14915120,0.14492832,0.14003052,0.13425017,0.12721933,0.11817144,0.10491913,0.05462998
152280,0.17107749,0.17096300,0.17061872,0.17004216,0.16922904,0.16817312,0.16686584,0.16529589,0.16344854,0.16130468,0.15883943,0.15602000,0.15280238,0.14912597,0.14490431,0.14000790,0.13422914,0.12720018,0.11815459,0.10490545,0.05462624
152340,0.17104551,0.17093106,0.17058689,0.17001051,0.16919766,0.16814208,0.16683521,0.16526576,0.16341899,0.16127580,0.15881131,0.15599273,0.15277608,0.14910076,0.14488032,0.13998530,0.13420813,0.12718104,0.11813777,0.10489178,0.05462250
152400,0.17101356,0.17089914,0.17055508,0.16997889,0.16916630,0.16811106,0.16680461,0.16523565,0.16338946,0.16124693,0.15878321,0.15596549,0.15274980,0.14907556,0.14485635,0.13996271,0.13418714,0.12716192,0.11812095,0.10487812,0.05461877
152460,0.17098163,0.17086725,0.17052330,0.16994730,0.16913497,0.16808006,0.16677403,0.16520557,0.16335995,0.16121810,0.15875513,0.15593827,0.15272354,0.14905039,0.14483240,0.13994015,0.13416617,0.12714282,0.11810415,0.10486447,0.05461504
152520,0.17094973,0.17083539,0.17049155,0.16991573,0.16910366,0.16804909,0.16674347,0.16517551,0.16333047,0.16118928,0.15872707,0.15591107,0.15269730,0.14902524,0.14480846,0.13991760,0.13414521,0.12712373,0.11808735,0.10485083,0.05461131
152580,0.17091786,0.17080355,0.17045982,0.16988419,0.16907238,0.16801815,0.16671294,0.16514547,0.16330102,0.16116049,0.15869904,0.15588389,0.15267109,0.14900010,0.14478455,0.13989507,0.13412426,0.12710465,0.11807058,0.10483720,0.05460760
152640,0.17088601,0.17077174,0.17042812,0.16985267,0.16904112,0.16798723,0.16668244,0.16511546,0.16327158,0.16113172,0.15867102,0.15585673,0.15264489,0.14897499,0.14476066,0.13987255,0.13410334,0.12708559,0.11805381,0.10482358,0.05460388
152700,0.17085418,0.17073995,0.17039645,0.16982118,0.16900989,0.16795633,0.16665196,0.16508547,0.16324217,0.16110298,0.15864303,0.15582959,0.15261872,0.14894989,0.14473678,0.13985006,0.13408243,0.12706654,0.11803706,0.10480997,0.05460017
152760,0.17082238,0.17070819,0.17036479,0.16978971,0.16897868,0.16792546,0.16662150,0.16505551,0.16321279,0.16107425,0.15861506,0.15580248,0.15259256,0.14892482,0.14471292,0.13982758,0.13406153,0.12704751,0.11802031,0.10479637,0.05459647
152820,0.17079061,0.17067645,0.17033317,0.16975827,0.16894750,0.16789461,0.16659107,0.16502557,0.16318342,0.16104555,0.15858712,0.15577538,0.15256643,0.14889976,0.14468908,0.13980511,0.13404065,0.12702849,0.11800359,0.10478278,0.05459277
152880,0.17075886,0.17064474,0.17030157,0.16972686,0.16891635,0.16786379,0.16656066,0.16499566,0.16315408,0.16101688,0.15855919,0.15574831,0.15254032,0.14887473,0.14466526,0.13978267,0.13401979,0.12700948,0.11798687,0.10476920,0.05458907
152940,0.17072714,0.17061306,0.17026999,0.16969547,0.16888521,0.16783300,0.16653028,0.16496576,0.16312477,0.16098822,0.15853129,0.15572126,0.15251422,0.14884971,0.14464145,0.13976024,0.13399894,0.12699049,0.11797017,0.10475563,0.05458538
153000,0.17069545,0.17058140,0.17023845,0.16966410,0.16885411,0.16780223,0.16649992,0.16493590,0.16309547,0.16095959,0.15850341,0.15569423,0.15248815,0.14882471,0.14461767,0.13973783,0.13397811,0.12697152,0.11795347,0.10474207,0.05458169
153060,0.17066378,0.17054977,0.17020692,0.16963276,0.16882303,0.16777148,0.16646958,0.16490605,0.16306621,0.16093098,0.15847556,0.15566723,0.15246210,0.14879974,0.14459390,0.13971544,0.13395729,0.12695256,0.11793680,0.10472851,0.05457801
153120,0.17063214,0.17051816,0.17017543,0.16960145,0.16879197,0.16774076,0.16643927,0.16487624,0.16303696,0.16090240,0.15844772,0.15564024,0.15243607,0.14877478,0.14457016,0.13969306,0.13393649,0.12693361,0.11792013,0.10471497,0.05457434
153180,0.17060052,0.17048658,0.17014396,0.16957016,0.16876094,0.16771006,0.16640899,0.16484644,0.16300774,0.16087383,0.15841991,0.15561328,0.15241006,0.14874984,0.14454643,0.13967070,0.13391571,0.12691468,0.11790347,0.10470144,0.05457066
153240,0.17056893,0.17045503,0.17011251,0.16953890,0.16872994,0.16767939,0.16637873,0.16481667,0.16297854,0.16084529,0.15839212,0.15558633,0.15238407,0.14872492,0.14452272,0.13964836,0.13389494,0.12689576,0.11788683,0.10468792,0.05456700
153300,0.17053736,0.17042350,0.17008109,0.16950766,0.16869896,0.16764874,0.16634849,0.16478693,0.16294937,0.16081678,0.15836435,0.15555941,0.15235810,0.14870003,0.14449903,0.13962604,0.13387419,0.12687686,0.11787020,0.10467441,0.05456334
153360,0.17050582,0.17039199,0.17004970,0.16947645,0.16866801,0.16761812,0.16631828,0.16475720,0.16292022,0.16078829,0.15833661,0.15553251,0.15233215,0.14867515,0.14447535,0.13960374,0.13385345,0.12685797,0.11785359,0.10466091,0.05455968
153420,0.17047431,0.17036051,0.17001833,0.16944527,0.16863708,0.16758753,0.16628809,0.16472751,0.16289109,0.16075982,0.15830889,0.15550563,0.15230622,0.14865029,0.14445170,0.13958145,0.13383273,0.12683909,0.11783698,0.10464742,0.05455603
153480,0.17044282,0.17032906,0.16998698,0.16941410,0.16860617,0.16755695,0.16625793,0.16469783,0.16286199,0.16073137,0.15828118,0.15547878,0.15228032,0.14862545,0.14442806,0.13955918,0.13381203,0.12682023,0.11782039,0.10463394,0.05455238
153540,0.17041135,0.17029763,0.16995566,0.16938297,0.16857529,0.16752641,0.16622779,0.16466818,0.16283290,0.16070294,0.15825350,0.15545194,0.15225443,0.14860063,0.14440444,0.13953692,0.13379134,0.12680139,0.11780381,0.10462047,0.05454873
153600,0.17037991,0.17026623,0.16992437,0.16935186,0.16854444,0.16749588,0.16619767,0.16463855,0.16280384,0.16067454,0.15822585,0.15542512,0.15222856,0.14857583,0.14438084,0.13951468,0.13377067,0.12678255,0.11778724,0.10460700,0.05454509
153660,0.17034850,0.17023485,0.16989310,0.16932077,0.16851361,0.16746538,0.16616758,0.16460895,0.16277481,0.16064615,0.15819821,0.15539833,0.15220271,0.14855105,0.14435726,0.13949246,0.13375001,0.12676374,0.11777069,0.10459355,0.05454146
153720,0.17031711,0.17020350,0.16986186,0.16928971,0.16848280,0.16743491,0.16613752,0.16457936,0.16274580,0.16061780,0.15817059,0.15537156,0.15217689,0.14852628,0.14433370,0.13947026,0.13372937,0.12674493,0.11775415,0.10458011,0.05453783
153780,0.17028574,0.17017217,0.16983064,0.16925867,0.16845202,0.16740446,0.16610747,0.16454981,0.16271681,0.16058946,0.15814300,0.15534480,0.15215108,0.14850154,0.14431015,0.13944807,0.13370874,0.12672614,0.11773762,0.10456667,0.05453420
153840,0.17025441,0.17014087,0.16979944,0.16922766,0.16842126,0.16737403,0.16607745,0.16452027,0.16268784,0.16056115,0.15811543,0.15531807,0.15212529,0.14847682,0.14428663,0.13942590,0.13368813,0.12670737,0.11772110,0.10455325,0.05453058
153900,0.17022309,0.17010959,0.16976828,0.16919667,0.16839053,0.16734363,0.16604746,0.16449076,0.16265890,0.16053286,0.15808788,0.15529136,0.15209953,0.14845211,0.14426312,0.13940375,0.13366754,0.12668860,0.11770459,0.10453984,0.05452697
153960,0.17019180,0.17007834,0.16973713,0.16916571,0.16835982,0.16731325,0.16601749,0.16446128,0.16262998,0.16050459,0.15806036,0.15526467,0.15207378,0.14842743,0.14423963,0.13938161,0.13364696,0.12666986,0.11768810,0.10452643,0.05452336
154020,0.17016054,0.17004711,0.16970601,0.16913477,0.16832914,0.16728290,0.16598754,0.16443182,0.16260108,0.16047634,0.15803285,0.15523800,0.15204806,0.14840276,0.14421615,0.13935950,0.13362640,0.12665112,0.11767161,0.10451304,0.05451975
154080,0.17012930,0.17001591,0.16967492,0.16910386,0.16829848,0.16725257,0.16595762,0.16440238,0.16257221,0.16044812,0.15800537,0.15521136,0.15202235,0.14837811,0.14419270,0.13933739,0.13360585,0.12663240,0.11765514,0.10449965,0.05451615
154140,0.17009809,0.16998473,0.16964385,0.16907297,0.16826785,0.16722227,0.16592772,0.16437296,0.16254336,0.16041992,0.15797790,0.15518473,0.15199666,0.14835348,0.14416926,0.13931531,0.13358532,0.12661370,0.11763869,0.10448628,0.05451255
154200,0.17006690,0.16995358,0.16961281,0.16904211,0.16823724,0.16719199,0.16589784,0.16434357,0.16251453,0.16039174,0.15795046,0.15515813,0.15197100,0.14832888,0.14414585,0.13929324,0.13356480,0.12659500,0.11762224,0.10447291,0.05450896
154260,0.17003574,0.16992246,0.16958179,0.16901127,0.16820666,0.16716173,0.16586799,0.16431420,0.16248572,0.16036358,0.15792304,0.15513154,0.15194535,0.14830429,0.14412245,0.13927119,0.13354430,0.12657633,0.11760581,0.10445956,0.05450537
154320,0.17000461,0.16989136,0.16955080,0.16898046,0.16817610,0.16713150,0.16583816,0.16428485,0.16245694,0.16033545,0.15789565,0.15510498,0.15191973,0.14827971,0.14409906,0.13924916,0.13352382,0.12655766,0.11758939,0.10444621,0.05450178
154380,0.16997349,0.16986028,0.16951983,0.16894967,0.16814556,0.16710129,0.16580836,0.16425553,0.16242818,0.16030733,0.15786827,0.15507843,0.15189412,0.14825516,0.14407570,0.13922714,0.13350335,0.12653901,0.11757298,0.10443288,0.05449821
154440,0.16994241,0.16982923,0.16948888,0.16891891,0.16811505,0.16707111,0.16577858,0.16422623,0.16239944,0.16027924,0.15784092,0.15505191,0.15186854,0.14823063,0.14405235,0.13920514,0.13348289,0.12652038,0.11755658,0.10441955,0.05449463
154500,0.16991134,0.16979820,0.16945797,0.16888817,0.16808456,0.16704095,0.16574882,0.16419696,0.16237073,0.16025118,0.15781359,0.15502541,0.15184297,0.14820612,0.14402903,0.13918316,0.13346246,0.12650176,0.11754020,0.10440623,0.05449106
154560,0.16988031,0.16976720,0.16942707,0.16885745,0.16805410,0.16701081,0.16571909,0.16416770,0.16234204,0.16022313,0.15778628,0.15499893,0.15181743,0.14818162,0.14400572,0.13916119,0.13344203,0.12648315,0.11752382,0.10439292,0.05448749
154620,0.16984929,0.16973622,0.16939620,0.16882676,0.16802367,0.16698070,0.16568938,0.16413848,0.16231337,0.16019511,0.15775899,0.15497247,0.15179190,0.14815715,0.14398242,0.13913924,0.13342163,0.12646456,0.11750746,0.10437963,0.05448393
154680,0.16981831,0.16970527,0.16936536,0.16879610,0.16799325,0.16695061,0.16565969,0.16410927,0.16228472,0.16016711,0.15773172,0.15494603,0.15176640,0.14813269,0.14395915,0.13911731,0.13340123,0.12644598,0.11749112,0.10436634,0.05448038
154740,0.16978734,0.16967434,0.16933454,0.16876546,0.16796286,0.16692055,0.16563003,0.16408009,0.16225610,0.16013913,0.15770447,0.15491962,0.15174091,0.14810825,0.14393589,0.13909539,0.13338086,0.12642741,0.11747478,0.10435306,0.05447682
154800,0.16975641,0.16964344,0.16930374,0.16873484,0.16793250,0.16689051,0.16560040,0.16405093,0.16222750,0.16011117,0.15767725,0.15489322,0.15171544,0.14808384,0.14391266,0.13907349,0.13336050,0.12640886,0.11745846,0.10433979,0.05447328
154860,0.16972550,0.16961257,0.16927298,0.16870425,0.16790216,0.16686050,0.16557078,0.16402180,0.16219893,0.16008324,0.15765005,0.15486685,0.15169000,0.14805944,0.14388944,0.13905161,0.13334015,0.12639032,0.11744214,0.10432653,0.05446973
154920,0.16969461,0.16958172,0.16924223,0.16867369,0.16787185,0.16683051,0.16554120,0.16399269,0.16217038,0.16005533,0.15762287,0.15484049,0.15166458,0.14803506,0.14386624,0.13902975,0.13331983,0.12637180,0.11742585,0.10431328,0.05446619
154980,0.16966375,0.16955089,0.16921151,0.16864315,0.16784156,0.16680055,0.16551163,0.16396360,0.16214185,0.16002744,0.15759571,0.15481416,0.15163917,0.14801070,0.14384306,0.13900790,0.13329951,0.12635329,0.11740956,0.10430004,0.05446266
155040,0.16963291,0.16952009,0.16918082,0.16861263,0.16781129,0.16677061,0.16548209,0.16393453,0.16211334,0.15999957,0.15756857,0.15478784,0.15161379,0.14798636,0.14381989,0.13898607,0.13327921,0.12633480,0.11739328,0.10428681,0.05445913
155100,0.16960210,0.16948931,0.16915015,0.16858214,0.16778105,0.16674069,0.16545257,0.16390549,0.16208485,0.15997172,0.15754145,0.15476155,0.15158842,0.14796204,0.14379674,0.13896426,0.13325893,0.12631631,0.11737702,0.10427359,0.05445560
155160,0.16957131,0.16945856,0.16911950,0.16855167,0.16775083,0.16671079,0.16542307,0.16387647,0.16205638,0.15994390,0.15751436,0.15473528,0.15156307,0.14793773,0.14377361,0.13894246,0.13323866,0.12629784,0.11736077,0.10426038,0.05445208
155220,0.16954054,0.16942783,0.16908887,0.16852122,0.16772063,0.16668092,0.16539360,0.16384747,0.16202794,0.15991610,0.15748728,0.15470902,0.15153775,0.14791344,0.14375050,0.13892067,0.13321841,0.12627939,0.11734453,0.10424718,0.05444857
155280,0.16950980,0.16939712,0.16905827,0.16849080,0.16769046,0.16665107,0.16536415,0.16381849,0.16199952,0.15988831,0.15746023,0.15468279,0.15151244,0.14788918,0.14372740,0.13889891,0.13319817,0.12626095,0.11732830,0.10423398,0.05444505
155340,0.16947908,0.16936644,0.16902770,0.16846040,0.16766031,0.16662124,0.16533472,0.16378954,0.16197112,0.15986055,0.15743319,0.15465658,0.15148715,0.14786493,0.14370432,0.13887716,0.13317794,0.12624252,0.11731208,0.10422080,0.05444155
155400,0.16944839,0.16933578,0.16899715,0.16843003,0.16763019,0.16659144,0.16530532,0.16376061,0.16194275,0.15983282,0.15740618,0.15463039,0.15146188,0.14784070,0.14368126,0.13885542,0.13315774,0.12622411,0.11729587,0.10420763,0.05443804
155460,0.16941772,0.16930515,0.16896662,0.16839968,0.16760009,0.16656166,0.16527593,0.16373170,0.16191439,0.15980510,0.15737919,0.15460421,0.15143663,0.14781648,0.14365822,0.13883371,0.13313754,0.12620570,0.11727968,0.10419446,0.05443454
155520,0.16938708,0.16927454,0.16893612,0.16836935,0.16757001,0.16653191,0.16524658,0.16370282,0.16188606,0.15977740,0.15735222,0.15457806,0.15141140,0.14779229,0.14363519,0.13881201,0.13311736,0.12618732,0.11726350,0.10418130,0.05443105
155580,0.16935646,0.16924396,0.16890564,0.16833905,0.16753996,0.16650218,0.16521724,0.16367396,0.16185775,0.15974973,0.15732527,0.15455193,0.15138619,0.14776811,0.14361218,0.13879032,0.13309720,0.12616894,0.11724733,0.10416816,0.05442756
155640,0.16932586,0.16921339,0.16887518,0.16830877,0.16750993,0.16647247,0.16518793,0.16364512,0.16182946,0.15972208,0.15729834,0.15452582,0.15136100,0.14774396,0.14358919,0.13876865,0.13307705,0.12615058,0.11723117,0.10415502,0.05442407
155700,0.16929529,0.16918286,0.16884475,0.16827852,0.16747992,0.16644278,0.16515864,0.16361630,0.16180120,0.15969445,0.15727143,0.15449972,0.15133582,0.14771982,0.14356622,0.13874700,0.13305692,0.12613224,0.11721502,0.10414189,0.05442059
155760,0.16926474,0.16915234,0.16881435,0.16824828,0.16744994,0.16641312,0.16512937,0.16358750,0.16177296,0.15966684,0.15724454,0.15447365,0.15131067,0.14769570,0.14354326,0.13872537,0.13303680,0.12611390,0.11719889,0.10412877,0.05441711
155820,0.16923422,0.16912186,0.16878396,0.16821808,0.16741998,0.16638348,0.16510013,0.16355873,0.16174473,0.15963925,0.15721768,0.15444760,0.15128554,0.14767159,0.14352032,0.13870375,0.13301670,0.12609558,0.11718277,0.10411567,0.05441364
155880,0.16920372,0.16909139,0.16875360,0.16818790,0.16739005,0.16635387,0.16507091,0.16352998,0.16171654,0.15961168,0.15719083,0.15442157,0.15126042,0.14764751,0.14349740,0.13868214,0.13299661,0.12607728,0.11716666,0.10410257,0.05441017
155940,0.16917324,0.16906095,0.16872327,0.16815774,0.16736013,0.16632428,0.16504171,0.16350126,0.16168836,0.15958414,0.15716400,0.15439556,0.15123533,0.14762345,0.14347450,0.13866056,0.13297654,0.12605898,0.11715056,0.10408947,0.05440671
156000,0.16914279,0.16903054,0.16869296,0.16812760,0.16733025,0.16629471,0.16501254,0.16347255,0.16166020,0.15955662,0.15713720,0.15436957,0.15121025,0.14759940,0.14345161,0.13863899,0.13295648,0.12604071,0.11713447,0.10407639,0.05440325
156060,0.16911237,0.16900014,0.16866267,0.16809749,0.16730038,0.16626516,0.16498339,0.16344387,0.16163207,0.15952911,0.15711042,0.15434360,0.15118520,0.14757537,0.14342874,0.13861743,0.13293644,0.12602244,0.11711839,0.10406332,0.05439979
156120,0.16908196,0.16896978,0.16863241,0.16806740,0.16727054,0.16623564,0.16495426,0.16341521,0.16160396,0.15950163,0.15708366,0.15431765,0.15116016,0.14755136,0.14340589,0.13859590,0.13291641,0.12600419,0.11710233,0.10405026,0.05439634
156180,0.16905159,0.16893943,0.16860217,0.16803734,0.16724072,0.16620614,0.16492515,0.16338658,0.16157587,0.15947418,0.15705692,0.15429172,0.15113514,0.14752737,0.14338306,0.13857437,0.13289639,0.12598595,0.11708628,0.10403721,0.05439290
156240,0.16902123,0.16890911,0.16857196,0.16800730,0.16721093,0.16617667,0.16489607,0.16335796,0.16154781,0.15944674,0.15703020,0.15426581,0.15111014,0.14750340,0.14336024,0.13855287,0.13287640,0.12596773,0.11707023,0.10402416,0.05438945
156300,0.16899090,0.16887882,0.16854176,0.16797728,0.16718116,0.16614722,0.16486701,0.16332937,0.16151976,0.15941932,0.15700350,0.15423992,0.15108517,0.14747945,0.14333744,0.13853138,0.13285641,0.12594951,0.11705421,0.10401113,0.05438601
156360,0.16896059,0.16884855,0.16851160,0.16794729,0.16715141,0.16611779,0.16483797,0.16330080,0.16149174,0.15939193,0.15697682,0.15421405,0.15106020,0.14745551,0.14331466,0.13850991,0.13283644,0.12593132,0.11703819,0.10399810,0.05438258
156420,0.16893031,0.16881830,0.16848145,0.16791732,0.16712169,0.16608838,0.16480896,0.16327225,0.16146373,0.15936455,0.15695016,0.15418819,0.15103526,0.14743159,0.14329189,0.13848845,0.13281649,0.12591313,0.11702218,0.10398508,0.05437915
156480,0.16890005,0.16878807,0.16845133,0.16788737,0.16709199,0.16605900,0.16477996,0.16324373,0.16143575,0.15933720,0.15692352,0.15416236,0.15101034,0.14740769,0.14326915,0.13846701,0.13279655,0.12589496,0.11700619,0.10397208,0.05437572
156540,0.16886981,0.16875787,0.16842123,0.16785745,0.16706231,0.16602964,0.16475099,0.16321522,0.16140779,0.15930987,0.15689690,0.15413655,0.15098544,0.14738381,0.14324642,0.13844558,0.13277663,0.12587680,0.11699020,0.10395908,0.05437230
156600,0.16883960,0.16872769,0.16839116,0.16782755,0.16703266,0.16600030,0.16472205,0.16318674,0.16137986,0.15928256,0.15687030,0.15411076,0.15096055,0.14735994,0.14322370,0.13842417,0.13275672,0.12585866,0.11697423,0.10394609,0.05436889
156660,0.16880941,0.16869754,0.16836111,0.16779768,0.16700302,0.16597099,0.16469312,0.16315828,0.16135194,0.15925527,0.15684372,0.15408499,0.15093569,0.14733610,0.14320100,0.13840278,0.13273682,0.12584052,0.11695827,0.10393311,0.05436547
156720,0.16877925,0.16866741,0.16833108,0.16776782,0.16697342,0.16594169,0.16466422,0.16312985,0.16132405,0.15922800,0.15681717,0.15405924,0.15091084,0.14731227,0.14317833,0.13838140,0.13271694,0.12582241,0.11694232,0.10392014,0.05436207
156780,0.16874911,0.16863730,0.16830108,0.16773800,0.16694383,0.16591243,0.16463534,0.16310143,0.16129618,0.15920075,0.15679063,0.15403350,0.15088601,0.14728846,0.14315566,0.13836004,0.13269708,0.12580430,0.11692638,0.10390718,0.05435866
156840,0.16871899,0.16860722,0.16827110,0.16770819,0.16691427,0.16588318,0.16460649,0.16307304,0.16126833,0.15917353,0.15676412,0.15400779,0.15086121,0.14726467,0.14313302,0.13833870,0.13267723,0.12578621,0.11691046,0.10389423,0.05435526
156900,0.16868890,0.16857716,0.16824115,0.16767841,0.16688474,0.16585396,0.16457765,0.16304467,0.16124050,0.15914632,0.15673762,0.15398210,0.15083642,0.14724090,0.14311039,0.13831737,0.13265739,0.12576813,0.11689455,0.10388128,0.05435187
156960,0.16865883,0.16854713,0.16821122,0.16764865,0.16685522,0.16582476,0.16454884,0.16301632,0.16121270,0.15911914,0.15671115,0.15395643,0.15081165,0.14721714,0.14308778,0.13829606,0.13263757,0.12575007,0.11687864,0.10386835,0.05434847
157020,0.16862878,0.16851712,0.16818131,0.16761892,0.16682573,0.16579559,0.16452006,0.16298800,0.16118491,0.15909198,0.15668470,0.15393078,0.15078690,0.14719341,0.14306519,0.13827476,0.13261777,0.12573202,0.11686275,0.10385543,0.05434509
157080,0.16859876,0.16848713,0.16815143,0.16758921,0.16679626,0.16576643,0.16449129,0.16295970,0.16115715,0.15906484,0.15665826,0.15390514,0.15076217,0.14716969,0.14304261,0.13825348,0.13259798,0.12571398,0.11684687,0.10384251,0.05434170
157140,0.16856876,0.16845716,0.16812157,0.16755952,0.16676682,0.16573730,0.16446255,0.16293142,0.16112941,0.15903772,0.15663185,0.15387953,0.15073745,0.14714599,0.14302005,0.13823222,0.13257820,0.12569595,0.11683101,0.10382960,0.05433833
157200,0.16853879,0.16842722,0.16809173,0.16752985,0.16673740,0.16570819,0.16443382,0.16290316,0.16110169,0.15901062,0.15660546,0.15385394,0.15071276,0.14712231,0.14299751,0.13821097,0.13255844,0.12567794,0.11681515,0.10381671,0.05433495
157260,0.16850883,0.16839731,0.16806191,0.16750021,0.16670800,0.16567911,0.16440513,0.16287492,0.16107399,0.15898354,0.15657909,0.15382836,0.15068808,0.14709864,0.14297498,0.13818974,0.13253869,0.12565994,0.11679931,0.10380382,0.05433158
157320,0.16847891,0.16836741,0.16803212,0.16747059,0.16667862,0.16565004,0.16437645,0.16284670,0.16104631,0.15895648,0.15655273,0.15380281,0.15066343,0.14707499,0.14295248,0.13816852,0.13251896,0.12564196,0.11678347,0.10379094,0.05432821
157380,0.16844900,0.16833754,0.16800235,0.16744100,0.16664927,0.16562100,0.16434779,0.16281851,0.16101866,0.15892945,0.15652640,0.15377727,0.15063879,0.14705136,0.14292998,0.13814732,0.13249924,0.12562398,0.11676765,0.10377807,0.05432485
157440,0.16841912,0.16830769,0.16797261,0.16741142,0.16661993,0.16559199,0.16431916,0.16279034,0.16099102,0.15890243,0.15650009,0.15375176,0.15061417,0.14702775,0.14290751,0.13812613,0.13247954,0.12560602,0.11675184,0.10376521,0.05432149
157500,0.16838926,0.16827787,0.16794289,0.16738187,0.16659063,0.16556299,0.16429055,0.16276218,0.16096341,0.15887544,0.15647380,0.15372626,0.15058957,0.14700416,0.14288505,0.13810496,0.13245985,0.12558808,0.11673604,0.10375236,0.05431814
157560,0.16835942,0.16824807,0.16791319,0.16735235,0.16656134,0.16553402,0.16426196,0.16273406,0.16093582,0.15884846,0.15644753,0.15370078,0.15056499,0.14698058,0.14286261,0.13808381,0.13244017,0.12557014,0.11672025,0.10373951,0.05431479
157620,0.16832961,0.16821829,0.16788351,0.16732284,0.16653208,0.16550507,0.16423340,0.16270595,0.16090825,0.15882151,0.15642128,0.15367533,0.15054042,0.14695703,0.14284019,0.13806267,0.13242051,0.12555222,0.11670447,0.10372668,0.05431144
157680,0.16829982,0.16818853,0.16785386,0.16729336,0.16650284,0.16547614,0.16420485,0.16267786,0.16088070,0.15879457,0.15639504,0.15364989,0.15051588,0.14693349,0.14281778,0.13804155,0.13240087,0.12553432,0.11668871,0.10371385,0.05430810
157740,0.16827006,0.16815880,0.16782423,0.16726391,0.16647362,0.16544723,0.16417633,0.16264980,0.16085317,0.15876766,0.15636883,0.15362447,0.15049135,0.14690996,0.14279539,0.13802044,0.13238124,0.12551642,0.11667295,0.10370104,0.05430476
157800,0.16824032,0.16812909,0.16779463,0.16723447,0.16644443,0.16541835,0.16414783,0.16262176,0.16082566,0.15874077,0.15634264,0.15359907,0.15046684,0.14688646,0.14277301,0.13799935,0.13236162,0.12549854,0.11665721,0.10368823,0.05430143
157860,0.16821060,0.16809941,0.16776504,0.16720506,0.16641526,0.16538949,0.16411935,0.16259374,0.16079818,0.15871390,0.15631647,0.15357369,0.15044236,0.14686297,0.14275066,0.13797828,0.13234202,0.12548067,0.11664148,0.10367543,0.05429810
157920,0.16818090,0.16806975,0.16773548,0.16717567,0.16638611,0.16536065,0.16409090,0.16256574,0.16077071,0.15868705,0.15629032,0.15354833,0.15041789,0.14683950,0.14272832,0.13795722,0.13232243,0.12546282,0.11662576,0.10366264,0.05429478
157980,0.16815123,0.16804011,0.16770595,0.16714630,0.16635698,0.16533184,0.16406247,0.16253776,0.16074327,0.15866022,0.15626419,0.15352299,0.15039343,0.14681605,0.14270599,0.13793617,0.13230286,0.12544498,0.11661005,0.10364986,0.05429146
158040,0.16812158,0.16801049,0.16767643,0.16711696,0.16632788,0.16530304,0.16403406,0.16250981,0.16071585,0.15863341,0.15623808,0.15349767,0.15036900,0.14679262,0.14268368,0.13791514,0.13228330,0.12542715,0.11659435,0.10363709,0.05428814
158100,0.16809195,0.16798090,0.16764694,0.16708764,0.16629880,0.16527427,0.16400567,0.16248188,0.16068844,0.15860662,0.15621199,0.15347237,0.15034459,0.14676920,0.14266139,0.13789413,0.13226376,0.12540933,0.11657867,0.10362433,0.05428483
158160,0.16806235,0.16795133,0.16761748,0.16705834,0.16626974,0.16524552,0.16397730,0.16245396,0.16066106,0.15857985,0.15618592,0.15344708,0.15032019,0.14674580,0.14263912,0.13787313,0.13224423,0.12539153,0.11656299,0.10361158,0.05428152
158220,0.16803277,0.16792178,0.16758803,0.16702907,0.16624070,0.16521680,0.16394895,0.16242607,0.16063371,0.15855311,0.15615987,0.15342182,0.15029581,0.14672242,0.14261686,0.13785215,0.13222471,0.12537374,0.11654733,0.10359883,0.05427821
158280,0.16800321,0.16789226,0.16755861,0.16699982,0.16621169,0.16518809,0.16392063,0.16239821,0.16060637,0.15852638,0.15613384,0.15339657,0.15027145,0.14669906,0.14259462,0.13783119,0.13220521,0.12535596,0.11653167,0.10358610,0.05427491
158340,0.16797368,0.16786276,0.16752921,0.16697059,0.16618270,0.16515941,0.16389233,0.16237036,0.16057905,0.15849967,0.15610782,0.15337135,0.15024711,0.14667571,0.14257240,0.13781024,0.13218572,0.12533820,0.11651603,0.10357337,0.05427162
158400,0.16794417,0.16783328,0.16749983,0.16694138,0.16615373,0.16513075,0.16386405,0.16234253,0.16055176,0.15847299,0.15608183,0.15334614,0.15022279,0.14665239,0.14255019,0.13778930,0.13216625,0.12532044,0.11650040,0.10356065,0.05426832
158460,0.16791468,0.16780383,0.16747048,0.16691220,0.16612479,0.16510212,0.16383580,0.16231473,0.16052448,0.15844633,0.15605586,0.15332096,0.15019849,0.14662908,0.14252801,0.13776839,0.13214679,0.12530271,0.11648478,0.10354795,0.05426504
158520,0.16788522,0.16777440,0.16744116,0.16688304,0.16609587,0.16507351,0.16380756,0.16228695,0.16049723,0.15841969,0.15602992,0.15329579,0.15017421,0.14660579,0.14250584,0.13774748,0.13212735,0.12528498,0.11646918,0.10353525,0.05426175
158580,0.16785578,0.16774500,0.16741185,0.16685391,0.16606697,0.16504492,0.16377935,0.16225919,0.16047000,0.15839306,0.15600399,0.15327065,0.15014994,0.14658252,0.14248368,0.13772660,0.13210792,0.12526727,0.11645358,0.10352256,0.05425847
158640,0.16782636,0.16771561,0.16738257,0.16682479,0.16603809,0.16501635,0.16375116,0.16223145,0.16044279,0.15836646,0.15597807,0.15324552,0.15012569,0.14655926,0.14246154,0.13770572,0.13208851,0.12524957,0.11643800,0.10350988,0.05425520
158700,0.16779696,0.16768625,0.16735331,0.16679570,0.16600924,0.16498780,0.16372299,0.16220373,0.16041560,0.15833988,0.15595218,0.15322041,0.15010146,0.14653602,0.14243942,0.13768487,0.13206911,0.12523189,0.11642242,0.10349720,0.05425192
158760,0.16776759,0.16765691,0.16732407,0.16676663,0.16598041,0.16495927,0.16369484,0.16217604,0.16038843,0.15831331,0.15592631,0.15319532,0.15007725,0.14651280,0.14241731,0.13766403,0.13204972,0.12521421,0.11640686,0.10348454,0.05424865
158820,0.16773824,0.16762759,0.16729485,0.16673758,0.16595159,0.16493077,0.16366671,0.16214836,0.16036128,0.15828677,0.15590046,0.15317024,0.15005306,0.14648959,0.14239522,0.13764320,0.13203035,0.12519655,0.11639131,0.10347188,0.05424539
158880,0.16770891,0.16759829,0.16726565,0.16670855,0.16592280,0.16490228,0.16363861,0.16212071,0.16033415,0.15826025,0.15587462,0.15314519,0.15002888,0.14646640,0.14237314,0.13762239,0.13201099,0.12517890,0.11637577,0.10345924,0.05424213
158940,0.16767960,0.16756902,0.16723648,0.16667955,0.16589404,0.16487382,0.16361052,0.16209307,0.16030705,0.15823374,0.15584881,0.15312016,0.15000473,0.14644323,0.14235108,0.13760159,0.13199165,0.12516127,0.11636024,0.10344660,0.05423887
159000,0.16765032,0.16753977,0.16720733,0.16665057,0.16586529,0.16484538,0.16358246,0.16206546,0.16027996,0.15820726,0.15582302,0.15309514,0.14998059,0.14642008,0.14232904,0.13758081,0.13197232,0.12514364,0.11634472,0.10343397,0.05423562
159060,0.16762106,0.16751054,0.16717821,0.16662161,0.16583657,0.16481696,0.16355442,0.16203787,0.16025289,0.15818080,0.15579724,0.15307014,0.14995646,0.14639694,0.14230702,0.13756005,0.13195300,0.12512603,0.11632921,0.10342135,0.05423237
159120,0.16759182,0.16748134,0.16714910,0.16659267,0.16580787,0.16478857,0.16352640,0.16201030,0.16022584,0.15815435,0.15577149,0.15304516,0.14993236,0.14637382,0.14228501,0.13753930,0.13193370,0.12510843,0.11631371,0.10340874,0.05422913
159180,0.16756260,0.16745215,0.16712002,0.16656375,0.16577919,0.16476019,0.16349840,0.16198275,0.16019882,0.15812793,0.15574575,0.15302020,0.14990827,0.14635072,0.14226301,0.13751856,0.13191441,0.12509085,0.11629822,0.10339613,0.05422589
159240,0.16753340,0.16742299,0.16709095,0.16653486,0.16575053,0.16473184,0.16347042,0.16195522,0.16017181,0.15810153,0.15572003,0.15299526,0.14988421,0.14632763,0.14224103,0.13749784,0.13189513,0.12507328,0.11628275,0.10338354,0.05422265
159300,0.16750423,0.16739385,0.16706192,0.16650599,0.16572189,0.16470351,0.16344247,0.16192771,0.16014483,0.15807514,0.15569433,0.15297034,0.14986016,0.14630456,0.14221907,0.13747713,0.13187587,0.12505571,0.11626728,0.10337095,0.05421942
159360,0.16747508,0.16736474,0.16703290,0.16647714,0.16569328,0.16467520,0.16341453,0.16190022,0.16011786,0.15804878,0.15566865,0.15294543,0.14983612,0.14628151,0.14219713,0.13745644,0.13185663,0.12503817,0.11625183,0.10335838,0.05421619
159420,0.16744596,0.16733564,0.16700391,0.16644831,0.16566469,0.16464691,0.16338662,0.16187275,0.16009092,0.15802244,0.15564300,0.15292055,0.14981211,0.14625848,0.14217520,0.13743577,0.13183739,0.12502063,0.11623639,0.10334581,0.05421296
159480,0.16741685,0.16730657,0.16697493,0.16641951,0.16563612,0.16461864,0.16335873,0.16184531,0.16006399,0.15799611,0.15561736,0.15289568,0.14978811,0.14623546,0.14215329,0.13741511,0.13181817,0.12500311,0.11622095,0.10333325,0.05420974
159540,0.16738777,0.16727752,0.16694598,0.16639072,0.16560757,0.16459040,0.16333085,0.16181788,0.16003709,0.15796981,0.15559174,0.15287084,0.14976414,0.14621246,0.14213139,0.13739447,0.13179897,0.12498560,0.11620553,0.10332070,0.05420653
159600,0.16735871,0.16724849,0.16691706,0.16636196,0.16557904,0.16456217,0.16330300,0.16179048,0.16001021,0.15794353,0.15556614,0.15284601,0.14974018,0.14618948,0.14210951,0.13737384,0.13177978,0.12496810,0.11619012,0.10330815,0.05420331
159660,0.16732967,0.16721949,0.16688815,0.16633323,0.16555054,0.16453397,0.16327518,0.16176310,0.15998334,0.15791726,0.15554055,0.15282120,0.14971623,0.14616652,0.14208765,0.13735322,0.13176060,0.12495062,0.11617472,0.10329562,0.05420010
159720,0.16730066,0.16719051,0.16685927,0.16630451,0.16552205,0.16450579,0.16324737,0.16173573,0.15995650,0.15789102,0.15551499,0.15279640,0.14969231,0.14614357,0.14206580,0.13733262,0.13174144,0.12493314,0.11615933,0.10328309,0.05419690
159780,0.16727166,0.16716155,0.16683041,0.16627581,0.16549359,0.16447764,0.16321958,0.16170839,0.15992968,0.15786480,0.15548945,0.15277163,0.14966840,0.14612064,0.14204397,0.13731204,0.13172229,0.12491568,0.11614396,0.10327058,0.05419370
159840,0.16724269,0.16713261,0.16680157,0.16624714,0.16546516,0.16444950,0.16319182,0.16168107,0.15990288,0.15783859,0.15546393,0.15274688,0.14964452,0.14609772,0.14202215,0.13729147,0.13170316,0.12489824,0.11612859,0.10325807,0.05419050
159900,0.16721374,0.16710370,0.16677276,0.16621849,0.16543674,0.16442138,0.16316408,0.16165377,0.15987610,0.15781241,0.15543842,0.15272214,0.14962065,0.14607483,0.14200035,0.13727092,0.13168403,0.12488080,0.11611324,0.10324557,0.05418731
159960,0.16718482,0.16707480,0.16674396,0.16618986,0.16540834,0.16439329,0.16313635,0.16162649,0.15984934,0.15778625,0.15541294,0.15269742,0.14959679,0.14605194,0.14197857,0.13725038,0.13166493,0.12486338,0.11609789,0.10323308,0.05418412
160020,0.16715591,0.16704593,0.16671519,0.16616126,0.16537997,0.16436522,0.16310865,0.16159924,0.15982260,0.15776010,0.15538747,0.15267272,0.14957296,0.14602908,0.14195680,0.13722986,0.13164583,0.12484597,0.11608256,0.10322060,0.05418093
160080,0.16712703,0.16701708,0.16668644,0.16613267,0.16535161,0.16433716,0.16308097,0.16157200,0.15979588,0.15773398,0.15536202,0.15264804,0.14954914,0.14600623,0.14193505,0.13720935,0.13162675,0.12482857,0.11606723,0.10320812,0.05417775
160140,0.16709817,0.16698825,0.16665771,0.16610411,0.16532328,0.16430913,0.16305331,0.16154478,0.15976918,0.15770787,0.15533659,0.15262338,0.14952534,0.14598340,0.14191331,0.13718885,0.13160769,0.12481119,0.11605192,0.10319566,0.05417457
160200,0.16706933,0.16695944,0.16662900,0.16607556,0.16529497,0.16428112,0.16302567,0.16151758,0.15974250,0.15768178,0.15531118,0.15259874,0.14950155,0.14596059,0.14189159,0.13716837,0.13158863,0.12479381,0.11603662,0.10318320,0.05417140
160260,0.16704051,0.16693066,0.16660031,0.16604704,0.16526668,0.16425314,0.16299805,0.16149041,0.15971584,0.15765572,0.15528579,0.15257411,0.14947779,0.14593779,0.14186989,0.13714791,0.13156959,0.12477645,0.11602133,0.10317076,0.05416823
160320,0.16701172,0.16690190,0.16657165,0.16601854,0.16523842,0.16422517,0.16297046,0.16146325,0.15968919,0.15762967,0.15526042,0.15254950,0.14945404,0.14591501,0.14184820,0.13712746,0.13155057,0.12475911,0.11600604,0.10315832,0.05416506
160380,0.16698294,0.16687316,0.16654301,0.16599007,0.16521017,0.16419722,0.16294288,0.16143612,0.15966258,0.15760364,0.15523507,0.15252491,0.14943031,0.14589225,0.14182653,0.13710703,0.13153156,0.12474177,0.11599077,0.10314589,0.05416190
160440,0.16695419,0.16684444,0.16651439,0.16596161,0.16518195,0.16416930,0.16291533,0.16140900,0.15963598,0.15757764,0.15520974,0.15250034,0.14940660,0.14586951,0.14180487,0.13708661,0.13151256,0.12472445,0.11597552,0.10313346,0.05415874
160500,0.16692546,0.16681574,0.16648579,0.16593318,0.16515375,0.16414140,0.16288779,0.16138191,0.15960940,0.15755165,0.15518442,0.15247579,0.14938291,0.14584678,0.14178323,0.13706620,0.13149358,0.12470714,0.11596027,0.10312105,0.05415558
160560,0.16689676,0.16678707,0.16645722,0.16590477,0.16512557,0.16411352,0.16286028,0.16135483,0.15958284,0.15752568,0.15515913,0.15245126,0.14935923,0.14582407,0.14176161,0.13704581,0.13147461,0.12468984,0.11594503,0.10310865,0.05415243
160620,0.16686807,0.16675842,0.16642866,0.16587638,0.16509741,0.16408566,0.16283279,0.16132778,0.15955630,0.15749973,0.15513385,0.15242674,0.14933557,0.14580137,0.14174000,0.13702544,0.13145565,0.12467255,0.11592980,0.10309625,0.05414928
160680,0.16683941,0.16672979,0.16640013,0.16584801,0.16506927,0.16405782,0.16280532,0.16130075,0.15952978,0.15747380,0.15510860,0.15240225,0.14931193,0.14577869,0.14171841,0.13700508,0.13143671,0.12465528,0.11591459,0.10308386,0.05414614
160740,0.16681077,0.16670118,0.16637162,0.16581967,0.16504116,0.16403000,0.16277787,0.16127374,0.15950328,0.15744790,0.15508336,0.15237777,0.14928831,0.14575603,0.14169683,0.13698473,0.13141778,0.12463802,0.11589938,0.10307148,0.05414300
160800,0.16678215,0.16667260,0.16634313,0.16579134,0.16501307,0.16400221,0.16275044,0.16124675,0.15947680,0.15742201,0.15505814,0.15235331,0.14926470,0.14573339,0.14167527,0.13696440,0.13139887,0.12462077,0.11588419,0.10305911,0.05413987
160860,0.16675355,0.16664403,0.16631467,0.16576304,0.16498499,0.16397443,0.16272303,0.16121978,0.15945034,0.15739613,0.15503294,0.15232887,0.14924112,0.14571076,0.14165373,0.13694409,0.13137996,0.12460353,0.11586900,0.10304675,0.05413673
160920,0.16672498,0.16661549,0.16628622,0.16573476,0.16495694,0.16394668,0.16269564,0.16119283,0.15942390,0.15737028,0.15500776,0.15230444,0.14921754,0.14568815,0.14163220,0.13692379,0.13136108,0.12458631,0.11585383,0.10303439,0.05413360
160980,0.16669642,0.16658697,0.16625780,0.16570650,0.16492891,0.16391894,0.16266827,0.16116590,0.15939748,0.15734445,0.15498260,0.15228004,0.14919399,0.14566555,0.14161068,0.13690350,0.13134220,0.12456909,0.11583867,0.10302205,0.05413048
161040,0.16666789,0.16655847,0.16622940,0.16567826,0.16490090,0.16389123,0.16264093,0.16113899,0.15937108,0.15731864,0.15495745,0.15225565,0.14917045,0.14564298,0.14158919,0.13688323,0.13132334,0.12455189,0.11582352,0.10300971,0.05412736
161100,0.16663938,0.16652999,0.16620101,0.16565004,0.16487291,0.16386354,0.16261360,0.16111210,0.15934470,0.15729284,0.15493233,0.15223128,0.14914693,0.14562041,0.14156770,0.13686297,0.13130449,0.12453471,0.11580837,0.10299738,0.05412424
161160,0.16661089,0.16650153,0.16617265,0.16562184,0.16484494,0.16383587,0.16258629,0.16108523,0.15931834,0.15726707,0.15490722,0.15220693,0.14912343,0.14559787,0.14154624,0.13684273,0.13128566,0.12451753,0.11579324,0.10298506,0.05412113
161220,0.16658242,0.16647310,0.16614432,0.16559367,0.16481700,0.16380822,0.16255901,0.16105838,0.15929200,0.15724131,0.15488213,0.15218259,0.14909995,0.14557534,0.14152479,0.13682250,0.13126684,0.12450037,0.11577812,0.10297275,0.05411802
161280,0.16655398,0.16644468,0.16611600,0.16556551,0.16478907,0.16378059,0.16253174,0.16103155,0.15926568,0.15721558,0.15485706,0.15215828,0.14907648,0.14555283,0.14150335,0.13680229,0.13124803,0.12448321,0.11576301,0.10296045,0.05411491
161340,0.16652555,0.16641629,0.16608771,0.16553738,0.16476117,0.16375298,0.16250450,0.16100474,0.15923938,0.15718986,0.15483201,0.15213398,0.14905303,0.14553033,0.14148193,0.13678209,0.13122924,0.12446608,0.11574791,0.10294815,0.05411181
161400,0.16649715,0.16638792,0.16605943,0.16550927,0.16473328,0.16372539,0.16247728,0.16097795,0.15921310,0.15716416,0.15480698,0.15210970,0.14902960,0.14550785,0.14146053,0.13676191,0.13121046,0.12444895,0.11573282,0.10293586,0.05410871
161460,0.16646877,0.16635957,0.16603118,0.16548118,0.16470542,0.16369782,0.16245007,0.16095118,0.15918684,0.15713849,0.15478197,0.15208544,0.14900618,0.14548539,0.14143914,0.13674174,0.13119169,0.12443183,0.11571774,0.10292359,0.05410562
161520,0.16644041,0.16633124,0.16600295,0.16545311,0.16467758,0.16367028,0.16242289,0.16092443,0.15916059,0.15711283,0.15475697,0.15206119,0.14898279,0.14546294,0.14141776,0.13672158,0.13117294,0.12441473,0.11570268,0.10291132,0.05410252
161580,0.16641207,0.16630294,0.16597474,0.16542506,0.16464976,0.16364275,0.16239573,0.16089770,0.15913437,0.15708719,0.15473200,0.15203697,0.14895941,0.14544051,0.14139641,0.13670144,0.13115420,0.12439764,0.11568762,0.10289905,0.05409944
161640,0.16638375,0.16627465,0.16594655,0.16539704,0.16462196,0.16361525,0.16236859,0.16087099,0.15910817,0.15706157,0.15470704,0.15201276,0.14893604,0.14541810,0.14137506,0.13668132,0.13113547,0.12438056,0.11567257,0.10288680,0.05409635
161700,0.16635546,0.16624639,0.16591838,0.16536903,0.16459418,0.16358776,0.16234146,0.16084430,0.15908198,0.15703597,0.15468210,0.15198857,0.14891270,0.14539570,0.14135374,0.13666121,0.13111676,0.12436349,0.11565754,0.10287456,0.05409327
161760,0.16632718,0.16621815,0.16589024,0.16534105,0.16456643,0.16356030,0.16231436,0.16081763,0.15905582,0.15701038,0.15465718,0.15196440,0.14888937,0.14537332,0.14133243,0.13664111,0.13109806,0.12434644,0.11564251,0.10286232,0.05409020
161820,0.16629893,0.16618992,0.16586211,0.16531309,0.16453869,0.16353286,0.16228728,0.16079099,0.15902968,0.15698482,0.15463228,0.15194024,0.14886605,0.14535096,0.14131113,0.13662103,0.13107937,0.12432940,0.11562749,0.10285009,0.05408712
161880,0.16627070,0.16616173,0.16583401,0.16528514,0.16451098,0.16350544,0.16226022,0.16076436,0.15900355,0.15695928,0.15460739,0.15191611,0.14884276,0.14532861,0.14128985,0.13660096,0.13106070,0.12431237,0.11561249,0.10283787,0.05408406
161940,0.16624249,0.16613355,0.16580593,0.16525722,0.16448328,0.16347804,0.16223318,0.16073775,0.15897745,0.15693375,0.15458253,0.15189199,0.14881948,0.14530628,0.14126859,0.13658091,0.13104204,0.12429535,0.11559750,0.10282566,0.05408099
162000,0.16621430,0.16610539,0.16577787,0.16522932,0.16445561,0.16345066,0.16220616,0.16071116,0.15895136,0.15690824,0.15455768,0.15186789,0.14879622,0.14528397,0.14124734,0.13656087,0.13102339,0.12427834,0.11558251,0.10281346,0.05407793
162060,0.16618614,0.16607726,0.16574983,0.16520145,0.16442796,0.16342330,0.16217917,0.16068459,0.15892530,0.15688276,0.15453286,0.15184381,0.14877298,0.14526167,0.14122611,0.13654085,0.13100476,0.12426135,0.11556754,0.10280126,0.05407487
162120,0.16615799,0.16604915,0.16572182,0.16517360,0.16440033,0.16339596,0.16215219,0.16065805,0.15889926,0.15685730,0.15450805,0.15181975,0.14874976,0.14523939,0.14120489,0.13652084,0.13098615,0.12424437,0.11555258,0.10278908,0.05407182
162180,0.16612987,0.16602106,0.16569382,0.16514576,0.16437272,0.16336865,0.16212523,0.16063152,0.15887323,0.15683185,0.15448326,0.15179570,0.14872655,0.14521712,0.14118369,0.13650085,0.13096754,0.12422740,0.11553763,0.10277690,0.05406877
162240,0.16610177,0.16599299,0.16566585,0.16511795,0.16434514,0.16334135,0.16209830,0.16060501,0.15884722,0.15680642,0.15445849,0.15177167,0.14870336,0.14519488,0.14116251,0.13648087,0.13094895,0.12421044,0.11552268,0.10276473,0.05406572
162300,0.16607369,0.16596494,0.16563790,0.16509015,0.16431757,0.16331407,0.16207138,0.16057852,0.15882124,0.15678101,0.15443373,0.15174766,0.14868019,0.14517264,0.14114133,0.13646090,0.13093037,0.12419349,0.11550775,0.10275257,0.05406268
162360,0.16604562,0.16593691,0.16560996,0.16506238,0.16429002,0.16328682,0.16204448,0.16055206,0.15879527,0.15675562,0.15440900,0.15172367,0.14865703,0.14515043,0.14112018,0.13644095,0.13091180,0.12417656,0.11549283,0.10274041,0.05405964
162420,0.16601758,0.16590890,0.16558205,0.16503463,0.16426249,0.16325958,0.16201760,0.16052561,0.15876932,0.15673024,0.15438428,0.15169969,0.14863389,0.14512822,0.14109904,0.13642101,0.13089325,0.12415964,0.11547792,0.10272827,0.05405660
162480,0.16598957,0.16588091,0.16555416,0.16500689,0.16423498,0.16323236,0.16199075,0.16049917,0.15874339,0.15670489,0.15435958,0.15167573,0.14861076,0.14510604,0.14107791,0.13640109,0.13087471,0.12414273,0.11546302,0.10271613,0.05405357
162540,0.16596157,0.16585294,0.16552629,0.16497918,0.16420750,0.16320517,0.16196391,0.16047276,0.15871748,0.15667955,0.15433490,0.15165179,0.14858766,0.14508387,0.14105680,0.13638118,0.13085618,0.12412583,0.11544813,0.10270400,0.05405054
162600,0.16593359,0.16582500,0.16549844,0.16495149,0.16418003,0.16317799,0.16193709,0.16044637,0.15869158,0.15665423,0.15431024,0.15162787,0.14856456,0.14506172,0.14103571,0.13636129,0.13083767,0.12410894,0.11543325,0.10269188,0.05404751
162660,0.16590563,0.16579707,0.16547061,0.16492382,0.16415258,0.16315084,0.16191029,0.16042000,0.15866571,0.15662893,0.15428559,0.15160396,0.14854149,0.14503958,0.14101462,0.13634141,0.13081917,0.12409207,0.11541838,0.10267977,0.05404449
162720,0.16587770,0.16576917,0.16544280,0.16489617,0.16412516,0.16312370,0.16188351,0.16039365,0.15863986,0.15660365,0.15426096,0.15158007,0.14851843,0.14501746,0.14099356,0.13632154,0.13080068,0.12407520,0.11540352,0.10266766,0.05404147
162780,0.16584978,0.16574129,0.16541501,0.16486854,0.16409775,0.16309658,0.16185675,0.16036732,0.15861402,0.15657839,0.15423635,0.15155620,0.14849539,0.14499535,0.14097251,0.13630169,0.13078220,0.12405835,0.11538867,0.10265557,0.05403846
162840,0.16582189,0.16571342,0.16538724,0.16484093,0.16407037,0.16306949,0.16183001,0.16034100,0.15858821,0.15655315,0.15421176,0.15153235,0.14847237,0.14497326,0.14095147,0.13628185,0.13076374,0.12404151,0.11537383,0.10264348,0.05403545
162900,0.16579401,0.16568558,0.16535949,0.16481335,0.16404300,0.16304241,0.16180329,0.16031471,0.15856241,0.15652792,0.15418719,0.15150851,0.14844936,0.14495119,0.14093045,0.13626202,0.13074529,0.12402468,0.11535900,0.10263140,0.05403244
162960,0.16576616,0.16565776,0.16533177,0.16478578,0.16401566,0.16301536,0.16177659,0.16028843,0.15853663,0.15650272,0.15416263,0.15148469,0.14842637,0.14492913,0.14090945,0.13624221,0.13072686,0.12400786,0.11534418,0.10261933,0.05402943
163020,0.16573833,0.16562996,0.16530406,0.16475823,0.16398833,0.16298832,0.16174991,0.16026218,0.15851087,0.15647753,0.15413809,0.15146089,0.14840340,0.14490709,0.14088846,0.13622242,0.13070843,0.12399106,0.11532937,0.10260726,0.05402643
163080,0.16571052,0.16560218,0.16527638,0.16473070,0.16396103,0.16296130,0.16172325,0.16023594,0.15848513,0.15645236,0.15411357,0.15143710,0.14838044,0.14488507,0.14086748,0.13620263,0.13069002,0.12397426,0.11531457,0.10259521,0.05402344
163140,0.16568272,0.16557442,0.16524871,0.16470320,0.16393375,0.16293431,0.16169661,0.16020973,0.15845941,0.15642721,0.15408907,0.15141333,0.14835750,0.14486306,0.14084652,0.13618287,0.13067163,0.12395748,0.11529978,0.10258316,0.05402044
163200,0.16565496,0.16554668,0.16522107,0.16467571,0.16390648,0.16290733,0.16166999,0.16018353,0.15843371,0.15640207,0.15406459,0.15138958,0.14833458,0.14484106,0.14082558,0.13616311,0.13065324,0.12394071,0.11528500,0.10257112,0.05401745
163260,0.16562721,0.16551896,0.16519345,0.16464825,0.16387924,0.16288038,0.16164339,0.16015735,0.15840803,0.15637696,0.15404012,0.15136585,0.14831167,0.14481908,0.14080465,0.13614337,0.13063487,0.12392396,0.11527023,0.10255909,0.05401447
163320,0.16559948,0.16549127,0.16516584,0.16462080,0.16385202,0.16285344,0.16161681,0.16013119,0.15838236,0.15635187,0.15401568,0.15134214,0.14828878,0.14479712,0.14078373,0.13612365,0.13061652,0.12390721,0.11525547,0.10254706,0.05401148
163380,0.16557177,0.16546359,0.16513826,0.16459338,0.16382482,0.16282653,0.16159025,0.16010506,0.15835672,0.15632679,0.15399125,0.15131844,0.14826590,0.14477518,0.14076283,0.13610394,0.13059817,0.12389047,0.11524072,0.10253505,0.05400851
163440,0.16554408,0.16543594,0.16511070,0.16456598,0.16379764,0.16279964,0.16156371,0.16007894,0.15833109,0.15630173,0.15396683,0.15129476,0.14824305,0.14475325,0.14074195,0.13608424,0.13057984,0.12387375,0.11522599,0.10252304,0.05400553
163500,0.16551642,0.16540830,0.16508316,0.16453859,0.16377048,0.16277276,0.16153719,0.16005284,0.15830548,0.15627669,0.15394244,0.15127110,0.14822021,0.14473133,0.14072108,0.13606456,0.13056152,0.12385704,0.11521126,0.10251104,0.05400256
163560,0.16548877,0.16538069,0.16505564,0.16451123,0.16374333,0.16274591,0.16151069,0.16002676,0.15827990,0.15625167,0.15391807,0.15124745,0.14819738,0.14470943,0.14070023,0.13604489,0.13054321,0.12384034,0.11519654,0.10249905,0.05399959
163620,0.16546115,0.16535309,0.16502814,0.16448389,0.16371621,0.16271907,0.16148420,0.16000069,0.15825433,0.15622667,0.15389371,0.15122382,0.14817458,0.14468755,0.14067938,0.13602523,0.13052492,0.12382365,0.11518183,0.10248707,0.05399662
163680,0.16543354,0.16532552,0.16500066,0.16445656,0.16368911,0.16269225,0.16145774,0.15997465,0.15822877,0.15620168,0.15386936,0.15120021,0.14815178,0.14466568,0.14065856,0.13600559,0.13050664,0.12380697,0.11516713,0.10247509,0.05399366
163740,0.16540596,0.16529796,0.16497320,0.16442926,0.16366203,0.16266546,0.16143130,0.15994863,0.15820324,0.15617671,0.15384504,0.15117661,0.14812901,0.14464383,0.14063775,0.13598596,0.13048837,0.12379031,0.11515245,0.10246312,0.05399070
163800,0.16537839,0.16527043,0.16494576,0.16440198,0.16363497,0.16263868,0.16140487,0.15992262,0.15817773,0.15615176,0.15382074,0.15115303,0.14810625,0.14462199,0.14061695,0.13596635,0.13047012,0.12377366,0.11513777,0.10245116,0.05398775
163860,0.16535085,0.16524292,0.16491834,0.16437472,0.16360792,0.16261192,0.16137847,0.15989664,0.15815223,0.15612683,0.15379645,0.15112947,0.14808351,0.14460017,0.14059617,0.13594674,0.13045187,0.12375701,0.11512310,0.10243921,0.05398480
163920,0.16532332,0.16521543,0.16489094,0.16434747,0.16358090,0.16258519,0.16135208,0.15987067,0.15812676,0.15610192,0.15377218,0.15110593,0.14806078,0.14457837,0.14057541,0.13592716,0.13043364,0.12374038,0.11510844,0.10242727,0.05398185
163980,0.16529582,0.16518795,0.16486356,0.16432025,0.16355390,0.16255847,0.16132571,0.15984472,0.15810130,0.15607703,0.15374792,0.15108240,0.14803807,0.14455658,0.14055465,0.13590759,0.13041543,0.12372376,0.11509379,0.10241533,0.05397891
164040,0.16526834,0.16516050,0.16483621,0.16429305,0.16352692,0.16253177,0.16129937,0.15981880,0.15807586,0.15605215,0.15372369,0.15105889,0.14801538,0.14453481,0.14053392,0.13588803,0.13039722,0.12370716,0.11507916,0.10240341,0.05397597
164100,0.16524088,0.16513307,0.16480887,0.16426587,0.16349996,0.16250510,0.16127304,0.15979289,0.15805044,0.15602729,0.15369947,0.15103540,0.14799271,0.14451305,0.14051320,0.13586848,0.13037903,0.12369056,0.11506453,0.10239149,0.05397303
164160,0.16521344,0.16510566,0.16478155,0.16423871,0.16347302,0.16247844,0.16124673,0.15976700,0.15802504,0.15600245,0.15367527,0.15101193,0.14797005,0.14449131,0.14049249,0.13584895,0.13036086,0.12367398,0.11504991,0.10237957,0.05397009
164220,0.16518601,0.16507827,0.16475426,0.16421157,0.16344610,0.16245180,0.16122045,0.15974113,0.15799966,0.15597763,0.15365109,0.15098847,0.14794740,0.14446958,0.14047180,0.13582943,0.13034269,0.12365740,0.11503530,0.10236767,0.05396716
164280,0.16515861,0.16505090,0.16472698,0.16418445,0.16341919,0.16242518,0.16119418,0.15971528,0.15797429,0.15595283,0.15362693,0.15096503,0.14792478,0.14444787,0.14045112,0.13580993,0.13032454,0.12364084,0.11502071,0.10235578,0.05396424
164340,0.16513123,0.16502355,0.16469972,0.16415735,0.16339231,0.16239859,0.16116793,0.15968944,0.15794895,0.15592805,0.15360278,0.15094160,0.14790217,0.14442618,0.14043046,0.13579044,0.13030640,0.12362429,0.11500612,0.10234389,0.05396131
164400,0.16510388,0.16499623,0.16467249,0.16413027,0.16336545,0.16237201,0.16114170,0.15966363,0.15792362,0.15590328,0.15357866,0.15091820,0.14787957,0.14440450,0.14040981,0.13577097,0.13028827,0.12360775,0.11499154,0.10233201,0.05395839
164460,0.16507654,0.16496892,0.16464527,0.16410321,0.16333861,0.16234545,0.16111549,0.15963784,0.15789831,0.15587853,0.15355455,0.15089481,0.14785699,0.14438283,0.14038918,0.13575151,0.13027016,0.12359123,0.11497697,0.10232014,0.05395548
164520,0.16504922,0.16494163,0.16461808,0.16407617,0.16331179,0.16231891,0.16108930,0.15961206,0.15787302,0.15585380,0.15353045,0.15087143,0.14783443,0.14436119,0.14036856,0.13573206,0.13025206,0.12357471,0.11496242,0.10230827,0.05395256
164580,0.16502192,0.16491436,0.16459090,0.16404915,0.16328499,0.16229239,0.16106313,0.15958630,0.15784775,0.15582909,0.15350637,0.15084808,0.14781189,0.14433955,0.14034796,0.13571262,0.13023397,0.12355821,0.11494787,0.10229642,0.05394965
164640,0.16499464,0.16488711,0.16456375,0.16402215,0.16325820,0.16226589,0.16103697,0.15956057,0.15782250,0.15580439,0.15348232,0.15082474,0.14778936,0.14431793,0.14032737,0.13569320,0.13021589,0.12354172,0.11493333,0.10228457,0.05394675
164700,0.16496738,0.16485988,0.16453661,0.16399517,0.16323144,0.16223941,0.16101084,0.15953485,0.15779726,0.15577972,0.15345827,0.15080141,0.14776684,0.14429633,0.14030679,0.13567380,0.13019783,0.12352523,0.11491880,0.10227273,0.05394384
164760,0.16494014,0.16483267,0.16450949,0.16396820,0.16320470,0.16221295,0.16098472,0.15950915,0.15777205,0.15575506,0.15343425,0.15077811,0.14774435,0.14427474,0.14028624,0.13565440,0.13017977,0.12350876,0.11490428,0.10226090,0.05394094
164820,0.16491292,0.16480548,0.16448240,0.16394126,0.16317797,0.16218650,0.16095863,0.15948346,0.15774685,0.15573042,0.15341024,0.15075482,0.14772187,0.14425317,0.14026569,0.13563502,0.13016174,0.12349231,0.11488977,0.10224907,0.05393805
164880,0.16488572,0.16477832,0.16445532,0.16391434,0.16315127,0.16216008,0.16093255,0.15945780,0.15772167,0.15570579,0.15338625,0.15073155,0.14769940,0.14423162,0.14024516,0.13561566,0.13014371,0.12347586,0.11487528,0.10223726,0.05393516
164940,0.16485854,0.16475117,0.16442826,0.16388744,0.16312458,0.16213368,0.16090649,0.15943216,0.15769651,0.15568119,0.15336228,0.15070829,0.14767695,0.14421008,0.14022464,0.13559630,0.13012570,0.12345942,0.11486079,0.10222545,0.05393227
165000,0.16483138,0.16472404,0.16440123,0.16386056,0.16309792,0.16210729,0.16088045,0.15940653,0.15767137,0.15565660,0.15333833,0.15068505,0.14765452,0.14418855,0.14020414,0.13557697,0.13010769,0.12344300,0.11484631,0.10221365,0.05392938
165060,0.16480424,0.16469693,0.16437421,0.16383369,0.16307127,0.16208093,0.16085444,0.15938092,0.15764624,0.15563203,0.15331439,0.15066183,0.14763210,0.14416704,0.14018365,0.13555764,0.13008971,0.12342658,0.11483184,0.10220185,0.05392650
165120,0.16477712,0.16466984,0.16434722,0.16380685,0.16304465,0.16205458,0.16082843,0.15935534,0.15762114,0.15560748,0.15329047,0.15063862,0.14760970,0.14414555,0.14016318,0.13553833,0.13007173,0.12341018,0.11481738,0.10219007,0.05392362
165180,0.16475002,0.16464277,0.16432024,0.16378003,0.16301804,0.16202825,0.16080245,0.15932977,0.15759605,0.15558295,0.15326657,0.15061543,0.14758732,0.14412407,0.14014272,0.13551903,0.13005377,0.12339379,0.11480293,0.10217829,0.05392074
165240,0.16472294,0.16461572,0.16429328,0.16375323,0.16299145,0.16200195,0.16077649,0.15930422,0.15757098,0.15555843,0.15324268,0.15059226,0.14756495,0.14410260,0.14012228,0.13549975,0.13003582,0.12337741,0.11478849,0.10216652,0.05391787
165300,0.16469588,0.16458869,0.16426634,0.16372644,0.16296488,0.16197566,0.16075055,0.15927868,0.15754593,0.15553393,0.15321881,0.15056911,0.14754260,0.14408115,0.14010185,0.13548047,0.13001788,0.12336104,0.11477406,0.10215476,0.05391500
165360,0.16466884,0.16456169,0.16423943,0.16369968,0.16293834,0.16194939,0.16072462,0.15925317,0.15752089,0.15550945,0.15319496,0.15054597,0.14752026,0.14405972,0.14008144,0.13546122,0.12999995,0.12334469,0.11475964,0.10214300,0.05391213
165420,0.16464182,0.16453470,0.16421253,0.16367294,0.16291181,0.16192314,0.16069872,0.15922768,0.15749588,0.15548499,0.15317113,0.15052285,0.14749794,0.14403830,0.14006104,0.13544197,0.12998204,0.12332834,0.11474523,0.10213126,0.05390927
165480,0.16461482,0.16450773,0.16418565,0.16364621,0.16288530,0.16189691,0.16067283,0.15920220,0.15747088,0.15546054,0.15314731,0.15049974,0.14747563,0.14401690,0.14004065,0.13542274,0.12996414,0.12331201,0.11473083,0.10211952,0.05390641
165540,0.16458784,0.16448078,0.16415879,0.16361951,0.16285881,0.16187070,0.16064696,0.15917674,0.15744590,0.15543612,0.15312351,0.15047665,0.14745335,0.14399551,0.14002028,0.13540353,0.12994625,0.12329568,0.11471644,0.10210779,0.05390356
165600,0.16456088,0.16445385,0.16413196,0.16359282,0.16283234,0.16184451,0.16062112,0.15915130,0.15742094,0.15541171,0.15309973,0.15045358,0.14743107,0.14397414,0.13999992,0.13538432,0.12992837,0.12327937,0.11470206,0.10209607,0.05390070
165660,0.16453395,0.16442694,0.16410514,0.16356616,0.16280589,0.16181834,0.16059529,0.15912589,0.15739600,0.15538732,0.15307597,0.15043053,0.14740882,0.14395279,0.13997958,0.13536513,0.12991051,0.12326307,0.11468769,0.10208435,0.05389785
165720,0.16450703,0.16440006,0.16407835,0.16353952,0.16277947,0.16179219,0.16056948,0.15910049,0.15737108,0.15536295,0.15305222,0.15040749,0.14738658,0.14393145,0.13995926,0.13534596,0.12989266,0.12324678,0.11467333,0.10207265,0.05389501
165780,0.16448013,0.16437319,0.16405157,0.16351289,0.16275306,0.16176606,0.16054369,0.15907510,0.15734618,0.15533859,0.15302850,0.15038447,0.14736436,0.14391012,0.13993894,0.13532680,0.12987482,0.12323051,0.11465898,0.10206095,0.05389217
165840,0.16445325,0.16434634,0.16402481,0.16348629,0.16272666,0.16173994,0.16051792,0.15904974,0.15732129,0.15531425,0.15300478,0.15036146,0.14734215,0.14388881,0.13991865,0.13530765,0.12985700,0.12321424,0.11464463,0.10204925,0.05388933
165900,0.16442639,0.16431951,0.16399807,0.16345970,0.16270029,0.16171385,0.16049216,0.15902439,0.15729642,0.15528993,0.15298109,0.15033848,0.14731996,0.14386751,0.13989836,0.13528851,0.12983918,0.12319798,0.11463030,0.10203757,0.05388649
165960,0.16439955,0.16429270,0.16397135,0.16343313,0.16267394,0.16168777,0.16046643,0.15899907,0.15727157,0.15526563,0.15295741,0.15031550,0.14729778,0.14384623,0.13987809,0.13526939,0.12982138,0.12318174,0.11461598,0.10202589,0.05388366
166020,0.16437273,0.16426590,0.16394465,0.16340658,0.16264760,0.16166171,0.16044071,0.15897376,0.15724673,0.15524134,0.15293375,0.15029255,0.14727562,0.14382497,0.13985783,0.13525028,0.12980359,0.12316551,0.11460167,0.10201423,0.05388083
166080,0.16434593,0.16423913,0.16391797,0.16338005,0.16262129,0.16163567,0.16041501,0.15894847,0.15722192,0.15521707,0.15291010,0.15026961,0.14725347,0.14380371,0.13983759,0.13523119,0.12978581,0.12314928,0.11458736,0.10200256,0.05387800
166140,0.16431914,0.16421238,0.16389131,0.16335354,0.16259499,0.16160965,0.16038933,0.15892319,0.15719712,0.15519282,0.15288647,0.15024668,0.14723134,0.14378248,0.13981736,0.13521210,0.12976805,0.12313307,0.11457307,0.10199091,0.05387518
166200,0.16429238,0.16418565,0.16386467,0.16332705,0.16256871,0.16158365,0.16036367,0.15889794,0.15717234,0.15516859,0.15286286,0.15022378,0.14720923,0.14376126,0.13979715,0.13519303,0.12975030,0.12311687,0.11455878,0.10197926,0.05387236
166260,0.16426564,0.16415893,0.16383804,0.16330058,0.16254245,0.16155767,0.16033803,0.15887270,0.15714758,0.15514437,0.15283927,0.15020088,0.14718713,0.14374005,0.13977695,0.13517398,0.12973256,0.12310068,0.11454451,0.10196763,0.05386954
166320,0.16423891,0.16413224,0.16381144,0.16327413,0.16251622,0.16153171,0.16031241,0.15884748,0.15712283,0.15512017,0.15281569,0.15017801,0.14716505,0.14371886,0.13975676,0.13515493,0.12971483,0.12308450,0.11453024,0.10195600,0.05386673
166380,0.16421220,0.16410556,0.16378485,0.16324769,0.16248999,0.16150576,0.16028680,0.15882228,0.15709810,0.15509599,0.15279213,0.15015515,0.14714298,0.14369768,0.13973659,0.13513590,0.12969711,0.12306834,0.11451599,0.10194437,0.05386392
166440,0.16418552,0.16407891,0.16375829,0.16322128,0.16246379,0.16147983,0.16026121,0.15879710,0.15707339,0.15507182,0.15276858,0.15013231,0.14712093,0.14367652,0.13971643,0.13511688,0.12967941,0.12305218,0.11450174,0.10193276,0.05386111
166500,0.16415885,0.16405227,0.16373174,0.16319488,0.16243761,0.16145392,0.16023564,0.15877193,0.15704870,0.15504768,0.15274505,0.15010948,0.14709889,0.14365537,0.13969629,0.13509788,0.12966171,0.12303603,0.11448750,0.10192115,0.05385831
166560,0.16413220,0.16402565,0.16370521,0.16316851,0.16241144,0.16142804,0.16021009,0.15874678,0.15702403,0.15502355,0.15272154,0.15008667,0.14707687,0.14363424,0.13967616,0.13507889,0.12964403,0.12301990,0.11447328,0.10190955,0.05385551
166620,0.16410557,0.16399905,0.16367870,0.16314215,0.16238530,0.16140216,0.16018456,0.15872166,0.15699937,0.15499943,0.15269805,0.15006387,0.14705486,0.14361312,0.13965604,0.13505991,0.12962637,0.12300377,0.11445906,0.10189796,0.05385271
166680,0.16407897,0.16397247,0.16365222,0.16311581,0.16235917,0.16137631,0.16015904,0.15869655,0.15697473,0.15497534,0.15267457,0.15004110,0.14703287,0.14359202,0.13963594,0.13504095,0.12960871,0.12298766,0.11444485,0.10188637,0.05384992
166740,0.16405238,0.16394591,0.16362575,0.16308949,0.16233307,0.16135048,0.16013355,0.15867145,0.15695011,0.15495126,0.15265111,0.15001833,0.14701090,0.14357093,0.13961585,0.13502200,0.12959107,0.12297156,0.11443065,0.10187479,0.05384713
166800,0.16402581,0.16391937,0.16359930,0.16306319,0.16230698,0.16132466,0.16010807,0.15864638,0.15692551,0.15492720,0.15262767,0.14999559,0.14698894,0.14354986,0.13959578,0.13500306,0.12957344,0.12295547,0.11441646,0.10186322,0.05384434
166860,0.16399925,0.16389285,0.16357286,0.16303691,0.16228091,0.16129887,0.16008261,0.15862132,0.15690092,0.15490315,0.15260424,0.14997286,0.14696700,0.14352880,0.13957572,0.13498413,0.12955582,0.12293939,0.11440228,0.10185166,0.05384156
166920,0.16397272,0.16386635,0.16354645,0.16301065,0.16225486,0.16127309,0.16005717,0.15859628,0.15687635,0.15487913,0.15258083,0.14995015,0.14694507,0.14350776,0.13955567,0.13496522,0.12953821,0.12292332,0.11438811,0.10184010,0.05383877
166980,0.16394621,0.16383987,0.16352006,0.16298441,0.16222883,0.16124733,0.16003175,0.15857126,0.15685180,0.15485512,0.15255743,0.14992745,0.14692316,0.14348673,0.13953564,0.13494632,0.12952061,0.12290726,0.11437395,0.10182856,0.05383600
167040,0.16391972,0.16381341,0.16349369,0.16295818,0.16220281,0.16122159,0.16000635,0.15854626,0.15682727,0.15483112,0.15253406,0.14990477,0.14690126,0.14346571,0.13951563,0.13492744,0.12950303,0.12289121,0.11435980,0.10181702,0.05383322
167100,0.16389324,0.16378696,0.16346733,0.16293198,0.16217682,0.16119587,0.15998096,0.15852128,0.15680276,0.15480715,0.15251070,0.14988210,0.14687938,0.14344471,0.13949562,0.13490856,0.12948546,0.12287518,0.11434566,0.10180549,0.05383045
167160,0.16386679,0.16376054,0.16344100,0.16290579,0.16215085,0.16117017,0.15995559,0.15849631,0.15677826,0.15478319,0.15248735,0.14985945,0.14685751,0.14342373,0.13947563,0.13488971,0.12946790,0.12285915,0.11433152,0.10179396,0.05382768
167220,0.16384035,0.16373413,0.16341468,0.16287963,0.16212489,0.16114449,0.15993025,0.15847137,0.15675378,0.15475925,0.15246403,0.14983682,0.14683566,0.14340276,0.13945566,0.13487086,0.12945035,0.12284314,0.11431740,0.10178244,0.05382492
167280,0.16381394,0.16370774,0.16338838,0.16285348,0.16209895,0.16111882,0.15990491,0.15844643,0.15672931,0.15473532,0.15244071,0.14981420,0.14681383,0.14338181,0.13943570,0.13485202,0.12943282,0.12282713,0.11430329,0.10177093,0.05382216
167340,0.16378754,0.16368138,0.16336210,0.16282735,0.16207303,0.16109317,0.15987960,0.15842152,0.15670487,0.15471142,0.15241742,0.14979160,0.14679201,0.14336086,0.13941575,0.13483320,0.12941530,0.12281114,0.11428918,0.10175943,0.05381940
167400,0.16376116,0.16365503,0.16333584,0.16280124,0.16204713,0.16106754,0.15985431,0.15839662,0.15668044,0.15468752,0.15239414,0.14976902,0.14677020,0.14333994,0.13939581,0.13481440,0.12939778,0.12279515,0.11427509,0.10174794,0.05381664
167460,0.16373480,0.16362869,0.16330960,0.16277515,0.16202125,0.16104193,0.15982903,0.15837175,0.15665603,0.15466365,0.15237088,0.14974645,0.14674841,0.14331903,0.13937589,0.13479560,0.12938028,0.12277918,0.11426100,0.10173645,0.05381389
167520,0.16370846,0.16360238,0.16328338,0.16274907,0.16199538,0.16101634,0.15980377,0.15834689,0.15663164,0.15463979,0.15234763,0.14972389,0.14672664,0.14329813,0.13935598,0.13477682,0.12936280,0.12276322,0.11424693,0.10172497,0.05381114
167580,0.16368214,0.16357609,0.16325718,0.16272302,0.16196954,0.16099076,0.15977853,0.15832205,0.15660726,0.15461595,0.15232440,0.14970136,0.14670488,0.14327725,0.13933609,0.13475805,0.12934532,0.12274727,0.11423286,0.10171350,0.05380839
167640,0.16365583,0.16354982,0.16323099,0.16269698,0.16194371,0.16096521,0.15975331,0.15829722,0.15658290,0.15459213,0.15230119,0.14967883,0.14668314,0.14325638,0.13931621,0.13473929,0.12932786,0.12273133,0.11421880,0.10170203,0.05380565
167700,0.16362955,0.16352356,0.16320483,0.16267096,0.16191790,0.16093967,0.15972810,0.15827241,0.15655856,0.15456833,0.15227800,0.14965633,0.14666141,0.14323553,0.13929635,0.13472055,0.12931041,0.12271540,0.11420475,0.10169057,0.05380291
167760,0.16360328,0.16349733,0.16317868,0.16264497,0.16189211,0.16091415,0.15970292,0.15824763,0.15653424,0.15454454,0.15225482,0.14963384,0.14663970,0.14321469,0.13927650,0.13470182,0.12929297,0.12269948,0.11419071,0.10167912,0.05380018
167820,0.16357704,0.16347111,0.16315255,0.16261899,0.16186634,0.16088865,0.15967775,0.15822286,0.15650993,0.15452077,0.15223165,0.14961136,0.14661800,0.14319386,0.13925666,0.13468310,0.12927554,0.12268358,0.11417668,0.10166768,0.05379744
167880,0.16355081,0.16344491,0.16312644,0.16259303,0.16184059,0.16086317,0.15965260,0.15819810,0.15648564,0.15449701,0.15220851,0.14958891,0.14659632,0.14317306,0.13923683,0.13466440,0.12925812,0.12266768,0.11416266,0.10165625,0.05379471
167940,0.16352460,0.16341874,0.16310035,0.16256709,0.16181486,0.16083770,0.15962747,0.15817337,0.15646137,0.15447327,0.15218538,0.14956646,0.14657465,0.14315226,0.13921702,0.13464571,0.12924072,0.12265180,0.11414865,0.10164482,0.05379198
168000,0.16349842,0.16339258,0.16307428,0.16254116,0.16178914,0.16081226,0.15960236,0.15814865,0.15643712,0.15444955,0.15216227,0.14954404,0.14655300,0.14313148,0.13919723,0.13462703,0.12922333,0.12263592,0.11413465,0.10163340,0.05378926
168060,0.16347225,0.16336644,0.16304823,0.16251526,0.16176345,0.16078683,0.15957726,0.15812395,0.15641288,0.15442585,0.15213917,0.14952163,0.14653136,0.14311072,0.13917745,0.13460836,0.12920595,0.12262006,0.11412066,0.10162199,0.05378654
168120,0.16344610,0.16334032,0.16302220,0.16248938,0.16173777,0.16076142,0.15955218,0.15809927,0.15638866,0.15440216,0.15211609,0.14949924,0.14650974,0.14308997,0.13915768,0.13458971,0.12918858,0.12260420,0.11410668,0.10161058,0.05378382
168180,0.16341996,0.16331421,0.16299619,0.16246351,0.16171211,0.16073603,0.15952712,0.15807461,0.15636446,0.15437849,0.15209302,0.14947686,0.14648813,0.14306923,0.13913792,0.13457107,0.12917123,0.12258836,0.11409270,0.10159918,0.05378111
168240,0.16339385,0.16328813,0.16297019,0.16243766,0.16168647,0.16071066,0.15950208,0.15804996,0.15634027,0.15435484,0.15206998,0.14945449,0.14646654,0.14304851,0.13911818,0.13455244,0.12915388,0.12257253,0.11407874,0.10158779,0.05377840
168300,0.16336775,0.16326206,0.16294421,0.16241183,0.16166085,0.16068531,0.15947706,0.15802533,0.15631611,0.15433120,0.15204694,0.14943215,0.14644497,0.14302780,0.13909845,0.13453383,0.12913655,0.12255671,0.11406478,0.10157641,0.05377569
168360,0.16334168,0.16323602,0.16291825,0.16238602,0.16163524,0.16065997,0.15945205,0.15800072,0.15629195,0.15430758,0.15202393,0.14940981,0.14642340,0.14300710,0.13907874,0.13451523,0.12911923,0.12254090,0.11405084,0.10156503,0.05377298
168420,0.16331562,0.16320999,0.16289231,0.16236022,0.16160966,0.16063465,0.15942706,0.15797612,0.15626782,0.15428398,0.15200093,0.14938750,0.14640186,0.14298643,0.13905904,0.13449664,0.12910192,0.12252510,0.11403690,0.10155366,0.05377028
168480,0.16328958,0.16318398,0.16286639,0.16233445,0.16158409,0.16060935,0.15940209,0.15795155,0.15624370,0.15426039,0.15197794,0.14936520,0.14638033,0.14296576,0.13903935,0.13447806,0.12908462,0.12250931,0.11402297,0.10154230,0.05376758
168540,0.16326356,0.16315799,0.16284049,0.16230869,0.16155854,0.16058407,0.15937714,0.15792699,0.15621960,0.15423682,0.15195498,0.14934291,0.14635881,0.14294511,0.13901968,0.13445950,0.12906733,0.12249353,0.11400906,0.10153095,0.05376488
168600,0.16323756,0.16313201,0.16281460,0.16228295,0.16153301,0.16055880,0.15935220,0.15790244,0.15619552,0.15421327,0.15193203,0.14932064,0.14633731,0.14292447,0.13900002,0.13444095,0.12905006,0.12247776,0.11399515,0.10151960,0.05376219
168660,0.16321157,0.16310606,0.16278873,0.16225723,0.16150749,0.16053356,0.15932728,0.15787792,0.15617145,0.15418973,0.15190909,0.14929839,0.14631582,0.14290385,0.13898037,0.13442241,0.12903280,0.12246200,0.11398125,0.10150826,0.05375950
168720,0.16318561,0.16308012,0.16276289,0.16223153,0.16148200,0.16050833,0.15930238,0.15785341,0.15614741,0.15416621,0.15188617,0.14927615,0.14629435,0.14288324,0.13896074,0.13440388,0.12901555,0.12244625,0.11396736,0.10149693,0.05375681
168780,0.16315966,0.16305421,0.16273706,0.16220585,0.16145652,0.16048312,0.15927750,0.15782892,0.15612337,0.15414270,0.15186327,0.14925393,0.14627290,0.14286265,0.13894112,0.13438537,0.12899831,0.12243051,0.11395347,0.10148561,0.05375413
168840,0.16313374,0.16302831,0.16271125,0.16218018,0.16143106,0.16045792,0.15925264,0.15780445,0.15609936,0.15411922,0.15184038,0.14923172,0.14625145,0.14284207,0.13892151,0.13436687,0.12898108,0.12241479,0.11393960,0.10147429,0.05375145
168900,0.16310783,0.16300243,0.16268545,0.16215454,0.16140562,0.16043275,0.15922779,0.15777999,0.15607536,0.15409575,0.15181751,0.14920953,0.14623003,0.14282151,0.13890192,0.13434838,0.12896386,0.12239907,0.11392574,0.10146298,0.05374877
168960,0.16308194,0.16297657,0.16265968,0.16212891,0.16138020,0.16040759,0.15920296,0.15775556,0.15605138,0.15407229,0.15179466,0.14918735,0.14620862,0.14280096,0.13888234,0.13432991,0.12894666,0.12238337,0.11391188,0.10145168,0.05374610
169020,0.16305606,0.16295072,0.16263392,0.16210330,0.16135479,0.16038245,0.15917815,0.15773113,0.15602742,0.15404885,0.15177182,0.14916519,0.14618722,0.14278042,0.13886277,0.13431144,0.12892947,0.12236767,0.11389804,0.10144038,0.05374342
169080,0.16303021,0.16292490,0.16260819,0.16207771,0.16132941,0.16035733,0.15915336,0.15770673,0.15600347,0.15402543,0.15174900,0.14914305,0.14616584,0.14275990,0.13884322,0.13429299,0.12891229,0.12235199,0.11388420,0.10142909,0.05374075
169140,0.16300438,0.16289909,0.16258247,0.16205214,0.16130404,0.16033223,0.15912858,0.15768235,0.15597954,0.15400203,0.15172619,0.14912092,0.14614447,0.14273939,0.13882368,0.13427456,0.12889512,0.12233631,0.11387038,0.10141781,0.05373809
169200,0.16297856,0.16287331,0.16255677,0.16202658,0.16127869,0.16030714,0.15910382,0.15765798,0.15595563,0.15397864,0.15170340,0.14909880,0.14612312,0.14271890,0.13880416,0.13425613,0.12887796,0.12232065,0.11385656,0.10140654,0.05373543
169260,0.16295277,0.16284754,0.16253109,0.16200105,0.16125336,0.16028208,0.15907908,0.15763363,0.15593174,0.15395527,0.15168063,0.14907671,0.14610179,0.14269842,0.13878465,0.13423772,0.12886082,0.12230500,0.11384275,0.10139527,0.05373277
169320,0.16292699,0.16282179,0.16250543,0.16197553,0.16122805,0.16025703,0.15905436,0.15760930,0.15590786,0.15393192,0.15165787,0.14905463,0.14608047,0.14267796,0.13876515,0.13421933,0.12884368,0.12228936,0.11382895,0.10138402,0.05373011
169380,0.16290123,0.16279606,0.16247979,0.16195004,0.16120276,0.16023200,0.15902966,0.15758498,0.15588400,0.15390858,0.15163513,0.14903256,0.14605916,0.14265751,0.13874567,0.13420094,0.12882656,0.12227373,0.11381516,0.10137276,0.05372746
169440,0.16287549,0.16277035,0.16245416,0.16192455,0.16117748,0.16020699,0.15900497,0.15756068,0.15586015,0.15388526,0.15161241,0.14901051,0.14603787,0.14263707,0.13872620,0.13418257,0.12880945,0.12225811,0.11380138,0.10136152,0.05372481
169500,0.16284977,0.16274466,0.16242855,0.16189909,0.16115222,0.16018200,0.15898030,0.15753640,0.15583633,0.15386196,0.15158970,0.14898847,0.14601659,0.14261665,0.13870674,0.13416421,0.12879235,0.12224250,0.11378761,0.10135028,0.05372216
169560,0.16282406,0.16271898,0.16240296,0.16187365,0.16112698,0.16015702,0.15895565,0.15751214,0.15581252,0.15383867,0.15156700,0.14896645,0.14599533,0.14259624,0.13868730,0.13414586,0.12877526,0.12222690,0.11377385,0.10133905,0.05371951
169620,0.16279837,0.16269332,0.16237739,0.16184822,0.16110175,0.16013206,0.15893101,0.15748789,0.15578872,0.15381539,0.15154433,0.14894445,0.14597408,0.14257585,0.13866787,0.13412752,0.12875819,0.12221131,0.11376010,0.10132783,0.05371687
169680,0.16277270,0.16266768,0.16235184,0.16182281,0.16107655,0.16010712,0.15890640,0.15746366,0.15576494,0.15379214,0.15152166,0.14892246,0.14595285,0.14255547,0.13864845,0.13410920,0.12874112,0.12219573,0.11374635,0.10131662,0.05371423
169740,0.16274705,0.16264206,0.16232630,0.16179742,0.16105136,0.16008219,0.15888179,0.15743945,0.15574118,0.15376890,0.15149902,0.14890048,0.14593163,0.14253510,0.13862904,0.13409088,0.12872407,0.12218016,0.11373261,0.10130541,0.05371160
169800,0.16272142,0.16261645,0.16230078,0.16177204,0.16102619,0.16005728,0.15885721,0.15741525,0.15571744,0.15374567,0.15147638,0.14887852,0.14591043,0.14251475,0.13860965,0.13407258,0.12870703,0.12216460,0.11371889,0.10129421,0.05370896
169860,0.16269580,0.16259087,0.16227528,0.16174669,0.16100104,0.16003239,0.15883264,0.15739107,0.15569371,0.15372246,0.15145377,0.14885658,0.14588924,0.14249441,0.13859027,0.13405430,0.12869000,0.12214905,0.11370517,0.10128301,0.05370634
169920,0.16267021,0.16256530,0.16224980,0.16172135,0.16097590,0.16000752,0.15880810,0.15736691,0.15567000,0.15369927,0.15143117,0.14883465,0.14586806,0.14247408,0.13857091,0.13403602,0.12867298,0.12213351,0.11369146,0.10127182,0.05370371
169980,0.16264463,0.16253975,0.16222434,0.16169603,0.16095078,0.15998266,0.15878356,0.15734276,0.15564630,0.15367610,0.15140858,0.14881273,0.14584690,0.14245377,0.13855156,0.13401776,0.12865597,0.12211798,0.11367776,0.10126064,0.05370108
170040,0.16261907,0.16251422,0.16219889,0.16167073,0.16092568,0.15995783,0.15875905,0.15731863,0.15562262,0.15365294,0.15138602,0.14879083,0.14582575,0.14243347,0.13853222,0.13399951,0.12863897,0.12210246,0.11366407,0.10124947,0.05369846
170100,0.16259352,0.16248870,0.16217346,0.16164544,0.16090060,0.15993301,0.15873455,0.15729452,0.15559896,0.15362979,0.15136346,0.14876895,0.14580462,0.14241319,0.13851289,0.13398127,0.12862199,0.12208695,0.11365038,0.10123831,0.05369584
170160,0.16256800,0.16246320,0.16214805,0.16162018,0.16087554,0.15990820,0.15871007,0.15727042,0.15557531,0.15360666,0.15134092,0.14874708,0.14578351,0.14239292,0.13849358,0.13396304,0.12860501,0.12207146,0.11363671,0.10122715,0.05369323
170220,0.16254249,0.16243773,0.16212266,0.16159493,0.16085049,0.15988342,0.15868560,0.15724634,0.15555168,0.15358355,0.15131840,0.14872522,0.14576240,0.14237266,0.13847428,0.13394483,0.12858805,0.12205597,0.11362305,0.10121599,0.05369062
170280,0.16251700,0.16241226,0.16209728,0.16156970,0.16082546,0.15985865,0.15866116,0.15722228,0.15552807,0.15356046,0.15129590,0.14870338,0.14574132,0.14235242,0.13845499,0.13392663,0.12857110,0.12204049,0.11360939,0.10120485,0.05368801
170340,0.16249153,0.16238682,0.16207192,0.16154448,0.16080045,0.15983390,0.15863673,0.15719823,0.15550447,0.15353738,0.15127341,0.14868156,0.14572024,0.14233219,0.13843572,0.13390844,0.12855416,0.12202502,0.11359574,0.10119371,0.05368540
170400,0.16246608,0.16236140,0.16204659,0.16151929,0.16077545,0.15980916,0.15861232,0.15717421,0.15548089,0.15351431,0.15125093,0.14865975,0.14569918,0.14231198,0.13841646,0.13389026,0.12853723,0.12200957,0.11358211,0.10118258,0.05368280
170460,0.16244064,0.16233599,0.16202126,0.16149411,0.16075048,0.15978445,0.15858792,0.15715019,0.15545733,0.15349127,0.15122847,0.14863795,0.14567814,0.14229178,0.13839721,0.13387210,0.12852031,0.12199412,0.11356848,0.10117146,0.05368020
170520,0.16241522,0.16231060,0.16199596,0.16146895,0.16072552,0.15975975,0.15856354,0.15712620,0.15543378,0.15346824,0.15120603,0.14861617,0.14565711,0.14227159,0.13837797,0.13385395,0.12850341,0.12197868,0.11355486,0.10116034,0.05367760
170580,0.16238983,0.16228523,0.16197068,0.16144381,0.16070058,0.15973507,0.15853918,0.15710222,0.15541025,0.15344522,0.15118360,0.14859441,0.14563609,0.14225142,0.13835875,0.13383581,0.12848651,0.12196326,0.11354124,0.10114923,0.05367501
170640,0.16236444,0.16225988,0.16194541,0.16141868,0.16067565,0.15971040,0.15851484,0.15707826,0.15538674,0.15342222,0.15116119,0.14857266,0.14561509,0.14223126,0.13833955,0.13381768,0.12846963,0.12194784,0.11352764,0.10113813,0.05367241
170700,0.16233908,0.16223454,0.16192016,0.16139357,0.16065075,0.15968576,0.15849051,0.15705432,0.15536324,0.15339924,0.15113879,0.14855093,0.14559411,0.14221112,0.13832035,0.13379956,0.12845275,0.12193244,0.11351405,0.10112704,0.05366983
170760,0.16231374,0.16220923,0.16189493,0.16136849,0.16062586,0.15966113,0.15846620,0.15703039,0.15533976,0.15337627,0.15111641,0.14852921,0.14557313,0.14219099,0.13830117,0.13378146,0.12843589,0.12191704,0.11350046,0.10111595,0.05366724
170820,0.16228841,0.16218393,0.16186972,0.16134342,0.16060099,0.15963652,0.15844191,0.15700648,0.15531630,0.15335332,0.15109404,0.14850751,0.14555218,0.14217087,0.13828200,0.13376337,0.12841904,0.12190166,0.11348689,0.10110487,0.05366466
170880,0.16226310,0.16215865,0.16184452,0.16131836,0.16057614,0.15961192,0.15841764,0.15698258,0.15529285,0.15333039,0.15107169,0.14848582,0.14553123,0.14215077,0.13826284,0.13374529,0.12840221,0.12188628,0.11347332,0.10109380,0.05366208
170940,0.16223781,0.16213338,0.16181934,0.16129332,0.16055130,0.15958734,0.15839338,0.15695871,0.15526942,0.15330747,0.15104936,0.14846414,0.14551030,0.14213067,0.13824370,0.13372722,0.12838538,0.12187091,0.11345976,0.10108273,0.05365950
171000,0.16221253,0.16210814,0.16179418,0.16126830,0.16052648,0.15956278,0.15836913,0.15693484,0.15524600,0.15328456,0.15102704,0.14844248,0.14548939,0.14211060,0.13822457,0.13370917,0.12836856,0.12185556,0.11344621,0.10107167,0.05365693
171060,0.16218727,0.16208291,0.16176903,0.16124330,0.16050168,0.15953824,0.15834491,0.15691100,0.15522260,0.15326167,0.15100473,0.14842084,0.14546849,0.14209053,0.13820545,0.13369113,0.12835176,0.12184021,0.11343267,0.10106062,0.05365435
171120,0.16216203,0.16205770,0.16174391,0.16121832,0.16047689,0.15951371,0.15832070,0.15688717,0.15519922,0.15323880,0.15098244,0.14839921,0.14544760,0.14207048,0.13818635,0.13367310,0.12833496,0.12182488,0.11341914,0.10104957,0.05365178
171180,0.16213681,0.16203250,0.16171880,0.16119335,0.16045212,0.15948920,0.15829651,0.15686336,0.15517585,0.15321594,0.15096017,0.14837759,0.14542673,0.14205045,0.13816726,0.13365508,0.12831818,0.12180955,0.11340561,0.10103853,0.05364922
171240,0.16211161,0.16200733,0.16169371,0.16116840,0.16042737,0.15946471,0.15827233,0.15683956,0.15515250,0.15319310,0.15093791,0.14835599,0.14540587,0.14203043,0.13814818,0.13363707,0.12830141,0.12179424,0.11339210,0.10102750,0.05364666
171300,0.16208642,0.16198217,0.16166863,0.16114347,0.16040264,0.15944024,0.15824818,0.15681579,0.15512916,0.15317028,0.15091566,0.14833441,0.14538502,0.14201042,0.13812911,0.13361908,0.12828465,0.12177893,0.11337859,0.10101647,0.05364410
171360,0.16206125,0.16195703,0.16164358,0.16111856,0.16037792,0.15941578,0.15822404,0.15679202,0.15510584,0.15314747,0.15089344,0.14831284,0.14536420,0.14199042,0.13811006,0.13360109,0.12826790,0.12176364,0.11336510,0.10100546,0.05364154
171420,0.16203610,0.16193191,0.16161854,0.16109366,0.16035323,0.15939134,0.15819991,0.15676828,0.15508254,0.15312468,0.15087122,0.14829128,0.14534338,0.14197044,0.13809102,0.13358312,0.12825116,0.12174835,0.11335161,0.10099445,0.05363898
171480,0.16201097,0.16190680,0.16159352,0.16106878,0.16032855,0.15936691,0.15817581,0.15674455,0.15505925,0.15310190,0.15084903,0.14826974,0.14532258,0.14195047,0.13807199,0.13356516,0.12823443,0.12173308,0.11333813,0.10098344,0.05363643
171540,0.16198586,0.16188171,0.16156852,0.16104392,0.16030388,0.15934251,0.15815172,0.15672084,0.15503598,0.15307914,0.15082685,0.14824821,0.14530179,0.14193052,0.13805298,0.13354722,0.12821772,0.12171781,0.11332466,0.10097244,0.05363388
171600,0.16196076,0.16185665,0.16154353,0.16101907,0.16027924,0.15931812,0.15812764,0.15669714,0.15501273,0.15305639,0.15080468,0.14822670,0.14528102,0.14191058,0.13803397,0.13352928,0.12820101,0.12170256,0.11331119,0.10096146,0.05363134
171660,0.16193568,0.16183159,0.16151857,0.16099425,0.16025461,0.15929375,0.15810359,0.15667347,0.15498949,0.15303366,0.15078253,0.14820521,0.14526026,0.14189065,0.13801499,0.13351136,0.12818432,0.12168731,0.11329774,0.10095047,0.05362880
171720,0.16191062,0.16180656,0.16149362,0.16096944,0.16023000,0.15926939,0.15807955,0.15664980,0.15496627,0.15301095,0.15076039,0.14818373,0.14523952,0.14187074,0.13799601,0.13349345,0.12816764,0.12167208,0.11328430,0.10093950,0.05362626
171780,0.16188557,0.16178154,0.16146869,0.16094465,0.16020541,0.15924506,0.15805553,0.15662616,0.15494307,0.15298825,0.15073827,0.14816226,0.14521879,0.14185084,0.13797705,0.13347556,0.12815097,0.12165686,0.11327086,0.10092853,0.05362372
171840,0.16186055,0.16175655,0.16144377,0.16091987,0.16018083,0.15922073,0.15803152,0.15660253,0.15491988,0.15296557,0.15071617,0.14814081,0.14519808,0.14183095,0.13795810,0.13345767,0.12813431,0.12164164,0.11325743,0.10091757,0.05362119
171900,0.16183554,0.16173156,0.16141887,0.16089512,0.16015627,0.15919643,0.15800753,0.15657892,0.15489670,0.15294290,0.15069408,0.14811937,0.14517737,0.14181108,0.13793916,0.13343980,0.12811766,0.12162644,0.11324402,0.10090661,0.05361865
171960,0.16181054,0.16170660,0.16139399,0.16087038,0.16013173,0.15917214,0.15798356,0.15655532,0.15487355,0.15292025,0.15067200,0.14809795,0.14515669,0.14179122,0.13792024,0.13342193,0.12810102,0.12161124,0.11323060,0.10089566,0.05361612
172020,0.16178557,0.16168165,0.16136913,0.16084565,0.16010720,0.15914787,0.15795960,0.15653174,0.15485040,0.15289761,0.15064994,0.14807654,0.14513601,0.14177137,0.13790132,0.13340408,0.12808439,0.12159606,0.11321720,0.10088472,0.05361360
172080,0.16176061,0.16165672,0.16134428,0.16082095,0.16008269,0.15912362,0.15793566,0.15650817,0.15482728,0.15287499,0.15062790,0.14805514,0.14511535,0.14175154,0.13788242,0.13338624,0.12806777,0.12158088,0.11320381,0.10087379,0.05361108
172140,0.16173567,0.16163181,0.16131945,0.16079626,0.16005820,0.15909938,0.15791174,0.15648462,0.15480417,0.15285239,0.15060587,0.14803377,0.14509471,0.14173172,0.13786354,0.13336842,0.12805117,0.12156572,0.11319043,0.10086286,0.05360856
172200,0.16171075,0.16160691,0.16129464,0.16077159,0.16003372,0.15907516,0.15788783,0.15646109,0.15478107,0.15282980,0.15058385,0.14801240,0.14507407,0.14171192,0.13784466,0.13335060,0.12803457,0.12155056,0.11317705,0.10085194,0.05360604
172260,0.16168584,0.16158204,0.16126985,0.16074693,0.16000927,0.15905095,0.15786394,0.15643758,0.15475800,0.15280722,0.15056185,0.14799105,0.14505346,0.14169212,0.13782580,0.13333280,0.12801799,0.12153542,0.11316368,0.10084102,0.05360352
172320,0.16166095,0.16155718,0.16124507,0.16072229,0.15998482,0.15902677,0.15784007,0.15641408,0.15473493,0.15278467,0.15053987,0.14796972,0.14503285,0.14167234,0.13780695,0.13331501,0.12800142,0.12152028,0.11315032,0.10083012,0.05360101
172380,0.16163608,0.16153233,0.16122031,0.16069767,0.15996040,0.15900260,0.15781621,0.15639059,0.15471189,0.15276212,0.15051790,0.14794839,0.14501226,0.14165258,0.13778812,0.13329723,0.12798485,0.12150516,0.11313697,0.10081922,0.05359850
172440,0.16161123,0.16150751,0.16119557,0.16067307,0.15993599,0.15897844,0.15779237,0.15636713,0.15468886,0.15273959,0.15049594,0.14792709,0.14499169,0.14163283,0.13776929,0.13327946,0.12796830,0.12149004,0.11312363,0.10080832,0.05359599
172500,0.16158639,0.16148270,0.16117084,0.16064848,0.15991160,0.15895431,0.15776855,0.15634368,0.15466584,0.15271708,0.15047400,0.14790580,0.14497113,0.14161309,0.13775048,0.13326171,0.12795176,0.12147493,0.11311030,0.10079744,0.05359349
172560,0.16156157,0.16145791,0.16114613,0.16062392,0.15988723,0.15893019,0.15774474,0.15632024,0.15464284,0.15269459,0.15045208,0.14788452,0.14495058,0.14159336,0.13773168,0.13324396,0.12793523,0.12145984,0.11309698,0.10078656,0.05359099
172620,0.16153677,0.16143313,0.16112144,0.16059936,0.15986287,0.15890609,0.15772095,0.15629682,0.15461986,0.15267210,0.15043017,0.14786326,0.14493005,0.14157365,0.13771290,0.13322623,0.12791872,0.12144475,0.11308366,0.10077568,0.05358849
172680,0.16151199,0.16140838,0.16109677,0.16057483,0.15983853,0.15888200,0.15769717,0.15627342,0.15459689,0.15264964,0.15040828,0.14784201,0.14490953,0.14155395,0.13769413,0.13320851,0.12790221,0.12142968,0.11307035,0.10076482,0.05358600
172740,0.16148722,0.16138364,0.16107211,0.16055031,0.15981421,0.15885793,0.15767342,0.15625004,0.15457394,0.15262719,0.15038640,0.14782077,0.14488902,0.14153426,0.13767536,0.13319080,0.12788571,0.12141461,0.11305705,0.10075396,0.05358350
172800,0.16146247,0.16135891,0.16104747,0.16052581,0.15978991,0.15883388,0.15764967,0.15622667,0.15455101,0.15260475,0.15036453,0.14779955,0.14486853,0.14151459,0.13765662,0.13317311,0.12786923,0.12139955,0.11304376,0.10074311,0.05358101
172860,0.16143774,0.16133421,0.16102285,0.16050133,0.15976562,0.15880984,0.15762595,0.15620331,0.15452809,0.15258234,0.15034268,0.14777835,0.14484805,0.14149493,0.13763788,0.13315542,0.12785275,0.12138451,0.11303048,0.10073226,0.05357853
172920,0.16141303,0.16130953,0.16099825,0.16047687,0.15974135,0.15878583,0.15760225,0.15617998,0.15450519,0.15255994,0.15032085,0.14775716,0.14482759,0.14147529,0.13761916,0.13313775,0.12783629,0.12136947,0.11301721,0.10072142,0.05357604
172980,0.16138833,0.16128486,0.16097367,0.16045242,0.15971710,0.15876183,0.15757856,0.15615666,0.15448230,0.15253755,0.15029903,0.14773599,0.14480714,0.14145566,0.13760045,0.13312009,0.12781984,0.12135445,0.11300395,0.10071059,0.05357356
173040,0.16136365,0.16126021,0.16094910,0.16042799,0.15969286,0.15873784,0.15755488,0.15613336,0.15445943,0.15251518,0.15027723,0.14771483,0.14478671,0.14143604,0.13758176,0.13310244,0.12780340,0.12133943,0.11299069,0.10069977,0.05357108
173100,0.16133899,0.16123557,0.16092454,0.16040357,0.15966864,0.15871387,0.15753122,0.15611007,0.15443658,0.15249282,0.15025544,0.14769368,0.14476628,0.14141643,0.13756307,0.13308481,0.12778697,0.12132442,0.11297745,0.10068895,0.05356861
173160,0.16131434,0.16121095,0.16090001,0.16037918,0.15964444,0.15868992,0.15750758,0.15608680,0.15441374,0.15247048,0.15023367,0.14767255,0.14474588,0.14139684,0.13754440,0.13306718,0.12777055,0.12130943,0.11296421,0.10067814,0.05356613
173220,0.16128971,0.16118635,0.16087549,0.16035479,0.15962025,0.15866598,0.15748395,0.15606354,0.15439091,0.15244815,0.15021191,0.14765143,0.14472548,0.14137726,0.13752574,0.13304957,0.12775414,0.12129444,0.11295098,0.10066733,0.05356366
173280,0.16126510,0.16116176,0.16085099,0.16033043,0.15959608,0.15864206,0.15746034,0.15604030,0.15436810,0.15242584,0.15019016,0.14763033,0.14470510,0.14135769,0.13750709,0.13303196,0.12773774,0.12127946,0.11293776,0.10065654,0.05356120
173340,0.16124051,0.16113720,0.16082650,0.16030608,0.15957193,0.15861816,0.15743675,0.15601707,0.15434531,0.15240354,0.15016843,0.14760924,0.14468473,0.14133814,0.13748846,0.13301437,0.12772135,0.12126449,0.11292454,0.10064575,0.05355873
173400,0.16121593,0.16111265,0.16080203,0.16028175,0.15954779,0.15859427,0.15741317,0.15599386,0.15432253,0.15238126,0.15014671,0.14758816,0.14466438,0.14131860,0.13746983,0.13299679,0.12770497,0.12124953,0.11291134,0.10063496,0.05355627
173460,0.16119137,0.16108811,0.16077758,0.16025744,0.15952367,0.15857040,0.15738961,0.15597067,0.15429977,0.15235899,0.15012501,0.14756710,0.14464404,0.14129907,0.13745122,0.13297923,0.12768861,0.12123458,0.11289814,0.10062418,0.05355381
173520,0.16116682,0.16106359,0.16075314,0.16023314,0.15949956,0.15854655,0.15736606,0.15594749,0.15427702,0.15233674,0.15010333,0.14754605,0.14462371,0.14127955,0.13743263,0.13296167,0.12767225,0.12121964,0.11288495,0.10061341,0.05355135
173580,0.16114229,0.16103909,0.16072873,0.16020886,0.15947548,0.15852271,0.15734253,0.15592433,0.15425429,0.15231450,0.15008165,0.14752502,0.14460340,0.14126005,0.13741404,0.13294412,0.12765591,0.12120471,0.11287177,0.10060265,0.05354890
173640,0.16111778,0.16101461,0.16070432,0.16018459,0.15945140,0.15849889,0.15731902,0.15590118,0.15423157,0.15229228,0.15006000,0.14750400,0.14458310,0.14124056,0.13739547,0.13292659,0.12763957,0.12118979,0.11285860,0.10059189,0.05354644
173700,0.16109329,0.16099014,0.16067994,0.16016034,0.15942735,0.15847508,0.15729552,0.15587805,0.15420887,0.15227008,0.15003835,0.14748300,0.14456281,0.14122109,0.13737690,0.13290907,0.12762325,0.12117488,0.11284544,0.10058114,0.05354399
173760,0.16106881,0.16096569,0.16065557,0.16013611,0.15940331,0.15845129,0.15727204,0.15585494,0.15418618,0.15224788,0.15001673,0.14746201,0.14454254,0.14120162,0.13735835,0.13289156,0.12760693,0.12115998,0.11283228,0.10057039,0.05354155
173820,0.16104435,0.16094126,0.16063122,0.16011190,0.15937929,0.15842752,0.15724857,0.15583184,0.15416351,0.15222571,0.14999511,0.14744103,0.14452228,0.14118217,0.13733982,0.13287406,0.12759063,0.12114509,0.11281914,0.10055966,0.05353910
173880,0.16101990,0.16091684,0.16060688,0.16008770,0.15935528,0.15840376,0.15722512,0.15580875,0.15414086,0.15220355,0.14997351,0.14742007,0.14450204,0.14116274,0.13732129,0.13285657,0.12757434,0.12113020,0.11280600,0.10054892,0.05353666
173940,0.16099547,0.16089244,0.16058256,0.16006352,0.15933129,0.15838002,0.15720169,0.15578568,0.15411822,0.15218140,0.14995193,0.14739912,0.14448180,0.14114331,0.13730278,0.13283910,0.12755805,0.12111533,0.11279287,0.10053820,0.05353423
174000,0.16097106,0.16086805,0.16055826,0.16003935,0.15930732,0.15835630,0.15717827,0.15576263,0.15409560,0.15215927,0.14993036,0.14737818,0.14446158,0.14112390,0.13728428,0.13282163,0.12754178,0.12110047,0.11277974,0.10052748,0.05353179
174060,0.16094667,0.16084369,0.16053398,0.16001520,0.15928336,0.15833259,0.15715487,0.15573960,0.15407299,0.15213715,0.14990880,0.14735726,0.14444138,0.14110450,0.13726579,0.13280418,0.12752552,0.12108562,0.11276663,0.10051677,0.05352936
174120,0.16092229,0.16081934,0.16050971,0.15999107,0.15925942,0.15830890,0.15713148,0.15571658,0.15405039,0.15211505,0.14988726,0.14733636,0.14442119,0.14108512,0.13724731,0.13278674,0.12750927,0.12107077,0.11275353,0.10050607,0.05352693
174180,0.16089793,0.16079501,0.16048546,0.15996695,0.15923550,0.15828522,0.15710811,0.15569357,0.15402782,0.15209296,0.14986573,0.14731546,0.14440101,0.14106574,0.13722885,0.13276931,0.12749303,0.12105594,0.11274043,0.10049537,0.05352450
174240,0.16087359,0.16077069,0.16046122,0.15994286,0.15921159,0.15826156,0.15708476,0.15567058,0.15400525,0.15207089,0.14984422,0.14729458,0.14438085,0.14104638,0.13721040,0.13275189,0.12747680,0.12104111,0.11272734,0.10048468,0.05352207
174300,0.16084926,0.16074639,0.16043700,0.15991877,0.15918770,0.15823792,0.15706142,0.15564761,0.15398271,0.15204884,0.14982273,0.14727372,0.14436070,0.14102704,0.13719196,0.13273448,0.12746059,0.12102630,0.11271426,0.10047399,0.05351965
174360,0.16082495,0.16072211,0.16041280,0.15989471,0.15916382,0.15821429,0.15703810,0.15562465,0.15396017,0.15202680,0.14980124,0.14725287,0.14434056,0.14100770,0.13717353,0.13271708,0.12744438,0.12101149,0.11270119,0.10046331,0.05351723
174420,0.16080066,0.16069784,0.16038862,0.15987066,0.15913997,0.15819068,0.15701479,0.15560171,0.15393766,0.15200477,0.14977978,0.14723204,0.14432044,0.14098838,0.13715512,0.13269970,0.12742818,0.12099670,0.11268813,0.10045264,0.05351481
174480,0.16077638,0.16067359,0.16036445,0.15984663,0.15911613,0.15816709,0.15699150,0.15557878,0.15391516,0.15198276,0.14975832,0.14721121,0.14430033,0.14096907,0.13713672,0.13268233,0.12741199,0.12098191,0.11267507,0.10044198,0.05351240
174540,0.16075212,0.16064936,0.16034030,0.15982261,0.15909230,0.15814351,0.15696823,0.15555587,0.15389267,0.15196076,0.14973688,0.14719041,0.14428023,0.14094978,0.13711833,0.13266497,0.12739582,0.12096713,0.11266202,0.10043132,0.05350999
174600,0.16072788,0.16062514,0.16031616,0.15979861,0.15906849,0.15811994,0.15694497,0.15553298,0.15387020,0.15193878,0.14971546,0.14716961,0.14426015,0.14093050,0.13709995,0.13264762,0.12737965,0.12095236,0.11264899,0.10042067,0.05350758
174660,0.16070365,0.16060094,0.16029204,0.15977462,0.15904470,0.15809640,0.15692172,0.15551009,0.15384774,0.15191681,0.14969405,0.14714883,0.14424008,0.14091122,0.13708158,0.13263028,0.12736350,0.12093760,0.11263595,0.10041002,0.05350517
174720,0.16067944,0.16057676,0.16026794,0.15975066,0.15902092,0.15807286,0.15689849,0.15548723,0.15382530,0.15189486,0.14967265,0.14712806,0.14422002,0.14089197,0.13706323,0.13261295,0.12734735,0.12092286,0.11262293,0.10039938,0.05350277
174780,0.16065525,0.16055259,0.16024385,0.15972671,0.15899716,0.15804935,0.15687528,0.15546438,0.15380288,0.15187292,0.14965127,0.14710731,0.14419997,0.14087272,0.13704488,0.13259563,0.12733122,0.12090812,0.11260992,0.10038875,0.05350037
174840,0.16063107,0.16052844,0.16021978,0.15970277,0.15897341,0.15802585,0.15685209,0.15544155,0.15378046,0.15185100,0.14962990,0.14708657,0.14417994,0.14085349,0.13702655,0.13257833,0.12731509,0.12089339,0.11259691,0.10037813,0.05349797
174900,0.16060691,0.16050430,0.16019573,0.15967885,0.15894968,0.15800237,0.15682891,0.15541873,0.15375807,0.15182909,0.14960855,0.14706584,0.14415993,0.14083427,0.13700823,0.13256103,0.12729898,0.12087866,0.11258391,0.10036751,0.05349557
174960,0.16058276,0.16048018,0.16017169,0.15965495,0.15892597,0.15797890,0.15680574,0.15539592,0.15373569,0.15180719,0.14958721,0.14704513,0.14413992,0.14081506,0.13698993,0.13254375,0.12728287,0.12086395,0.11257092,0.10035690,0.05349318
175020,0.16055863,0.16045608,0.16014767,0.15963106,0.15890227,0.15795545,0.15678259,0.15537314,0.15371332,0.15178531,0.14956588,0.14702444,0.14411993,0.14079587,0.13697163,0.13252648,0.12726678,0.12084925,0.11255794,0.10034629,0.05349079
175080,0.16053452,0.16043200,0.16012366,0.15960719,0.15887859,0.15793201,0.15675946,0.15535037,0.15369097,0.15176345,0.14954457,0.14700375,0.14409996,0.14077669,0.13695335,0.13250922,0.12725070,0.12083456,0.11254497,0.10033569,0.05348840
175140,0.16051043,0.16040793,0.16009968,0.15958334,0.15885493,0.15790859,0.15673634,0.15532761,0.15366864,0.15174160,0.14952328,0.14698308,0.14407999,0.14075752,0.13693508,0.13249197,0.12723463,0.12081988,0.11253200,0.10032510,0.05348601
175200,0.16048635,0.16038388,0.16007571,0.15955950,0.15883128,0.15788519,0.15671324,0.15530487,0.15364632,0.15171977,0.14950200,0.14696243,0.14406004,0.14073837,0.13691682,0.13247473,0.12721857,0.12080520,0.11251905,0.10031451,0.05348363
175260,0.16046229,0.16035984,0.16005175,0.15953568,0.15880765,0.15786181,0.15669016,0.15528214,0.15362402,0.15169795,0.14948073,0.14694179,0.14404011,0.14071922,0.13689858,0.13245751,0.12720251,0.12079054,0.11250610,0.10030393,0.05348125
175320,0.16043824,0.16033583,0.16002781,0.15951188,0.15878404,0.15783843,0.15666709,0.15525943,0.15360173,0.15167614,0.14945948,0.14692116,0.14402018,0.14070009,0.13688035,0.13244029,0.12718647,0.12077588,0.11249316,0.10029336,0.05347887
175380,0.16041421,0.16031182,0.16000389,0.15948809,0.15876044,0.15781508,0.15664403,0.15523674,0.15357945,0.15165435,0.14943824,0.14690054,0.14400027,0.14068098,0.13686212,0.13242309,0.12717044,0.12076124,0.11248023,0.10028279,0.05347650
175440,0.16039020,0.16028784,0.15997999,0.15946432,0.15873685,0.15779174,0.15662100,0.15521406,0.15355719,0.15163258,0.14941701,0.14687994,0.14398038,0.14066187,0.13684392,0.13240590,0.12715443,0.12074660,0.11246730,0.10027223,0.05347412
175500,0.16036621,0.16026387,0.15995610,0.15944057,0.15871329,0.15776842,0.15659797,0.15519140,0.15353495,0.15161082,0.14939580,0.14685936,0.14396049,0.14064278,0.13682572,0.13238872,0.12713842,0.12073198,0.11245439,0.10026168,0.05347175
175560,0.16034222,0.16023991,0.15993222,0.15941683,0.15868973,0.15774511,0.15657497,0.15516875,0.15351272,0.15158907,0.14937461,0.14683878,0.14394062,0.14062370,0.13680753,0.13237154,0.12712242,0.12071736,0.11244148,0.10025113,0.05346939
175620,0.16031826,0.16021598,0.15990836,0.15939310,0.15866620,0.15772182,0.15655197,0.15514611,0.15349050,0.15156734,0.14935343,0.14681822,0.14392076,0.14060463,0.13678936,0.13235438,0.12710643,0.12070275,0.11242858,0.10024059,0.05346702
175680,0.16029431,0.16019205,0.15988452,0.15936939,0.15864268,0.15769854,0.15652900,0.15512349,0.15346830,0.15154562,0.14933226,0.14679768,0.14390092,0.14058558,0.13677119,0.13233724,0.12709045,0.12068815,0.11241569,0.10023006,0.05346466
175740,0.16027038,0.16016815,0.15986070,0.15934570,0.15861917,0.15767528,0.15650603,0.15510089,0.15344612,0.15152392,0.14931110,0.14677714,0.14388109,0.14056654,0.13675304,0.13232010,0.12707448,0.12067356,0.11240280,0.10021953,0.05346230
175800,0.16024646,0.16014426,0.15983689,0.15932202,0.15859569,0.15765203,0.15648309,0.15507830,0.15342395,0.15150223,0.14928996,0.14675663,0.14386127,0.14054751,0.13673490,0.13230297,0.12705852,0.12065898,0.11238993,0.10020901,0.05345994
175860,0.16022256,0.16012039,0.15981309,0.15929836,0.15857221,0.15762880,0.15646016,0.15505573,0.15340179,0.15148055,0.14926884,0.14673612,0.14384146,0.14052849,0.13671678,0.13228586,0.12704257,0.12064441,0.11237706,0.10019849,0.05345759
175920,0.16019868,0.16009653,0.15978932,0.15927472,0.15854876,0.15760559,0.15643724,0.15503317,0.15337965,0.15145889,0.14924772,0.14671563,0.14382167,0.14050948,0.13669866,0.13226876,0.12702663,0.12062985,0.11236420,0.10018799,0.05345523
175980,0.16017481,0.16007269,0.15976556,0.15925109,0.15852532,0.15758239,0.15641434,0.15501063,0.15335753,0.15143725,0.14922663,0.14669515,0.14380189,0.14049049,0.13668056,0.13225166,0.12701071,0.12061530,0.11235135,0.10017748,0.05345288
176040,0.16015096,0.16004887,0.15974181,0.15922748,0.15850189,0.15755921,0.15639146,0.15498810,0.15333542,0.15141562,0.14920554,0.14667469,0.14378212,0.14047151,0.13666247,0.13223458,0.12699479,0.12060075,0.11233850,0.10016699,0.05345054
176100,0.16012713,0.16002506,0.15971808,0.15920389,0.15847848,0.15753604,0.15636859,0.15496559,0.15331332,0.15139400,0.14918447,0.14665424,0.14376237,0.14045255,0.13664439,0.13221751,0.12697888,0.12058622,0.11232567,0.10015650,0.05344819
176160,0.16010331,0.16000127,0.15969437,0.15918031,0.15845509,0.15751289,0.15634574,0.15494309,0.15329124,0.15137240,0.14916342,0.14663380,0.14374263,0.14043359,0.13662632,0.13220045,0.12696298,0.12057169,0.11231284,0.10014602,0.05344585
176220,0.16007951,0.15997749,0.15967068,0.15915674,0.15843172,0.15748976,0.15632290,0.15492061,0.15326918,0.15135081,0.14914238,0.14661338,0.14372291,0.14041465,0.13660826,0.13218340,0.12694710,0.12055718,0.11230002,0.10013554,0.05344351
176280,0.16005573,0.15995373,0.15964700,0.15913320,0.15840836,0.15746664,0.15630008,0.15489815,0.15324713,0.15132924,0.14912135,0.14659297,0.14370319,0.14039572,0.13659022,0.13216637,0.12693122,0.12054267,0.11228721,0.10012507,0.05344117
176340,0.16003196,0.15992999,0.15962333,0.15910967,0.15838501,0.15744354,0.15627727,0.15487569,0.15322509,0.15130769,0.14910034,0.14657257,0.14368349,0.14037680,0.13657219,0.13214934,0.12691536,0.12052818,0.11227441,0.10011461,0.05343884
176400,0.16000820,0.15990627,0.15959969,0.15908615,0.15836168,0.15742045,0.15625448,0.15485326,0.15320307,0.15128614,0.14907934,0.14655219,0.14366381,0.14035790,0.13655417,0.13213233,0.12689950,0.12051369,0.11226161,0.10010415,0.05343651
176460,0.15998447,0.15988256,0.15957606,0.15906266,0.15833837,0.15739738,0.15623171,0.15483084,0.15318107,0.15126462,0.14905836,0.14653182,0.14364413,0.14033901,0.13653616,0.13211533,0.12688366,0.12049921,0.11224883,0.10009370,0.05343418
176520,0.15996075,0.15985887,0.15955245,0.15903918,0.15831508,0.15737432,0.15620895,0.15480844,0.15315908,0.15124310,0.14903739,0.14651147,0.14362447,0.14032013,0.13651817,0.13209834,0.12686782,0.12048474,0.11223605,0.10008326,0.05343185
176580,0.15993705,0.15983519,0.15952885,0.15901571,0.15829180,0.15735128,0.15618621,0.15478605,0.15313710,0.15122161,0.14901644,0.14649113,0.14360483,0.14030127,0.13650018,0.13208136,0.12685200,0.12047028,0.11222328,0.10007282,0.05342953
176640,0.15991336,0.15981153,0.15950526,0.15899226,0.15826853,0.15732826,0.15616348,0.15476367,0.15311514,0.15120012,0.14899549,0.14647080,0.14358519,0.14028241,0.13648221,0.13206439,0.12683618,0.12045583,0.11221052,0.10006239,0.05342720
176700,0.15988969,0.15978788,0.15948170,0.15896882,0.15824528,0.15730525,0.15614077,0.15474131,0.15309319,0.15117865,0.14897457,0.14645049,0.14356557,0.14026357,0.13646425,0.13204743,0.12682038,0.12044139,0.11219776,0.10005197,0.05342488
176760,0.15986603,0.15976425,0.15945815,0.15894540,0.15822205,0.15728226,0.15611807,0.15471897,0.15307126,0.15115719,0.14895365,0.14643019,0.14354596,0.14024474,0.13644630,0.13203048,0.12680459,0.12042696,0.11218502,0.10004155,0.05342257
176820,0.15984239,0.15974064,0.15943461,0.15892200,0.15819883,0.15725928,0.15609539,0.15469664,0.15304934,0.15113575,0.14893275,0.14640990,0.14352636,0.14022592,0.13642836,0.13201354,0.12678880,0.12041254,0.11217228,0.10003114,0.05342025
176880,0.15981877,0.15971704,0.15941109,0.15889861,0.15817563,0.15723631,0.15607272,0.15467432,0.15302744,0.15111432,0.14891186,0.14638962,0.14350678,0.14020712,0.13641044,0.13199661,0.12677303,0.12039812,0.11215955,0.10002073,0.05341794
176940,0.15979516,0.15969345,0.15938759,0.15887524,0.15815244,0.15721336,0.15605006,0.15465202,0.15300555,0.15109291,0.14889099,0.14636936,0.14348721,0.14018832,0.13639252,0.13197970,0.12675726,0.12038372,0.11214682,0.10001033,0.05341563
177000,0.15977156,0.15966989,0.15936410,0.15885188,0.15812927,0.15719043,0.15602742,0.15462973,0.15298367,0.15107151,0.14887013,0.14634912,0.14346765,0.14016954,0.13637462,0.13196279,0.12674151,0.12036932,0.11213411,0.09999994,0.05341332
177060,0.15974799,0.15964634,0.15934062,0.15882854,0.15810611,0.15716751,0.15600480,0.15460746,0.15296181,0.15105012,0.14884928,0.14632888,0.14344811,0.14015077,0.13635673,0.13194590,0.12672576,0.12035493,0.11212140,0.09998955,0.05341102
177120,0.15972442,0.15962280,0.15931717,0.15880521,0.15808297,0.15714461,0.15598219,0.15458521,0.15293997,0.15102875,0.14882845,0.14630866,0.14342857,0.14013202,0.13633885,0.13192902,0.12671003,0.12034056,0.11210870,0.09997917,0.05340872
177180,0.15970088,0.15959928,0.15929373,0.15878190,0.15805984,0.15712172,0.15595960,0.15456296,0.15291814,0.15100739,0.14880763,0.14628845,0.14340905,0.14011327,0.13632098,0.13191214,0.12669430,0.12032619,0.11209601,0.09996880,0.05340642
177240,0.15967735,0.15957578,0.15927030,0.15875861,0.15803673,0.15709885,0.15593702,0.15454074,0.15289632,0.15098605,0.14878683,0.14626825,0.14338954,0.14009454,0.13630312,0.13189528,0.12667859,0.12031183,0.11208332,0.09995843,0.05340412
177300,0.15965383,0.15955229,0.15924689,0.15873533,0.15801363,0.15707599,0.15591446,0.15451852,0.15287452,0.15096472,0.14876603,0.14624807,0.14337005,0.14007582,0.13628527,0.13187843,0.12666288,0.12029747,0.11207065,0.09994807,0.05340183
177360,0.15963033,0.15952881,0.15922349,0.15871206,0.15799055,0.15705315,0.15589191,0.15449632,0.15285273,0.15094340,0.14874526,0.14622790,0.14335057,0.14005711,0.13626744,0.13186159,0.12664719,0.12028313,0.11205798,0.09993771,0.05339953
177420,0.15960685,0.15950536,0.15920011,0.15868881,0.15796749,0.15703032,0.15586937,0.15447414,0.15283096,0.15092210,0.14872449,0.14620775,0.14333110,0.14003841,0.13624962,0.13184476,0.12663150,0.12026880,0.11204532,0.09992736,0.05339724
177480,0.15958338,0.15948191,0.15917675,0.15866558,0.15794444,0.15700751,0.15584686,0.15445197,0.15280920,0.15090081,0.14870374,0.14618761,0.14331164,0.14001973,0.13623180,0.13182794,0.12661583,0.12025447,0.11203266,0.09991702,0.05339496
177540,0.15955993,0.15945849,0.15915340,0.15864236,0.15792141,0.15698472,0.15582435,0.15442982,0.15278745,0.15087954,0.14868300,0.14616748,0.14329220,0.14000106,0.13621400,0.13181113,0.12660016,0.12024016,0.11202002,0.09990668,0.05339267
177600,0.15953649,0.15943508,0.15913007,0.15861916,0.15789839,0.15696193,0.15580186,0.15440768,0.15276572,0.15085828,0.14866228,0.14614736,0.14327277,0.13998240,0.13619621,0.13179433,0.12658451,0.12022585,0.11200738,0.09989635,0.05339039
177660,0.15951307,0.15941168,0.15910675,0.15859598,0.15787538,0.15693917,0.15577939,0.15438556,0.15274400,0.15083703,0.14864157,0.14612726,0.14325335,0.13996375,0.13617844,0.13177755,0.12656886,0.12021156,0.11199475,0.09988603,0.05338811
177720,0.15948967,0.15938830,0.15908345,0.15857280,0.15785240,0.15691642,0.15575693,0.15436345,0.15272230,0.15081580,0.14862087,0.14610717,0.14323394,0.13994511,0.13616067,0.13176077,0.12655323,0.12019727,0.11198213,0.09987571,0.05338583
177780,0.15946628,0.15936494,0.15906017,0.15854965,0.15782942,0.15689368,0.15573449,0.15434135,0.15270062,0.15079458,0.14860019,0.14608709,0.14321455,0.13992649,0.13614292,0.13174401,0.12653760,0.12018299,0.11196952,0.09986540,0.05338356
177840,0.15944291,0.15934159,0.15903690,0.15852651,0.15780647,0.15687096,0.15571206,0.15431927,0.15267894,0.15077338,0.14857952,0.14606703,0.14319517,0.13990788,0.13612518,0.13172725,0.12652199,0.12016872,0.11195691,0.09985509,0.05338128
177900,0.15941955,0.15931826,0.15901364,0.15850339,0.15778353,0.15684826,0.15568965,0.15429721,0.15265729,0.15075219,0.14855887,0.14604698,0.14317580,0.13988928,0.13610744,0.13171051,0.12650638,0.12015446,0.11194431,0.09984479,0.05337901
177960,0.15939621,0.15929495,0.15899040,0.15848028,0.15776060,0.15682557,0.15566725,0.15427515,0.15263564,0.15073101,0.14853823,0.14602694,0.14315644,0.13987069,0.13608972,0.13169377,0.12649078,0.12014020,0.11193172,0.09983450,0.05337674
178020,0.15937288,0.15927165,0.15896718,0.15845718,0.15773769,0.15680289,0.15564486,0.15425312,0.15261401,0.15070985,0.14851760,0.14600692,0.14313710,0.13985212,0.13607202,0.13167705,0.12647520,0.12012596,0.11191914,0.09982421,0.05337448
178080,0.15934957,0.15924836,0.15894398,0.15843411,0.15771479,0.15678023,0.15562250,0.15423110,0.15259240,0.15068870,0.14849699,0.14598691,0.14311777,0.13983355,0.13605432,0.13166034,0.12645962,0.12011173,0.11190657,0.09981393,0.05337222
178140,0.15932628,0.15922509,0.15892078,0.15841104,0.15769191,0.15675759,0.15560014,0.15420909,0.15257080,0.15066757,0.14847639,0.14596691,0.14309845,0.13981500,0.13603664,0.13164364,0.12644406,0.12009750,0.11189400,0.09980366,0.05336996
178200,0.15930299,0.15920184,0.15889761,0.15838800,0.15766905,0.15673496,0.15557780,0.15418710,0.15254921,0.15064645,0.14845580,0.14594692,0.14307915,0.13979646,0.13601896,0.13162695,0.12642850,0.12008328,0.11188144,0.09979339,0.05336770
178260,0.15927973,0.15917860,0.15887444,0.15836496,0.15764620,0.15671234,0.15555548,0.15416512,0.15252764,0.15062534,0.14843522,0.14592695,0.14305986,0.13977794,0.13600130,0.13161027,0.12641295,0.12006907,0.11186889,0.09978313,0.05336544
178320,0.15925648,0.15915537,0.15885130,0.15834195,0.15762336,0.15668974,0.15553317,0.15414316,0.15250608,0.15060425,0.14841466,0.14590699,0.14304058,0.13975942,0.13598365,0.13159360,0.12639742,0.12005487,0.11185634,0.09977287,0.05336319
178380,0.15923325,0.15913217,0.15882817,0.15831894,0.15760054,0.15666716,0.15551087,0.15412121,0.15248453,0.15058317,0.14839411,0.14588705,0.14302131,0.13974092,0.13596600,0.13157694,0.12638189,0.12004068,0.11184381,0.09976262,0.05336094
178440,0.15921003,0.15910897,0.15880505,0.15829596,0.15757773,0.15664459,0.15548859,0.15409927,0.15246300,0.15056211,0.14837358,0.14586711,0.14300205,0.13972242,0.13594838,0.13156029,0.12636637,0.12002650,0.11183128,0.09975238,0.05335869
178500,0.15918682,0.15908579,0.15878195,0.15827299,0.15755494,0.15662203,0.15546632,0.15407735,0.15244148,0.15054106,0.14835306,0.14584719,0.14298281,0.13970394,0.13593076,0.13154366,0.12635087,0.12001233,0.11181876,0.09974214,0.05335644
178560,0.15916364,0.15906263,0.15875887,0.15825003,0.15753217,0.15659949,0.15544407,0.15405544,0.15241998,0.15052002,0.14833255,0.14582729,0.14296358,0.13968548,0.13591315,0.13152703,0.12633537,0.11999817,0.11180625,0.09973191,0.05335420
178620,0.15914046,0.15903949,0.15873580,0.15822709,0.15750941,0.15657697,0.15542184,0.15403355,0.15239849,0.15049900,0.14831206,0.14580739,0.14294436,0.13966702,0.13589556,0.13151041,0.12631988,0.11998401,0.11179374,0.09972168,0.05335195
178680,0.15911731,0.15901636,0.15871274,0.15820416,0.15748667,0.15655446,0.15539961,0.15401168,0.15237702,0.15047799,0.14829158,0.14578751,0.14292516,0.13964858,0.13587797,0.13149381,0.12630440,0.11996986,0.11178124,0.09971147,0.05334972
178740,0.15909417,0.15899324,0.15868970,0.15818125,0.15746394,0.15653196,0.15537741,0.15398981,0.15235556,0.15045699,0.14827111,0.14576764,0.14290596,0.13963014,0.13586040,0.13147721,0.12628893,0.11995573,0.11176875,0.09970125,0.05334748
178800,0.15907104,0.15897014,0.15866668,0.15815836,0.15744122,0.15650948,0.15535521,0.15396797,0.15233412,0.15043601,0.14825066,0.14574779,0.14288678,0.13961172,0.13584284,0.13146063,0.12627348,0.11994160,0.11175627,0.09969105,0.05334524
178860,0.15904793,0.15894706,0.15864367,0.15813548,0.15741852,0.15648701,0.15533304,0.15394613,0.15231268,0.15041504,0.14823022,0.14572795,0.14286762,0.13959332,0.13582529,0.13144405,0.12625803,0.11992748,0.11174380,0.09968085,0.05334301
178920,0.15902484,0.15892399,0.15862068,0.15811262,0.15739584,0.15646456,0.15531088,0.15392431,0.15229127,0.15039409,0.14820979,0.14570812,0.14284846,0.13957492,0.13580775,0.13142749,0.12624259,0.11991337,0.11173133,0.09967065,0.05334078
178980,0.15900176,0.15890093,0.15859770,0.15808977,0.15737317,0.15644213,0.15528873,0.15390251,0.15226987,0.15037315,0.14818938,0.14568830,0.14282932,0.13955654,0.13579022,0.13141094,0.12622716,0.11989927,0.11171887,0.09966046,0.05333856
179040,0.15897870,0.15887790,0.15857474,0.15806693,0.15735052,0.15641971,0.15526659,0.15388072,0.15224848,0.15035222,0.14816898,0.14566850,0.14281019,0.13953816,0.13577271,0.13139440,0.12621174,0.11988517,0.11170642,0.09965028,0.05333633
179100,0.15895565,0.15885487,0.15855180,0.15804412,0.15732788,0.15639730,0.15524448,0.15385895,0.15222710,0.15033131,0.14814860,0.14564871,0.14279107,0.13951980,0.13575520,0.13137787,0.12619633,0.11987109,0.11169397,0.09964011,0.05333411
179160,0.15893261,0.15883187,0.15852887,0.15802131,0.15730526,0.15637491,0.15522237,0.15383718,0.15220574,0.15031041,0.14812822,0.14562893,0.14277196,0.13950146,0.13573771,0.13136134,0.12618093,0.11985701,0.11168154,0.09962994,0.05333189
179220,0.15890960,0.15880887,0.15850595,0.15799852,0.15728265,0.15635254,0.15520028,0.15381544,0.15218440,0.15028953,0.14810786,0.14560917,0.14275287,0.13948312,0.13572023,0.13134483,0.12616554,0.11984295,0.11166911,0.09961977,0.05332967
179280,0.15888659,0.15878590,0.15848305,0.15797575,0.15726005,0.15633017,0.15517821,0.15379370,0.15216306,0.15026865,0.14808752,0.14558942,0.14273379,0.13946479,0.13570275,0.13132833,0.12615016,0.11982889,0.11165669,0.09960961,0.05332745
179340,0.15886360,0.15876293,0.15846016,0.15795299,0.15723747,0.15630783,0.15515615,0.15377198,0.15214174,0.15024779,0.14806718,0.14556968,0.14271472,0.13944648,0.13568529,0.13131184,0.12613479,0.11981484,0.11164427,0.09959946,0.05332524
179400,0.15884063,0.15873999,0.15843729,0.15793025,0.15721491,0.15628549,0.15513410,0.15375028,0.15212044,0.15022695,0.14804686,0.14554995,0.14269566,0.13942818,0.13566784,0.13129536,0.12611943,0.11980080,0.11163187,0.09958932,0.05332303
179460,0.15881767,0.15871705,0.15841443,0.15790752,0.15719236,0.15626318,0.15511207,0.15372859,0.15209915,0.15020612,0.14802656,0.14553024,0.14267662,0.13940989,0.13565040,0.13127889,0.12610408,0.11978677,0.11161947,0.09957918,0.05332082
179520,0.15879473,0.15869414,0.15839159,0.15788480,0.15716983,0.15624087,0.15509005,0.15370691,0.15207787,0.15018530,0.14800626,0.14551054,0.14265759,0.13939161,0.13563298,0.13126243,0.12608873,0.11977274,0.11160708,0.09956904,0.05331861
179580,0.15877180,0.15867123,0.15836877,0.15786211,0.15714731,0.15621859,0.15506805,0.15368525,0.15205661,0.15016450,0.14798598,0.14549085,0.14263857,0.13937334,0.13561556,0.13124599,0.12607340,0.11975873,0.11159470,0.09955892,0.05331641
179640,0.15874889,0.15864835,0.15834596,0.15783942,0.15712480,0.15619631,0.15504606,0.15366360,0.15203536,0.15014371,0.14796571,0.14547117,0.14261956,0.13935509,0.13559816,0.13122955,0.12605808,0.11974472,0.11158232,0.09954880,0.05331421
179700,0.15872600,0.15862548,0.15832316,0.15781675,0.15710231,0.15617405,0.15502409,0.15364197,0.15201412,0.15012293,0.14794546,0.14545151,0.14260056,0.13933684,0.13558076,0.13121312,0.12604276,0.11973072,0.11156995,0.09953868,0.05331201
179760,0.15870312,0.15860262,0.15830038,0.15779410,0.15707984,0.15615181,0.15500213,0.15362035,0.15199290,0.15010217,0.14792522,0.14543186,0.14258158,0.13931861,0.13556338,0.13119670,0.12602746,0.11971674,0.11155759,0.09952857,0.05330981
179820,0.15868025,0.15857978,0.15827762,0.15777146,0.15705738,0.15612958,0.15498018,0.15359875,0.15197169,0.15008142,0.14790499,0.14541222,0.14256261,0.13930039,0.13554601,0.13118030,0.12601217,0.11970276,0.11154524,0.09951847,0.05330762
179880,0.15865740,0.15855695,0.15825487,0.15774884,0.15703493,0.15610737,0.15495825,0.15357716,0.15195050,0.15006068,0.14788478,0.14539260,0.14254365,0.13928218,0.13552865,0.13116390,0.12599688,0.11968878,0.11153289,0.09950837,0.05330543
179940,0.15863456,0.15853414,0.15823213,0.15772623,0.15701250,0.15608517,0.15493634,0.15355558,0.15192932,0.15003996,0.14786458,0.14537299,0.14252471,0.13926399,0.13551130,0.13114752,0.12598161,0.11967482,0.11152056,0.09949828,0.05330324
180000,0.15861174,0.15851135,0.15820941,0.15770364,0.15699009,0.15606298,0.15491444,0.15353402,0.15190816,0.15001925,0.14784439,0.14535339,0.14250577,0.13924580,0.13549396,0.13113114,0.12596634,0.11966087,0.11150823,0.09948820,0.05330105
180060,0.15858894,0.15848857,0.15818671,0.15768106,0.15696769,0.15604081,0.15489255,0.15351247,0.15188701,0.14999856,0.14782422,0.14533381,0.14248685,0.13922763,0.13547664,0.13111478,0.12595109,0.11964693,0.11149590,0.09947812,0.05329886
180120,0.15856615,0.15846581,0.15816402,0.15765850,0.15694531,0.15601866,0.15487068,0.15349094,0.15186587,0.14997788,0.14780406,0.14531424,0.14246795,0.13920947,0.13545932,0.13109843,0.12593584,0.11963299,0.11148359,0.09946805,0.05329668
180180,0.15854338,0.15844306,0.15814135,0.15763596,0.15692294,0.15599652,0.15484883,0.15346942,0.15184475,0.14995721,0.14778391,0.14529468,0.14244905,0.13919132,0.13544202,0.13108208,0.12592061,0.11961906,0.11147128,0.09945798,0.05329450
180240,0.15852062,0.15842032,0.15811869,0.15761342,0.15690058,0.15597440,0.15482698,0.15344792,0.15182364,0.14993656,0.14776377,0.14527513,0.14243017,0.13917319,0.13542472,0.13106575,0.12590538,0.11960514,0.11145898,0.09944792,0.05329232
180300,0.15849787,0.15839760,0.15809605,0.15759090,0.15687824,0.15595228,0.15480515,0.15342643,0.15180254,0.14991592,0.14774365,0.14525559,0.14241129,0.13915506,0.13540744,0.13104943,0.12589017,0.11959123,0.11144669,0.09943787,0.05329014
180360,0.15847514,0.15837490,0.15807342,0.15756840,0.15685591,0.15593019,0.15478334,0.15340495,0.15178146,0.14989529,0.14772354,0.14523607,0.14239243,0.13913695,0.13539017,0.13103311,0.12587496,0.11957733,0.11143441,0.09942782,0.05328797
180420,0.15845243,0.15835221,0.15805080,0.15754591,0.15683360,0.15590810,0.15476154,0.15338349,0.15176039,0.14987467,0.14770345,0.14521656,0.14237358,0.13911884,0.13537291,0.13101681,0.12585976,0.11956344,0.11142213,0.09941777,0.05328580
180480,0.15842973,0.15832953,0.15802820,0.15752344,0.15681130,0.15588603,0.15473975,0.15336204,0.15173934,0.14985407,0.14768336,0.14519706,0.14235475,0.13910075,0.13535566,0.13100052,0.12584457,0.11954955,0.11140986,0.09940774,0.05328363
180540,0.15840704,0.15830687,0.15800561,0.15750098,0.15678902,0.15586398,0.15471798,0.15334060,0.15171829,0.14983348,0.14766329,0.14517758,0.14233592,0.13908267,0.13533842,0.13098423,0.12582939,0.11953568,0.11139760,0.09939771,0.05328146
180600,0.15838437,0.15828423,0.15798304,0.15747853,0.15676675,0.15584194,0.15469622,0.15331918,0.15169727,0.14981291,0.14764323,0.14515811,0.14231711,0.13906460,0.13532119,0.13096796,0.12581422,0.11952181,0.11138534,0.09938768,0.05327930
180660,0.15836171,0.15826160,0.15796049,0.15745610,0.15674450,0.15581991,0.15467447,0.15329777,0.15167625,0.14979235,0.14762319,0.14513865,0.14229831,0.13904654,0.13530397,0.13095170,0.12579906,0.11950795,0.11137309,0.09937766,0.05327714
180720,0.15833907,0.15823898,0.15793795,0.15743368,0.15672226,0.15579790,0.15465274,0.15327638,0.15165525,0.14977180,0.14760316,0.14511920,0.14227952,0.13902850,0.13528676,0.13093545,0.12578391,0.11949410,0.11136085,0.09936765,0.05327497
180780,0.15831645,0.15821638,0.15791542,0.15741128,0.15670003,0.15577590,0.15463103,0.15325500,0.15163426,0.14975126,0.14758314,0.14509976,0.14226074,0.13901046,0.13526957,0.13091920,0.12576877,0.11948026,0.11134862,0.09935764,0.05327282
180840,0.15829383,0.15819379,0.15789291,0.15738889,0.15667782,0.15575392,0.15460933,0.15323363,0.15161329,0.14973074,0.14756313,0.14508034,0.14224198,0.13899244,0.13525238,0.13090297,0.12575363,0.11946642,0.11133639,0.09934764,0.05327066
180900,0.15827124,0.15817122,0.15787041,0.15736652,0.15665562,0.15573195,0.15458764,0.15321228,0.15159233,0.14971023,0.14754314,0.14506093,0.14222323,0.13897443,0.13523521,0.13088675,0.12573851,0.11945260,0.11132417,0.09933764,0.05326851
180960,0.15824865,0.15814866,0.15784793,0.15734416,0.15663344,0.15571000,0.15456596,0.15319094,0.15157138,0.14968974,0.14752315,0.14504153,0.14220448,0.13895643,0.13521804,0.13087054,0.12572340,0.11943878,0.11131196,0.09932765,0.05326636
181020,0.15822608,0.15812612,0.15782546,0.15732182,0.15661127,0.15568806,0.15454430,0.15316961,0.15155045,0.14966925,0.14750319,0.14502214,0.14218575,0.13893844,0.13520089,0.13085434,0.12570829,0.11942497,0.11129976,0.09931767,0.05326421
181080,0.15820353,0.15810359,0.15780300,0.15729949,0.15658912,0.15566613,0.15452266,0.15314830,0.15152953,0.14964878,0.14748323,0.14500277,0.14216704,0.13892046,0.13518375,0.13083814,0.12569319,0.11941117,0.11128756,0.09930769,0.05326206
181140,0.15818099,0.15808107,0.15778056,0.15727718,0.15656698,0.15564422,0.15450102,0.15312700,0.15150862,0.14962833,0.14746329,0.14498341,0.14214833,0.13890249,0.13516662,0.13082196,0.12567811,0.11939738,0.11127537,0.09929772,0.05325991
181200,0.15815847,0.15805857,0.15775814,0.15725488,0.15654485,0.15562232,0.15447941,0.15310572,0.15148773,0.14960789,0.14744336,0.14496406,0.14212964,0.13888454,0.13514950,0.13080579,0.12566303,0.11938359,0.11126319,0.09928775,0.05325777
181260,0.15813596,0.15803609,0.15773573,0.15723259,0.15652274,0.15560044,0.15445780,0.15308445,0.15146685,0.14958746,0.14742344,0.14494472,0.14211095,0.13886659,0.13513239,0.13078963,0.12564796,0.11936982,0.11125102,0.09927779,0.05325563
181320,0.15811346,0.15801362,0.15771333,0.15721032,0.15650065,0.15557857,0.15443621,0.15306319,0.15144598,0.14956704,0.14740354,0.14492540,0.14209228,0.13884866,0.13511529,0.13077348,0.12563291,0.11935605,0.11123885,0.09926784,0.05325349
181380,0.15809098,0.15799116,0.15769095,0.15718806,0.15647857,0.15555671,0.15441464,0.15304195,0.15142513,0.14954664,0.14738364,0.14490609,0.14207363,0.13883074,0.13509820,0.13075734,0.12561786,0.11934229,0.11122669,0.09925789,0.05325136
181440,0.15806852,0.15796872,0.15766859,0.15716582,0.15645650,0.15553487,0.15439307,0.15302072,0.15140429,0.14952624,0.14736377,0.14488679,0.14205498,0.13881283,0.13508112,0.13074121,0.12560282,0.11932854,0.11121454,0.09924795,0.05324922
181500,0.15804607,0.15794630,0.15764624,0.15714359,0.15643445,0.15551304,0.15437153,0.15299951,0.15138346,0.14950587,0.14734390,0.14486750,0.14203635,0.13879493,0.13506405,0.13072508,0.12558779,0.11931480,0.11120239,0.09923801,0.05324709
181560,0.15802363,0.15792389,0.15762390,0.15712138,0.15641241,0.15549123,0.15434999,0.15297830,0.15136265,0.14948550,0.14732405,0.14484822,0.14201772,0.13877704,0.13504700,0.13070897,0.12557277,0.11930107,0.11119025,0.09922808,0.05324496
181620,0.15800121,0.15790149,0.15760158,0.15709918,0.15639038,0.15546943,0.15432847,0.15295712,0.15134185,0.14946515,0.14730421,0.14482896,0.14199911,0.13875917,0.13502995,0.13069287,0.12555776,0.11928735,0.11117812,0.09921816,0.05324284
181680,0.15797881,0.15787911,0.15757927,0.15707700,0.15636838,0.15544765,0.15430697,0.15293594,0.15132107,0.14944482,0.14728438,0.14480971,0.14198052,0.13874130,0.13501292,0.13067678,0.12554275,0.11927363,0.11116600,0.09920824,0.05324071
181740,0.15795642,0.15785674,0.15755698,0.15705483,0.15634638,0.15542588,0.15428548,0.15291478,0.15130030,0.14942449,0.14726456,0.14479048,0.14196193,0.13872345,0.13499589,0.13066070,0.12552776,0.11925992,0.11115389,0.09919832,0.05323859
181800,0.15793404,0.15783439,0.15753470,0.15703268,0.15632440,0.15540413,0.15426400,0.15289364,0.15127954,0.14940418,0.14724476,0.14477125,0.14194335,0.13870561,0.13497888,0.13064463,0.12551278,0.11924622,0.11114178,0.09918842,0.05323647
181860,0.15791168,0.15781205,0.15751243,0.15701053,0.15630243,0.15538238,0.15424253,0.15287250,0.15125879,0.14938388,0.14722497,0.14475204,0.14192479,0.13868778,0.13496188,0.13062857,0.12549780,0.11923253,0.11112968,0.09917851,0.05323435
181920,0.15788933,0.15778973,0.15749018,0.15698841,0.15628048,0.15536065,0.15422108,0.15285138,0.15123806,0.14936359,0.14720519,0.14473283,0.14190624,0.13866996,0.13494488,0.13061252,0.12548284,0.11921885,0.11111758,0.09916862,0.05323224
181980,0.15786699,0.15776742,0.15746795,0.15696629,0.15625854,0.15533894,0.15419964,0.15283028,0.15121734,0.14934332,0.14718543,0.14471364,0.14188770,0.13865215,0.13492790,0.13059648,0.12546788,0.11920517,0.11110549,0.09915873,0.05323012
182040,0.15784467,0.15774512,0.15744573,0.15694420,0.15623662,0.15531724,0.15417822,0.15280919,0.15119663,0.14932306,0.14716568,0.14469447,0.14186917,0.13863435,0.13491093,0.13058045,0.12545293,0.11919151,0.11109341,0.09914884,0.05322801
182100,0.15782237,0.15772284,0.15742352,0.15692211,0.15621470,0.15529555,0.15415681,0.15278811,0.15117594,0.14930281,0.14714594,0.14467530,0.14185065,0.13861656,0.13489397,0.13056442,0.12543799,0.11917785,0.11108134,0.09913897,0.05322590
182160,0.15780008,0.15770058,0.15740133,0.15690004,0.15619281,0.15527388,0.15413542,0.15276704,0.15115526,0.14928258,0.14712621,0.14465615,0.14183215,0.13859879,0.13487702,0.13054841,0.12542307,0.11916420,0.11106928,0.09912909,0.05322379
182220,0.15777780,0.15767832,0.15737915,0.15687799,0.15617093,0.15525222,0.15411403,0.15274599,0.15113460,0.14926236,0.14710649,0.14463701,0.14181365,0.13858103,0.13486008,0.13053241,0.12540815,0.11915056,0.11105722,0.09911923,0.05322169
182280,0.15775554,0.15765609,0.15735698,0.15685595,0.15614906,0.15523058,0.15409267,0.15272495,0.15111394,0.14924215,0.14708679,0.14461788,0.14179517,0.13856327,0.13484315,0.13051642,0.12539323,0.11913693,0.11104517,0.09910936,0.05321959
182340,0.15773329,0.15763386,0.15733483,0.15683392,0.15612720,0.15520895,0.15407131,0.15270393,0.15109330,0.14922195,0.14706710,0.14459876,0.14177670,0.13854553,0.13482623,0.13050044,0.12537833,0.11912330,0.11103312,0.09909951,0.05321749
182400,0.15771106,0.15761166,0.15731270,0.15681191,0.15610537,0.15518733,0.15404997,0.15268292,0.15107268,0.14920177,0.14704743,0.14457966,0.14175824,0.13852780,0.13480932,0.13048447,0.12536344,0.11910968,0.11102109,0.09908966,0.05321539
182460,0.15768884,0.15758946,0.15729058,0.15678991,0.15608354,0.15516573,0.15402864,0.15266192,0.15105206,0.14918160,0.14702776,0.14456057,0.14173980,0.13851008,0.13479243,0.13046851,0.12534856,0.11909608,0.11100906,0.09907982,0.05321329
182520,0.15766664,0.15756728,0.15726847,0.15676793,0.15606173,0.15514414,0.15400733,0.15264093,0.15103147,0.14916145,0.14700811,0.14454149,0.14172136,0.13849237,0.13477554,0.13045255,0.12533369,0.11908248,0.11099704,0.09906998,0.05321120
182580,0.15764445,0.15754512,0.15724638,0.15674596,0.15603993,0.15512257,0.15398603,0.15261996,0.15101088,0.14914130,0.14698847,0.14452242,0.14170294,0.13847468,0.13475867,0.13043661,0.12531882,0.11906889,0.11098502,0.09906015,0.05320911
182640,0.15762227,0.15752297,0.15722430,0.15672400,0.15601815,0.15510101,0.15396475,0.15259901,0.15099031,0.14912117,0.14696885,0.14450337,0.14168453,0.13845699,0.13474180,0.13042068,0.12530397,0.11905530,0.11097302,0.09905032,0.05320702
182700,0.15760011,0.15750083,0.15720224,0.15670206,0.15599638,0.15507947,0.15394348,0.15257807,0.15096975,0.14910105,0.14694923,0.14448432,0.14166613,0.13843932,0.13472495,0.13040476,0.12528912,0.11904173,0.11096102,0.09904050,0.05320493
182760,0.15757797,0.15747871,0.15718019,0.15668014,0.15597463,0.15505793,0.15392222,0.15255714,0.15094920,0.14908095,0.14692963,0.14446529,0.14164774,0.13842166,0.13470810,0.13038885,0.12527428,0.11902816,0.11094902,0.09903069,0.05320284
182820,0.15755584,0.15745660,0.15715816,0.15665823,0.15595289,0.15503642,0.15390098,0.15253622,0.15092867,0.14906086,0.14691005,0.14444627,0.14162937,0.13840401,0.13469127,0.13037295,0.12525946,0.11901460,0.11093704,0.09902088,0.05320076
182880,0.15753372,0.15743451,0.15713614,0.15663633,0.15593116,0.15501491,0.15387975,0.15251532,0.15090815,0.14904078,0.14689047,0.14442727,0.14161100,0.13838636,0.13467445,0.13035705,0.12524464,0.11900105,0.11092506,0.09901107,0.05319868
182940,0.15751161,0.15741243,0.15711413,0.15661444,0.15590945,0.15499342,0.15385853,0.15249443,0.15088764,0.14902071,0.14687090,0.14440827,0.14159265,0.13836873,0.13465763,0.13034117,0.12522983,0.11898751,0.11091309,0.09900128,0.05319660
183000,0.15748952,0.15739037,0.15709214,0.15659257,0.15588775,0.15497194,0.15383733,0.15247355,0.15086715,0.14900066,0.14685135,0.14438929,0.14157431,0.13835111,0.13464083,0.13032530,0.12521503,0.11897398,0.11090112,0.09899148,0.05319452
183060,0.15746745,0.15736831,0.15707016,0.15657072,0.15586606,0.15495048,0.15381614,0.15245269,0.15084667,0.14898062,0.14683181,0.14437032,0.14155597,0.13833351,0.13462404,0.13030944,0.12520023,0.11896045,0.11088917,0.09898170,0.05319245
183120,0.15744539,0.15734628,0.15704820,0.15654887,0.15584439,0.15492903,0.15379496,0.15243184,0.15082620,0.14896059,0.14681229,0.14435136,0.14153766,0.13831591,0.13460726,0.13029358,0.12518545,0.11894694,0.11087722,0.09897192,0.05319038
183180,0.15742334,0.15732426,0.15702625,0.15652705,0.15582274,0.15490760,0.15377380,0.15241100,0.15080574,0.14894057,0.14679277,0.14433241,0.14151935,0.13829832,0.13459049,0.13027774,0.12517068,0.11893343,0.11086527,0.09896214,0.05318831
183240,0.15740131,0.15730225,0.15700431,0.15650523,0.15580109,0.15488617,0.15375265,0.15239018,0.15078530,0.14892057,0.14677327,0.14431347,0.14150105,0.13828075,0.13457373,0.13026190,0.12515591,0.11891992,0.11085334,0.09895237,0.05318624
183300,0.15737929,0.15728025,0.15698239,0.15648343,0.15577947,0.15486477,0.15373151,0.15236937,0.15076487,0.14890058,0.14675378,0.14429455,0.14148277,0.13826318,0.13455698,0.13024608,0.12514116,0.11890643,0.11084141,0.09894261,0.05318417
183360,0.15735729,0.15725827,0.15696049,0.15646165,0.15575785,0.15484337,0.15371039,0.15234857,0.15074446,0.14888061,0.14673430,0.14427564,0.14146450,0.13824563,0.13454024,0.13023027,0.12512641,0.11889295,0.11082949,0.09893285,0.05318211
183420,0.15733530,0.15723631,0.15693859,0.15643988,0.15573625,0.15482199,0.15368929,0.15232779,0.15072406,0.14886064,0.14671484,0.14425674,0.14144623,0.13822809,0.13452351,0.13021446,0.12511167,0.11887947,0.11081757,0.09892310,0.05318005
183480,0.15731332,0.15721436,0.15691672,0.15641812,0.15571466,0.15480063,0.15366819,0.15230702,0.15070367,0.14884069,0.14669539,0.14423785,0.14142799,0.13821056,0.13450679,0.13019867,0.12509695,0.11886600,0.11080567,0.09891335,0.05317799
183540,0.15729136,0.15719242,0.15689485,0.15639638,0.15569309,0.15477927,0.15364711,0.15228627,0.15068329,0.14882075,0.14667595,0.14421898,0.14140975,0.13819304,0.13449008,0.13018288,0.12508223,0.11885254,0.11079377,0.09890361,0.05317593
183600,0.15726942,0.15717050,0.15687300,0.15637465,0.15567153,0.15475794,0.15362604,0.15226552,0.15066293,0.14880083,0.14665652,0.14420012,0.14139152,0.13817553,0.13447338,0.13016711,0.12506752,0.11883909,0.11078187,0.09889388,0.05317387
183660,0.15724749,0.15714859,0.15685117,0.15635293,0.15564999,0.15473661,0.15360499,0.15224480,0.15064258,0.14878091,0.14663711,0.14418127,0.14137331,0.13815803,0.13445670,0.13015135,0.12505282,0.11882565,0.11076999,0.09888415,0.05317182
183720,0.15722557,0.15712670,0.15682935,0.15633123,0.15562846,0.15471530,0.15358395,0.15222408,0.15062224,0.14876102,0.14661770,0.14416243,0.14135511,0.13814055,0.13444002,0.13013559,0.12503813,0.11881221,0.11075811,0.09887443,0.05316977
183780,0.15720367,0.15710482,0.15680754,0.15630955,0.15560694,0.15469401,0.15356293,0.15220338,0.15060192,0.14874113,0.14659832,0.14414360,0.14133691,0.13812307,0.13442336,0.13011985,0.12502344,0.11879879,0.11074624,0.09886471,0.05316772
183840,0.15718178,0.15708296,0.15678575,0.15628788,0.15558544,0.15467272,0.15354192,0.15218269,0.15058161,0.14872125,0.14657894,0.14412479,0.14131873,0.13810561,0.13440670,0.13010411,0.12500877,0.11878537,0.11073438,0.09885500,0.05316567
183900,0.15715990,0.15706111,0.15676397,0.15626622,0.15556395,0.15465145,0.15352092,0.15216201,0.15056131,0.14870139,0.14655957,0.14410598,0.14130057,0.13808815,0.13439005,0.13008839,0.12499411,0.11877196,0.11072252,0.09884529,0.05316363
183960,0.15713804,0.15703927,0.15674220,0.15624457,0.15554247,0.15463020,0.15349993,0.15214135,0.15054103,0.14868154,0.14654022,0.14408719,0.14128241,0.13807071,0.13437342,0.13007267,0.12497945,0.11875855,0.11071067,0.09883559,0.05316159
184020,0.15711619,0.15701744,0.15672045,0.15622294,0.15552101,0.15460895,0.15347896,0.15212070,0.15052075,0.14866170,0.14652088,0.14406841,0.14126426,0.13805328,0.13435679,0.13005696,0.12496480,0.11874516,0.11069882,0.09882590,0.05315955
184080,0.15709436,0.15699563,0.15669871,0.15620132,0.15549956,0.15458772,0.15345800,0.15210006,0.15050049,0.14864188,0.14650155,0.14404964,0.14124613,0.13803586,0.13434018,0.13004127,0.12495016,0.11873177,0.11068699,0.09881621,0.05315751
184140,0.15707254,0.15697384,0.15667699,0.15617972,0.15547813,0.15456651,0.15343705,0.15207944,0.15048025,0.14862206,0.14648223,0.14403089,0.14122800,0.13801845,0.13432357,0.13002558,0.12493553,0.11871839,0.11067516,0.09880652,0.05315547
184200,0.15705073,0.15695205,0.15665528,0.15615813,0.15545671,0.15454531,0.15341612,0.15205883,0.15046001,0.14860226,0.14646292,0.14401214,0.14120989,0.13800104,0.13430698,0.13000990,0.12492091,0.11870502,0.11066334,0.09879685,0.05315344
184260,0.15702894,0.15693029,0.15663358,0.15613655,0.15543530,0.15452412,0.15339520,0.15203823,0.15043979,0.14858248,0.14644363,0.14399341,0.14119179,0.13798366,0.13429039,0.12999423,0.12490630,0.11869166,0.11065152,0.09878717,0.05315140
184320,0.15700716,0.15690853,0.15661190,0.15611499,0.15541390,0.15450294,0.15337429,0.15201765,0.15041958,0.14856270,0.14642435,0.14397469,0.14117370,0.13796628,0.13427382,0.12997857,0.12489170,0.11867830,0.11063971,0.09877751,0.05314937
184380,0.15698540,0.15688679,0.15659023,0.15609344,0.15539252,0.15448178,0.15335340,0.15199707,0.15039939,0.14854294,0.14640508,0.14395598,0.14115562,0.13794891,0.13425725,0.12996292,0.12487710,0.11866496,0.11062791,0.09876784,0.05314735
184440,0.15696364,0.15686506,0.15656857,0.15607190,0.15537116,0.15446063,0.15333252,0.15197651,0.15037920,0.14852319,0.14638582,0.14393728,0.14113755,0.13793155,0.13424070,0.12994728,0.12486252,0.11865162,0.11061612,0.09875819,0.05314532
184500,0.15694191,0.15684335,0.15654693,0.15605038,0.15534980,0.15443949,0.15331165,0.15195597,0.15035903,0.14850345,0.14636658,0.14391859,0.14111949,0.13791420,0.13422415,0.12993165,0.12484794,0.11863828,0.11060433,0.09874854,0.05314329
184560,0.15692018,0.15682165,0.15652530,0.15602887,0.15532846,0.15441837,0.15329079,0.15193543,0.15033887,0.14848372,0.14634734,0.14389992,0.14110145,0.13789687,0.13420762,0.12991603,0.12483337,0.11862496,0.11059255,0.09873889,0.05314127
184620,0.15689847,0.15679996,0.15650369,0.15600737,0.15530713,0.15439726,0.15326995,0.15191491,0.15031873,0.14846401,0.14632812,0.14388125,0.14108341,0.13787954,0.13419110,0.12990042,0.12481881,0.11861165,0.11058077,0.09872925,0.05313925
184680,0.15687678,0.15677829,0.15648209,0.15598589,0.15528582,0.15437616,0.15324913,0.15189441,0.15029859,0.14844431,0.14630891,0.14386260,0.14106539,0.13786223,0.13417458,0.12988481,0.12480426,0.11859834,0.11056900,0.09871962,0.05313723
184740,0.15685509,0.15675663,0.15646050,0.15596443,0.15526452,0.15435508,0.15322831,0.15187391,0.15027847,0.14842462,0.14628971,0.14384396,0.14104737,0.13784492,0.13415808,0.12986922,0.12478972,0.11858504,0.11055724,0.09870999,0.05313522
184800,0.15683343,0.15673499,0.15643892,0.15594297,0.15524323,0.15433401,0.15320751,0.15185343,0.15025837,0.14840494,0.14627053,0.14382533,0.14102937,0.13782763,0.13414158,0.12985364,0.12477519,0.11857175,0.11054549,0.09870037,0.05313320
184860,0.15681177,0.15671336,0.15641736,0.15592153,0.15522196,0.15431295,0.15318672,0.15183296,0.15023827,0.14838528,0.14625135,0.14380671,0.14101138,0.13781035,0.13412510,0.12983806,0.12476066,0.11855846,0.11053374,0.09869075,0.05313119
184920,0.15679013,0.15669174,0.15639582,0.15590010,0.15520070,0.15429191,0.15316595,0.15181250,0.15021819,0.14836562,0.14623219,0.14378811,0.14099340,0.13779307,0.13410863,0.12982250,0.12474615,0.11854519,0.11052200,0.09868114,0.05312918
184980,0.15676850,0.15667014,0.15637429,0.15587869,0.15517946,0.15427088,0.15314518,0.15179206,0.15019812,0.14834598,0.14621304,0.14376951,0.14097544,0.13777581,0.13409216,0.12980694,0.12473164,0.11853192,0.11051027,0.09867153,0.05312718
185040,0.15674689,0.15664855,0.15635277,0.15585729,0.15515822,0.15424987,0.15312443,0.15177163,0.15017806,0.14832636,0.14619391,0.14375093,0.14095748,0.13775856,0.13407571,0.12979140,0.12471714,0.11851866,0.11049855,0.09866193,0.05312517
185100,0.15672529,0.15662697,0.15633126,0.15583591,0.15513700,0.15422886,0.15310370,0.15175121,0.15015802,0.14830674,0.14617478,0.14373236,0.14093953,0.13774132,0.13405927,0.12977586,0.12470265,0.11850541,0.11048683,0.09865234,0.05312317
185160,0.15670371,0.15660541,0.15630977,0.15581453,0.15511580,0.15420788,0.15308298,0.15173081,0.15013799,0.14828714,0.14615567,0.14371380,0.14092160,0.13772409,0.13404283,0.12976034,0.12468817,0.11849216,0.11047512,0.09864275,0.05312116
185220,0.15668213,0.15658386,0.15628830,0.15579317,0.15509461,0.15418690,0.15306227,0.15171042,0.15011797,0.14826755,0.14613657,0.14369525,0.14090368,0.13770687,0.13402641,0.12974482,0.12467370,0.11847893,0.11046341,0.09863316,0.05311916
185280,0.15666058,0.15656233,0.15626683,0.15577183,0.15507343,0.15416594,0.15304157,0.15169004,0.15009796,0.14824797,0.14611748,0.14367672,0.14088577,0.13768966,0.13401000,0.12972931,0.12465924,0.11846570,0.11045171,0.09862358,0.05311717
185340,0.15663903,0.15654081,0.15624538,0.15575050,0.15505227,0.15414499,0.15302089,0.15166968,0.15007797,0.14822841,0.14609840,0.14365819,0.14086787,0.13767247,0.13399360,0.12971382,0.12464478,0.11845248,0.11044002,0.09861401,0.05311517
185400,0.15661750,0.15651930,0.15622395,0.15572918,0.15503111,0.15412405,0.15300022,0.15164932,0.15005799,0.14820885,0.14607934,0.14363968,0.14084998,0.13765528,0.13397720,0.12969833,0.12463034,0.11843927,0.11042834,0.09860444,0.05311318
185460,0.15659599,0.15649781,0.15620252,0.15570788,0.15500998,0.15410313,0.15297956,0.15162898,0.15003802,0.14818931,0.14606028,0.14362118,0.14083210,0.13763810,0.13396082,0.12968285,0.12461590,0.11842606,0.11041666,0.09859488,0.05311119
185520,0.15657448,0.15647633,0.15618111,0.15568658,0.15498885,0.15408222,0.15295892,0.15160866,0.15001806,0.14816978,0.14604124,0.14360269,0.14081423,0.13762094,0.13394445,0.12966738,0.12460147,0.11841286,0.11040499,0.09858533,0.05310920
185580,0.15655299,0.15645486,0.15615972,0.15566531,0.15496774,0.15406132,0.15293828,0.15158834,0.14999812,0.14815027,0.14602221,0.14358421,0.14079637,0.13760378,0.13392809,0.12965192,0.12458705,0.11839967,0.11039333,0.09857577,0.05310721
185640,0.15653151,0.15643340,0.15613833,0.15564404,0.15494664,0.15404044,0.15291767,0.15156804,0.14997818,0.14813076,0.14600319,0.14356574,0.14077853,0.13758664,0.13391173,0.12963646,0.12457264,0.11838649,0.11038167,0.09856623,0.05310522
185700,0.15651005,0.15641196,0.15611697,0.15562279,0.15492555,0.15401957,0.15289706,0.15154775,0.14995826,0.14811127,0.14598418,0.14354728,0.14076069,0.13756950,0.13389539,0.12962102,0.12455824,0.11837332,0.11037002,0.09855669,0.05310324
185760,0.15648860,0.15639054,0.15609561,0.15560155,0.15490448,0.15399871,0.15287647,0.15152747,0.14993836,0.14809179,0.14596519,0.14352884,0.14074287,0.13755238,0.13387906,0.12960559,0.12454384,0.11836015,0.11035838,0.09854715,0.05310126
185820,0.15646716,0.15636913,0.15607427,0.15558033,0.15488342,0.15397787,0.15285589,0.15150721,0.14991846,0.14807232,0.14594621,0.14351041,0.14072505,0.13753526,0.13386273,0.12959017,0.12452946,0.11834700,0.11034674,0.09853762,0.05309928
185880,0.15644574,0.15634773,0.15605294,0.15555912,0.15486238,0.15395704,0.15283532,0.15148696,0.14989858,0.14805286,0.14592723,0.14349198,0.14070725,0.13751816,0.13384642,0.12957475,0.12451508,0.11833385,0.11033511,0.09852810,0.05309730
185940,0.15642433,0.15632634,0.15603162,0.15553792,0.15484135,0.15393622,0.15281477,0.15146672,0.14987871,0.14803342,0.14590828,0.14347357,0.14068946,0.13750107,0.13383012,0.12955935,0.12450071,0.11832070,0.11032349,0.09851858,0.05309533
186000,0.15640294,0.15630497,0.15601032,0.15551674,0.15482033,0.15391541,0.15279423,0.15144649,0.14985886,0.14801399,0.14588933,0.14345518,0.14067168,0.13748399,0.13381382,0.12954395,0.12448635,0.11830757,0.11031187,0.09850907,0.05309335
186060,0.15638156,0.15628361,0.15598903,0.15549556,0.15479932,0.15389462,0.15277370,0.15142628,0.14983901,0.14799457,0.14587039,0.14343679,0.14065391,0.13746691,0.13379754,0.12952857,0.12447200,0.11829444,0.11030026,0.09849956,0.05309138
186120,0.15636019,0.15626227,0.15596776,0.15547441,0.15477833,0.15387384,0.15275318,0.15140608,0.14981918,0.14797516,0.14585147,0.14341841,0.14063615,0.13744985,0.13378127,0.12951319,0.12445766,0.11828132,0.11028866,0.09849006,0.05308941
186180,0.15633883,0.15624094,0.15594650,0.15545326,0.15475735,0.15385308,0.15273268,0.15138589,0.14979936,0.14795576,0.14583256,0.14340005,0.14061841,0.13743280,0.13376500,0.12949782,0.12444333,0.11826821,0.11027706,0.09848056,0.05308745
186240,0.15631749,0.15621962,0.15592525,0.15543213,0.15473639,0.15383233,0.15271219,0.15136572,0.14977955,0.14793638,0.14581366,0.14338170,0.14060067,0.13741576,0.13374875,0.12948247,0.12442900,0.11825511,0.11026547,0.09847107,0.05308548
186300,0.15629617,0.15619831,0.15590402,0.15541102,0.15471543,0.15381159,0.15269172,0.15134556,0.14975976,0.14791701,0.14579477,0.14336335,0.14058295,0.13739873,0.13373251,0.12946712,0.12441469,0.11824201,0.11025389,0.09846159,0.05308352
186360,0.15627485,0.15617702,0.15588280,0.15538991,0.15469450,0.15379086,0.15267125,0.15132541,0.14973998,0.14789765,0.14577589,0.14334502,0.14056523,0.13738172,0.13371627,0.12945178,0.12440038,0.11822893,0.11024232,0.09845211,0.05308156
186420,0.15625355,0.15615575,0.15586159,0.15536882,0.15467357,0.15377015,0.15265080,0.15130527,0.14972021,0.14787830,0.14575703,0.14332671,0.14054753,0.13736471,0.13370005,0.12943645,0.12438608,0.11821585,0.11023075,0.09844263,0.05307960
186480,0.15623227,0.15613449,0.15584040,0.15534775,0.15465266,0.15374945,0.15263037,0.15128515,0.14970045,0.14785897,0.14573818,0.14330840,0.14052984,0.13734771,0.13368384,0.12942113,0.12437179,0.11820278,0.11021919,0.09843316,0.05307764
186540,0.15621099,0.15611324,0.15581922,0.15532669,0.15463176,0.15372877,0.15260994,0.15126504,0.14968071,0.14783965,0.14571933,0.14329010,0.14051216,0.13733072,0.13366763,0.12940582,0.12435751,0.11818971,0.11020763,0.09842370,0.05307568
186600,0.15618973,0.15609200,0.15579805,0.15530563,0.15461087,0.15370809,0.15258953,0.15124494,0.14966098,0.14782034,0.14570050,0.14327182,0.14049449,0.13731374,0.13365144,0.12939051,0.12434324,0.11817666,0.11019608,0.09841424,0.05307373
186660,0.15616849,0.15607077,0.15577690,0.15528460,0.15459000,0.15368743,0.15256913,0.15122485,0.14964125,0.14780104,0.14568169,0.14325354,0.14047683,0.13729678,0.13363526,0.12937522,0.12432897,0.11816361,0.11018454,0.09840479,0.05307178
186720,0.15614725,0.15604956,0.15575576,0.15526357,0.15456914,0.15366678,0.15254875,0.15120478,0.14962155,0.14778175,0.14566288,0.14323528,0.14045918,0.13727982,0.13361908,0.12935994,0.12431472,0.11815057,0.11017301,0.09839534,0.05306983
186780,0.15612603,0.15602837,0.15573463,0.15524256,0.15454829,0.15364615,0.15252837,0.15118472,0.14960185,0.14776248,0.14564408,0.14321703,0.14044154,0.13726287,0.13360292,0.12934466,0.12430047,0.11813753,0.11016148,0.09838590,0.05306788
186840,0.15610483,0.15600718,0.15571352,0.15522156,0.15452746,0.15362553,0.15250801,0.15116467,0.14958217,0.14774321,0.14562530,0.14319879,0.14042392,0.13724594,0.13358676,0.12932940,0.12428623,0.11812451,0.11014996,0.09837646,0.05306593
186900,0.15608363,0.15598601,0.15569242,0.15520058,0.15450664,0.15360492,0.15248766,0.15114463,0.14956250,0.14772396,0.14560653,0.14318056,0.14040630,0.13722901,0.13357062,0.12931414,0.12427200,0.11811149,0.11013844,0.09836703,0.05306399
186960,0.15606245,0.15596486,0.15567133,0.15517961,0.15448583,0.15358432,0.15246733,0.15112461,0.14954284,0.14770472,0.14558777,0.14316234,0.14038869,0.13721210,0.13355448,0.12929889,0.12425778,0.11809848,0.11012693,0.09835760,0.05306205
187020,0.15604129,0.15594371,0.15565025,0.15515865,0.15446504,0.15356374,0.15244701,0.15110460,0.14952319,0.14768550,0.14556902,0.14314414,0.14037110,0.13719519,0.13353836,0.12928366,0.12424356,0.11808548,0.11011543,0.09834818,0.05306011
187080,0.15602013,0.15592258,0.15562919,0.15513771,0.15444426,0.15354317,0.15242670,0.15108460,0.14950356,0.14766628,0.14555029,0.14312594,0.14035352,0.13717830,0.13352224,0.12926843,0.12422936,0.11807248,0.11010394,0.09833877,0.05305817
187140,0.15599900,0.15590147,0.15560815,0.15511678,0.15442349,0.15352261,0.15240640,0.15106462,0.14948393,0.14764708,0.14553156,0.14310776,0.14033594,0.13716141,0.13350614,0.12925321,0.12421516,0.11805949,0.11009245,0.09832936,0.05305624
187200,0.15597787,0.15588037,0.15558711,0.15509586,0.15440273,0.15350207,0.15238612,0.15104464,0.14946432,0.14762789,0.14551285,0.14308959,0.14031838,0.13714454,0.13349004,0.12923800,0.12420097,0.11804651,0.11008097,0.09831995,0.05305430
187260,0.15595676,0.15585928,0.15556609,0.15507496,0.15438199,0.15348154,0.15236585,0.15102468,0.14944473,0.14760871,0.14549415,0.14307143,0.14030083,0.13712768,0.13347396,0.12922280,0.12418680,0.11803354,0.11006950,0.09831055,0.05305237
187320,0.15593566,0.15583820,0.15554509,0.15505407,0.15436127,0.15346102,0.15234559,0.15100474,0.14942515,0.14758955,0.14547546,0.14305328,0.14028329,0.13711083,0.13345788,0.12920761,0.12417263,0.11802058,0.11005803,0.09830116,0.05305044
187380,0.15591458,0.15581714,0.15552410,0.15503319,0.15434055,0.15344052,0.15232535,0.15098480,0.14940557,0.14757039,0.14545678,0.14303514,0.14026576,0.13709399,0.13344181,0.12919243,0.12415846,0.11800763,0.11004657,0.09829177,0.05304851
187440,0.15589350,0.15579609,0.15550312,0.15501232,0.15431985,0.15342003,0.15230511,0.15096488,0.14938601,0.14755125,0.14543812,0.14301701,0.14024825,0.13707715,0.13342576,0.12917725,0.12414431,0.11799468,0.11003512,0.09828239,0.05304659
187500,0.15587244,0.15577505,0.15548215,0.15499147,0.15429916,0.15339955,0.15228489,0.15094497,0.14936646,0.14753212,0.14541946,0.14299890,0.14023074,0.13706033,0.13340971,0.12916209,0.12413016,0.11798174,0.11002367,0.09827301,0.05304466
187560,0.15585140,0.15575403,0.15546119,0.15497063,0.15427848,0.15337908,0.15226468,0.15092507,0.14934693,0.14751300,0.14540082,0.14298079,0.14021324,0.13704352,0.13339367,0.12914694,0.12411603,0.11796880,0.11001223,0.09826364,0.05304274
187620,0.15583036,0.15573302,0.15544025,0.15494981,0.15425782,0.15335862,0.15224449,0.15090518,0.14932740,0.14749389,0.14538218,0.14296270,0.14019575,0.13702672,0.13337765,0.12913179,0.12410190,0.11795588,0.11000079,0.09825427,0.05304082
187680,0.15580934,0.15571202,0.15541932,0.15492899,0.15423716,0.15333818,0.15222431,0.15088531,0.14930789,0.14747479,0.14536356,0.14294462,0.14017828,0.13700993,0.13336163,0.12911665,0.12408778,0.11794296,0.10998937,0.09824491,0.05303890
187740,0.15578833,0.15569104,0.15539841,0.15490819,0.15421653,0.15331775,0.15220413,0.15086545,0.14928839,0.14745571,0.14534495,0.14292654,0.14016081,0.13699314,0.13334562,0.12910152,0.12407367,0.11793005,0.10997794,0.09823555,0.05303698
187800,0.15576734,0.15567007,0.15537750,0.15488740,0.15419590,0.15329734,0.15218398,0.15084560,0.14926890,0.14743664,0.14532635,0.14290848,0.14014336,0.13697637,0.13332962,0.12908640,0.12405956,0.11791714,0.10996653,0.09822620,0.05303507
187860,0.15574636,0.15564911,0.15535661,0.15486663,0.15417529,0.15327693,0.15216383,0.15082576,0.14924942,0.14741758,0.14530777,0.14289043,0.14012591,0.13695961,0.13331363,0.12907129,0.12404547,0.11790425,0.10995512,0.09821686,0.05303316
187920,0.15572539,0.15562816,0.15533574,0.15484587,0.15415469,0.15325654,0.15214370,0.15080594,0.14922996,0.14739853,0.14528919,0.14287239,0.14010848,0.13694286,0.13329765,0.12905619,0.12403138,0.11789136,0.10994372,0.09820751,0.05303125
187980,0.15570443,0.15560723,0.15531487,0.15482512,0.15413410,0.15323616,0.15212358,0.15078612,0.14921051,0.14737949,0.14527063,0.14285436,0.14009105,0.13692612,0.13328168,0.12904110,0.12401730,0.11787848,0.10993232,0.09819818,0.05302934
188040,0.15568349,0.15558631,0.15529402,0.15480438,0.15411352,0.15321580,0.15210347,0.15076632,0.14919107,0.14736046,0.14525207,0.14283635,0.14007364,0.13690939,0.13326572,0.12902602,0.12400323,0.11786560,0.10992094,0.09818885,0.05302743
188100,0.15566256,0.15556540,0.15527318,0.15478366,0.15409296,0.15319544,0.15208337,0.15074653,0.14917164,0.14734145,0.14523353,0.14281834,0.14005624,0.13689266,0.13324977,0.12901094,0.12398917,0.11785274,0.10990955,0.09817952,0.05302552
188160,0.15564164,0.15554451,0.15525236,0.15476294,0.15407241,0.15317510,0.15206329,0.15072676,0.14915222,0.14732244,0.14521500,0.14280034,0.14003885,0.13687595,0.13323383,0.12899588,0.12397511,0.11783988,0.10989818,0.09817020,0.05302362
188220,0.15562074,0.15552363,0.15523154,0.15474225,0.15405187,0.15315477,0.15204321,0.15070699,0.14913281,0.14730345,0.14519648,0.14278236,0.14002146,0.13685925,0.13321789,0.12898082,0.12396106,0.11782703,0.10988681,0.09816089,0.05302172
188280,0.15559985,0.15550276,0.15521074,0.15472156,0.15403135,0.15313446,0.15202316,0.15068724,0.14911342,0.14728447,0.14517797,0.14276438,0.14000409,0.13684256,0.13320197,0.12896577,0.12394703,0.11781418,0.10987545,0.09815158,0.05301982
188340,0.15557897,0.15548190,0.15518996,0.15470089,0.15401084,0.15311415,0.15200311,0.15066750,0.14909404,0.14726551,0.14515948,0.14274642,0.13998673,0.13682588,0.13318606,0.12895073,0.12393300,0.11780135,0.10986409,0.09814227,0.05301792
188400,0.15555811,0.15546106,0.15516918,0.15468023,0.15399034,0.15309386,0.15198307,0.15064777,0.14907467,0.14724655,0.14514099,0.14272847,0.13996938,0.13680921,0.13317015,0.12893570,0.12391898,0.11778852,0.10985274,0.09813298,0.05301603
188460,0.15553726,0.15544023,0.15514842,0.15465958,0.15396985,0.15307358,0.15196305,0.15062805,0.14905531,0.14722760,0.14512252,0.14271053,0.13995204,0.13679255,0.13315426,0.12892068,0.12390496,0.11777570,0.10984140,0.09812368,0.05301413
188520,0.15551642,0.15541942,0.15512767,0.15463895,0.15394938,0.15305332,0.15194304,0.15060835,0.14903597,0.14720867,0.14510405,0.14269260,0.13993471,0.13677589,0.13313838,0.12890567,0.12389096,0.11776289,0.10983006,0.09811439,0.05301224
188580,0.15549559,0.15539861,0.15510694,0.15461833,0.15392892,0.15303306,0.15192304,0.15058866,0.14901663,0.14718975,0.14508560,0.14267468,0.13991740,0.13675925,0.13312250,0.12889067,0.12387696,0.11775008,0.10981873,0.09810511,0.05301035
188640,0.15547478,0.15537782,0.15508622,0.15459772,0.15390847,0.15301282,0.15190306,0.15056898,0.14899731,0.14717084,0.14506716,0.14265677,0.13990009,0.13674262,0.13310663,0.12887567,0.12386297,0.11773728,0.10980741,0.09809583,0.05300846
188700,0.15545398,0.15535704,0.15506551,0.15457712,0.15388803,0.15299259,0.15188309,0.15054931,0.14897800,0.14715194,0.14504873,0.14263887,0.13988279,0.13672600,0.13309078,0.12886069,0.12384899,0.11772449,0.10979609,0.09808656,0.05300658
188760,0.15543319,0.15533628,0.15504481,0.15455654,0.15386761,0.15297238,0.15186313,0.15052966,0.14895870,0.14713305,0.14503031,0.14262099,0.13986550,0.13670939,0.13307493,0.12884571,0.12383502,0.11771171,0.10978478,0.09807729,0.05300469
188820,0.15541242,0.15531553,0.15502413,0.15453597,0.15384720,0.15295218,0.15184318,0.15051002,0.14893942,0.14711418,0.14501191,0.14260311,0.13984823,0.13669279,0.13305910,0.12883074,0.12382106,0.11769893,0.10977348,0.09806803,0.05300281
188880,0.15539165,0.15529479,0.15500346,0.15451541,0.15382680,0.15293199,0.15182324,0.15049038,0.14892014,0.14709531,0.14499351,0.14258525,0.13983096,0.13667620,0.13304327,0.12881579,0.12380710,0.11768616,0.10976218,0.09805877,0.05300093
188940,0.15537091,0.15527406,0.15498280,0.15449487,0.15380642,0.15291181,0.15180332,0.15047077,0.14890088,0.14707646,0.14497513,0.14256739,0.13981371,0.13665962,0.13302745,0.12880084,0.12379316,0.11767340,0.10975089,0.09804952,0.05299905
189000,0.15535017,0.15525335,0.15496216,0.15447434,0.15378605,0.15289164,0.15178341,0.15045116,0.14888163,0.14705762,0.14495676,0.14254955,0.13979646,0.13664305,0.13301164,0.12878590,0.12377922,0.11766065,0.10973961,0.09804027,0.05299717
189060,0.15532945,0.15523265,0.15494152,0.15445382,0.15376569,0.15287149,0.15176351,0.15043157,0.14886239,0.14703879,0.14493840,0.14253172,0.13977923,0.13662649,0.13299584,0.12877097,0.12376529,0.11764790,0.10972833,0.09803103,0.05299530
189120,0.15530874,0.15521197,0.15492090,0.15443331,0.15374534,0.15285135,0.15174363,0.15041198,0.14884316,0.14701998,0.14492005,0.14251390,0.13976200,0.13660994,0.13298005,0.12875604,0.12375136,0.11763516,0.10971706,0.09802180,0.05299342
189180,0.15528804,0.15519129,0.15490030,0.15441282,0.15372501,0.15283122,0.15172375,0.15039241,0.14882395,0.14700117,0.14490171,0.14249609,0.13974479,0.13659339,0.13296427,0.12874113,0.12373745,0.11762243,0.10970579,0.09801256,0.05299155
189240,0.15526736,0.15517063,0.15487970,0.15439234,0.15370468,0.15281110,0.15170389,0.15037285,0.14880474,0.14698237,0.14488338,0.14247829,0.13972758,0.13657686,0.13294850,0.12872622,0.12372354,0.11760970,0.10969453,0.09800334,0.05298968
189300,0.15524668,0.15514998,0.15485912,0.15437187,0.15368437,0.15279100,0.15168404,0.15035331,0.14878555,0.14696359,0.14486506,0.14246050,0.13971039,0.13656034,0.13293274,0.12871133,0.12370964,0.11759699,0.10968328,0.09799412,0.05298781
189360,0.15522603,0.15512934,0.15483855,0.15435141,0.15366408,0.15277091,0.15166420,0.15033377,0.14876637,0.14694482,0.14484675,0.14244272,0.13969321,0.13654383,0.13291699,0.12869644,0.12369575,0.11758428,0.10967203,0.09798490,0.05298595
189420,0.15520538,0.15510872,0.15481799,0.15433097,0.15364379,0.15275083,0.15164437,0.15031425,0.14874720,0.14692606,0.14482846,0.14242495,0.13967603,0.13652733,0.13290124,0.12868156,0.12368187,0.11757157,0.10966079,0.09797569,0.05298408
189480,0.15518474,0.15508810,0.15479745,0.15431054,0.15362352,0.15273076,0.15162456,0.15029474,0.14872804,0.14690731,0.14481017,0.14240719,0.13965887,0.13651084,0.13288551,0.12866669,0.12366800,0.11755888,0.10964956,0.09796648,0.05298222
189540,0.15516412,0.15506751,0.15477692,0.15429012,0.15360326,0.15271071,0.15160476,0.15027524,0.14870890,0.14688857,0.14479190,0.14238945,0.13964172,0.13649435,0.13286978,0.12865183,0.12365413,0.11754619,0.10963833,0.09795728,0.05298036
189600,0.15514352,0.15504692,0.15475640,0.15426971,0.15358301,0.15269066,0.15158497,0.15025575,0.14868976,0.14686984,0.14477364,0.14237171,0.13962458,0.13647788,0.13285407,0.12863697,0.12364027,0.11753351,0.10962711,0.09794809,0.05297850
189660,0.15512292,0.15502635,0.15473589,0.15424932,0.15356278,0.15267063,0.15156519,0.15023627,0.14867064,0.14685113,0.14475539,0.14235399,0.13960745,0.13646142,0.13283836,0.12862213,0.12362643,0.11752084,0.10961590,0.09793890,0.05297665
189720,0.15510234,0.15500579,0.15471540,0.15422894,0.15354255,0.15265062,0.15154543,0.15021681,0.14865153,0.14683243,0.14473715,0.14233627,0.13959032,0.13644497,0.13282267,0.12860729,0.12361258,0.11750817,0.10960469,0.09792971,0.05297479
189780,0.15508177,0.15498524,0.15469492,0.15420857,0.15352234,0.15263061,0.15152567,0.15019736,0.14863243,0.14681373,0.14471892,0.14231857,0.13957321,0.13642852,0.13280698,0.12859247,0.12359875,0.11749551,0.10959349,0.09792053,0.05297294
189840,0.15506121,0.15496471,0.15467445,0.15418822,0.15350215,0.15261062,0.15150593,0.15017792,0.14861335,0.14679505,0.14470070,0.14230088,0.13955611,0.13641209,0.13279130,0.12857765,0.12358493,0.11748286,0.10958230,0.09791136,0.05297109
189900,0.15504067,0.15494418,0.15465400,0.15416787,0.15348196,0.15259064,0.15148620,0.15015849,0.14859427,0.14677638,0.14468250,0.14228319,0.13953902,0.13639567,0.13277564,0.12856284,0.12357111,0.11747022,0.10957111,0.09790219,0.05296924
189960,0.15502014,0.15492367,0.15463356,0.15414754,0.15346179,0.15257067,0.15146649,0.15013908,0.14857521,0.14675773,0.14466430,0.14226552,0.13952194,0.13637926,0.13275998,0.12854804,0.12355730,0.11745758,0.10955993,0.09789302,0.05296739
190020,0.15499962,0.15490318,0.15461313,0.15412723,0.15344163,0.15255071,0.15144678,0.15011968,0.14855616,0.14673908,0.14464612,0.14224786,0.13950488,0.13636285,0.13274433,0.12853325,0.12354350,0.11744496,0.10954875,0.09788387,0.05296555
190080,0.15497911,0.15488270,0.15459271,0.15410692,0.15342148,0.15253077,0.15142709,0.15010028,0.14853712,0.14672045,0.14462795,0.14223021,0.13948782,0.13634646,0.13272869,0.12851847,0.12352971,0.11743233,0.10953759,0.09787471,0.05296370
190140,0.15495862,0.15486222,0.15457231,0.15408663,0.15340135,0.15251084,0.15140741,0.15008091,0.14851809,0.14670182,0.14460978,0.14221258,0.13947077,0.13633008,0.13271306,0.12850370,0.12351592,0.11741972,0.10952642,0.09786556,0.05296186
190200,0.15493814,0.15484177,0.15455192,0.15406635,0.15338123,0.15249092,0.15138775,0.15006154,0.14849907,0.14668321,0.14459163,0.14219495,0.13945373,0.13631371,0.13269744,0.12848893,0.12350215,0.11740711,0.10951527,0.09785642,0.05296002
190260,0.15491767,0.15482132,0.15453154,0.15404608,0.15336112,0.15247102,0.15136809,0.15004218,0.14848007,0.14666461,0.14457349,0.14217733,0.13943670,0.13629734,0.13268183,0.12847417,0.12348838,0.11739452,0.10950412,0.09784728,0.05295818
190320,0.15489721,0.15480089,0.15451117,0.15402583,0.15334102,0.15245112,0.15134845,0.15002284,0.14846107,0.14664602,0.14455537,0.14215972,0.13941968,0.13628099,0.13266622,0.12845943,0.12347462,0.11738192,0.10949297,0.09783815,0.05295634
190380,0.15487677,0.15478047,0.15449082,0.15400558,0.15332093,0.15243124,0.15132881,0.15000351,0.14844209,0.14662744,0.14453725,0.14214213,0.13940268,0.13626464,0.13265063,0.12844469,0.12346087,0.11736934,0.10948184,0.09782902,0.05295451
190440,0.15485634,0.15476006,0.15447047,0.15398535,0.15330086,0.15241137,0.15130919,0.14998418,0.14842312,0.14660888,0.14451914,0.14212454,0.13938568,0.13624831,0.13263504,0.12842996,0.12344712,0.11735676,0.10947071,0.09781990,0.05295268
190500,0.15483592,0.15473966,0.15445014,0.15396514,0.15328080,0.15239151,0.15128959,0.14996488,0.14840416,0.14659032,0.14450104,0.14210697,0.13936869,0.13623198,0.13261947,0.12841524,0.12343339,0.11734419,0.10945958,0.09781078,0.05295085
190560,0.15481552,0.15471928,0.15442983,0.15394493,0.15326075,0.15237166,0.15126999,0.14994558,0.14838522,0.14657178,0.14448296,0.14208940,0.13935171,0.13621567,0.13260390,0.12840052,0.12341966,0.11733163,0.10944847,0.09780166,0.05294902
190620,0.15479512,0.15469891,0.15440952,0.15392474,0.15324071,0.15235183,0.15125041,0.14992629,0.14836628,0.14655324,0.14446488,0.14207185,0.13933475,0.13619936,0.13258835,0.12838582,0.12340594,0.11731907,0.10943735,0.09779256,0.05294719
190680,0.15477474,0.15467855,0.15438923,0.15390456,0.15322069,0.15233201,0.15123084,0.14990702,0.14834736,0.14653472,0.14444682,0.14205430,0.13931779,0.13618307,0.13257280,0.12837112,0.12339223,0.11730652,0.10942625,0.09778345,0.05294536
190740,0.15475438,0.15465820,0.15436895,0.15388439,0.15320068,0.15231220,0.15121128,0.14988776,0.14832844,0.14651621,0.14442877,0.14203677,0.13930084,0.13616678,0.13255726,0.12835644,0.12337852,0.11729398,0.10941515,0.09777435,0.05294354
190800,0.15473402,0.15463787,0.15434869,0.15386423,0.15318068,0.15229240,0.15119173,0.14986851,0.14830954,0.14649771,0.14441073,0.14201925,0.13928391,0.13615051,0.13254173,0.12834176,0.12336483,0.11728145,0.10940406,0.09776526,0.05294172
190860,0.15471368,0.15461755,0.15432843,0.15384409,0.15316069,0.15227262,0.15117219,0.14984927,0.14829065,0.14647922,0.14439270,0.14200174,0.13926698,0.13613424,0.13252621,0.12832709,0.12335114,0.11726892,0.10939297,0.09775617,0.05293990
190920,0.15469335,0.15459725,0.15430819,0.15382396,0.15314072,0.15225285,0.15115267,0.14983005,0.14827178,0.14646075,0.14437468,0.14198424,0.13925007,0.13611799,0.13251070,0.12831243,0.12333746,0.11725640,0.10938189,0.09774709,0.05293808
190980,0.15467304,0.15457695,0.15428797,0.15380385,0.15312076,0.15223309,0.15113316,0.14981084,0.14825291,0.14644228,0.14435667,0.14196675,0.13923316,0.13610174,0.13249520,0.12829778,0.12332379,0.11724389,0.10937082,0.09773802,0.05293626
191040,0.15465273,0.15455667,0.15426775,0.15378374,0.15310081,0.15221334,0.15111366,0.14979163,0.14823406,0.14642383,0.14433868,0.14194927,0.13921627,0.13608551,0.13247971,0.12828314,0.12331013,0.11723139,0.10935975,0.09772894,0.05293445
191100,0.15463244,0.15453640,0.15424755,0.15376365,0.15308087,0.15219360,0.15109417,0.14977244,0.14821521,0.14640539,0.14432069,0.14193180,0.13919938,0.13606928,0.13246423,0.12826850,0.12329647,0.11721889,0.10934869,0.09771988,0.05293263
191160,0.15461216,0.15451614,0.15422735,0.15374357,0.15306095,0.15217388,0.15107470,0.14975326,0.14819638,0.14638695,0.14430271,0.14191434,0.13918251,0.13605306,0.13244876,0.12825388,0.12328282,0.11720640,0.10933764,0.09771081,0.05293082
191220,0.15459189,0.15449589,0.15420717,0.15372350,0.15304103,0.15215417,0.15105523,0.14973409,0.14817756,0.14636853,0.14428475,0.14189689,0.13916564,0.13603685,0.13243329,0.12823926,0.12326918,0.11719391,0.10932659,0.09770176,0.05292901
191280,0.15457163,0.15447566,0.15418701,0.15370344,0.15302113,0.15213447,0.15103578,0.14971494,0.14815875,0.14635012,0.14426679,0.14187945,0.13914878,0.13602065,0.13241784,0.12822465,0.12325555,0.11718144,0.10931555,0.09769270,0.05292720
191340,0.15455139,0.15445544,0.15416685,0.15368339,0.15300124,0.15211478,0.15101634,0.14969579,0.14813995,0.14633172,0.14424885,0.14186203,0.13913194,0.13600446,0.13240239,0.12821005,0.12324192,0.11716897,0.10930451,0.09768365,0.05292540
191400,0.15453116,0.15443523,0.15414671,0.15366336,0.15298136,0.15209510,0.15099691,0.14967666,0.14812117,0.14631334,0.14423092,0.14184461,0.13911510,0.13598828,0.13238695,0.12819545,0.12322831,0.11715651,0.10929348,0.09767461,0.05292359
191460,0.15451094,0.15441503,0.15412658,0.15364334,0.15296150,0.15207544,0.15097749,0.14965754,0.14810239,0.14629496,0.14421300,0.14182720,0.13909828,0.13597211,0.13237152,0.12818087,0.12321470,0.11714405,0.10928246,0.09766557,0.05292179
191520,0.15449073,0.15439485,0.15410646,0.15362333,0.15294164,0.15205578,0.15095809,0.14963843,0.14808362,0.14627659,0.14419508,0.14180980,0.13908146,0.13595595,0.13235610,0.12816629,0.12320110,0.11713160,0.10927144,0.09765654,0.05291999
191580,0.15447054,0.15437468,0.15408635,0.15360334,0.15292180,0.15203614,0.15093869,0.14961933,0.14806487,0.14625824,0.14417718,0.14179242,0.13906465,0.13593980,0.13234069,0.12815173,0.12318750,0.11711916,0.10926043,0.09764751,0.05291819
191640,0.15445036,0.15435452,0.15406626,0.15358335,0.15290197,0.15201651,0.15091931,0.14960024,0.14804613,0.14623989,0.14415929,0.14177504,0.13904786,0.13592366,0.13232529,0.12813717,0.12317392,0.11710673,0.10924942,0.09763849,0.05291639
191700,0.15443019,0.15433437,0.15404617,0.15356338,0.15288215,0.15199689,0.15089994,0.14958116,0.14802740,0.14622156,0.14414141,0.14175767,0.13903107,0.13590753,0.13230990,0.12812262,0.12316034,0.11709430,0.10923842,0.09762947,0.05291460
191760,0.15441003,0.15431423,0.15402610,0.15354342,0.15286235,0.15197729,0.15088058,0.14956210,0.14800868,0.14620324,0.14412354,0.14174032,0.13901429,0.13589140,0.13229451,0.12810808,0.12314677,0.11708188,0.10922743,0.09762046,0.05291280
191820,0.15438988,0.15429411,0.15400604,0.15352347,0.15284255,0.15195769,0.15086123,0.14954305,0.14798997,0.14618492,0.14410568,0.14172297,0.13899753,0.13587529,0.13227914,0.12809354,0.12313321,0.11706947,0.10921644,0.09761145,0.05291101
191880,0.15436975,0.15427399,0.15398600,0.15350353,0.15282277,0.15193811,0.15084189,0.14952400,0.14797127,0.14616662,0.14408784,0.14170564,0.13898077,0.13585919,0.13226377,0.12807902,0.12311965,0.11705706,0.10920546,0.09760245,0.05290922
191940,0.15434963,0.15425390,0.15396596,0.15348361,0.15280300,0.15191854,0.15082257,0.14950497,0.14795258,0.14614833,0.14407000,0.14168831,0.13896402,0.13584309,0.13224842,0.12806450,0.12310611,0.11704466,0.10919449,0.09759345,0.05290743
192000,0.15432952,0.15423381,0.15394594,0.15346369,0.15278324,0.15189898,0.15080326,0.14948596,0.14793391,0.14613005,0.14405217,0.14167100,0.13894729,0.13582701,0.13223307,0.12804999,0.12309257,0.11703227,0.10918352,0.09758446,0.05290564
192060,0.15430942,0.15421373,0.15392593,0.15344379,0.15276349,0.15187943,0.15078396,0.14946695,0.14791525,0.14611179,0.14403435,0.14165369,0.13893056,0.13581093,0.13221773,0.12803549,0.12307904,0.11701989,0.10917256,0.09757547,0.05290386
192120,0.15428934,0.15419367,0.15390593,0.15342391,0.15274376,0.15185990,0.15076467,0.14944795,0.14789659,0.14609353,0.14401655,0.14163640,0.13891384,0.13579486,0.13220240,0.12802100,0.12306551,0.11700751,0.10916160,0.09756649,0.05290208
192180,0.15426926,0.15417362,0.15388595,0.15340403,0.15272404,0.15184037,0.15074539,0.14942897,0.14787795,0.14607528,0.14399875,0.14161911,0.13889714,0.13577881,0.13218708,0.12800652,0.12305200,0.11699514,0.10915065,0.09755751,0.05290029
192240,0.15424920,0.15415358,0.15386598,0.15338417,0.15270433,0.15182086,0.15072612,0.14940999,0.14785932,0.14605705,0.14398097,0.14160184,0.13888044,0.13576276,0.13217177,0.12799204,0.12303849,0.11698277,0.10913971,0.09754853,0.05289851
192300,0.15422916,0.15413355,0.15384601,0.15336431,0.15268463,0.15180136,0.15070687,0.14939103,0.14784070,0.14603882,0.14396320,0.14158458,0.13886375,0.13574672,0.13215646,0.12797758,0.12302499,0.11697042,0.10912877,0.09753957,0.05289674
192360,0.15420912,0.15411354,0.15382607,0.15334447,0.15266494,0.15178187,0.15068762,0.14937208,0.14782209,0.14602061,0.14394543,0.14156732,0.13884707,0.13573070,0.13214117,0.12796312,0.12301150,0.11695807,0.10911784,0.09753060,0.05289496
192420,0.15418910,0.15409354,0.15380613,0.15332465,0.15264527,0.15176240,0.15066839,0.14935314,0.14780350,0.14600241,0.14392768,0.14155008,0.13883041,0.13571468,0.13212588,0.12794867,0.12299801,0.11694573,0.10910691,0.09752164,0.05289318
192480,0.15416908,0.15407355,0.15378620,0.15330483,0.15262560,0.15174293,0.15064917,0.14933422,0.14778491,0.14598422,0.14390994,0.14153285,0.13881375,0.13569867,0.13211061,0.12793423,0.12298454,0.11693339,0.10909599,0.09751269,0.05289141
192540,0.15414909,0.15405357,0.15376629,0.15328503,0.15260595,0.15172348,0.15062997,0.14931530,0.14776634,0.14596604,0.14389221,0.14151563,0.13879710,0.13568267,0.13209534,0.12791980,0.12297107,0.11692106,0.10908508,0.09750374,0.05288964
192600,0.15412910,0.15403360,0.15374639,0.15326523,0.15258632,0.15170404,0.15061077,0.14929640,0.14774778,0.14594787,0.14387449,0.14149842,0.13878046,0.13566668,0.13208008,0.12790537,0.12295761,0.11690874,0.10907418,0.09749480,0.05288787
192660,0.15410912,0.15401365,0.15372650,0.15324545,0.15256669,0.15168461,0.15059158,0.14927750,0.14772922,0.14592971,0.14385678,0.14148121,0.13876384,0.13565070,0.13206483,0.12789096,0.12294415,0.11689643,0.10906327,0.09748586,0.05288610
192720,0.15408916,0.15399371,0.15370663,0.15322569,0.15254707,0.15166520,0.15057241,0.14925862,0.14771068,0.14591156,0.14383908,0.14146402,0.13874722,0.13563472,0.13204959,0.12787655,0.12293071,0.11688412,0.10905238,0.09747693,0.05288434
192780,0.15406921,0.15397378,0.15368676,0.15320593,0.15252747,0.15164579,0.15055325,0.14923975,0.14769215,0.14589343,0.14382139,0.14144684,0.13873061,0.13561876,0.13203436,0.12786215,0.12291727,0.11687182,0.10904149,0.09746800,0.05288257
192840,0.15404927,0.15395386,0.15366691,0.15318619,0.15250788,0.15162640,0.15053410,0.14922089,0.14767363,0.14587530,0.14380371,0.14142967,0.13871401,0.13560281,0.13201914,0.12784776,0.12290384,0.11685953,0.10903061,0.09745907,0.05288081
192900,0.15402934,0.15393396,0.15364707,0.15316645,0.15248830,0.15160701,0.15051496,0.14920204,0.14765513,0.14585718,0.14378604,0.14141251,0.13869742,0.13558686,0.13200392,0.12783338,0.12289042,0.11684724,0.10901973,0.09745015,0.05287905
192960,0.15400943,0.15391406,0.15362724,0.15314673,0.15246873,0.15158764,0.15049583,0.14918320,0.14763663,0.14583908,0.14376838,0.14139536,0.13868084,0.13557093,0.13198872,0.12781900,0.12287700,0.11683496,0.10900886,0.09744124,0.05287729
193020,0.15398952,0.15389418,0.15360742,0.15312702,0.15244917,0.15156828,0.15047671,0.14916438,0.14761814,0.14582098,0.14375074,0.14137821,0.13866427,0.13555500,0.13197352,0.12780464,0.12286360,0.11682269,0.10899800,0.09743233,0.05287553
193080,0.15396963,0.15387431,0.15358761,0.15310732,0.15242963,0.15154893,0.15045761,0.14914556,0.14759967,0.14580290,0.14373310,0.14136108,0.13864771,0.13553909,0.13195833,0.12779028,0.12285020,0.11681042,0.10898714,0.09742342,0.05287377
193140,0.15394975,0.15385445,0.15356782,0.15308764,0.15241009,0.15152960,0.15043851,0.14912676,0.14758120,0.14578483,0.14371547,0.14134396,0.13863116,0.13552318,0.13194316,0.12777593,0.12283680,0.11679816,0.10897629,0.09741452,0.05287202
193200,0.15392988,0.15383460,0.15354804,0.15306797,0.15239057,0.15151027,0.15041943,0.14910797,0.14756275,0.14576676,0.14369786,0.14132685,0.13861462,0.13550728,0.13192799,0.12776159,0.12282342,0.11678591,0.10896544,0.09740563,0.05287027
193260,0.15391003,0.15381477,0.15352827,0.15304830,0.15237106,0.15149096,0.15040036,0.14908919,0.14754431,0.14574871,0.14368025,0.14130975,0.13859809,0.13549139,0.13191282,0.12774725,0.12281004,0.11677366,0.10895460,0.09739674,0.05286852
193320,0.15389018,0.15379495,0.15350851,0.15302865,0.15235156,0.15147166,0.15038130,0.14907042,0.14752588,0.14573067,0.14366266,0.14129266,0.13858157,0.13547552,0.13189767,0.12773293,0.12279667,0.11676143,0.10894377,0.09738785,0.05286677
193380,0.15387035,0.15377514,0.15348877,0.15300902,0.15233208,0.15145237,0.15036225,0.14905166,0.14750746,0.14571264,0.14364507,0.14127558,0.13856505,0.13545965,0.13188253,0.12771861,0.12278331,0.11674920,0.10893294,0.09737897,0.05286502
193440,0.15385053,0.15375534,0.15346903,0.15298939,0.15231260,0.15143309,0.15034322,0.14903291,0.14748905,0.14569462,0.14362750,0.14125851,0.13854855,0.13544379,0.13186739,0.12770431,0.12276996,0.11673697,0.10892212,0.09737010,0.05286327
193500,0.15383073,0.15373555,0.15344931,0.15296978,0.15229314,0.15141382,0.15032419,0.14901418,0.14747065,0.14567662,0.14360993,0.14124145,0.13853206,0.13542794,0.13185227,0.12769001,0.12275661,0.11672475,0.10891130,0.09736123,0.05286153
193560,0.15381093,0.15371578,0.15342960,0.15295017,0.15227369,0.15139457,0.15030518,0.14899545,0.14745226,0.14565862,0.14359238,0.14122440,0.13851558,0.13541209,0.13183715,0.12767571,0.12274327,0.11671255,0.10890049,0.09735236,0.05285979
193620,0.15379115,0.15369602,0.15340990,0.15293058,0.15225425,0.15137532,0.15028618,0.14897674,0.14743389,0.14564063,0.14357484,0.14120736,0.13849911,0.13539626,0.13182204,0.12766143,0.12272994,0.11670034,0.10888969,0.09734350,0.05285804
193680,0.15377138,0.15367627,0.15339022,0.15291101,0.15223482,0.15135609,0.15026719,0.14895804,0.14741552,0.14562266,0.14355731,0.14119033,0.13848264,0.13538044,0.13180694,0.12764716,0.12271662,0.11668815,0.10887889,0.09733464,0.05285631
193740,0.15375162,0.15365653,0.15337054,0.15289144,0.15221541,0.15133687,0.15024821,0.14893935,0.14739717,0.14560469,0.14353978,0.14117331,0.13846619,0.13536463,0.13179185,0.12763289,0.12270331,0.11667596,0.10886810,0.09732579,0.05285457
193800,0.15373187,0.15363681,0.15335088,0.15287189,0.15219601,0.15131767,0.15022924,0.14892067,0.14737883,0.14558674,0.14352227,0.14115630,0.13844975,0.13534882,0.13177677,0.12761863,0.12269000,0.11666377,0.10885731,0.09731695,0.05285283
193860,0.15371213,0.15361709,0.15333123,0.15285234,0.15217661,0.15129847,0.15021029,0.14890200,0.14736050,0.14556879,0.14350477,0.14113930,0.13843332,0.13533303,0.13176170,0.12760438,0.12267670,0.11665160,0.10884653,0.09730810,0.05285110
193920,0.15369241,0.15359739,0.15331160,0.15283281,0.15215723,0.15127928,0.15019134,0.14888334,0.14734218,0.14555086,0.14348728,0.14112231,0.13841689,0.13531724,0.13174664,0.12759014,0.12266341,0.11663943,0.10883576,0.09729927,0.05284937
193980,0.15367270,0.15357770,0.15329197,0.15281329,0.15213786,0.15126011,0.15017241,0.14886470,0.14732387,0.14553294,0.14346980,0.14110533,0.13840048,0.13530147,0.13173158,0.12757591,0.12265012,0.11662727,0.10882499,0.09729044,0.05284764
194040,0.15365300,0.15355802,0.15327235,0.15279378,0.15211851,0.15124095,0.15015349,0.14884606,0.14730557,0.14551503,0.14345233,0.14108836,0.13838407,0.13528570,0.13171653,0.12756168,0.12263684,0.11661511,0.10881423,0.09728161,0.05284591
194100,0.15363331,0.15353835,0.15325275,0.15277429,0.15209916,0.15122180,0.15013458,0.14882744,0.14728728,0.14549713,0.14343487,0.14107140,0.13836768,0.13526994,0.13170150,0.12754746,0.12262358,0.11660297,0.10880348,0.09727279,0.05284418
194160,0.15361363,0.15351870,0.15323316,0.15275480,0.15207983,0.15120266,0.15011568,0.14880882,0.14726900,0.14547924,0.14341742,0.14105445,0.13835129,0.13525419,0.13168647,0.12753326,0.12261031,0.11659083,0.10879273,0.09726397,0.05284245
194220,0.15359397,0.15349905,0.15321358,0.15273533,0.15206050,0.15118353,0.15009679,0.14879022,0.14725074,0.14546136,0.14339998,0.14103751,0.13833492,0.13523845,0.13167145,0.12751905,0.12259706,0.11657869,0.10878198,0.09725516,0.05284073
194280,0.15357432,0.15347942,0.15319401,0.15271587,0.15204119,0.15116441,0.15007791,0.14877163,0.14723248,0.14544349,0.14338255,0.14102058,0.13831855,0.13522272,0.13165644,0.12750486,0.12258381,0.11656656,0.10877124,0.09724635,0.05283901
194340,0.15355468,0.15345980,0.15317446,0.15269642,0.15202189,0.15114531,0.15005905,0.14875305,0.14721424,0.14542563,0.14336513,0.14100366,0.13830219,0.13520700,0.13164143,0.12749068,0.12257057,0.11655444,0.10876051,0.09723755,0.05283729
194400,0.15353505,0.15344019,0.15315491,0.15267698,0.15200261,0.15112621,0.15004019,0.14873448,0.14719600,0.14540778,0.14334773,0.14098675,0.13828585,0.13519129,0.13162644,0.12747650,0.12255734,0.11654233,0.10874979,0.09722875,0.05283557
194460,0.15351543,0.15342060,0.15313538,0.15265756,0.15198333,0.15110713,0.15002135,0.14871593,0.14717778,0.14538994,0.14333033,0.14096986,0.13826951,0.13517558,0.13161145,0.12746233,0.12254412,0.11653022,0.10873907,0.09721995,0.05283385
194520,0.15349583,0.15340102,0.15311586,0.15263815,0.15196407,0.15108806,0.15000252,0.14869738,0.14715957,0.14537212,0.14331294,0.14095297,0.13825318,0.13515989,0.13159648,0.12744817,0.12253090,0.11651812,0.10872836,0.09721117,0.05283213
194580,0.15347623,0.15338145,0.15309635,0.15261874,0.15194482,0.15106900,0.14998370,0.14867885,0.14714137,0.14535430,0.14329557,0.14093609,0.13823687,0.13514421,0.13158151,0.12743402,0.12251769,0.11650603,0.10871765,0.09720238,0.05283042
194640,0.15345665,0.15336189,0.15307686,0.15259935,0.15192558,0.15104996,0.14996489,0.14866033,0.14712318,0.14533650,0.14327820,0.14091922,0.13822056,0.13512853,0.13156655,0.12741988,0.12250449,0.11649395,0.10870695,0.09719360,0.05282871
194700,0.15343708,0.15334234,0.15305737,0.15257997,0.15190635,0.15103092,0.14994609,0.14864181,0.14710500,0.14531870,0.14326085,0.14090236,0.13820426,0.13511287,0.13155160,0.12740574,0.12249130,0.11648187,0.10869625,0.09718483,0.05282700
194760,0.15341752,0.15332280,0.15303790,0.15256061,0.15188713,0.15101190,0.14992731,0.14862331,0.14708683,0.14530092,0.14324350,0.14088551,0.13818797,0.13509721,0.13153666,0.12739162,0.12247811,0.11646979,0.10868556,0.09717606,0.05282529
194820,0.15339798,0.15330327,0.15301844,0.15254125,0.15186792,0.15099288,0.14990853,0.14860482,0.14706867,0.14528314,0.14322616,0.14086867,0.13817169,0.13508156,0.13152172,0.12737750,0.12246493,0.11645773,0.10867488,0.09716730,0.05282358
194880,0.15337844,0.15328376,0.15299898,0.15252191,0.15184872,0.15097388,0.14988977,0.14858634,0.14705053,0.14526538,0.14320884,0.14085184,0.13815542,0.13506592,0.13150680,0.12736339,0.12245176,0.11644567,0.10866420,0.09715854,0.05282187
194940,0.15335892,0.15326426,0.15297954,0.15250257,0.15182954,0.15095489,0.14987101,0.14856787,0.14703239,0.14524763,0.14319152,0.14083502,0.13813916,0.13505029,0.13149188,0.12734928,0.12243860,0.11643362,0.10865353,0.09714978,0.05282017
195000,0.15333940,0.15324476,0.15296012,0.15248325,0.15181037,0.15093591,0.14985227,0.14854941,0.14701426,0.14522988,0.14317421,0.14081821,0.13812290,0.13503467,0.13147697,0.12733519,0.12242544,0.11642157,0.10864286,0.09714103,0.05281847
195060,0.15331990,0.15322528,0.15294070,0.15246394,0.15179120,0.15091694,0.14983354,0.14853096,0.14699615,0.14521215,0.14315692,0.14080141,0.13810666,0.13501905,0.13146207,0.12732110,0.12241229,0.11640953,0.10863220,0.09713228,0.05281676
195120,0.15330041,0.15320582,0.15292129,0.15244464,0.15177205,0.15089798,0.14981482,0.14851253,0.14697804,0.14519443,0.14313963,0.14078461,0.13809043,0.13500345,0.13144718,0.12730702,0.12239915,0.11639750,0.10862155,0.09712354,0.05281506
195180,0.15328094,0.15318636,0.15290190,0.15242535,0.15175291,0.15087903,0.14979611,0.14849410,0.14695995,0.14517672,0.14312235,0.14076783,0.13807420,0.13498786,0.13143230,0.12729295,0.12238601,0.11638547,0.10861090,0.09711481,0.05281337
195240,0.15326147,0.15316691,0.15288252,0.15240607,0.15173379,0.15086010,0.14977741,0.14847568,0.14694186,0.14515901,0.14310509,0.14075106,0.13805799,0.13497227,0.13141743,0.12727888,0.12237288,0.11637345,0.10860025,0.09710607,0.05281167
195300,0.15324202,0.15314748,0.15286315,0.15238681,0.15171467,0.15084117,0.14975872,0.14845728,0.14692379,0.14514132,0.14308783,0.14073430,0.13804178,0.13495669,0.13140256,0.12726483,0.12235976,0.11636144,0.10858962,0.09709735,0.05280998
195360,0.15322257,0.15312806,0.15284379,0.15236755,0.15169556,0.15082226,0.14974004,0.14843889,0.14690573,0.14512364,0.14307059,0.14071754,0.13802559,0.13494113,0.13138770,0.12725078,0.12234665,0.11634943,0.10857899,0.09708862,0.05280828
195420,0.15320314,0.15310865,0.15282444,0.15234831,0.15167647,0.15080335,0.14972138,0.14842050,0.14688767,0.14510597,0.14305335,0.14070080,0.13800940,0.13492557,0.13137285,0.12723674,0.12233355,0.11633744,0.10856836,0.09707991,0.05280659
195480,0.15318372,0.15308925,0.15280510,0.15232908,0.15165738,0.15078446,0.14970272,0.14840213,0.14686963,0.14508831,0.14303612,0.14068407,0.13799322,0.13491002,0.13135801,0.12722271,0.12232045,0.11632544,0.10855774,0.09707119,0.05280490
195540,0.15316431,0.15306986,0.15278578,0.15230986,0.15163831,0.15076558,0.14968408,0.14838377,0.14685160,0.14507066,0.14301891,0.14066734,0.13797705,0.13489447,0.13134318,0.12720868,0.12230736,0.11631346,0.10854713,0.09706248,0.05280321
195600,0.15314491,0.15305048,0.15276646,0.15229065,0.15161925,0.15074671,0.14966544,0.14836542,0.14683358,0.14505302,0.14300170,0.14065063,0.13796090,0.13487894,0.13132836,0.12719467,0.12229427,0.11630148,0.10853652,0.09705378,0.05280153
195660,0.15312553,0.15303112,0.15274716,0.15227145,0.15160020,0.15072785,0.14964682,0.14834708,0.14681557,0.14503539,0.14298451,0.14063392,0.13794475,0.13486342,0.13131354,0.12718066,0.12228120,0.11628950,0.10852591,0.09704508,0.05279984
195720,0.15310615,0.15301176,0.15272787,0.15225227,0.15158116,0.15070901,0.14962821,0.14832875,0.14679757,0.14501777,0.14296732,0.14061723,0.13792861,0.13484790,0.13129873,0.12716666,0.12226813,0.11627754,0.10851532,0.09703639,0.05279816
195780,0.15308679,0.15299242,0.15270859,0.15223309,0.15156214,0.15069017,0.14960961,0.14831043,0.14677958,0.14500016,0.14295014,0.14060054,0.13791247,0.13483240,0.13128394,0.12715267,0.12225507,0.11626558,0.10850473,0.09702770,0.05279648
195840,0.15306744,0.15297309,0.15268932,0.15221393,0.15154312,0.15067135,0.14959102,0.14829212,0.14676160,0.14498256,0.14293298,0.14058387,0.13789635,0.13481690,0.13126915,0.12713868,0.12224201,0.11625363,0.10849414,0.09701901,0.05279480
195900,0.15304810,0.15295377,0.15267007,0.15219478,0.15152412,0.15065253,0.14957244,0.14827382,0.14674364,0.14496497,0.14291582,0.14056720,0.13788024,0.13480141,0.13125437,0.12712471,0.12222897,0.11624168,0.10848356,0.09701033,0.05279312
195960,0.15302877,0.15293446,0.15265082,0.15217564,0.15150512,0.15063373,0.14955388,0.14825554,0.14672568,0.14494739,0.14289868,0.14055055,0.13786414,0.13478594,0.13123959,0.12711074,0.12221593,0.11622974,0.10847299,0.09700165,0.05279144
196020,0.15300945,0.15291517,0.15263159,0.15215651,0.15148614,0.15061494,0.14953532,0.14823726,0.14670773,0.14492982,0.14288154,0.14053390,0.13784805,0.13477047,0.13122483,0.12709678,0.12220290,0.11621781,0.10846242,0.09699298,0.05278976
196080,0.15299015,0.15289588,0.15261237,0.15213739,0.15146717,0.15059616,0.14951677,0.14821900,0.14668980,0.14491227,0.14286441,0.14051727,0.13783196,0.13475501,0.13121007,0.12708282,0.12218987,0.11620588,0.10845186,0.09698432,0.05278809
196140,0.15297085,0.15287661,0.15259316,0.15211829,0.15144821,0.15057739,0.14949824,0.14820074,0.14667187,0.14489472,0.14284730,0.14050064,0.13781589,0.13473955,0.13119532,0.12706888,0.12217685,0.11619396,0.10844131,0.09697566,0.05278642
196200,0.15295157,0.15285735,0.15257396,0.15209919,0.15142927,0.15055863,0.14947972,0.14818250,0.14665395,0.14487718,0.14283019,0.14048402,0.13779982,0.13472411,0.13118059,0.12705494,0.12216384,0.11618205,0.10843076,0.09696700,0.05278475
196260,0.15293230,0.15283810,0.15255477,0.15208011,0.15141033,0.15053989,0.14946120,0.14816427,0.14663605,0.14485966,0.14281310,0.14046741,0.13778377,0.13470868,0.13116586,0.12704102,0.12215084,0.11617015,0.10842021,0.09695835,0.05278308
196320,0.15291304,0.15281886,0.15253559,0.15206104,0.15139140,0.15052115,0.14944270,0.14814605,0.14661816,0.14484214,0.14279601,0.14045082,0.13776772,0.13469325,0.13115113,0.12702710,0.12213785,0.11615825,0.10840967,0.09694970,0.05278141
196380,0.15289379,0.15279963,0.15251643,0.15204198,0.15137249,0.15050243,0.14942421,0.14812784,0.14660027,0.14482463,0.14277894,0.14043423,0.13775168,0.13467784,0.13113642,0.12701318,0.12212486,0.11614635,0.10839914,0.09694106,0.05277974
196440,0.15287455,0.15278042,0.15249727,0.15202292,0.15135358,0.15048371,0.14940573,0.14810964,0.14658240,0.14480714,0.14276187,0.14041765,0.13773565,0.13466243,0.13112171,0.12699928,0.12211188,0.11613447,0.10838861,0.09693242,0.05277808
196500,0.15285533,0.15276121,0.15247813,0.15200389,0.15133469,0.15046501,0.14938726,0.14809145,0.14656454,0.14478965,0.14274481,0.14040108,0.13771963,0.13464703,0.13110702,0.12698538,0.12209890,0.11612259,0.10837809,0.09692378,0.05277642
196560,0.15283611,0.15274202,0.15245900,0.15198486,0.15131581,0.15044632,0.14936880,0.14807327,0.14654668,0.14477217,0.14272777,0.14038452,0.13770362,0.13463164,0.13109233,0.12697149,0.12208594,0.11611071,0.10836758,0.09691515,0.05277476
196620,0.15281691,0.15272283,0.15243988,0.15196584,0.15129694,0.15042763,0.14935036,0.14805510,0.14652884,0.14475471,0.14271073,0.14036797,0.13768762,0.13461626,0.13107765,0.12695761,0.12207298,0.11609885,0.10835707,0.09690653,0.05277310
196680,0.15279772,0.15270366,0.15242077,0.15194683,0.15127808,0.15040896,0.14933192,0.14803694,0.14651101,0.14473725,0.14269370,0.14035143,0.13767163,0.13460088,0.13106297,0.12694373,0.12206003,0.11608699,0.10834656,0.09689791,0.05277144
196740,0.15277854,0.15268450,0.15240167,0.15192784,0.15125923,0.15039030,0.14931349,0.14801879,0.14649319,0.14471981,0.14267668,0.14033490,0.13765565,0.13458552,0.13104831,0.12692987,0.12204708,0.11607513,0.10833606,0.09688929,0.05276978
196800,0.15275937,0.15266535,0.15238258,0.15190886,0.15124039,0.15037166,0.14929508,0.14800065,0.14647538,0.14470237,0.14265968,0.14031837,0.13763967,0.13457016,0.13103366,0.12691601,0.12203414,0.11606329,0.10832557,0.09688068,0.05276813
196860,0.15274021,0.15264621,0.15236351,0.15188988,0.15122157,0.15035302,0.14927667,0.14798253,0.14645757,0.14468494,0.14264268,0.14030186,0.13762371,0.13455482,0.13101901,0.12690216,0.12202121,0.11605145,0.10831508,0.09687207,0.05276647
196920,0.15272106,0.15262709,0.15234444,0.15187092,0.15120275,0.15033439,0.14925828,0.14796441,0.14643978,0.14466753,0.14262569,0.14028536,0.13760775,0.13453948,0.13100437,0.12688831,0.12200829,0.11603961,0.10830460,0.09686347,0.05276482
196980,0.15270192,0.15260797,0.15232539,0.15185197,0.15118395,0.15031578,0.14923989,0.14794631,0.14642200,0.14465012,0.14260871,0.14026887,0.13759181,0.13452415,0.13098974,0.12687448,0.12199537,0.11602779,0.10829413,0.09685487,0.05276317
197040,0.15268280,0.15258887,0.15230635,0.15183303,0.15116515,0.15029717,0.14922152,0.14792821,0.14640423,0.14463273,0.14259175,0.14025238,0.13757587,0.13450883,0.13097512,0.12686065,0.12198247,0.11601596,0.10828366,0.09684628,0.05276152
197100,0.15266369,0.15256977,0.15228731,0.15181411,0.15114637,0.15027858,0.14920316,0.14791013,0.14638648,0.14461534,0.14257479,0.14023591,0.13755994,0.13449352,0.13096050,0.12684683,0.12196956,0.11600415,0.10827319,0.09683769,0.05275987
197160,0.15264459,0.15255069,0.15226830,0.15179519,0.15112760,0.15025999,0.14918481,0.14789205,0.14636873,0.14459797,0.14255784,0.14021945,0.13754402,0.13447822,0.13094590,0.12683302,0.12195667,0.11599234,0.10826274,0.09682911,0.05275823
197220,0.15262549,0.15253162,0.15224929,0.15177629,0.15110884,0.15024142,0.14916647,0.14787399,0.14635099,0.14458061,0.14254090,0.14020299,0.13752811,0.13446292,0.13093130,0.12681922,0.12194378,0.11598054,0.10825228,0.09682053,0.05275659
197280,0.15260642,0.15251257,0.15223029,0.15175739,0.15109009,0.15022286,0.14914814,0.14785594,0.14633326,0.14456325,0.14252398,0.14018655,0.13751221,0.13444764,0.13091671,0.12680542,0.12193090,0.11596875,0.10824184,0.09681196,0.05275494
197340,0.15258735,0.15249352,0.15221130,0.15173851,0.15107136,0.15020431,0.14912982,0.14783790,0.14631554,0.14454591,0.14250706,0.14017011,0.13749632,0.13443236,0.13090213,0.12679164,0.12191803,0.11595696,0.10823139,0.09680339,0.05275330
197400,0.15256829,0.15247448,0.15219233,0.15171964,0.15105263,0.15018577,0.14911152,0.14781987,0.14629784,0.14452857,0.14249015,0.14015368,0.13748044,0.13441709,0.13088756,0.12677786,0.12190517,0.11594518,0.10822096,0.09679482,0.05275166
197460,0.15254925,0.15245546,0.15217337,0.15170078,0.15103391,0.15016725,0.14909322,0.14780185,0.14628014,0.14451125,0.14247325,0.14013727,0.13746457,0.13440184,0.13087299,0.12676408,0.12189231,0.11593340,0.10821053,0.09678626,0.05275002
197520,0.15253021,0.15243644,0.15215442,0.15168193,0.15101521,0.15014873,0.14907493,0.14778384,0.14626245,0.14449394,0.14245636,0.14012086,0.13744871,0.13438659,0.13085844,0.12675032,0.12187946,0.11592164,0.10820011,0.09677771,0.05274839
197580,0.15251119,0.15241744,0.15213548,0.15166309,0.15099652,0.15013022,0.14905666,0.14776584,0.14624478,0.14447663,0.14243948,0.14010446,0.13743285,0.13437135,0.13084389,0.12673656,0.12186662,0.11590987,0.10818969,0.09676916,0.05274675
197640,0.15249218,0.15239845,0.15211655,0.15164426,0.15097783,0.15011173,0.14903839,0.14774785,0.14622711,0.14445934,0.14242261,0.14008807,0.13741701,0.13435611,0.13082935,0.12672281,0.12185378,0.11589812,0.10817928,0.09676061,0.05274512
197700,0.15247318,0.15237947,0.15209763,0.15162545,0.15095916,0.15009324,0.14902014,0.14772987,0.14620946,0.14444205,0.14240575,0.14007170,0.13740117,0.13434089,0.13081482,0.12670907,0.12184095,0.11588637,0.10816887,0.09675207,0.05274349
197760,0.15245419,0.15236050,0.15207872,0.15160664,0.15094050,0.15007477,0.14900190,0.14771191,0.14619181,0.14442478,0.14238890,0.14005533,0.13738534,0.13432567,0.13080030,0.12669534,0.12182813,0.11587463,0.10815847,0.09674353,0.05274186
197820,0.15243521,0.15234154,0.15205982,0.15158785,0.15092185,0.15005631,0.14898366,0.14769395,0.14617418,0.14440752,0.14237206,0.14003897,0.13736953,0.13431047,0.13078578,0.12668161,0.12181532,0.11586289,0.10814807,0.09673500,0.05274023
197880,0.15241624,0.15232260,0.15204094,0.15156907,0.15090321,0.15003786,0.14896544,0.14767600,0.14615655,0.14439026,0.14235523,0.14002262,0.13735372,0.13429527,0.13077128,0.12666790,0.12180251,0.11585116,0.10813768,0.09672647,0.05273860
197940,0.15239729,0.15230366,0.15202206,0.15155029,0.15088459,0.15001941,0.14894723,0.14765807,0.14613894,0.14437302,0.14233841,0.14000627,0.13733792,0.13428008,0.13075678,0.12665418,0.12178971,0.11583944,0.10812730,0.09671794,0.05273698
198000,0.15237834,0.15228474,0.15200320,0.15153153,0.15086597,0.15000098,0.14892903,0.14764014,0.14612133,0.14435579,0.14232160,0.13998994,0.13732213,0.13426490,0.13074229,0.12664048,0.12177691,0.11582772,0.10811692,0.09670943,0.05273535
198060,0.15235941,0.15226583,0.15198435,0.15151279,0.15084736,0.14998257,0.14891084,0.14762223,0.14610374,0.14433856,0.14230480,0.13997362,0.13730635,0.13424973,0.13072781,0.12662679,0.12176413,0.11581602,0.10810655,0.09670091,0.05273373
198120,0.15234049,0.15224693,0.15196551,0.15149405,0.15082877,0.14996416,0.14889266,0.14760432,0.14608616,0.14432135,0.14228801,0.13995731,0.13729057,0.13423457,0.13071334,0.12661310,0.12175135,0.11580431,0.10809618,0.09669240,0.05273211
198180,0.15232158,0.15222804,0.15194668,0.15147532,0.15081019,0.14994576,0.14887450,0.14758643,0.14606858,0.14430415,0.14227123,0.13994101,0.13727481,0.13421941,0.13069887,0.12659942,0.12173858,0.11579262,0.10808582,0.09668390,0.05273049
198240,0.15230268,0.15220916,0.15192786,0.15145660,0.15079161,0.14992737,0.14885634,0.14756855,0.14605102,0.14428696,0.14225446,0.13992471,0.13725906,0.13420427,0.13068442,0.12658575,0.12172582,0.11578093,0.10807546,0.09667540,0.05272887
198300,0.15228379,0.15219029,0.15190905,0.15143790,0.15077305,0.14990900,0.14883819,0.14755067,0.14603347,0.14426977,0.14223770,0.13990843,0.13724331,0.13418913,0.13066997,0.12657209,0.12171306,0.11576924,0.10806511,0.09666690,0.05272726
198360,0.15226491,0.15217143,0.15189026,0.15141920,0.15075450,0.14989063,0.14882005,0.14753281,0.14601592,0.14425260,0.14222094,0.13989215,0.13722757,0.13417400,0.13065553,0.12655843,0.12170031,0.11575756,0.10805477,0.09665841,0.05272564
198420,0.15224605,0.15215258,0.15187147,0.15140052,0.15073596,0.14987228,0.14880193,0.14751496,0.14599839,0.14423543,0.14220420,0.13987589,0.13721185,0.13415888,0.13064110,0.12654478,0.12168756,0.11574589,0.10804443,0.09664992,0.05272403
198480,0.15222719,0.15213375,0.15185270,0.15138185,0.15071743,0.14985393,0.14878381,0.14749711,0.14598087,0.14421828,0.14218747,0.13985963,0.13719613,0.13414377,0.13062667,0.12653114,0.12167483,0.11573423,0.10803410,0.09664144,0.05272242
198540,0.15220834,0.15211492,0.15183393,0.15136318,0.15069891,0.14983560,0.14876571,0.14747928,0.14596336,0.14420113,0.14217074,0.13984338,0.13718042,0.13412867,0.13061226,0.12651751,0.12166210,0.11572257,0.10802377,0.09663296,0.05272081
198600,0.15218951,0.15209611,0.15181518,0.15134453,0.15068040,0.14981727,0.14874761,0.14746146,0.14594585,0.14418400,0.14215403,0.13982714,0.13716472,0.13411357,0.13059785,0.12650388,0.12164937,0.11571092,0.10801345,0.09662448,0.05271920
198660,0.15217068,0.15207730,0.15179643,0.15132589,0.15066190,0.14979896,0.14872953,0.14744364,0.14592836,0.14416687,0.14213732,0.13981091,0.13714902,0.13409849,0.13058345,0.12649026,0.12163666,0.11569927,0.10800313,0.09661601,0.05271759
198720,0.15215187,0.15205851,0.15177770,0.15130726,0.15064341,0.14978066,0.14871145,0.14742584,0.14591088,0.14414976,0.14212063,0.13979469,0.13713334,0.13408341,0.13056905,0.12647665,0.12162395,0.11568763,0.10799282,0.09660755,0.05271598
198780,0.15213307,0.15203973,0.15175898,0.15128864,0.15062494,0.14976236,0.14869339,0.14740805,0.14589340,0.14413265,0.14210394,0.13977848,0.13711767,0.13406834,0.13055467,0.12646305,0.12161125,0.11567600,0.10798251,0.09659909,0.05271438
198840,0.15211428,0.15202096,0.15174027,0.15127003,0.15060647,0.14974408,0.14867533,0.14739027,0.14587594,0.14411556,0.14208726,0.13976228,0.13710200,0.13405328,0.13054029,0.12644945,0.12159855,0.11566437,0.10797221,0.09659063,0.05271278
198900,0.15209550,0.15200220,0.15172157,0.15125143,0.15058802,0.14972581,0.14865729,0.14737250,0.14585849,0.14409847,0.14207060,0.13974609,0.13708634,0.13403823,0.13052593,0.12643586,0.12158587,0.11565275,0.10796192,0.09658218,0.05271118
198960,0.15207673,0.15198345,0.15170288,0.15123284,0.15056957,0.14970755,0.14863926,0.14735474,0.14584104,0.14408139,0.14205394,0.13972990,0.13707069,0.13402318,0.13051156,0.12642228,0.12157319,0.11564114,0.10795163,0.09657373,0.05270958
199020,0.15205797,0.15196471,0.15168420,0.15121427,0.15055114,0.14968930,0.14862123,0.14733699,0.14582361,0.14406433,0.14203729,0.13971373,0.13705506,0.13400815,0.13049721,0.12640871,0.12156051,0.11562953,0.10794134,0.09656529,0.05270798
199080,0.15203922,0.15194598,0.15166554,0.15119570,0.15053271,0.14967106,0.14860322,0.14731924,0.14580619,0.14404727,0.14202065,0.13969756,0.13703942,0.13399312,0.13048287,0.12639514,0.12154784,0.11561793,0.10793106,0.09655685,0.05270638
199140,0.15202048,0.15192726,0.15164688,0.15117715,0.15051430,0.14965283,0.14858522,0.14730151,0.14578877,0.14403022,0.14200402,0.13968141,0.13702380,0.13397810,0.13046853,0.12638158,0.12153518,0.11560633,0.10792079,0.09654841,0.05270478
199200,0.15200176,0.15190856,0.15162823,0.15115860,0.15049590,0.14963461,0.14856723,0.14728379,0.14577137,0.14401319,0.14198740,0.13966526,0.13700819,0.13396309,0.13045420,0.12636803,0.12152253,0.11559474,0.10791052,0.09653998,0.05270319
199260,0.15198304,0.15188986,0.15160960,0.15114007,0.15047750,0.14961640,0.14854924,0.14726608,0.14575398,0.14399616,0.14197079,0.13964912,0.13699259,0.13394809,0.13043988,0.12635449,0.12150989,0.11558316,0.10790026,0.09653156,0.05270160
199320,0.15196434,0.15187118,0.15159098,0.15112154,0.15045912,0.14959821,0.14853127,0.14724838,0.14573659,0.14397914,0.14195419,0.13963299,0.13697699,0.13393310,0.13042557,0.12634095,0.12149725,0.11557158,0.10789000,0.09652314,0.05270001
199380,0.15194564,0.15185250,0.15157236,0.15110303,0.15044075,0.14958002,0.14851331,0.14723069,0.14571922,0.14396213,0.14193760,0.13961687,0.13696140,0.13391811,0.13041127,0.12632742,0.12148461,0.11556001,0.10787975,0.09651472,0.05269842
199440,0.15192696,0.15183384,0.15155376,0.15108453,0.15042239,0.14956184,0.14849536,0.14721301,0.14570186,0.14394513,0.14192102,0.13960076,0.13694583,0.13390313,0.13039697,0.12631390,0.12147199,0.11554845,0.10786951,0.09650631,0.05269683
199500,0.15190829,0.15181519,0.15153517,0.15106604,0.15040404,0.14954368,0.14847742,0.14719534,0.14568450,0.14392814,0.14190444,0.13958466,0.13693026,0.13388817,0.13038268,0.12630039,0.12145937,0.11553689,0.10785927,0.09649790,0.05269524
199560,0.15188963,0.15179655,0.15151659,0.15104756,0.15038570,0.14952552,0.14845949,0.14717768,0.14566716,0.14391117,0.14188788,0.13956857,0.13691470,0.13387321,0.13036840,0.12628688,0.12144676,0.11552534,0.10784903,0.09648950,0.05269366
199620,0.15187098,0.15177792,0.15149802,0.15102909,0.15036737,0.14950738,0.14844157,0.14716003,0.14564983,0.14389420,0.14187133,0.13955249,0.13689915,0.13385825,0.13035413,0.12627338,0.12143416,0.11551379,0.10783880,0.09648110,0.05269207
199680,0.15185234,0.15175930,0.15147946,0.15101063,0.15034906,0.14948924,0.14842366,0.14714239,0.14563250,0.14387724,0.14185478,0.13953641,0.13688360,0.13384331,0.13033986,0.12625989,0.12142156,0.11550225,0.10782858,0.09647270,0.05269049
199740,0.15183371,0.15174069,0.15146091,0.15099218,0.15033075,0.14947112,0.14840577,0.14712477,0.14561519,0.14386029,0.14183825,0.13952035,0.13686807,0.13382838,0.13032561,0.12624641,0.12140897,0.11549072,0.10781836,0.09646431,0.05268891
199800,0.15181509,0.15172209,0.15144237,0.15097374,0.15031245,0.14945300,0.14838788,0.14710715,0.14559789,0.14384335,0.14182172,0.13950429,0.13685254,0.13381345,0.13031136,0.12623293,0.12139638,0.11547920,0.10780815,0.09645593,0.05268733
199860,0.15179649,0.15170350,0.15142384,0.15095532,0.15029417,0.14943490,0.14837000,0.14708954,0.14558059,0.14382642,0.14180521,0.13948825,0.13683703,0.13379853,0.13029712,0.12621947,0.12138381,0.11546768,0.10779794,0.09644755,0.05268575
199920,0.15177789,0.15168493,0.15140533,0.15093690,0.15027589,0.14941681,0.14835213,0.14707194,0.14556331,0.14380950,0.14178870,0.13947221,0.13682152,0.13378362,0.13028289,0.12620601,0.12137124,0.11545616,0.10778774,0.09643917,0.05268418
199980,0.15175930,0.15166636,0.15138682,0.15091849,0.15025763,0.14939873,0.14833428,0.14705435,0.14554604,0.14379259,0.14177220,0.13945618,0.13680602,0.13376872,0.13026866,0.12619255,0.12135868,0.11544466,0.10777755,0.09643080,0.05268260
200040,0.15174073,0.15164781,0.15136833,0.15090010,0.15023937,0.14938065,0.14831643,0.14703677,0.14552877,0.14377568,0.14175571,0.13944016,0.13679053,0.13375383,0.13025445,0.12617911,0.12134612,0.11543316,0.10776736,0.09642243,0.05268103
200100,0.15172216,0.15162926,0.15134984,0.15088171,0.15022113,0.14936259,0.14829859,0.14701920,0.14551152,0.14375879,0.14173924,0.13942415,0.13677505,0.13373895,0.13024024,0.12616567,0.12133357,0.11542166,0.10775717,0.09641407,0.05267946
200160,0.15170361,0.15161073,0.15133137,0.15086334,0.15020290,0.14934454,0.14828076,0.14700165,0.14549427,0.14374191,0.14172277,0.13940815,0.13675958,0.13372407,0.13022604,0.12615224,0.12132103,0.11541017,0.10774699,0.09640571,0.05267789
200220,0.15168507,0.15159221,0.15131290,0.15084498,0.15018467,0.14932650,0.14826295,0.14698410,0.14547704,0.14372504,0.14170630,0.13939216,0.13674411,0.13370920,0.13021184,0.12613881,0.12130849,0.11539869,0.10773682,0.09639735,0.05267632
200280,0.15166653,0.15157369,0.15129445,0.15082662,0.15016646,0.14930847,0.14824514,0.14696656,0.14545981,0.14370817,0.14168985,0.13937617,0.13672866,0.13369434,0.13019766,0.12612539,0.12129596,0.11538721,0.10772665,0.09638900,0.05267475
200340,0.15164801,0.15155519,0.15127601,0.15080828,0.15014826,0.14929045,0.14822734,0.14694903,0.14544260,0.14369132,0.14167341,0.13936020,0.13671321,0.13367949,0.13018348,0.12611198,0.12128344,0.11537574,0.10771648,0.09638065,0.05267318
200400,0.15162950,0.15153670,0.15125758,0.15078995,0.15013006,0.14927244,0.14820956,0.14693151,0.14542539,0.14367447,0.14165698,0.13934423,0.13669777,0.13366465,0.13016931,0.12609858,0.12127093,0.11536428,0.10770633,0.09637231,0.05267162
200460,0.15161100,0.15151822,0.15123915,0.15077163,0.15011188,0.14925444,0.14819178,0.14691400,0.14540819,0.14365764,0.14164056,0.13932828,0.13668234,0.13364981,0.13015515,0.12608519,0.12125842,0.11535282,0.10769617,0.09636397,0.05267006
200520,0.15159251,0.15149975,0.15122074,0.15075331,0.15009371,0.14923645,0.14817401,0.14689650,0.14539101,0.14364081,0.14162414,0.13931233,0.13666692,0.13363499,0.13014099,0.12607180,0.12124592,0.11534137,0.10768603,0.09635564,0.05266849
200580,0.15157403,0.15148129,0.15120234,0.15073501,0.15007555,0.14921847,0.14815626,0.14687901,0.14537383,0.14362400,0.14160774,0.13929639,0.13665151,0.13362017,0.13012685,0.12605842,0.12123342,0.11532992,0.10767588,0.09634731,0.05266693
200640,0.15155556,0.15146284,0.15118395,0.15071672,0.15005740,0.14920050,0.14813851,0.14686153,0.14535667,0.14360719,0.14159134,0.13928046,0.13663611,0.13360536,0.13011271,0.12604505,0.12122094,0.11531848,0.10766575,0.09633899,0.05266537
200700,0.15153710,0.15144440,0.15116557,0.15069844,0.15003926,0.14918254,0.14812078,0.14684407,0.14533951,0.14359039,0.14157496,0.13926454,0.13662071,0.13359056,0.13009858,0.12603168,0.12120846,0.11530705,0.10765562,0.09633067,0.05266382
200760,0.15151866,0.15142597,0.15114721,0.15068018,0.15002113,0.14916459,0.14810305,0.14682661,0.14532236,0.14357361,0.14155858,0.13924863,0.13660533,0.13357576,0.13008446,0.12601833,0.12119598,0.11529562,0.10764549,0.09632235,0.05266226
200820,0.15150022,0.15140756,0.15112885,0.15066192,0.15000301,0.14914665,0.14808534,0.14680916,0.14530523,0.14355683,0.14154221,0.13923273,0.13658995,0.13356098,0.13007034,0.12600498,0.12118352,0.11528420,0.10763537,0.09631404,0.05266071
200880,0.15148179,0.15138915,0.15111050,0.15064367,0.14998491,0.14912872,0.14806763,0.14679172,0.14528810,0.14354006,0.14152586,0.13921683,0.13657458,0.13354620,0.13005624,0.12599163,0.12117106,0.11527279,0.10762526,0.09630573,0.05265915
200940,0.15146338,0.15137075,0.15109217,0.15062543,0.14996681,0.14911081,0.14804994,0.14677429,0.14527098,0.14352330,0.14150951,0.13920095,0.13655922,0.13353143,0.13004214,0.12597830,0.12115860,0.11526138,0.10761515,0.09629743,0.05265760
201000,0.15144497,0.15135237,0.15107384,0.15060721,0.14994872,0.14909290,0.14803225,0.14675687,0.14525388,0.14350656,0.14149317,0.13918508,0.13654387,0.13351667,0.13002805,0.12596497,0.12114616,0.11524998,0.10760504,0.09628913,0.05265605
201060,0.15142658,0.15133400,0.15105553,0.15058899,0.14993064,0.14907500,0.14801458,0.14673947,0.14523678,0.14348982,0.14147684,0.13916921,0.13652853,0.13350192,0.13001396,0.12595165,0.12113372,0.11523858,0.10759495,0.09628084,0.05265450
201120,0.15140820,0.15131563,0.15103722,0.15057078,0.14991258,0.14905712,0.14799691,0.14672207,0.14521969,0.14347309,0.14146052,0.13915335,0.13651319,0.13348718,0.12999989,0.12593834,0.12112128,0.11522719,0.10758485,0.09627255,0.05265296
201180,0.15138983,0.15129728,0.15101893,0.15055259,0.14989452,0.14903924,0.14797926,0.14670468,0.14520261,0.14345637,0.14144421,0.13913750,0.13649787,0.13347244,0.12998582,0.12592503,0.12110886,0.11521581,0.10757476,0.09626426,0.05265141
201240,0.15137146,0.15127894,0.15100065,0.15053441,0.14987648,0.14902138,0.14796162,0.14668730,0.14518555,0.14343966,0.14142791,0.13912167,0.13648255,0.13345772,0.12997176,0.12591173,0.12109644,0.11520443,0.10756468,0.09625598,0.05264987
201300,0.15135311,0.15126061,0.15098237,0.15051623,0.14985844,0.14900352,0.14794398,0.14666993,0.14516849,0.14342296,0.14141161,0.13910584,0.13646724,0.13344300,0.12995771,0.12589844,0.12108403,0.11519306,0.10755461,0.09624771,0.05264832
201360,0.15133477,0.15124229,0.15096411,0.15049807,0.14984042,0.14898568,0.14792636,0.14665257,0.14515144,0.14340627,0.14139533,0.13909001,0.13645194,0.13342829,0.12994367,0.12588516,0.12107162,0.11518170,0.10754453,0.09623943,0.05264678
201420,0.15131644,0.15122397,0.15094586,0.15047991,0.14982240,0.14896784,0.14790875,0.14663522,0.14513440,0.14338958,0.14137905,0.13907420,0.13643665,0.13341359,0.12992963,0.12587188,0.12105922,0.11517034,0.10753447,0.09623117,0.05264524
201480,0.15129812,0.15120567,0.15092762,0.15046177,0.14980440,0.14895002,0.14789114,0.14661789,0.14511737,0.14337291,0.14136279,0.13905840,0.13642137,0.13339889,0.12991560,0.12585861,0.12104683,0.11515899,0.10752441,0.09622290,0.05264370
201540,0.15127981,0.15118738,0.15090939,0.15044364,0.14978640,0.14893220,0.14787355,0.14660056,0.14510035,0.14335625,0.14134653,0.13904260,0.13640610,0.13338421,0.12990158,0.12584535,0.12103445,0.11514764,0.10751435,0.09621464,0.05264216
201600,0.15126151,0.15116910,0.15089117,0.15042552,0.14976842,0.14891440,0.14785597,0.14658324,0.14508334,0.14333960,0.14133029,0.13902682,0.13639083,0.13336953,0.12988757,0.12583210,0.12102207,0.11513630,0.10750430,0.09620639,0.05264063
201660,0.15124323,0.15115084,0.15087296,0.15040741,0.14975045,0.14889660,0.14783839,0.14656593,0.14506634,0.14332295,0.14131405,0.13901104,0.13637558,0.13335486,0.12987357,0.12581885,0.12100970,0.11512497,0.10749426,0.09619814,0.05263909
201720,0.15122495,0.15113258,0.15085476,0.15038931,0.14973249,0.14887882,0.14782083,0.14654863,0.14504935,0.14330632,0.14129782,0.13899527,0.13636033,0.13334020,0.12985957,0.12580561,0.12099733,0.11511364,0.10748422,0.09618989,0.05263756
201780,0.15120668,0.15111433,0.15083657,0.15037122,0.14971453,0.14886105,0.14780328,0.14653134,0.14503237,0.14328970,0.14128160,0.13897952,0.13634509,0.13332555,0.12984558,0.12579238,0.12098498,0.11510232,0.10747419,0.09618165,0.05263603
201840,0.15118843,0.15109610,0.15081839,0.15035314,0.14969659,0.14884329,0.14778574,0.14651406,0.14501540,0.14327308,0.14126540,0.13896377,0.13632986,0.13331090,0.12983160,0.12577915,0.12097262,0.11509100,0.10746416,0.09617341,0.05263450
201900,0.15117018,0.15107787,0.15080022,0.15033507,0.14967866,0.14882553,0.14776820,0.14649679,0.14499844,0.14325647,0.14124919,0.13894803,0.13631464,0.13329627,0.12981763,0.12576593,0.12096028,0.11507969,0.10745414,0.09616518,0.05263297
201960,0.15115194,0.15105965,0.15078207,0.15031701,0.14966074,0.14880779,0.14775068,0.14647953,0.14498149,0.14323988,0.14123300,0.13893229,0.13629942,0.13328164,0.12980366,0.12575272,0.12094794,0.11506839,0.10744412,0.09615695,0.05263144
202020,0.15113372,0.15104145,0.15076392,0.15029896,0.14964283,0.14879006,0.14773317,0.14646228,0.14496454,0.14322329,0.14121682,0.13891657,0.13628422,0.13326702,0.12978970,0.12573952,0.12093561,0.11505709,0.10743410,0.09614872,0.05262992
202080,0.15111550,0.15102325,0.15074578,0.15028092,0.14962492,0.14877233,0.14771566,0.14644504,0.14494761,0.14320671,0.14120065,0.13890085,0.13626902,0.13325240,0.12977575,0.12572632,0.12092329,0.11504580,0.10742410,0.09614050,0.05262839
202140,0.15109730,0.15100507,0.15072765,0.15026289,0.14960703,0.14875462,0.14769817,0.14642781,0.14493069,0.14319014,0.14118448,0.13888515,0.13625383,0.13323780,0.12976181,0.12571313,0.12091097,0.11503451,0.10741409,0.09613229,0.05262687
202200,0.15107910,0.15098689,0.15070954,0.15024487,0.14958915,0.14873691,0.14768069,0.14641059,0.14491377,0.14317358,0.14116832,0.13886945,0.13623865,0.13322320,0.12974787,0.12569995,0.12089866,0.11502323,0.10740410,0.09612407,0.05262535
202260,0.15106092,0.15096873,0.15069143,0.15022686,0.14957128,0.14871922,0.14766321,0.14639338,0.14489687,0.14315703,0.14115218,0.13885376,0.13622348,0.13320861,0.12973394,0.12568678,0.12088635,0.11501196,0.10739411,0.09611587,0.05262383
202320,0.15104275,0.15095057,0.15067333,0.15020886,0.14955342,0.14870154,0.14764575,0.14637618,0.14487997,0.14314049,0.14113604,0.13883808,0.13620832,0.13319403,0.12972002,0.12567361,0.12087405,0.11500069,0.10738412,0.09610766,0.05262231
202380,0.15102458,0.15093243,0.15065525,0.15019087,0.14953557,0.14868386,0.14762829,0.14635898,0.14486309,0.14312396,0.14111991,0.13882241,0.13619316,0.13317946,0.12970611,0.12566045,0.12086176,0.11498943,0.10737414,0.09609946,0.05262079
202440,0.15100643,0.15091429,0.15063717,0.15017289,0.14951772,0.14866620,0.14761085,0.14634180,0.14484621,0.14310743,0.14110379,0.13880674,0.13617801,0.13316490,0.12969220,0.12564729,0.12084948,0.11497817,0.10736416,0.09609127,0.05261927
202500,0.15098828,0.15089617,0.15061911,0.15015493,0.14949989,0.14864855,0.14759341,0.14632463,0.14482934,0.14309092,0.14108768,0.13879109,0.13616287,0.13315034,0.12967831,0.12563415,0.12083720,0.11496693,0.10735419,0.09608308,0.05261776
202560,0.15097015,0.15087805,0.15060105,0.15013697,0.14948207,0.14863090,0.14757599,0.14630746,0.14481249,0.14307441,0.14107158,0.13877544,0.13614774,0.13313579,0.12966442,0.12562101,0.12082492,0.11495568,0.10734423,0.09607489,0.05261624
202620,0.15095203,0.15085995,0.15058300,0.15011902,0.14946426,0.14861327,0.14755857,0.14629031,0.14479564,0.14305792,0.14105548,0.13875981,0.13613262,0.13312125,0.12965053,0.12560787,0.12081266,0.11494444,0.10733427,0.09606671,0.05261473
202680,0.15093391,0.15084186,0.15056497,0.15010108,0.14944646,0.14859564,0.14754117,0.14627316,0.14477880,0.14304143,0.14103940,0.13874418,0.13611751,0.13310672,0.12963666,0.12559475,0.12080040,0.11493321,0.10732431,0.09605853,0.05261322
202740,0.15091581,0.15082377,0.15054694,0.15008315,0.14942867,0.14857803,0.14752377,0.14625603,0.14476197,0.14302495,0.14102332,0.13872856,0.13610240,0.13309219,0.12962279,0.12558163,0.12078815,0.11492199,0.10731436,0.09605035,0.05261171
202800,0.15089772,0.15080570,0.15052893,0.15006523,0.14941089,0.14856042,0.14750638,0.14623890,0.14474515,0.14300849,0.14100726,0.13871295,0.13608730,0.13307767,0.12960893,0.12556852,0.12077590,0.11491077,0.10730441,0.09604218,0.05261020
202860,0.15087964,0.15078764,0.15051092,0.15004733,0.14939311,0.14854283,0.14748901,0.14622179,0.14472834,0.14299203,0.14099120,0.13869734,0.13607222,0.13306317,0.12959508,0.12555541,0.12076366,0.11489955,0.10729448,0.09603402,0.05260869
202920,0.15086156,0.15076958,0.15049293,0.15002943,0.14937535,0.14852524,0.14747164,0.14620468,0.14471154,0.14297558,0.14097515,0.13868175,0.13605714,0.13304866,0.12958123,0.12554232,0.12075143,0.11488834,0.10728454,0.09602585,0.05260719
202980,0.15084350,0.15075154,0.15047494,0.15001154,0.14935760,0.14850767,0.14745428,0.14618758,0.14469474,0.14295914,0.14095911,0.13866616,0.13604206,0.13303417,0.12956739,0.12552923,0.12073920,0.11487714,0.10727461,0.09601770,0.05260568
203040,0.15082545,0.15073351,0.15045697,0.14999366,0.14933986,0.14849011,0.14743694,0.14617050,0.14467796,0.14294270,0.14094308,0.13865059,0.13602700,0.13301969,0.12955356,0.12551614,0.12072699,0.11486595,0.10726469,0.09600954,0.05260418
203100,0.15080741,0.15071549,0.15043901,0.14997580,0.14932213,0.14847255,0.14741960,0.14615342,0.14466119,0.14292628,0.14092706,0.13863502,0.13601194,0.13300521,0.12953974,0.12550307,0.12071477,0.11485475,0.10725477,0.09600139,0.05260268
203160,0.15078938,0.15069748,0.15042105,0.14995794,0.14930441,0.14845501,0.14740227,0.14613635,0.14464443,0.14290987,0.14091105,0.13861946,0.13599690,0.13299074,0.12952593,0.12549000,0.12070257,0.11484357,0.10724486,0.09599325,0.05260118
203220,0.15077136,0.15067947,0.15040311,0.14994009,0.14928670,0.14843747,0.14738495,0.14611930,0.14462767,0.14289347,0.14089504,0.13860391,0.13598186,0.13297628,0.12951212,0.12547694,0.12069037,0.11483239,0.10723495,0.09598511,0.05259968
203280,0.15075335,0.15066148,0.15038517,0.14992225,0.14926900,0.14841995,0.14736765,0.14610225,0.14461093,0.14287707,0.14087905,0.13858837,0.13596683,0.13296183,0.12949832,0.12546388,0.12067817,0.11482122,0.10722504,0.09597697,0.05259818
203340,0.15073535,0.15064350,0.15036725,0.14990443,0.14925131,0.14840243,0.14735035,0.14608521,0.14459419,0.14286069,0.14086306,0.13857283,0.13595181,0.13294738,0.12948453,0.12545084,0.12066599,0.11481005,0.10721515,0.09596884,0.05259669
203400,0.15071736,0.15062553,0.15034934,0.14988661,0.14923362,0.14838493,0.14733306,0.14606818,0.14457747,0.14284431,0.14084708,0.13855731,0.13593679,0.13293294,0.12947074,0.12543780,0.12065381,0.11479889,0.10720525,0.09596071,0.05259519
203460,0.15069938,0.15060757,0.15033144,0.14986880,0.14921595,0.14836743,0.14731578,0.14605116,0.14456075,0.14282794,0.14083112,0.13854179,0.13592179,0.13291852,0.12945697,0.12542476,0.12064163,0.11478774,0.10719537,0.09595259,0.05259370
203520,0.15068141,0.15058962,0.15031354,0.14985101,0.14919829,0.14834995,0.14729851,0.14603415,0.14454404,0.14281159,0.14081516,0.13852629,0.13590679,0.13290409,0.12944320,0.12541174,0.12062947,0.11477659,0.10718549,0.09594447,0.05259221
203580,0.15066345,0.15057168,0.15029566,0.14983322,0.14918064,0.14833247,0.14728125,0.14601715,0.14452735,0.14279524,0.14079921,0.13851079,0.13589180,0.13288968,0.12942944,0.12539872,0.12061731,0.11476545,0.10717561,0.09593635,0.05259072
203640,0.15064550,0.15055375,0.15027779,0.14981545,0.14916300,0.14831500,0.14726401,0.14600016,0.14451066,0.14277890,0.14078327,0.13849530,0.13587682,0.13287528,0.12941568,0.12538571,0.12060515,0.11475431,0.10716574,0.09592824,0.05258923
203700,0.15062756,0.15053583,0.15025993,0.14979768,0.14914537,0.14829755,0.14724677,0.14598318,0.14449398,0.14276257,0.14076733,0.13847982,0.13586185,0.13286088,0.12940194,0.12537270,0.12059301,0.11474318,0.10715587,0.09592013,0.05258774
203760,0.15060963,0.15051792,0.15024207,0.14977992,0.14912775,0.14828010,0.14722953,0.14596621,0.14447731,0.14274625,0.14075141,0.13846434,0.13584688,0.13284649,0.12938820,0.12535971,0.12058087,0.11473206,0.10714601,0.09591203,0.05258626
203820,0.15059171,0.15050002,0.15022423,0.14976218,0.14911014,0.14826267,0.14721231,0.14594924,0.14446065,0.14272993,0.14073549,0.13844888,0.13583193,0.13283211,0.12937446,0.12534671,0.12056873,0.11472094,0.10713615,0.09590393,0.05258477
203880,0.15057380,0.15048213,0.15020640,0.14974444,0.14909253,0.14824524,0.14719510,0.14593229,0.14444400,0.14271363,0.14071959,0.13843342,0.13581698,0.13281773,0.12936074,0.12533373,0.12055660,0.11470983,0.10712630,0.09589583,0.05258329
203940,0.15055590,0.15046425,0.15018857,0.14972671,0.14907494,0.14822782,0.14717790,0.14591534,0.14442735,0.14269733,0.14070369,0.13841797,0.13580204,0.13280337,0.12934702,0.12532075,0.12054448,0.11469872,0.10711645,0.09588774,0.05258180
204000,0.15053801,0.15044638,0.15017076,0.14970899,0.14905736,0.14821041,0.14716071,0.14589841,0.14441072,0.14268105,0.14068780,0.13840253,0.13578711,0.13278901,0.12933331,0.12530778,0.12053237,0.11468762,0.10710661,0.09587966,0.05258032
204060,0.15052013,0.15042852,0.15015296,0.14969129,0.14903979,0.14819301,0.14714353,0.14588148,0.14439410,0.14266477,0.14067192,0.13838710,0.13577218,0.13277466,0.12931961,0.12529482,0.12052026,0.11467652,0.10709678,0.09587157,0.05257884
204120,0.15050226,0.15041067,0.15013516,0.14967359,0.14902223,0.14817563,0.14712635,0.14586457,0.14437748,0.14264850,0.14065605,0.13837168,0.13575727,0.13276031,0.12930591,0.12528186,0.12050816,0.11466543,0.10708695,0.09586349,0.05257737
204180,0.15048440,0.15039283,0.15011738,0.14965590,0.14900467,0.14815825,0.14710919,0.14584766,0.14436088,0.14263225,0.14064019,0.13835627,0.13574236,0.13274598,0.12929223,0.12526891,0.12049606,0.11465435,0.10707712,0.09585542,0.05257589
204240,0.15046656,0.15037500,0.15009961,0.14963822,0.14898713,0.14814088,0.14709204,0.14583077,0.14434428,0.14261600,0.14062433,0.13834086,0.13572746,0.13273165,0.12927855,0.12525597,0.12048397,0.11464327,0.10706730,0.09584735,0.05257441
204300,0.15044872,0.15035718,0.15008185,0.14962056,0.14896960,0.14812352,0.14707489,0.14581388,0.14432769,0.14259976,0.14060849,0.13832546,0.13571257,0.13271733,0.12926487,0.12524304,0.12047189,0.11463220,0.10705748,0.09583928,0.05257294
204360,0.15043089,0.15033937,0.15006409,0.14960290,0.14895207,0.14810617,0.14705776,0.14579700,0.14431112,0.14258353,0.14059265,0.13831008,0.13569769,0.13270302,0.12925121,0.12523011,0.12045981,0.11462113,0.10704767,0.09583122,0.05257147
204420,0.15041307,0.15032157,0.15004635,0.14958525,0.14893456,0.14808883,0.14704063,0.14578013,0.14429455,0.14256730,0.14057682,0.13829470,0.13568281,0.13268872,0.12923755,0.12521719,0.12044774,0.11461007,0.10703787,0.09582316,0.05256999
204480,0.15039526,0.15030378,0.15002862,0.14956762,0.14891706,0.14807150,0.14702352,0.14576327,0.14427799,0.14255109,0.14056100,0.13827932,0.13566795,0.13267442,0.12922390,0.12520427,0.12043568,0.11459902,0.10702807,0.09581511,0.05256852
204540,0.15037746,0.15028600,0.15001089,0.14954999,0.14889957,0.14805418,0.14700641,0.14574643,0.14426144,0.14253489,0.14054519,0.13826396,0.13565309,0.13266013,0.12921026,0.12519137,0.12042362,0.11458797,0.10701827,0.09580706,0.05256705
204600,0.15035967,0.15026823,0.14999318,0.14953237,0.14888208,0.14803688,0.14698932,0.14572959,0.14424490,0.14251869,0.14052939,0.13824861,0.13563824,0.13264585,0.12919662,0.12517847,0.12041157,0.11457693,0.10700848,0.09579901,0.05256559
204660,0.15034190,0.15025047,0.14997548,0.14951476,0.14886461,0.14801958,0.14697223,0.14571276,0.14422837,0.14250251,0.14051360,0.13823326,0.13562340,0.13263158,0.12918300,0.12516557,0.12039953,0.11456589,0.10699870,0.09579097,0.05256412
204720,0.15032413,0.15023272,0.14995779,0.14949717,0.14884715,0.14800229,0.14695515,0.14569593,0.14421185,0.14248633,0.14049782,0.13821792,0.13560857,0.13261732,0.12916938,0.12515269,0.12038749,0.11455486,0.10698892,0.09578294,0.05256266
204780,0.15030637,0.15021498,0.14994011,0.14947958,0.14882969,0.14798501,0.14693809,0.14567912,0.14419533,0.14247016,0.14048204,0.13820260,0.13559374,0.13260306,0.12915576,0.12513981,0.12037546,0.11454383,0.10697915,0.09577490,0.05256119
204840,0.15028862,0.15019725,0.14992243,0.14946200,0.14881225,0.14796773,0.14692103,0.14566232,0.14417883,0.14245400,0.14046628,0.13818728,0.13557892,0.13258881,0.12914216,0.12512694,0.12036344,0.11453281,0.10696938,0.09576687,0.05255973
204900,0.15027088,0.15017953,0.14990477,0.14944444,0.14879481,0.14795047,0.14690398,0.14564553,0.14416234,0.14243785,0.14045052,0.13817197,0.13556412,0.13257457,0.12912856,0.12511407,0.12035142,0.11452180,0.10695961,0.09575885,0.05255827
204960,0.15025316,0.15016182,0.14988712,0.14942688,0.14877739,0.14793322,0.14688695,0.14562875,0.14414585,0.14242171,0.14043477,0.13815666,0.13554932,0.13256034,0.12911497,0.12510121,0.12033941,0.11451079,0.10694985,0.09575083,0.05255681
205020,0.15023544,0.15014412,0.14986948,0.14940933,0.14875998,0.14791598,0.14686992,0.14561197,0.14412938,0.14240558,0.14041904,0.13814137,0.13553452,0.13254611,0.12910139,0.12508836,0.12032741,0.11449979,0.10694010,0.09574281,0.05255535
205080,0.15021773,0.15012643,0.14985184,0.14939179,0.14874257,0.14789875,0.14685290,0.14559521,0.14411291,0.14238946,0.14040330,0.13812608,0.13551974,0.13253189,0.12908781,0.12507552,0.12031541,0.11448880,0.10693035,0.09573480,0.05255389
205140,0.15020003,0.15010875,0.14983422,0.14937426,0.14872518,0.14788153,0.14683589,0.14557845,0.14409645,0.14237334,0.14038758,0.13811080,0.13550496,0.13251768,0.12907424,0.12506268,0.12030342,0.11447781,0.10692061,0.09572679,0.05255244
205200,0.15018234,0.15009109,0.14981661,0.14935674,0.14870779,0.14786431,0.14681889,0.14556171,0.14408001,0.14235724,0.14037187,0.13809553,0.13549019,0.13250348,0.12906068,0.12504985,0.12029143,0.11446682,0.10691087,0.09571879,0.05255098
205260,0.15016466,0.15007343,0.14979901,0.14933924,0.14869042,0.14784711,0.14680190,0.14554497,0.14406357,0.14234114,0.14035617,0.13808027,0.13547544,0.13248929,0.12904713,0.12503703,0.12027945,0.11445585,0.10690114,0.09571079,0.05254953
205320,0.15014700,0.15005578,0.14978141,0.14932174,0.14867305,0.14782992,0.14678492,0.14552825,0.14404714,0.14232506,0.14034047,0.13806502,0.13546069,0.13247510,0.12903358,0.12502421,0.12026748,0.11444487,0.10689141,0.09570279,0.05254808
205380,0.15012934,0.15003814,0.14976383,0.14930425,0.14865570,0.14781274,0.14676795,0.14551153,0.14403072,0.14230898,0.14032478,0.13804978,0.13544594,0.13246093,0.12902004,0.12501140,0.12025551,0.11443391,0.10688169,0.09569480,0.05254663
205440,0.15011169,0.15002051,0.14974626,0.14928677,0.14863835,0.14779556,0.14675099,0.14549482,0.14401431,0.14229291,0.14030911,0.13803454,0.13543121,0.13244676,0.12900651,0.12499860,0.12024355,0.11442295,0.10687197,0.09568681,0.05254518
205500,0.15009405,0.15000289,0.14972869,0.14926931,0.14862102,0.14777840,0.14673404,0.14547812,0.14399791,0.14227685,0.14029344,0.13801932,0.13541648,0.13243259,0.12899299,0.12498580,0.12023160,0.11441199,0.10686226,0.09567883,0.05254373
205560,0.15007642,0.14998528,0.14971114,0.14925185,0.14860369,0.14776124,0.14671709,0.14546143,0.14398151,0.14226080,0.14027777,0.13800410,0.13540176,0.13241844,0.12897947,0.12497302,0.12021965,0.11440104,0.10685255,0.09567085,0.05254228
205620,0.15005880,0.14996768,0.14969360,0.14923440,0.14858637,0.14774410,0.14670016,0.14544475,0.14396513,0.14224476,0.14026212,0.13798889,0.13538705,0.13240429,0.12896596,0.12496023,0.12020771,0.11439010,0.10684284,0.09566287,0.05254084
205680,0.15004120,0.14995009,0.14967606,0.14921696,0.14856906,0.14772696,0.14668323,0.14542808,0.14394875,0.14222872,0.14024648,0.13797368,0.13537234,0.13239015,0.12895246,0.12494746,0.12019578,0.11437916,0.10683315,0.09565490,0.05253939
205740,0.15002360,0.14993251,0.14965854,0.14919952,0.14855177,0.14770984,0.14666632,0.14541142,0.14393239,0.14221270,0.14023084,0.13795849,0.13535765,0.13237601,0.12893896,0.12493469,0.12018385,0.11436823,0.10682345,0.09564693,0.05253795
205800,0.15000601,0.14991494,0.14964102,0.14918210,0.14853448,0.14769272,0.14664941,0.14539477,0.14391603,0.14219668,0.14021521,0.13794330,0.13534296,0.13236189,0.12892547,0.12492193,0.12017193,0.11435730,0.10681376,0.09563897,0.05253651
205860,0.14998843,0.14989738,0.14962352,0.14916469,0.14851720,0.14767561,0.14663252,0.14537812,0.14389968,0.14218067,0.14019959,0.13792812,0.13532828,0.13234777,0.12891199,0.12490917,0.12016001,0.11434638,0.10680408,0.09563101,0.05253507
