time_s,r_0.0_cm,r_0.1_cm,r_0.2_cm,r_0.3_cm,r_0.4_cm,r_0.5_cm,r_0.6_cm,r_0.7_cm,r_0.8_cm,r_0.9_cm,r_1.0_cm,r_1.1_cm,r_1.2_cm,r_1.3_cm,r_1.4_cm,r_1.5_cm,r_1.6_cm,r_1.7_cm,r_1.8_cm,r_1.9_cm,r_2.0_cm
1,2.55000000,2.55000000,2.55000000,2.55000000,2.55000000,2.55000000,2.55000000,2.55000000,2.55000000,2.55000000,2.55000000,2.55000000,2.55000000,2.55000000,2.55000000,2.55000000,2.55000000,2.55000000,2.55000000,2.55000000,2.51774991
2,2.55000000,2.55000000,2.55000000,2.55000000,2.55000000,2.55000000,2.55000000,2.55000000,2.55000000,2.55000000,2.55000000,2.55000000,2.55000000,2.55000000,2.55000000,2.55000000,2.55000000,2.55000000,2.55000000,2.55000000,2.50450910
3,2.55000000,2.55000000,2.55000000,2.55000000,2.55000000,2.55000000,2.55000000,2.55000000,2.55000000,2.55000000,2.55000000,2.55000000,2.55000000,2.55000000,2.55000000,2.55000000,2.55000000,2.55000000,2.55000000,2.55000000,2.49440447
4,2.55000000,2.55000000,2.55000000,2.55000000,2.55000000,2.55000000,2.55000000,2.55000000,2.55000000,2.55000000,2.55000000,2.55000000,2.55000000,2.55000000,2.55000000,2.55000000,2.55000000,2.55000000,2.55000000,2.54999999,2.48592235
5,2.55000000,2.55000000,2.55000000,2.55000000,2.55000000,2.55000000,2.55000000,2.55000000,2.55000000,2.55000000,2.55000000,2.55000000,2.55000000,2.55000000,2.55000000,2.55000000,2.55000000,2.55000000,2.55000000,2.54999987,2.47847661
6,2.55000000,2.55000000,2.55000000,2.55000000,2.55000000,2.55000000,2.55000000,2.55000000,2.55000000,2.55000000,2.55000000,2.55000000,2.55000000,2.55000000,2.55000000,2.55000000,2.55000000,2.55000000,2.55000000,2.54999910,2.47176703
7,2.55000000,2.55000000,2.55000000,2.55000000,2.55000000,2.55000000,2.55000000,2.55000000,2.55000000,2.55000000,2.55000000,2.55000000,2.55000000,2.55000000,2.55000000,2.55000000,2.55000000,2.55000000,2.55000000,2.54999630,2.46561504
8,2.55000000,2.55000000,2.55000000,2.55000000,2.55000000,2.55000000,2.55000000,2.55000000,2.55000000,2.55000000,2.55000000,2.55000000,2.55000000,2.55000000,2.55000000,2.55000000,2.55000000,2.55000000,2.55000000,2.54998911,2.45990453
9,2.55000000,2.55000000,2.55000000,2.55000000,2.55000000,2.55000000,2.55000000,2.55000000,2.55000000,2.55000000,2.55000000,2.55000000,2.55000000,2.55000000,2.55000000,2.55000000,2.55000000,2.55000000,2.55000000,2.54997433,2.45455463
10,2.55000000,2.55000000,2.55000000,2.55000000,2.55000000,2.55000000,2.55000000,2.55000000,2.55000000,2.55000000,2.55000000,2.55000000,2.55000000,2.55000000,2.55000000,2.55000000,2.55000000,2.55000000,2.55000000,2.54994832,2.44950670
11,2.55000000,2.55000000,2.55000000,2.55000000,2.55000000,2.55000000,2.55000000,2.55000000,2.55000000,2.55000000,2.55000000,2.55000000,2.55000000,2.55000000,2.55000000,2.55000000,2.55000000,2.55000000,2.55000000,2.54990741,2.44471634
12,2.55000000,2.55000000,2.55000000,2.55000000,2.55000000,2.55000000,2.55000000,2.55000000,2.55000000,2.55000000,2.55000000,2.55000000,2.55000000,2.55000000,2.55000000,2.55000000,2.55000000,2.55000000,2.55000000,2.54984814,2.44014900
13,2.55000000,2.55000000,2.55000000,2.55000000,2.55000000,2.55000000,2.55000000,2.55000000,2.55000000,2.55000000,2.55000000,2.55000000,2.55000000,2.55000000,2.55000000,2.55000000,2.55000000,2.55000000,2.55000000,2.54976748,2.43577742
14,2.55000000,2.55000000,2.55000000,2.55000000,2.55000000,2.55000000,2.55000000,2.55000000,2.55000000,2.55000000,2.55000000,2.55000000,2.55000000,2.55000000,2.55000000,2.55000000,2.55000000,2.55000000,2.55000000,2.54966292,2.43157932
15,2.55000000,2.55000000,2.55000000,2.55000000,2.55000000,2.55000000,2.55000000,2.55000000,2.55000000,2.55000000,2.55000000,2.55000000,2.55000000,2.55000000,2.55000000,2.55000000,2.55000000,2.55000000,2.54999999,2.54953249,2.42753635
16,2.55000000,2.55000000,2.55000000,2.55000000,2.55000000,2.55000000,2.55000000,2.55000000,2.55000000,2.55000000,2.55000000,2.55000000,2.55000000,2.55000000,2.55000000,2.55000000,2.55000000,2.55000000,2.54999998,2.54937473,2.42363321
17,2.55000000,2.55000000,2.55000000,2.55000000,2.55000000,2.55000000,2.55000000,2.55000000,2.55000000,2.55000000,2.55000000,2.55000000,2.55000000,2.55000000,2.55000000,2.55000000,2.55000000,2.55000000,2.54999996,2.54918864,2.41985701
18,2.55000000,2.55000000,2.55000000,2.55000000,2.55000000,2.55000000,2.55000000,2.55000000,2.55000000,2.55000000,2.55000000,2.55000000,2.55000000,2.55000000,2.55000000,2.55000000,2.55000000,2.55000000,2.54999993,2.54897362,2.41619671
19,2.55000000,2.55000000,2.55000000,2.55000000,2.55000000,2.55000000,2.55000000,2.55000000,2.55000000,2.55000000,2.55000000,2.55000000,2.55000000,2.55000000,2.55000000,2.55000000,2.55000000,2.55000000,2.54999986,2.54872945,2.41264272
20,2.55000000,2.55000000,2.55000000,2.55000000,2.55000000,2.55000000,2.55000000,2.55000000,2.55000000,2.55000000,2.55000000,2.55000000,2.55000000,2.55000000,2.55000000,2.55000000,2.55000000,2.55000000,2.54999974,2.54845614,2.40918671
21,2.55000000,2.55000000,2.55000000,2.55000000,2.55000000,2.55000000,2.55000000,2.55000000,2.55000000,2.55000000,2.55000000,2.55000000,2.55000000,2.55000000,2.55000000,2.55000000,2.55000000,2.55000000,2.54999954,2.54815399,2.40582142
22,2.55000000,2.55000000,2.55000000,2.55000000,2.55000000,2.55000000,2.55000000,2.55000000,2.55000000,2.55000000,2.55000000,2.55000000,2.55000000,2.55000000,2.55000000,2.55000000,2.55000000,2.55000000,2.54999925,2.54782345,2.40254046
23,2.55000000,2.55000000,2.55000000,2.55000000,2.55000000,2.55000000,2.55000000,2.55000000,2.55000000,2.55000000,2.55000000,2.55000000,2.55000000,2.55000000,2.55000000,2.55000000,2.55000000,2.55000000,2.54999881,2.54746515,2.39933811
24,2.55000000,2.55000000,2.55000000,2.55000000,2.55000000,2.55000000,2.55000000,2.55000000,2.55000000,2.55000000,2.55000000,2.55000000,2.55000000,2.55000000,2.55000000,2.55000000,2.55000000,2.55000000,2.54999818,2.54707979,2.39620932
25,2.55000000,2.55000000,2.55000000,2.55000000,2.55000000,2.55000000,2.55000000,2.55000000,2.55000000,2.55000000,2.55000000,2.55000000,2.55000000,2.55000000,2.55000000,2.55000000,2.55000000,2.55000000,2.54999730,2.54666818,2.39314952
26,2.55000000,2.55000000,2.55000000,2.55000000,2.55000000,2.55000000,2.55000000,2.55000000,2.55000000,2.55000000,2.55000000,2.55000000,2.55000000,2.55000000,2.55000000,2.55000000,2.55000000,2.55000000,2.54999612,2.54623118,2.39015456
27,2.55000000,2.55000000,2.55000000,2.55000000,2.55000000,2.55000000,2.55000000,2.55000000,2.55000000,2.55000000,2.55000000,2.55000000,2.55000000,2.55000000,2.55000000,2.55000000,2.55000000,2.55000000,2.54999455,2.54576968,2.38722074
28,2.55000000,2.55000000,2.55000000,2.55000000,2.55000000,2.55000000,2.55000000,2.55000000,2.55000000,2.55000000,2.55000000,2.55000000,2.55000000,2.55000000,2.55000000,2.55000000,2.55000000,2.55000000,2.54999252,2.54528461,2.38434469
29,2.55000000,2.55000000,2.55000000,2.55000000,2.55000000,2.55000000,2.55000000,2.55000000,2.55000000,2.55000000,2.55000000,2.55000000,2.55000000,2.55000000,2.55000000,2.55000000,2.55000000,2.55000000,2.54998995,2.54477691,2.38152337
30,2.55000000,2.55000000,2.55000000,2.55000000,2.55000000,2.55000000,2.55000000,2.55000000,2.55000000,2.55000000,2.55000000,2.55000000,2.55000000,2.55000000,2.55000000,2.55000000,2.55000000,2.55000000,2.54998673,2.54424749,2.37875393
31,2.55000000,2.55000000,2.55000000,2.55000000,2.55000000,2.55000000,2.55000000,2.55000000,2.55000000,2.55000000,2.55000000,2.55000000,2.55000000,2.55000000,2.55000000,2.55000000,2.55000000,2.55000000,2.54998277,2.54369729,2.37603382
32,2.55000000,2.55000000,2.55000000,2.55000000,2.55000000,2.55000000,2.55000000,2.55000000,2.55000000,2.55000000,2.55000000,2.55000000,2.55000000,2.55000000,2.55000000,2.55000000,2.55000000,2.55000000,2.54997796,2.54312722,2.37336065
33,2.55000000,2.55000000,2.55000000,2.55000000,2.55000000,2.55000000,2.55000000,2.55000000,2.55000000,2.55000000,2.55000000,2.55000000,2.55000000,2.55000000,2.55000000,2.55000000,2.55000000,2.54999999,2.54997220,2.54253816,2.37073223
34,2.55000000,2.55000000,2.55000000,2.55000000,2.55000000,2.55000000,2.55000000,2.55000000,2.55000000,2.55000000,2.55000000,2.55000000,2.55000000,2.55000000,2.55000000,2.55000000,2.55000000,2.54999999,2.54996537,2.54193097,2.36814654
35,2.55000000,2.55000000,2.55000000,2.55000000,2.55000000,2.55000000,2.55000000,2.55000000,2.55000000,2.55000000,2.55000000,2.55000000,2.55000000,2.55000000,2.55000000,2.55000000,2.55000000,2.54999998,2.54995736,2.54130649,2.36560166
36,2.55000000,2.55000000,2.55000000,2.55000000,2.55000000,2.55000000,2.55000000,2.55000000,2.55000000,2.55000000,2.55000000,2.55000000,2.55000000,2.55000000,2.55000000,2.55000000,2.55000000,2.54999998,2.54994805,2.54066555,2.36309591
37,2.55000000,2.55000000,2.55000000,2.55000000,2.55000000,2.55000000,2.55000000,2.55000000,2.55000000,2.55000000,2.55000000,2.55000000,2.55000000,2.55000000,2.55000000,2.55000000,2.55000000,2.54999997,2.54993732,2.54000892,2.36062763
38,2.55000000,2.55000000,2.55000000,2.55000000,2.55000000,2.55000000,2.55000000,2.55000000,2.55000000,2.55000000,2.55000000,2.55000000,2.55000000,2.55000000,2.55000000,2.55000000,2.55000000,2.54999995,2.54992506,2.53933738,2.35819534
39,2.55000000,2.55000000,2.55000000,2.55000000,2.55000000,2.55000000,2.55000000,2.55000000,2.55000000,2.55000000,2.55000000,2.55000000,2.55000000,2.55000000,2.55000000,2.55000000,2.55000000,2.54999993,2.54991116,2.53865163,2.35579759
40,2.55000000,2.55000000,2.55000000,2.55000000,2.55000000,2.55000000,2.55000000,2.55000000,2.55000000,2.55000000,2.55000000,2.55000000,2.55000000,2.55000000,2.55000000,2.55000000,2.55000000,2.54999990,2.54989548,2.53795238,2.35343310
41,2.55000000,2.55000000,2.55000000,2.55000000,2.55000000,2.55000000,2.55000000,2.55000000,2.55000000,2.55000000,2.55000000,2.55000000,2.55000000,2.55000000,2.55000000,2.55000000,2.55000000,2.54999987,2.54987792,2.53724030,2.35110059
42,2.55000000,2.55000000,2.55000000,2.55000000,2.55000000,2.55000000,2.55000000,2.55000000,2.55000000,2.55000000,2.55000000,2.55000000,2.55000000,2.55000000,2.55000000,2.55000000,2.55000000,2.54999982,2.54985837,2.53651604,2.34879891
43,2.55000000,2.55000000,2.55000000,2.55000000,2.55000000,2.55000000,2.55000000,2.55000000,2.55000000,2.55000000,2.55000000,2.55000000,2.55000000,2.55000000,2.55000000,2.55000000,2.55000000,2.54999976,2.54983672,2.53578019,2.34652694
44,2.55000000,2.55000000,2.55000000,2.55000000,2.55000000,2.55000000,2.55000000,2.55000000,2.55000000,2.55000000,2.55000000,2.55000000,2.55000000,2.55000000,2.55000000,2.55000000,2.55000000,2.54999969,2.54981286,2.53503336,2.34428368
45,2.55000000,2.55000000,2.55000000,2.55000000,2.55000000,2.55000000,2.55000000,2.55000000,2.55000000,2.55000000,2.55000000,2.55000000,2.55000000,2.55000000,2.55000000,2.55000000,2.55000000,2.54999960,2.54978669,2.53427610,2.34206810
46,2.55000000,2.55000000,2.55000000,2.55000000,2.55000000,2.55000000,2.55000000,2.55000000,2.55000000,2.55000000,2.55000000,2.55000000,2.55000000,2.55000000,2.55000000,2.55000000,2.55000000,2.54999948,2.54975811,2.53350895,2.33987933
47,2.55000000,2.55000000,2.55000000,2.55000000,2.55000000,2.55000000,2.55000000,2.55000000,2.55000000,2.55000000,2.55000000,2.55000000,2.55000000,2.55000000,2.55000000,2.55000000,2.55000000,2.54999934,2.54972702,2.53273242,2.33771647
48,2.55000000,2.55000000,2.55000000,2.55000000,2.55000000,2.55000000,2.55000000,2.55000000,2.55000000,2.55000000,2.55000000,2.55000000,2.55000000,2.55000000,2.55000000,2.55000000,2.55000000,2.54999917,2.54969333,2.53194699,2.33557870
49,2.55000000,2.55000000,2.55000000,2.55000000,2.55000000,2.55000000,2.55000000,2.55000000,2.55000000,2.55000000,2.55000000,2.55000000,2.55000000,2.55000000,2.55000000,2.55000000,2.55000000,2.54999897,2.54965695,2.53115314,2.33346527
50,2.55000000,2.55000000,2.55000000,2.55000000,2.55000000,2.55000000,2.55000000,2.55000000,2.55000000,2.55000000,2.55000000,2.55000000,2.55000000,2.55000000,2.55000000,2.55000000,2.55000000,2.54999872,2.54961780,2.53035131,2.33137539
51,2.55000000,2.55000000,2.55000000,2.55000000,2.55000000,2.55000000,2.55000000,2.55000000,2.55000000,2.55000000,2.55000000,2.55000000,2.55000000,2.55000000,2.55000000,2.55000000,2.55000000,2.54999843,2.54957580,2.52954192,2.32930838
52,2.55000000,2.55000000,2.55000000,2.55000000,2.55000000,2.55000000,2.55000000,2.55000000,2.55000000,2.55000000,2.55000000,2.55000000,2.55000000,2.55000000,2.55000000,2.55000000,2.55000000,2.54999809,2.54953087,2.52872538,2.32726358
53,2.55000000,2.55000000,2.55000000,2.55000000,2.55000000,2.55000000,2.55000000,2.55000000,2.55000000,2.55000000,2.55000000,2.55000000,2.55000000,2.55000000,2.55000000,2.55000000,2.55000000,2.54999768,2.54948295,2.52790207,2.32524032
54,2.55000000,2.55000000,2.55000000,2.55000000,2.55000000,2.55000000,2.55000000,2.55000000,2.55000000,2.55000000,2.55000000,2.55000000,2.55000000,2.55000000,2.55000000,2.55000000,2.55000000,2.54999722,2.54943196,2.52707236,2.32323801
55,2.55000000,2.55000000,2.55000000,2.55000000,2.55000000,2.55000000,2.55000000,2.55000000,2.55000000,2.55000000,2.55000000,2.55000000,2.55000000,2.55000000,2.55000000,2.55000000,2.55000000,2.54999667,2.54937785,2.52623661,2.32125606
56,2.55000000,2.55000000,2.55000000,2.55000000,2.55000000,2.55000000,2.55000000,2.55000000,2.55000000,2.55000000,2.55000000,2.55000000,2.55000000,2.55000000,2.55000000,2.55000000,2.55000000,2.54999605,2.54932056,2.52539514,2.31929392
57,2.55000000,2.55000000,2.55000000,2.55000000,2.55000000,2.55000000,2.55000000,2.55000000,2.55000000,2.55000000,2.55000000,2.55000000,2.55000000,2.55000000,2.55000000,2.55000000,2.54999999,2.54999533,2.54926003,2.52454828,2.31735104
58,2.55000000,2.55000000,2.55000000,2.55000000,2.55000000,2.55000000,2.55000000,2.55000000,2.55000000,2.55000000,2.55000000,2.55000000,2.55000000,2.55000000,2.55000000,2.55000000,2.54999999,2.54999452,2.54919621,2.52369634,2.31542693
59,2.55000000,2.55000000,2.55000000,2.55000000,2.55000000,2.55000000,2.55000000,2.55000000,2.55000000,2.55000000,2.55000000,2.55000000,2.55000000,2.55000000,2.55000000,2.55000000,2.54999999,2.54999359,2.54912907,2.52283959,2.31352111
60,2.55000000,2.55000000,2.55000000,2.55000000,2.55000000,2.55000000,2.55000000,2.55000000,2.55000000,2.55000000,2.55000000,2.55000000,2.55000000,2.55000000,2.55000000,2.55000000,2.54999999,2.54999255,2.54905855,2.52197832,2.31163313
61,2.55000000,2.55000000,2.55000000,2.55000000,2.55000000,2.55000000,2.55000000,2.55000000,2.55000000,2.55000000,2.55000000,2.55000000,2.55000000,2.55000000,2.55000000,2.55000000,2.54999998,2.54999137,2.54898462,2.52111279,2.30976253
62,2.55000000,2.55000000,2.55000000,2.55000000,2.55000000,2.55000000,2.55000000,2.55000000,2.55000000,2.55000000,2.55000000,2.55000000,2.55000000,2.55000000,2.55000000,2.55000000,2.54999998,2.54999006,2.54890724,2.52024326,2.30790889
63,2.55000000,2.55000000,2.55000000,2.55000000,2.55000000,2.55000000,2.55000000,2.55000000,2.55000000,2.55000000,2.55000000,2.55000000,2.55000000,2.55000000,2.55000000,2.55000000,2.54999997,2.54998859,2.54882639,2.51936997,2.30607180
64,2.55000000,2.55000000,2.55000000,2.55000000,2.55000000,2.55000000,2.55000000,2.55000000,2.55000000,2.55000000,2.55000000,2.55000000,2.55000000,2.55000000,2.55000000,2.55000000,2.54999997,2.54998695,2.54874204,2.51849314,2.30425086
65,2.55000000,2.55000000,2.55000000,2.55000000,2.55000000,2.55000000,2.55000000,2.55000000,2.55000000,2.55000000,2.55000000,2.55000000,2.55000000,2.55000000,2.55000000,2.55000000,2.54999996,2.54998514,2.54865416,2.51761301,2.30244569
66,2.55000000,2.55000000,2.55000000,2.55000000,2.55000000,2.55000000,2.55000000,2.55000000,2.55000000,2.55000000,2.55000000,2.55000000,2.55000000,2.55000000,2.55000000,2.55000000,2.54999995,2.54998314,2.54856273,2.51672977,2.30065592
67,2.55000000,2.55000000,2.55000000,2.55000000,2.55000000,2.55000000,2.55000000,2.55000000,2.55000000,2.55000000,2.55000000,2.55000000,2.55000000,2.55000000,2.55000000,2.55000000,2.54999994,2.54998093,2.54846774,2.51584362,2.29888122
68,2.55000000,2.55000000,2.55000000,2.55000000,2.55000000,2.55000000,2.55000000,2.55000000,2.55000000,2.55000000,2.55000000,2.55000000,2.55000000,2.55000000,2.55000000,2.55000000,2.54999993,2.54997851,2.54836917,2.51495476,2.29712123
69,2.55000000,2.55000000,2.55000000,2.55000000,2.55000000,2.55000000,2.55000000,2.55000000,2.55000000,2.55000000,2.55000000,2.55000000,2.55000000,2.55000000,2.55000000,2.55000000,2.54999991,2.54997586,2.54826701,2.51406338,2.29537564
70,2.55000000,2.55000000,2.55000000,2.55000000,2.55000000,2.55000000,2.55000000,2.55000000,2.55000000,2.55000000,2.55000000,2.55000000,2.55000000,2.55000000,2.55000000,2.55000000,2.54999989,2.54997296,2.54816125,2.51316964,2.29364412
71,2.55000000,2.55000000,2.55000000,2.55000000,2.55000000,2.55000000,2.55000000,2.55000000,2.55000000,2.55000000,2.55000000,2.55000000,2.55000000,2.55000000,2.55000000,2.55000000,2.54999987,2.54996981,2.54805189,2.51227372,2.29192638
72,2.55000000,2.55000000,2.55000000,2.55000000,2.55000000,2.55000000,2.55000000,2.55000000,2.55000000,2.55000000,2.55000000,2.55000000,2.55000000,2.55000000,2.55000000,2.55000000,2.54999985,2.54996639,2.54793891,2.51137578,2.29022211
73,2.55000000,2.55000000,2.55000000,2.55000000,2.55000000,2.55000000,2.55000000,2.55000000,2.55000000,2.55000000,2.55000000,2.55000000,2.55000000,2.55000000,2.55000000,2.55000000,2.54999982,2.54996268,2.54782232,2.51047596,2.28853106
74,2.55000000,2.55000000,2.55000000,2.55000000,2.55000000,2.55000000,2.55000000,2.55000000,2.55000000,2.55000000,2.55000000,2.55000000,2.55000000,2.55000000,2.55000000,2.55000000,2.54999978,2.54995866,2.54770212,2.50957441,2.28685293
75,2.55000000,2.55000000,2.55000000,2.55000000,2.55000000,2.55000000,2.55000000,2.55000000,2.55000000,2.55000000,2.55000000,2.55000000,2.55000000,2.55000000,2.55000000,2.55000000,2.54999974,2.54995434,2.54757830,2.50867127,2.28518747
76,2.55000000,2.55000000,2.55000000,2.55000000,2.55000000,2.55000000,2.55000000,2.55000000,2.55000000,2.55000000,2.55000000,2.55000000,2.55000000,2.55000000,2.55000000,2.55000000,2.54999970,2.54994967,2.54745089,2.50776668,2.28353442
77,2.55000000,2.55000000,2.55000000,2.55000000,2.55000000,2.55000000,2.55000000,2.55000000,2.55000000,2.55000000,2.55000000,2.55000000,2.55000000,2.55000000,2.55000000,2.55000000,2.54999965,2.54994467,2.54731987,2.50686076,2.28189354
78,2.55000000,2.55000000,2.55000000,2.55000000,2.55000000,2.55000000,2.55000000,2.55000000,2.55000000,2.55000000,2.55000000,2.55000000,2.55000000,2.55000000,2.55000000,2.55000000,2.54999959,2.54993930,2.54718527,2.50595363,2.28026459
79,2.55000000,2.55000000,2.55000000,2.55000000,2.55000000,2.55000000,2.55000000,2.55000000,2.55000000,2.55000000,2.55000000,2.55000000,2.55000000,2.55000000,2.55000000,2.55000000,2.54999953,2.54993355,2.54704708,2.50504541,2.27864735
80,2.55000000,2.55000000,2.55000000,2.55000000,2.55000000,2.55000000,2.55000000,2.55000000,2.55000000,2.55000000,2.55000000,2.55000000,2.55000000,2.55000000,2.55000000,2.55000000,2.54999945,2.54992741,2.54690533,2.50413621,2.27704158
81,2.55000000,2.55000000,2.55000000,2.55000000,2.55000000,2.55000000,2.55000000,2.55000000,2.55000000,2.55000000,2.55000000,2.55000000,2.55000000,2.55000000,2.55000000,2.55000000,2.54999937,2.54992086,2.54676003,2.50322614,2.27544709
82,2.55000000,2.55000000,2.55000000,2.55000000,2.55000000,2.55000000,2.55000000,2.55000000,2.55000000,2.55000000,2.55000000,2.55000000,2.55000000,2.55000000,2.55000000,2.55000000,2.54999927,2.54991388,2.54661118,2.50231529,2.27386364
83,2.55000000,2.55000000,2.55000000,2.55000000,2.55000000,2.55000000,2.55000000,2.55000000,2.55000000,2.55000000,2.55000000,2.55000000,2.55000000,2.55000000,2.55000000,2.55000000,2.54999917,2.54990647,2.54645881,2.50140378,2.27229105
84,2.55000000,2.55000000,2.55000000,2.55000000,2.55000000,2.55000000,2.55000000,2.55000000,2.55000000,2.55000000,2.55000000,2.55000000,2.55000000,2.55000000,2.55000000,2.55000000,2.54999905,2.54989860,2.54630294,2.50049168,2.27072911
85,2.55000000,2.55000000,2.55000000,2.55000000,2.55000000,2.55000000,2.55000000,2.55000000,2.55000000,2.55000000,2.55000000,2.55000000,2.55000000,2.55000000,2.55000000,2.55000000,2.54999892,2.54989026,2.54614357,2.49957909,2.26917764
86,2.55000000,2.55000000,2.55000000,2.55000000,2.55000000,2.55000000,2.55000000,2.55000000,2.55000000,2.55000000,2.55000000,2.55000000,2.55000000,2.55000000,2.55000000,2.55000000,2.54999877,2.54988143,2.54598074,2.49866609,2.26763645
87,2.55000000,2.55000000,2.55000000,2.55000000,2.55000000,2.55000000,2.55000000,2.55000000,2.55000000,2.55000000,2.55000000,2.55000000,2.55000000,2.55000000,2.55000000,2.54999999,2.54999861,2.54987210,2.54581446,2.49775278,2.26610535
88,2.55000000,2.55000000,2.55000000,2.55000000,2.55000000,2.55000000,2.55000000,2.55000000,2.55000000,2.55000000,2.55000000,2.55000000,2.55000000,2.55000000,2.55000000,2.54999999,2.54999843,2.54986226,2.54564475,2.49683922,2.26458418
89,2.55000000,2.55000000,2.55000000,2.55000000,2.55000000,2.55000000,2.55000000,2.55000000,2.55000000,2.55000000,2.55000000,2.55000000,2.55000000,2.55000000,2.55000000,2.54999999,2.54999824,2.54985188,2.54547164,2.49592550,2.26307276
90,2.55000000,2.55000000,2.55000000,2.55000000,2.55000000,2.55000000,2.55000000,2.55000000,2.55000000,2.55000000,2.55000000,2.55000000,2.55000000,2.55000000,2.55000000,2.54999999,2.54999802,2.54984096,2.54529514,2.49501167,2.26157094
91,2.55000000,2.55000000,2.55000000,2.55000000,2.55000000,2.55000000,2.55000000,2.55000000,2.55000000,2.55000000,2.55000000,2.55000000,2.55000000,2.55000000,2.55000000,2.54999999,2.54999778,2.54982947,2.54511529,2.49409782,2.26007854
92,2.55000000,2.55000000,2.55000000,2.55000000,2.55000000,2.55000000,2.55000000,2.55000000,2.55000000,2.55000000,2.55000000,2.55000000,2.55000000,2.55000000,2.55000000,2.54999999,2.54999752,2.54981740,2.54493210,2.49318401,2.25859541
93,2.55000000,2.55000000,2.55000000,2.55000000,2.55000000,2.55000000,2.55000000,2.55000000,2.55000000,2.55000000,2.55000000,2.55000000,2.55000000,2.55000000,2.55000000,2.54999999,2.54999723,2.54980475,2.54474561,2.49227029,2.25712140
94,2.55000000,2.55000000,2.55000000,2.55000000,2.55000000,2.55000000,2.55000000,2.55000000,2.55000000,2.55000000,2.55000000,2.55000000,2.55000000,2.55000000,2.55000000,2.54999998,2.54999692,2.54979148,2.54455584,2.49135674,2.25565638
95,2.55000000,2.55000000,2.55000000,2.55000000,2.55000000,2.55000000,2.55000000,2.55000000,2.55000000,2.55000000,2.55000000,2.55000000,2.55000000,2.55000000,2.55000000,2.54999998,2.54999658,2.54977760,2.54436281,2.49044340,2.25420019
96,2.55000000,2.55000000,2.55000000,2.55000000,2.55000000,2.55000000,2.55000000,2.55000000,2.55000000,2.55000000,2.55000000,2.55000000,2.55000000,2.55000000,2.55000000,2.54999998,2.54999621,2.54976308,2.54416655,2.48953034,2.25275268
97,2.55000000,2.55000000,2.55000000,2.55000000,2.55000000,2.55000000,2.55000000,2.55000000,2.55000000,2.55000000,2.55000000,2.55000000,2.55000000,2.55000000,2.55000000,2.54999997,2.54999581,2.54974791,2.54396709,2.48861760,2.25131373
98,2.55000000,2.55000000,2.55000000,2.55000000,2.55000000,2.55000000,2.55000000,2.55000000,2.55000000,2.55000000,2.55000000,2.55000000,2.55000000,2.55000000,2.55000000,2.54999997,2.54999537,2.54973207,2.54376446,2.48770524,2.24988320
99,2.55000000,2.55000000,2.55000000,2.55000000,2.55000000,2.55000000,2.55000000,2.55000000,2.55000000,2.55000000,2.55000000,2.55000000,2.55000000,2.55000000,2.55000000,2.54999996,2.54999490,2.54971556,2.54355869,2.48679331,2.24846098
100,2.55000000,2.55000000,2.55000000,2.55000000,2.55000000,2.55000000,2.55000000,2.55000000,2.55000000,2.55000000,2.55000000,2.55000000,2.55000000,2.55000000,2.55000000,2.54999996,2.54999439,2.54969836,2.54334980,2.48588184,2.24704691
101,2.55000000,2.55000000,2.55000000,2.55000000,2.55000000,2.55000000,2.55000000,2.55000000,2.55000000,2.55000000,2.55000000,2.55000000,2.55000000,2.55000000,2.55000000,2.54999995,2.54999384,2.54968046,2.54313782,2.48497090,2.24564089
102,2.55000000,2.55000000,2.55000000,2.55000000,2.55000000,2.55000000,2.55000000,2.55000000,2.55000000,2.55000000,2.55000000,2.55000000,2.55000000,2.55000000,2.55000000,2.54999995,2.54999325,2.54966184,2.54292279,2.48406052,2.24424279
103,2.55000000,2.55000000,2.55000000,2.55000000,2.55000000,2.55000000,2.55000000,2.55000000,2.55000000,2.55000000,2.55000000,2.55000000,2.55000000,2.55000000,2.55000000,2.54999994,2.54999261,2.54964249,2.54270473,2.48315074,2.24285251
104,2.55000000,2.55000000,2.55000000,2.55000000,2.55000000,2.55000000,2.55000000,2.55000000,2.55000000,2.55000000,2.55000000,2.55000000,2.55000000,2.55000000,2.55000000,2.54999993,2.54999193,2.54962240,2.54248367,2.48224160,2.24146991
105,2.55000000,2.55000000,2.55000000,2.55000000,2.55000000,2.55000000,2.55000000,2.55000000,2.55000000,2.55000000,2.55000000,2.55000000,2.55000000,2.55000000,2.55000000,2.54999992,2.54999120,2.54960155,2.54225963,2.48133313,2.24009490
106,2.55000000,2.55000000,2.55000000,2.55000000,2.55000000,2.55000000,2.55000000,2.55000000,2.55000000,2.55000000,2.55000000,2.55000000,2.55000000,2.55000000,2.55000000,2.54999991,2.54999041,2.54957994,2.54203266,2.48042539,2.23872735
107,2.55000000,2.55000000,2.55000000,2.55000000,2.55000000,2.55000000,2.55000000,2.55000000,2.55000000,2.55000000,2.55000000,2.55000000,2.55000000,2.55000000,2.55000000,2.54999990,2.54998958,2.54955755,2.54180278,2.47951839,2.23736717
108,2.55000000,2.55000000,2.55000000,2.55000000,2.55000000,2.55000000,2.55000000,2.55000000,2.55000000,2.55000000,2.55000000,2.55000000,2.55000000,2.55000000,2.55000000,2.54999988,2.54998868,2.54953437,2.54157002,2.47861217,2.23601426
109,2.55000000,2.55000000,2.55000000,2.55000000,2.55000000,2.55000000,2.55000000,2.55000000,2.55000000,2.55000000,2.55000000,2.55000000,2.55000000,2.55000000,2.55000000,2.54999987,2.54998773,2.54951039,2.54133440,2.47770677,2.23466850
110,2.55000000,2.55000000,2.55000000,2.55000000,2.55000000,2.55000000,2.55000000,2.55000000,2.55000000,2.55000000,2.55000000,2.55000000,2.55000000,2.55000000,2.55000000,2.54999985,2.54998671,2.54948560,2.54109597,2.47680221,2.23332981
111,2.55000000,2.55000000,2.55000000,2.55000000,2.55000000,2.55000000,2.55000000,2.55000000,2.55000000,2.55000000,2.55000000,2.55000000,2.55000000,2.55000000,2.55000000,2.54999983,2.54998563,2.54945999,2.54085475,2.47589853,2.23199807
112,2.55000000,2.55000000,2.55000000,2.55000000,2.55000000,2.55000000,2.55000000,2.55000000,2.55000000,2.55000000,2.55000000,2.55000000,2.55000000,2.55000000,2.55000000,2.54999981,2.54998448,2.54943354,2.54061076,2.47499574,2.23067321
113,2.55000000,2.55000000,2.55000000,2.55000000,2.55000000,2.55000000,2.55000000,2.55000000,2.55000000,2.55000000,2.55000000,2.55000000,2.55000000,2.55000000,2.55000000,2.54999979,2.54998326,2.54940625,2.54036405,2.47409388,2.22935513
114,2.55000000,2.55000000,2.55000000,2.55000000,2.55000000,2.55000000,2.55000000,2.55000000,2.55000000,2.55000000,2.55000000,2.55000000,2.55000000,2.55000000,2.55000000,2.54999977,2.54998196,2.54937811,2.54011464,2.47319298,2.22804374
115,2.55000000,2.55000000,2.55000000,2.55000000,2.55000000,2.55000000,2.55000000,2.55000000,2.55000000,2.55000000,2.55000000,2.55000000,2.55000000,2.55000000,2.55000000,2.54999974,2.54998059,2.54934910,2.53986256,2.47229305,2.22673894
116,2.55000000,2.55000000,2.55000000,2.55000000,2.55000000,2.55000000,2.55000000,2.55000000,2.55000000,2.55000000,2.55000000,2.55000000,2.55000000,2.55000000,2.55000000,2.54999971,2.54997914,2.54931922,2.53960784,2.47139412,2.22544065
117,2.55000000,2.55000000,2.55000000,2.55000000,2.55000000,2.55000000,2.55000000,2.55000000,2.55000000,2.55000000,2.55000000,2.55000000,2.55000000,2.55000000,2.55000000,2.54999968,2.54997761,2.54928846,2.53935051,2.47049621,2.22414879
118,2.55000000,2.55000000,2.55000000,2.55000000,2.55000000,2.55000000,2.55000000,2.55000000,2.55000000,2.55000000,2.55000000,2.55000000,2.55000000,2.55000000,2.55000000,2.54999964,2.54997599,2.54925681,2.53909060,2.46959934,2.22286329
119,2.55000000,2.55000000,2.55000000,2.55000000,2.55000000,2.55000000,2.55000000,2.55000000,2.55000000,2.55000000,2.55000000,2.55000000,2.55000000,2.55000000,2.55000000,2.54999960,2.54997428,2.54922426,2.53882814,2.46870353,2.22158405
120,2.55000000,2.55000000,2.55000000,2.55000000,2.55000000,2.55000000,2.55000000,2.55000000,2.55000000,2.55000000,2.55000000,2.55000000,2.55000000,2.55000000,2.55000000,2.54999956,2.54997248,2.54919080,2.53856317,2.46780880,2.22031100
121,2.55000000,2.55000000,2.55000000,2.55000000,2.55000000,2.55000000,2.55000000,2.55000000,2.55000000,2.55000000,2.55000000,2.55000000,2.55000000,2.55000000,2.55000000,2.54999952,2.54997058,2.54915643,2.53829570,2.46691517,2.21904405
122,2.55000000,2.55000000,2.55000000,2.55000000,2.55000000,2.55000000,2.55000000,2.55000000,2.55000000,2.55000000,2.55000000,2.55000000,2.55000000,2.55000000,2.55000000,2.54999947,2.54996858,2.54912113,2.53802577,2.46602266,2.21778312
123,2.55000000,2.55000000,2.55000000,2.55000000,2.55000000,2.55000000,2.55000000,2.55000000,2.55000000,2.55000000,2.55000000,2.55000000,2.55000000,2.55000000,2.55000000,2.54999942,2.54996649,2.54908490,2.53775341,2.46513129,2.21652814
124,2.55000000,2.55000000,2.55000000,2.55000000,2.55000000,2.55000000,2.55000000,2.55000000,2.55000000,2.55000000,2.55000000,2.55000000,2.55000000,2.55000000,2.54999999,2.54999936,2.54996428,2.54904773,2.53747864,2.46424106,2.21527905
125,2.55000000,2.55000000,2.55000000,2.55000000,2.55000000,2.55000000,2.55000000,2.55000000,2.55000000,2.55000000,2.55000000,2.55000000,2.55000000,2.55000000,2.54999999,2.54999930,2.54996197,2.54900961,2.53720150,2.46335200,2.21403576
126,2.55000000,2.55000000,2.55000000,2.55000000,2.55000000,2.55000000,2.55000000,2.55000000,2.55000000,2.55000000,2.55000000,2.55000000,2.55000000,2.55000000,2.54999999,2.54999923,2.54995954,2.54897054,2.53692201,2.46246412,2.21279822
127,2.55000000,2.55000000,2.55000000,2.55000000,2.55000000,2.55000000,2.55000000,2.55000000,2.55000000,2.55000000,2.55000000,2.55000000,2.55000000,2.55000000,2.54999999,2.54999916,2.54995700,2.54893051,2.53664020,2.46157744,2.21156635
128,2.55000000,2.55000000,2.55000000,2.55000000,2.55000000,2.55000000,2.55000000,2.55000000,2.55000000,2.55000000,2.55000000,2.55000000,2.55000000,2.55000000,2.54999999,2.54999908,2.54995434,2.54888952,2.53635611,2.46069196,2.21034007
129,2.55000000,2.55000000,2.55000000,2.55000000,2.55000000,2.55000000,2.55000000,2.55000000,2.55000000,2.55000000,2.55000000,2.55000000,2.55000000,2.55000000,2.54999999,2.54999900,2.54995156,2.54884755,2.53606975,2.45980771,2.20911934
130,2.55000000,2.55000000,2.55000000,2.55000000,2.55000000,2.55000000,2.55000000,2.55000000,2.55000000,2.55000000,2.55000000,2.55000000,2.55000000,2.55000000,2.54999999,2.54999891,2.54994865,2.54880460,2.53578116,2.45892468,2.20790408
131,2.55000000,2.55000000,2.55000000,2.55000000,2.55000000,2.55000000,2.55000000,2.55000000,2.55000000,2.55000000,2.55000000,2.55000000,2.55000000,2.55000000,2.54999999,2.54999881,2.54994561,2.54876067,2.53549036,2.45804290,2.20669423
132,2.55000000,2.55000000,2.55000000,2.55000000,2.55000000,2.55000000,2.55000000,2.55000000,2.55000000,2.55000000,2.55000000,2.55000000,2.55000000,2.55000000,2.54999999,2.54999871,2.54994244,2.54871575,2.53519739,2.45716237,2.20548972
133,2.55000000,2.55000000,2.55000000,2.55000000,2.55000000,2.55000000,2.55000000,2.55000000,2.55000000,2.55000000,2.55000000,2.55000000,2.55000000,2.55000000,2.54999998,2.54999860,2.54993913,2.54866984,2.53490226,2.45628310,2.20429051
134,2.55000000,2.55000000,2.55000000,2.55000000,2.55000000,2.55000000,2.55000000,2.55000000,2.55000000,2.55000000,2.55000000,2.55000000,2.55000000,2.55000000,2.54999998,2.54999848,2.54993568,2.54862292,2.53460501,2.45540511,2.20309651
135,2.55000000,2.55000000,2.55000000,2.55000000,2.55000000,2.55000000,2.55000000,2.55000000,2.55000000,2.55000000,2.55000000,2.55000000,2.55000000,2.55000000,2.54999998,2.54999835,2.54993208,2.54857500,2.53430566,2.45452840,2.20190769
136,2.55000000,2.55000000,2.55000000,2.55000000,2.55000000,2.55000000,2.55000000,2.55000000,2.55000000,2.55000000,2.55000000,2.55000000,2.55000000,2.55000000,2.54999998,2.54999821,2.54992834,2.54852607,2.53400424,2.45365299,2.20072398
137,2.55000000,2.55000000,2.55000000,2.55000000,2.55000000,2.55000000,2.55000000,2.55000000,2.55000000,2.55000000,2.55000000,2.55000000,2.55000000,2.55000000,2.54999997,2.54999807,2.54992444,2.54847613,2.53370077,2.45277887,2.19954531
138,2.55000000,2.55000000,2.55000000,2.55000000,2.55000000,2.55000000,2.55000000,2.55000000,2.55000000,2.55000000,2.55000000,2.55000000,2.55000000,2.55000000,2.54999997,2.54999792,2.54992039,2.54842516,2.53339529,2.45190606,2.19837165
139,2.55000000,2.55000000,2.55000000,2.55000000,2.55000000,2.55000000,2.55000000,2.55000000,2.55000000,2.55000000,2.55000000,2.55000000,2.55000000,2.55000000,2.54999997,2.54999775,2.54991618,2.54837318,2.53308781,2.45103457,2.19720292
140,2.55000000,2.55000000,2.55000000,2.55000000,2.55000000,2.55000000,2.55000000,2.55000000,2.55000000,2.55000000,2.55000000,2.55000000,2.55000000,2.55000000,2.54999997,2.54999758,2.54991181,2.54832017,2.53277837,2.45016439,2.19603909
141,2.55000000,2.55000000,2.55000000,2.55000000,2.55000000,2.55000000,2.55000000,2.55000000,2.55000000,2.55000000,2.55000000,2.55000000,2.55000000,2.55000000,2.54999996,2.54999739,2.54990727,2.54826613,2.53246699,2.44929555,2.19488009
142,2.55000000,2.55000000,2.55000000,2.55000000,2.55000000,2.55000000,2.55000000,2.55000000,2.55000000,2.55000000,2.55000000,2.55000000,2.55000000,2.55000000,2.54999996,2.54999720,2.54990256,2.54821106,2.53215369,2.44842804,2.19372587
143,2.55000000,2.55000000,2.55000000,2.55000000,2.55000000,2.55000000,2.55000000,2.55000000,2.55000000,2.55000000,2.55000000,2.55000000,2.55000000,2.55000000,2.54999995,2.54999699,2.54989768,2.54815495,2.53183849,2.44756187,2.19257639
144,2.55000000,2.55000000,2.55000000,2.55000000,2.55000000,2.55000000,2.55000000,2.55000000,2.55000000,2.55000000,2.55000000,2.55000000,2.55000000,2.55000000,2.54999995,2.54999677,2.54989262,2.54809781,2.53152143,2.44669704,2.19143160
145,2.55000000,2.55000000,2.55000000,2.55000000,2.55000000,2.55000000,2.55000000,2.55000000,2.55000000,2.55000000,2.55000000,2.55000000,2.55000000,2.55000000,2.54999994,2.54999653,2.54988737,2.54803962,2.53120253,2.44583357,2.19029143
146,2.55000000,2.55000000,2.55000000,2.55000000,2.55000000,2.55000000,2.55000000,2.55000000,2.55000000,2.55000000,2.55000000,2.55000000,2.55000000,2.55000000,2.54999994,2.54999629,2.54988194,2.54798039,2.53088181,2.44497145,2.18915586
147,2.55000000,2.55000000,2.55000000,2.55000000,2.55000000,2.55000000,2.55000000,2.55000000,2.55000000,2.55000000,2.55000000,2.55000000,2.55000000,2.55000000,2.54999993,2.54999603,2.54987633,2.54792011,2.53055929,2.44411069,2.18802482
148,2.55000000,2.55000000,2.55000000,2.55000000,2.55000000,2.55000000,2.55000000,2.55000000,2.55000000,2.55000000,2.55000000,2.55000000,2.55000000,2.55000000,2.54999993,2.54999575,2.54987052,2.54785879,2.53023500,2.44325129,2.18689827
149,2.55000000,2.55000000,2.55000000,2.55000000,2.55000000,2.55000000,2.55000000,2.55000000,2.55000000,2.55000000,2.55000000,2.55000000,2.55000000,2.55000000,2.54999992,2.54999546,2.54986451,2.54779641,2.52990897,2.44239327,2.18577617
150,2.55000000,2.55000000,2.55000000,2.55000000,2.55000000,2.55000000,2.55000000,2.55000000,2.55000000,2.55000000,2.55000000,2.55000000,2.55000000,2.55000000,2.54999991,2.54999515,2.54985831,2.54773298,2.52958121,2.44153661,2.18465847
151,2.55000000,2.55000000,2.55000000,2.55000000,2.55000000,2.55000000,2.55000000,2.55000000,2.55000000,2.55000000,2.55000000,2.55000000,2.55000000,2.55000000,2.54999990,2.54999483,2.54985190,2.54766850,2.52925175,2.44068132,2.18354513
152,2.55000000,2.55000000,2.55000000,2.55000000,2.55000000,2.55000000,2.55000000,2.55000000,2.55000000,2.55000000,2.55000000,2.55000000,2.55000000,2.55000000,2.54999989,2.54999448,2.54984528,2.54760296,2.52892061,2.43982742,2.18243609
153,2.55000000,2.55000000,2.55000000,2.55000000,2.55000000,2.55000000,2.55000000,2.55000000,2.55000000,2.55000000,2.55000000,2.55000000,2.55000000,2.55000000,2.54999988,2.54999413,2.54983845,2.54753637,2.52858782,2.43897489,2.18133133
154,2.55000000,2.55000000,2.55000000,2.55000000,2.55000000,2.55000000,2.55000000,2.55000000,2.55000000,2.55000000,2.55000000,2.55000000,2.55000000,2.55000000,2.54999987,2.54999375,2.54983141,2.54746871,2.52825340,2.43812375,2.18023079
155,2.55000000,2.55000000,2.55000000,2.55000000,2.55000000,2.55000000,2.55000000,2.55000000,2.55000000,2.55000000,2.55000000,2.55000000,2.55000000,2.55000000,2.54999986,2.54999335,2.54982415,2.54740000,2.52791736,2.43727399,2.17913444
156,2.55000000,2.55000000,2.55000000,2.55000000,2.55000000,2.55000000,2.55000000,2.55000000,2.55000000,2.55000000,2.55000000,2.55000000,2.55000000,2.55000000,2.54999985,2.54999293,2.54981667,2.54733023,2.52757973,2.43642561,2.17804224
157,2.55000000,2.55000000,2.55000000,2.55000000,2.55000000,2.55000000,2.55000000,2.55000000,2.55000000,2.55000000,2.55000000,2.55000000,2.55000000,2.55000000,2.54999984,2.54999249,2.54980896,2.54725940,2.52724053,2.43557863,2.17695413
158,2.55000000,2.55000000,2.55000000,2.55000000,2.55000000,2.55000000,2.55000000,2.55000000,2.55000000,2.55000000,2.55000000,2.55000000,2.55000000,2.55000000,2.54999982,2.54999204,2.54980102,2.54718750,2.52689979,2.43473303,2.17587010
159,2.55000000,2.55000000,2.55000000,2.55000000,2.55000000,2.55000000,2.55000000,2.55000000,2.55000000,2.55000000,2.55000000,2.55000000,2.55000000,2.55000000,2.54999981,2.54999155,2.54979285,2.54711455,2.52655752,2.43388882,2.17479009
160,2.55000000,2.55000000,2.55000000,2.55000000,2.55000000,2.55000000,2.55000000,2.55000000,2.55000000,2.55000000,2.55000000,2.55000000,2.55000000,2.55000000,2.54999979,2.54999105,2.54978444,2.54704053,2.52621375,2.43304601,2.17371407
161,2.55000000,2.55000000,2.55000000,2.55000000,2.55000000,2.55000000,2.55000000,2.55000000,2.55000000,2.55000000,2.55000000,2.55000000,2.55000000,2.55000000,2.54999977,2.54999052,2.54977579,2.54696545,2.52586849,2.43220459,2.17264200
162,2.55000000,2.55000000,2.55000000,2.55000000,2.55000000,2.55000000,2.55000000,2.55000000,2.55000000,2.55000000,2.55000000,2.55000000,2.55000000,2.55000000,2.54999976,2.54998997,2.54976690,2.54688931,2.52552177,2.43136456,2.17157384
163,2.55000000,2.55000000,2.55000000,2.55000000,2.55000000,2.55000000,2.55000000,2.55000000,2.55000000,2.55000000,2.55000000,2.55000000,2.55000000,2.55000000,2.54999974,2.54998939,2.54975776,2.54681210,2.52517361,2.43052593,2.17050956
164,2.55000000,2.55000000,2.55000000,2.55000000,2.55000000,2.55000000,2.55000000,2.55000000,2.55000000,2.55000000,2.55000000,2.55000000,2.55000000,2.55000000,2.54999972,2.54998879,2.54974837,2.54673384,2.52482402,2.42968869,2.16944912
165,2.55000000,2.55000000,2.55000000,2.55000000,2.55000000,2.55000000,2.55000000,2.55000000,2.55000000,2.55000000,2.55000000,2.55000000,2.55000000,2.55000000,2.54999969,2.54998815,2.54973873,2.54665451,2.52447303,2.42885285,2.16839248
166,2.55000000,2.55000000,2.55000000,2.55000000,2.55000000,2.55000000,2.55000000,2.55000000,2.55000000,2.55000000,2.55000000,2.55000000,2.55000000,2.55000000,2.54999967,2.54998749,2.54972883,2.54657413,2.52412065,2.42801840,2.16733962
167,2.55000000,2.55000000,2.55000000,2.55000000,2.55000000,2.55000000,2.55000000,2.55000000,2.55000000,2.55000000,2.55000000,2.55000000,2.55000000,2.54999999,2.54999964,2.54998681,2.54971867,2.54649268,2.52376690,2.42718534,2.16629049
168,2.55000000,2.55000000,2.55000000,2.55000000,2.55000000,2.55000000,2.55000000,2.55000000,2.55000000,2.55000000,2.55000000,2.55000000,2.55000000,2.54999999,2.54999962,2.54998609,2.54970824,2.54641017,2.52341181,2.42635368,2.16524507
169,2.55000000,2.55000000,2.55000000,2.55000000,2.55000000,2.55000000,2.55000000,2.55000000,2.55000000,2.55000000,2.55000000,2.55000000,2.55000000,2.54999999,2.54999959,2.54998534,2.54969755,2.54632661,2.52305540,2.42552341,2.16420331
170,2.55000000,2.55000000,2.55000000,2.55000000,2.55000000,2.55000000,2.55000000,2.55000000,2.55000000,2.55000000,2.55000000,2.55000000,2.55000000,2.54999999,2.54999956,2.54998456,2.54968658,2.54624199,2.52269767,2.42469454,2.16316519
171,2.55000000,2.55000000,2.55000000,2.55000000,2.55000000,2.55000000,2.55000000,2.55000000,2.55000000,2.55000000,2.55000000,2.55000000,2.55000000,2.54999999,2.54999953,2.54998375,2.54967534,2.54615631,2.52233865,2.42386705,2.16213068
172,2.55000000,2.55000000,2.55000000,2.55000000,2.55000000,2.55000000,2.55000000,2.55000000,2.55000000,2.55000000,2.55000000,2.55000000,2.55000000,2.54999999,2.54999949,2.54998291,2.54966382,2.54606958,2.52197836,2.42304096,2.16109974
173,2.55000000,2.55000000,2.55000000,2.55000000,2.55000000,2.55000000,2.55000000,2.55000000,2.55000000,2.55000000,2.55000000,2.55000000,2.55000000,2.54999999,2.54999945,2.54998203,2.54965203,2.54598179,2.52161682,2.42221626,2.16007234
174,2.55000000,2.55000000,2.55000000,2.55000000,2.55000000,2.55000000,2.55000000,2.55000000,2.55000000,2.55000000,2.55000000,2.55000000,2.55000000,2.54999999,2.54999942,2.54998111,2.54963994,2.54589295,2.52125403,2.42139295,2.15904844
175,2.55000000,2.55000000,2.55000000,2.55000000,2.55000000,2.55000000,2.55000000,2.55000000,2.55000000,2.55000000,2.55000000,2.55000000,2.55000000,2.54999999,2.54999938,2.54998016,2.54962757,2.54580306,2.52089003,2.42057103,2.15802803
176,2.55000000,2.55000000,2.55000000,2.55000000,2.55000000,2.55000000,2.55000000,2.55000000,2.55000000,2.55000000,2.55000000,2.55000000,2.55000000,2.54999999,2.54999933,2.54997918,2.54961491,2.54571213,2.52052483,2.41975050,2.15701107
177,2.55000000,2.55000000,2.55000000,2.55000000,2.55000000,2.55000000,2.55000000,2.55000000,2.55000000,2.55000000,2.55000000,2.55000000,2.55000000,2.54999999,2.54999929,2.54997815,2.54960196,2.54562014,2.52015844,2.41893135,2.15599752
178,2.55000000,2.55000000,2.55000000,2.55000000,2.55000000,2.55000000,2.55000000,2.55000000,2.55000000,2.55000000,2.55000000,2.55000000,2.55000000,2.54999999,2.54999924,2.54997709,2.54958870,2.54552711,2.51979088,2.41811358,2.15498737
179,2.55000000,2.55000000,2.55000000,2.55000000,2.55000000,2.55000000,2.55000000,2.55000000,2.55000000,2.55000000,2.55000000,2.55000000,2.55000000,2.54999998,2.54999919,2.54997598,2.54957515,2.54543303,2.51942217,2.41729720,2.15398058
180,2.55000000,2.55000000,2.55000000,2.55000000,2.55000000,2.55000000,2.55000000,2.55000000,2.55000000,2.55000000,2.55000000,2.55000000,2.55000000,2.54999998,2.54999913,2.54997484,2.54956129,2.54533792,2.51905232,2.41648220,2.15297712
181,2.55000000,2.55000000,2.55000000,2.55000000,2.55000000,2.55000000,2.55000000,2.55000000,2.55000000,2.55000000,2.55000000,2.55000000,2.55000000,2.54999998,2.54999908,2.54997365,2.54954713,2.54524176,2.51868136,2.41566859,2.15197697
182,2.55000000,2.55000000,2.55000000,2.55000000,2.55000000,2.55000000,2.55000000,2.55000000,2.55000000,2.55000000,2.55000000,2.55000000,2.55000000,2.54999998,2.54999902,2.54997242,2.54953266,2.54514457,2.51830929,2.41485634,2.15098011
183,2.55000000,2.55000000,2.55000000,2.55000000,2.55000000,2.55000000,2.55000000,2.55000000,2.55000000,2.55000000,2.55000000,2.55000000,2.55000000,2.54999998,2.54999895,2.54997115,2.54951787,2.54504634,2.51793614,2.41404548,2.14998649
184,2.55000000,2.55000000,2.55000000,2.55000000,2.55000000,2.55000000,2.55000000,2.55000000,2.55000000,2.55000000,2.55000000,2.55000000,2.55000000,2.54999998,2.54999889,2.54996983,2.54950278,2.54494708,2.51756192,2.41323599,2.14899611
185,2.55000000,2.55000000,2.55000000,2.55000000,2.55000000,2.55000000,2.55000000,2.55000000,2.55000000,2.55000000,2.55000000,2.55000000,2.55000000,2.54999997,2.54999882,2.54996847,2.54948736,2.54484678,2.51718664,2.41242787,2.14800892
186,2.55000000,2.55000000,2.55000000,2.55000000,2.55000000,2.55000000,2.55000000,2.55000000,2.55000000,2.55000000,2.55000000,2.55000000,2.55000000,2.54999997,2.54999875,2.54996706,2.54947162,2.54474546,2.51681032,2.41162112,2.14702490
187,2.55000000,2.55000000,2.55000000,2.55000000,2.55000000,2.55000000,2.55000000,2.55000000,2.55000000,2.55000000,2.55000000,2.55000000,2.55000000,2.54999997,2.54999867,2.54996560,2.54945556,2.54464311,2.51643297,2.41081574,2.14604403
188,2.55000000,2.55000000,2.55000000,2.55000000,2.55000000,2.55000000,2.55000000,2.55000000,2.55000000,2.55000000,2.55000000,2.55000000,2.55000000,2.54999997,2.54999859,2.54996409,2.54943917,2.54453974,2.51605462,2.41001172,2.14506628
189,2.55000000,2.55000000,2.55000000,2.55000000,2.55000000,2.55000000,2.55000000,2.55000000,2.55000000,2.55000000,2.55000000,2.55000000,2.55000000,2.54999996,2.54999850,2.54996253,2.54942245,2.54443535,2.51567527,2.40920906,2.14409163
190,2.55000000,2.55000000,2.55000000,2.55000000,2.55000000,2.55000000,2.55000000,2.55000000,2.55000000,2.55000000,2.55000000,2.55000000,2.55000000,2.54999996,2.54999841,2.54996092,2.54940540,2.54432994,2.51529493,2.40840777,2.14312004
191,2.55000000,2.55000000,2.55000000,2.55000000,2.55000000,2.55000000,2.55000000,2.55000000,2.55000000,2.55000000,2.55000000,2.55000000,2.55000000,2.54999996,2.54999832,2.54995925,2.54938801,2.54422352,2.51491364,2.40760783,2.14215150
192,2.55000000,2.55000000,2.55000000,2.55000000,2.55000000,2.55000000,2.55000000,2.55000000,2.55000000,2.55000000,2.55000000,2.55000000,2.55000000,2.54999995,2.54999822,2.54995753,2.54937029,2.54411608,2.51453139,2.40680925,2.14118599
193,2.55000000,2.55000000,2.55000000,2.55000000,2.55000000,2.55000000,2.55000000,2.55000000,2.55000000,2.55000000,2.55000000,2.55000000,2.55000000,2.54999995,2.54999812,2.54995576,2.54935222,2.54400764,2.51414820,2.40601203,2.14022347
194,2.55000000,2.55000000,2.55000000,2.55000000,2.55000000,2.55000000,2.55000000,2.55000000,2.55000000,2.55000000,2.55000000,2.55000000,2.55000000,2.54999995,2.54999801,2.54995393,2.54933382,2.54389818,2.51376409,2.40521615,2.13926393
195,2.55000000,2.55000000,2.55000000,2.55000000,2.55000000,2.55000000,2.55000000,2.55000000,2.55000000,2.55000000,2.55000000,2.55000000,2.55000000,2.54999994,2.54999790,2.54995205,2.54931506,2.54378773,2.51337907,2.40442162,2.13830733
196,2.55000000,2.55000000,2.55000000,2.55000000,2.55000000,2.55000000,2.55000000,2.55000000,2.55000000,2.55000000,2.55000000,2.55000000,2.55000000,2.54999994,2.54999778,2.54995010,2.54929596,2.54367627,2.51299315,2.40362844,2.13735367
197,2.55000000,2.55000000,2.55000000,2.55000000,2.55000000,2.55000000,2.55000000,2.55000000,2.55000000,2.55000000,2.55000000,2.55000000,2.55000000,2.54999993,2.54999766,2.54994810,2.54927651,2.54356382,2.51260635,2.40283660,2.13640291
198,2.55000000,2.55000000,2.55000000,2.55000000,2.55000000,2.55000000,2.55000000,2.55000000,2.55000000,2.55000000,2.55000000,2.55000000,2.55000000,2.54999993,2.54999753,2.54994604,2.54925671,2.54345037,2.51221868,2.40204609,2.13545503
199,2.55000000,2.55000000,2.55000000,2.55000000,2.55000000,2.55000000,2.55000000,2.55000000,2.55000000,2.55000000,2.55000000,2.55000000,2.55000000,2.54999992,2.54999740,2.54994391,2.54923655,2.54333593,2.51183015,2.40125693,2.13451001
200,2.55000000,2.55000000,2.55000000,2.55000000,2.55000000,2.55000000,2.55000000,2.55000000,2.55000000,2.55000000,2.55000000,2.55000000,2.55000000,2.54999992,2.54999726,2.54994172,2.54921603,2.54322050,2.51144078,2.40046909,2.13356784
201,2.55000000,2.55000000,2.55000000,2.55000000,2.55000000,2.55000000,2.55000000,2.55000000,2.55000000,2.55000000,2.55000000,2.55000000,2.55000000,2.54999991,2.54999711,2.54993947,2.54919516,2.54310409,2.51105058,2.39968259,2.13262848
202,2.55000000,2.55000000,2.55000000,2.55000000,2.55000000,2.55000000,2.55000000,2.55000000,2.55000000,2.55000000,2.55000000,2.55000000,2.55000000,2.54999991,2.54999696,2.54993715,2.54917392,2.54298670,2.51065956,2.39889742,2.13169192
203,2.55000000,2.55000000,2.55000000,2.55000000,2.55000000,2.55000000,2.55000000,2.55000000,2.55000000,2.55000000,2.55000000,2.55000000,2.55000000,2.54999990,2.54999680,2.54993477,2.54915231,2.54286833,2.51026773,2.39811357,2.13075813
204,2.55000000,2.55000000,2.55000000,2.55000000,2.55000000,2.55000000,2.55000000,2.55000000,2.55000000,2.55000000,2.55000000,2.55000000,2.55000000,2.54999989,2.54999663,2.54993232,2.54913034,2.54274899,2.50987511,2.39733104,2.12982709
205,2.55000000,2.55000000,2.55000000,2.55000000,2.55000000,2.55000000,2.55000000,2.55000000,2.55000000,2.55000000,2.55000000,2.55000000,2.55000000,2.54999989,2.54999646,2.54992980,2.54910800,2.54262867,2.50948171,2.39654983,2.12889879
206,2.55000000,2.55000000,2.55000000,2.55000000,2.55000000,2.55000000,2.55000000,2.55000000,2.55000000,2.55000000,2.55000000,2.55000000,2.55000000,2.54999988,2.54999628,2.54992721,2.54908529,2.54250739,2.50908754,2.39576994,2.12797321
207,2.55000000,2.55000000,2.55000000,2.55000000,2.55000000,2.55000000,2.55000000,2.55000000,2.55000000,2.55000000,2.55000000,2.55000000,2.55000000,2.54999987,2.54999609,2.54992455,2.54906220,2.54238514,2.50869261,2.39499135,2.12705031
208,2.55000000,2.55000000,2.55000000,2.55000000,2.55000000,2.55000000,2.55000000,2.55000000,2.55000000,2.55000000,2.55000000,2.55000000,2.55000000,2.54999986,2.54999589,2.54992181,2.54903874,2.54226194,2.50829693,2.39421408,2.12613010
209,2.55000000,2.55000000,2.55000000,2.55000000,2.55000000,2.55000000,2.55000000,2.55000000,2.55000000,2.55000000,2.55000000,2.55000000,2.55000000,2.54999985,2.54999569,2.54991901,2.54901490,2.54213777,2.50790052,2.39343812,2.12521253
210,2.55000000,2.55000000,2.55000000,2.55000000,2.55000000,2.55000000,2.55000000,2.55000000,2.55000000,2.55000000,2.55000000,2.55000000,2.55000000,2.54999984,2.54999548,2.54991613,2.54899068,2.54201266,2.50750339,2.39266345,2.12429760
211,2.55000000,2.55000000,2.55000000,2.55000000,2.55000000,2.55000000,2.55000000,2.55000000,2.55000000,2.55000000,2.55000000,2.55000000,2.55000000,2.54999983,2.54999526,2.54991317,2.54896608,2.54188659,2.50710555,2.39189009,2.12338529
212,2.55000000,2.55000000,2.55000000,2.55000000,2.55000000,2.55000000,2.55000000,2.55000000,2.55000000,2.55000000,2.55000000,2.55000000,2.55000000,2.54999982,2.54999503,2.54991013,2.54894110,2.54175958,2.50670700,2.39111802,2.12247557
213,2.55000000,2.55000000,2.55000000,2.55000000,2.55000000,2.55000000,2.55000000,2.55000000,2.55000000,2.55000000,2.55000000,2.55000000,2.55000000,2.54999981,2.54999480,2.54990702,2.54891573,2.54163163,2.50630777,2.39034724,2.12156843
214,2.55000000,2.55000000,2.55000000,2.55000000,2.55000000,2.55000000,2.55000000,2.55000000,2.55000000,2.55000000,2.55000000,2.55000000,2.55000000,2.54999980,2.54999455,2.54990383,2.54888997,2.54150273,2.50590786,2.38957776,2.12066386
215,2.55000000,2.55000000,2.55000000,2.55000000,2.55000000,2.55000000,2.55000000,2.55000000,2.55000000,2.55000000,2.55000000,2.55000000,2.54999999,2.54999979,2.54999429,2.54990055,2.54886382,2.54137291,2.50550728,2.38880956,2.11976182
216,2.55000000,2.55000000,2.55000000,2.55000000,2.55000000,2.55000000,2.55000000,2.55000000,2.55000000,2.55000000,2.55000000,2.55000000,2.54999999,2.54999977,2.54999403,2.54989720,2.54883728,2.54124215,2.50510604,2.38804264,2.11886231
217,2.55000000,2.55000000,2.55000000,2.55000000,2.55000000,2.55000000,2.55000000,2.55000000,2.55000000,2.55000000,2.55000000,2.55000000,2.54999999,2.54999976,2.54999376,2.54989376,2.54881035,2.54111047,2.50470416,2.38727700,2.11796531
218,2.55000000,2.55000000,2.55000000,2.55000000,2.55000000,2.55000000,2.55000000,2.55000000,2.55000000,2.55000000,2.55000000,2.55000000,2.54999999,2.54999975,2.54999347,2.54989023,2.54878302,2.54097786,2.50430164,2.38651264,2.11707079
219,2.55000000,2.55000000,2.55000000,2.55000000,2.55000000,2.55000000,2.55000000,2.55000000,2.55000000,2.55000000,2.55000000,2.55000000,2.54999999,2.54999973,2.54999318,2.54988662,2.54875530,2.54084433,2.50389850,2.38574955,2.11617875
220,2.55000000,2.55000000,2.55000000,2.55000000,2.55000000,2.55000000,2.55000000,2.55000000,2.55000000,2.55000000,2.55000000,2.55000000,2.54999999,2.54999971,2.54999287,2.54988293,2.54872718,2.54070989,2.50349473,2.38498773,2.11528916
221,2.55000000,2.55000000,2.55000000,2.55000000,2.55000000,2.55000000,2.55000000,2.55000000,2.55000000,2.55000000,2.55000000,2.55000000,2.54999999,2.54999970,2.54999255,2.54987914,2.54869865,2.54057454,2.50309037,2.38422718,2.11440201
222,2.55000000,2.55000000,2.55000000,2.55000000,2.55000000,2.55000000,2.55000000,2.55000000,2.55000000,2.55000000,2.55000000,2.55000000,2.54999999,2.54999968,2.54999222,2.54987527,2.54866973,2.54043828,2.50268540,2.38346789,2.11351728
223,2.55000000,2.55000000,2.55000000,2.55000000,2.55000000,2.55000000,2.55000000,2.55000000,2.55000000,2.55000000,2.55000000,2.55000000,2.54999999,2.54999966,2.54999189,2.54987130,2.54864040,2.54030112,2.50227986,2.38270985,2.11263495
224,2.55000000,2.55000000,2.55000000,2.55000000,2.55000000,2.55000000,2.55000000,2.55000000,2.55000000,2.55000000,2.55000000,2.55000000,2.54999999,2.54999964,2.54999153,2.54986725,2.54861067,2.54016305,2.50187373,2.38195308,2.11175501
225,2.55000000,2.55000000,2.55000000,2.55000000,2.55000000,2.55000000,2.55000000,2.55000000,2.55000000,2.55000000,2.55000000,2.55000000,2.54999999,2.54999962,2.54999117,2.54986310,2.54858054,2.54002409,2.50146704,2.38119755,2.11087744
226,2.55000000,2.55000000,2.55000000,2.55000000,2.55000000,2.55000000,2.55000000,2.55000000,2.55000000,2.55000000,2.55000000,2.55000000,2.54999999,2.54999960,2.54999079,2.54985885,2.54854999,2.53988424,2.50105979,2.38044328,2.11000223
227,2.55000000,2.55000000,2.55000000,2.55000000,2.55000000,2.55000000,2.55000000,2.55000000,2.55000000,2.55000000,2.55000000,2.55000000,2.54999999,2.54999958,2.54999041,2.54985451,2.54851904,2.53974350,2.50065199,2.37969024,2.10912936
228,2.55000000,2.55000000,2.55000000,2.55000000,2.55000000,2.55000000,2.55000000,2.55000000,2.55000000,2.55000000,2.55000000,2.55000000,2.54999999,2.54999956,2.54999000,2.54985008,2.54848767,2.53960188,2.50024365,2.37893845,2.10825881
229,2.55000000,2.55000000,2.55000000,2.55000000,2.55000000,2.55000000,2.55000000,2.55000000,2.55000000,2.55000000,2.55000000,2.55000000,2.54999999,2.54999953,2.54998959,2.54984554,2.54845589,2.53945938,2.49983478,2.37818790,2.10739057
230,2.55000000,2.55000000,2.55000000,2.55000000,2.55000000,2.55000000,2.55000000,2.55000000,2.55000000,2.55000000,2.55000000,2.55000000,2.54999999,2.54999951,2.54998916,2.54984091,2.54842370,2.53931600,2.49942539,2.37743859,2.10652463
231,2.55000000,2.55000000,2.55000000,2.55000000,2.55000000,2.55000000,2.55000000,2.55000000,2.55000000,2.55000000,2.55000000,2.55000000,2.54999998,2.54999948,2.54998872,2.54983617,2.54839110,2.53917175,2.49901549,2.37669050,2.10566096
232,2.55000000,2.55000000,2.55000000,2.55000000,2.55000000,2.55000000,2.55000000,2.55000000,2.55000000,2.55000000,2.55000000,2.55000000,2.54999998,2.54999945,2.54998826,2.54983134,2.54835807,2.53902664,2.49860508,2.37594364,2.10479956
233,2.55000000,2.55000000,2.55000000,2.55000000,2.55000000,2.55000000,2.55000000,2.55000000,2.55000000,2.55000000,2.55000000,2.55000000,2.54999998,2.54999942,2.54998779,2.54982640,2.54832464,2.53888066,2.49819418,2.37519801,2.10394040
234,2.55000000,2.55000000,2.55000000,2.55000000,2.55000000,2.55000000,2.55000000,2.55000000,2.55000000,2.55000000,2.55000000,2.55000000,2.54999998,2.54999939,2.54998731,2.54982135,2.54829078,2.53873381,2.49778279,2.37445359,2.10308348
235,2.55000000,2.55000000,2.55000000,2.55000000,2.55000000,2.55000000,2.55000000,2.55000000,2.55000000,2.55000000,2.55000000,2.55000000,2.54999998,2.54999936,2.54998680,2.54981620,2.54825650,2.53858612,2.49737093,2.37371040,2.10222878
236,2.55000000,2.55000000,2.55000000,2.55000000,2.55000000,2.55000000,2.55000000,2.55000000,2.55000000,2.55000000,2.55000000,2.55000000,2.54999998,2.54999933,2.54998629,2.54981095,2.54822180,2.53843757,2.49695859,2.37296841,2.10137628
237,2.55000000,2.55000000,2.55000000,2.55000000,2.55000000,2.55000000,2.55000000,2.55000000,2.55000000,2.55000000,2.55000000,2.55000000,2.54999998,2.54999929,2.54998575,2.54980559,2.54818668,2.53828818,2.49654580,2.37222764,2.10052597
238,2.55000000,2.55000000,2.55000000,2.55000000,2.55000000,2.55000000,2.55000000,2.55000000,2.55000000,2.55000000,2.55000000,2.55000000,2.54999997,2.54999926,2.54998521,2.54980011,2.54815114,2.53813794,2.49613254,2.37148807,2.09967784
239,2.55000000,2.55000000,2.55000000,2.55000000,2.55000000,2.55000000,2.55000000,2.55000000,2.55000000,2.55000000,2.55000000,2.55000000,2.54999997,2.54999922,2.54998464,2.54979453,2.54811517,2.53798687,2.49571885,2.37074970,2.09883188
240,2.55000000,2.55000000,2.55000000,2.55000000,2.55000000,2.55000000,2.55000000,2.55000000,2.55000000,2.55000000,2.55000000,2.55000000,2.54999997,2.54999918,2.54998406,2.54978884,2.54807878,2.53783495,2.49530472,2.37001254,2.09798806
241,2.55000000,2.55000000,2.55000000,2.55000000,2.55000000,2.55000000,2.55000000,2.55000000,2.55000000,2.55000000,2.55000000,2.55000000,2.54999997,2.54999914,2.54998346,2.54978303,2.54804196,2.53768221,2.49489015,2.36927657,2.09714636
242,2.55000000,2.55000000,2.55000000,2.55000000,2.55000000,2.55000000,2.55000000,2.55000000,2.55000000,2.55000000,2.55000000,2.55000000,2.54999997,2.54999910,2.54998284,2.54977711,2.54800471,2.53752864,2.49447517,2.36854179,2.09630677
243,2.55000000,2.55000000,2.55000000,2.55000000,2.55000000,2.55000000,2.55000000,2.55000000,2.55000000,2.55000000,2.55000000,2.55000000,2.54999997,2.54999905,2.54998220,2.54977107,2.54796704,2.53737425,2.49405977,2.36780820,2.09546928
244,2.55000000,2.55000000,2.55000000,2.55000000,2.55000000,2.55000000,2.55000000,2.55000000,2.55000000,2.55000000,2.55000000,2.55000000,2.54999996,2.54999901,2.54998155,2.54976492,2.54792894,2.53721904,2.49364396,2.36707580,2.09463388
245,2.55000000,2.55000000,2.55000000,2.55000000,2.55000000,2.55000000,2.55000000,2.55000000,2.55000000,2.55000000,2.55000000,2.55000000,2.54999996,2.54999896,2.54998088,2.54975865,2.54789040,2.53706302,2.49322775,2.36634457,2.09380055
246,2.55000000,2.55000000,2.55000000,2.55000000,2.55000000,2.55000000,2.55000000,2.55000000,2.55000000,2.55000000,2.55000000,2.55000000,2.54999996,2.54999891,2.54998018,2.54975226,2.54785144,2.53690618,2.49281116,2.36561453,2.09296929
247,2.55000000,2.55000000,2.55000000,2.55000000,2.55000000,2.55000000,2.55000000,2.55000000,2.55000000,2.55000000,2.55000000,2.55000000,2.54999996,2.54999886,2.54997947,2.54974575,2.54781204,2.53674854,2.49239417,2.36488566,2.09214008
248,2.55000000,2.55000000,2.55000000,2.55000000,2.55000000,2.55000000,2.55000000,2.55000000,2.55000000,2.55000000,2.55000000,2.55000000,2.54999995,2.54999880,2.54997874,2.54973912,2.54777221,2.53659010,2.49197681,2.36415796,2.09131291
249,2.55000000,2.55000000,2.55000000,2.55000000,2.55000000,2.55000000,2.55000000,2.55000000,2.55000000,2.55000000,2.55000000,2.55000000,2.54999995,2.54999875,2.54997799,2.54973237,2.54773195,2.53643085,2.49155908,2.36343143,2.09048777
250,2.55000000,2.55000000,2.55000000,2.55000000,2.55000000,2.55000000,2.55000000,2.55000000,2.55000000,2.55000000,2.55000000,2.55000000,2.54999995,2.54999869,2.54997722,2.54972550,2.54769125,2.53627082,2.49114099,2.36270606,2.08966464
251,2.55000000,2.55000000,2.55000000,2.55000000,2.55000000,2.55000000,2.55000000,2.55000000,2.55000000,2.55000000,2.55000000,2.55000000,2.54999995,2.54999863,2.54997642,2.54971850,2.54765012,2.53610999,2.49072254,2.36198185,2.08884352
252,2.55000000,2.55000000,2.55000000,2.55000000,2.55000000,2.55000000,2.55000000,2.55000000,2.55000000,2.55000000,2.55000000,2.55000000,2.54999994,2.54999857,2.54997561,2.54971137,2.54760855,2.53594838,2.49030374,2.36125880,2.08802438
253,2.55000000,2.55000000,2.55000000,2.55000000,2.55000000,2.55000000,2.55000000,2.55000000,2.55000000,2.55000000,2.55000000,2.55000000,2.54999994,2.54999850,2.54997477,2.54970412,2.54756655,2.53578598,2.48988460,2.36053690,2.08720723
254,2.55000000,2.55000000,2.55000000,2.55000000,2.55000000,2.55000000,2.55000000,2.55000000,2.55000000,2.55000000,2.55000000,2.55000000,2.54999994,2.54999844,2.54997391,2.54969674,2.54752411,2.53562281,2.48946512,2.35981615,2.08639204
255,2.55000000,2.55000000,2.55000000,2.55000000,2.55000000,2.55000000,2.55000000,2.55000000,2.55000000,2.55000000,2.55000000,2.55000000,2.54999993,2.54999837,2.54997303,2.54968923,2.54748123,2.53545887,2.48904531,2.35909655,2.08557881
256,2.55000000,2.55000000,2.55000000,2.55000000,2.55000000,2.55000000,2.55000000,2.55000000,2.55000000,2.55000000,2.55000000,2.55000000,2.54999993,2.54999830,2.54997212,2.54968159,2.54743791,2.53529415,2.48862518,2.35837809,2.08476753
257,2.55000000,2.55000000,2.55000000,2.55000000,2.55000000,2.55000000,2.55000000,2.55000000,2.55000000,2.55000000,2.55000000,2.55000000,2.54999992,2.54999822,2.54997119,2.54967381,2.54739416,2.53512867,2.48820473,2.35766077,2.08395817
258,2.55000000,2.55000000,2.55000000,2.55000000,2.55000000,2.55000000,2.55000000,2.55000000,2.55000000,2.55000000,2.55000000,2.55000000,2.54999992,2.54999814,2.54997024,2.54966591,2.54734996,2.53496243,2.48778397,2.35694458,2.08315074
259,2.55000000,2.55000000,2.55000000,2.55000000,2.55000000,2.55000000,2.55000000,2.55000000,2.55000000,2.55000000,2.55000000,2.55000000,2.54999991,2.54999806,2.54996927,2.54965787,2.54730533,2.53479543,2.48736291,2.35622953,2.08234522
260,2.55000000,2.55000000,2.55000000,2.55000000,2.55000000,2.55000000,2.55000000,2.55000000,2.55000000,2.55000000,2.55000000,2.55000000,2.54999991,2.54999798,2.54996826,2.54964970,2.54726025,2.53462768,2.48694155,2.35551561,2.08154160
261,2.55000000,2.55000000,2.55000000,2.55000000,2.55000000,2.55000000,2.55000000,2.55000000,2.55000000,2.55000000,2.55000000,2.55000000,2.54999991,2.54999789,2.54996724,2.54964139,2.54721474,2.53445918,2.48651989,2.35480281,2.08073986
262,2.55000000,2.55000000,2.55000000,2.55000000,2.55000000,2.55000000,2.55000000,2.55000000,2.55000000,2.55000000,2.55000000,2.55000000,2.54999990,2.54999780,2.54996619,2.54963294,2.54716878,2.53428993,2.48609796,2.35409113,2.07994000
263,2.55000000,2.55000000,2.55000000,2.55000000,2.55000000,2.55000000,2.55000000,2.55000000,2.55000000,2.55000000,2.55000000,2.55000000,2.54999989,2.54999771,2.54996511,2.54962436,2.54712238,2.53411994,2.48567574,2.35338058,2.07914201
264,2.55000000,2.55000000,2.55000000,2.55000000,2.55000000,2.55000000,2.55000000,2.55000000,2.55000000,2.55000000,2.55000000,2.55000000,2.54999989,2.54999762,2.54996400,2.54961563,2.54707554,2.53394922,2.48525325,2.35267113,2.07834587
265,2.55000000,2.55000000,2.55000000,2.55000000,2.55000000,2.55000000,2.55000000,2.55000000,2.55000000,2.55000000,2.55000000,2.55000000,2.54999988,2.54999752,2.54996287,2.54960677,2.54702826,2.53377776,2.48483049,2.35196280,2.07755158
266,2.55000000,2.55000000,2.55000000,2.55000000,2.55000000,2.55000000,2.55000000,2.55000000,2.55000000,2.55000000,2.55000000,2.55000000,2.54999988,2.54999742,2.54996171,2.54959776,2.54698053,2.53360557,2.48440747,2.35125558,2.07675912
267,2.55000000,2.55000000,2.55000000,2.55000000,2.55000000,2.55000000,2.55000000,2.55000000,2.55000000,2.55000000,2.55000000,2.55000000,2.54999987,2.54999731,2.54996053,2.54958861,2.54693236,2.53343266,2.48398419,2.35054946,2.07596849
268,2.55000000,2.55000000,2.55000000,2.55000000,2.55000000,2.55000000,2.55000000,2.55000000,2.55000000,2.55000000,2.55000000,2.55000000,2.54999986,2.54999720,2.54995931,2.54957932,2.54688375,2.53325902,2.48356066,2.34984444,2.07517967
269,2.55000000,2.55000000,2.55000000,2.55000000,2.55000000,2.55000000,2.55000000,2.55000000,2.55000000,2.55000000,2.55000000,2.55000000,2.54999986,2.54999709,2.54995807,2.54956988,2.54683469,2.53308467,2.48313689,2.34914052,2.07439265
270,2.55000000,2.55000000,2.55000000,2.55000000,2.55000000,2.55000000,2.55000000,2.55000000,2.55000000,2.55000000,2.55000000,2.54999999,2.54999985,2.54999698,2.54995680,2.54956030,2.54678519,2.53290961,2.48271288,2.34843769,2.07360742
271,2.55000000,2.55000000,2.55000000,2.55000000,2.55000000,2.55000000,2.55000000,2.55000000,2.55000000,2.55000000,2.55000000,2.54999999,2.54999984,2.54999686,2.54995550,2.54955056,2.54673524,2.53273383,2.48228863,2.34773595,2.07282398
272,2.55000000,2.55000000,2.55000000,2.55000000,2.55000000,2.55000000,2.55000000,2.55000000,2.55000000,2.55000000,2.55000000,2.54999999,2.54999983,2.54999673,2.54995417,2.54954069,2.54668485,2.53255735,2.48186416,2.34703530,2.07204231
273,2.55000000,2.55000000,2.55000000,2.55000000,2.55000000,2.55000000,2.55000000,2.55000000,2.55000000,2.55000000,2.55000000,2.54999999,2.54999983,2.54999661,2.54995280,2.54953066,2.54663402,2.53238017,2.48143946,2.34633574,2.07126240
274,2.55000000,2.55000000,2.55000000,2.55000000,2.55000000,2.55000000,2.55000000,2.55000000,2.55000000,2.55000000,2.55000000,2.54999999,2.54999982,2.54999647,2.54995141,2.54952048,2.54658274,2.53220229,2.48101454,2.34563726,2.07048425
275,2.55000000,2.55000000,2.55000000,2.55000000,2.55000000,2.55000000,2.55000000,2.55000000,2.55000000,2.55000000,2.55000000,2.54999999,2.54999981,2.54999634,2.54994999,2.54951015,2.54653101,2.53202372,2.48058941,2.34493985,2.06970784
276,2.55000000,2.55000000,2.55000000,2.55000000,2.55000000,2.55000000,2.55000000,2.55000000,2.55000000,2.55000000,2.55000000,2.54999999,2.54999980,2.54999620,2.54994853,2.54949967,2.54647884,2.53184446,2.48016407,2.34424352,2.06893316
277,2.55000000,2.55000000,2.55000000,2.55000000,2.55000000,2.55000000,2.55000000,2.55000000,2.55000000,2.55000000,2.55000000,2.54999999,2.54999979,2.54999605,2.54994704,2.54948903,2.54642623,2.53166451,2.47973853,2.34354826,2.06816021
278,2.55000000,2.55000000,2.55000000,2.55000000,2.55000000,2.55000000,2.55000000,2.55000000,2.55000000,2.55000000,2.55000000,2.54999999,2.54999978,2.54999591,2.54994552,2.54947824,2.54637316,2.53148388,2.47931279,2.34285406,2.06738897
279,2.55000000,2.55000000,2.55000000,2.55000000,2.55000000,2.55000000,2.55000000,2.55000000,2.55000000,2.55000000,2.55000000,2.54999999,2.54999977,2.54999575,2.54994397,2.54946730,2.54631966,2.53130258,2.47888686,2.34216093,2.06661944
280,2.55000000,2.55000000,2.55000000,2.55000000,2.55000000,2.55000000,2.55000000,2.55000000,2.55000000,2.55000000,2.55000000,2.54999999,2.54999976,2.54999559,2.54994238,2.54945619,2.54626571,2.53112060,2.47846074,2.34146886,2.06585160
281,2.55000000,2.55000000,2.55000000,2.55000000,2.55000000,2.55000000,2.55000000,2.55000000,2.55000000,2.55000000,2.55000000,2.54999999,2.54999975,2.54999543,2.54994076,2.54944494,2.54621131,2.53093794,2.47803444,2.34077785,2.06508545
282,2.55000000,2.55000000,2.55000000,2.55000000,2.55000000,2.55000000,2.55000000,2.55000000,2.55000000,2.55000000,2.55000000,2.54999999,2.54999973,2.54999526,2.54993911,2.54943352,2.54615646,2.53075463,2.47760796,2.34008789,2.06432098
283,2.55000000,2.55000000,2.55000000,2.55000000,2.55000000,2.55000000,2.55000000,2.55000000,2.55000000,2.55000000,2.55000000,2.54999999,2.54999972,2.54999509,2.54993742,2.54942194,2.54610117,2.53057064,2.47718131,2.33939898,2.06355817
284,2.55000000,2.55000000,2.55000000,2.55000000,2.55000000,2.55000000,2.55000000,2.55000000,2.55000000,2.55000000,2.55000000,2.54999999,2.54999971,2.54999491,2.54993569,2.54941020,2.54604544,2.53038600,2.47675448,2.33871112,2.06279703
285,2.55000000,2.55000000,2.55000000,2.55000000,2.55000000,2.55000000,2.55000000,2.55000000,2.55000000,2.55000000,2.55000000,2.54999999,2.54999970,2.54999473,2.54993393,2.54939831,2.54598926,2.53020071,2.47632750,2.33802430,2.06203754
286,2.55000000,2.55000000,2.55000000,2.55000000,2.55000000,2.55000000,2.55000000,2.55000000,2.55000000,2.55000000,2.55000000,2.54999999,2.54999968,2.54999454,2.54993213,2.54938625,2.54593263,2.53001476,2.47590035,2.33733853,2.06127968
287,2.55000000,2.55000000,2.55000000,2.55000000,2.55000000,2.55000000,2.55000000,2.55000000,2.55000000,2.55000000,2.55000000,2.54999999,2.54999967,2.54999435,2.54993029,2.54937402,2.54587556,2.52982817,2.47547304,2.33665379,2.06052347
288,2.55000000,2.55000000,2.55000000,2.55000000,2.55000000,2.55000000,2.55000000,2.55000000,2.55000000,2.55000000,2.55000000,2.54999999,2.54999965,2.54999415,2.54992842,2.54936163,2.54581804,2.52964093,2.47504559,2.33597008,2.05976887
289,2.55000000,2.55000000,2.55000000,2.55000000,2.55000000,2.55000000,2.55000000,2.55000000,2.55000000,2.55000000,2.55000000,2.54999998,2.54999964,2.54999395,2.54992651,2.54934908,2.54576008,2.52945306,2.47461799,2.33528741,2.05901589
290,2.55000000,2.55000000,2.55000000,2.55000000,2.55000000,2.55000000,2.55000000,2.55000000,2.55000000,2.55000000,2.55000000,2.54999998,2.54999962,2.54999374,2.54992456,2.54933636,2.54570167,2.52926454,2.47419025,2.33460577,2.05826452
291,2.55000000,2.55000000,2.55000000,2.55000000,2.55000000,2.55000000,2.55000000,2.55000000,2.55000000,2.55000000,2.55000000,2.54999998,2.54999961,2.54999352,2.54992258,2.54932347,2.54564282,2.52907540,2.47376237,2.33392515,2.05751475
292,2.55000000,2.55000000,2.55000000,2.55000000,2.55000000,2.55000000,2.55000000,2.55000000,2.55000000,2.55000000,2.55000000,2.54999998,2.54999959,2.54999330,2.54992055,2.54931042,2.54558352,2.52888562,2.47333435,2.33324555,2.05676657
293,2.55000000,2.55000000,2.55000000,2.55000000,2.55000000,2.55000000,2.55000000,2.55000000,2.55000000,2.55000000,2.55000000,2.54999998,2.54999957,2.54999307,2.54991848,2.54929720,2.54552377,2.52869523,2.47290621,2.33256697,2.05601997
294,2.55000000,2.55000000,2.55000000,2.55000000,2.55000000,2.55000000,2.55000000,2.55000000,2.55000000,2.55000000,2.55000000,2.54999998,2.54999955,2.54999284,2.54991638,2.54928381,2.54546359,2.52850420,2.47247794,2.33188941,2.05527495
295,2.55000000,2.55000000,2.55000000,2.55000000,2.55000000,2.55000000,2.55000000,2.55000000,2.55000000,2.55000000,2.55000000,2.54999998,2.54999953,2.54999259,2.54991423,2.54927024,2.54540295,2.52831257,2.47204955,2.33121286,2.05453149
296,2.55000000,2.55000000,2.55000000,2.55000000,2.55000000,2.55000000,2.55000000,2.55000000,2.55000000,2.55000000,2.55000000,2.54999998,2.54999951,2.54999235,2.54991204,2.54925651,2.54534188,2.52812031,2.47162104,2.33053731,2.05378959
297,2.55000000,2.55000000,2.55000000,2.55000000,2.55000000,2.55000000,2.55000000,2.55000000,2.55000000,2.55000000,2.55000000,2.54999998,2.54999949,2.54999209,2.54990981,2.54924260,2.54528036,2.52792745,2.47119242,2.32986278,2.05304924
298,2.55000000,2.55000000,2.55000000,2.55000000,2.55000000,2.55000000,2.55000000,2.55000000,2.55000000,2.55000000,2.55000000,2.54999997,2.54999947,2.54999183,2.54990754,2.54922852,2.54521839,2.52773398,2.47076369,2.32918924,2.05231043
299,2.55000000,2.55000000,2.55000000,2.55000000,2.55000000,2.55000000,2.55000000,2.55000000,2.55000000,2.55000000,2.55000000,2.54999997,2.54999945,2.54999156,2.54990522,2.54921426,2.54515599,2.52753991,2.47033486,2.32851671,2.05157316
300,2.55000000,2.55000000,2.55000000,2.55000000,2.55000000,2.55000000,2.55000000,2.55000000,2.55000000,2.55000000,2.55000000,2.54999997,2.54999943,2.54999129,2.54990287,2.54919983,2.54509314,2.52734524,2.46990592,2.32784517,2.05083741
301,2.55000000,2.55000000,2.55000000,2.55000000,2.55000000,2.55000000,2.55000000,2.55000000,2.55000000,2.55000000,2.55000000,2.54999997,2.54999940,2.54999101,2.54990047,2.54918523,2.54502984,2.52714997,2.46947689,2.32717462,2.05010319
302,2.55000000,2.55000000,2.55000000,2.55000000,2.55000000,2.55000000,2.55000000,2.55000000,2.55000000,2.55000000,2.55000000,2.54999997,2.54999938,2.54999072,2.54989802,2.54917044,2.54496611,2.52695411,2.46904776,2.32650507,2.04937047
303,2.55000000,2.55000000,2.55000000,2.55000000,2.55000000,2.55000000,2.55000000,2.55000000,2.55000000,2.55000000,2.55000000,2.54999997,2.54999935,2.54999042,2.54989553,2.54915548,2.54490193,2.52675766,2.46861854,2.32583650,2.04863927
304,2.55000000,2.55000000,2.55000000,2.55000000,2.55000000,2.55000000,2.55000000,2.55000000,2.55000000,2.55000000,2.55000000,2.54999997,2.54999933,2.54999012,2.54989299,2.54914035,2.54483731,2.52656062,2.46818924,2.32516892,2.04790955
305,2.55000000,2.55000000,2.55000000,2.55000000,2.55000000,2.55000000,2.55000000,2.55000000,2.55000000,2.55000000,2.55000000,2.54999996,2.54999930,2.54998981,2.54989041,2.54912503,2.54477225,2.52636301,2.46775985,2.32450232,2.04718133
306,2.55000000,2.55000000,2.55000000,2.55000000,2.55000000,2.55000000,2.55000000,2.55000000,2.55000000,2.55000000,2.55000000,2.54999996,2.54999927,2.54998949,2.54988778,2.54910953,2.54470675,2.52616481,2.46733038,2.32383669,2.04645459
307,2.55000000,2.55000000,2.55000000,2.55000000,2.55000000,2.55000000,2.55000000,2.55000000,2.55000000,2.55000000,2.55000000,2.54999996,2.54999924,2.54998916,2.54988511,2.54909385,2.54464080,2.52596604,2.46690084,2.32317205,2.04572933
308,2.55000000,2.55000000,2.55000000,2.55000000,2.55000000,2.55000000,2.55000000,2.55000000,2.55000000,2.55000000,2.55000000,2.54999996,2.54999921,2.54998882,2.54988239,2.54907799,2.54457442,2.52576670,2.46647122,2.32250837,2.04500553
309,2.55000000,2.55000000,2.55000000,2.55000000,2.55000000,2.55000000,2.55000000,2.55000000,2.55000000,2.55000000,2.55000000,2.54999996,2.54999918,2.54998848,2.54987962,2.54906195,2.54450760,2.52556679,2.46604154,2.32184566,2.04428319
310,2.55000000,2.55000000,2.55000000,2.55000000,2.55000000,2.55000000,2.55000000,2.55000000,2.55000000,2.55000000,2.55000000,2.54999996,2.54999915,2.54998813,2.54987680,2.54904572,2.54444034,2.52536632,2.46561179,2.32118392,2.04356230
311,2.55000000,2.55000000,2.55000000,2.55000000,2.55000000,2.55000000,2.55000000,2.55000000,2.55000000,2.55000000,2.55000000,2.54999995,2.54999912,2.54998777,2.54987394,2.54902931,2.54437263,2.52516529,2.46518198,2.32052314,2.04284286
312,2.55000000,2.55000000,2.55000000,2.55000000,2.55000000,2.55000000,2.55000000,2.55000000,2.55000000,2.55000000,2.55000000,2.54999995,2.54999908,2.54998740,2.54987102,2.54901271,2.54430449,2.52496370,2.46475211,2.31986333,2.04212485
313,2.55000000,2.55000000,2.55000000,2.55000000,2.55000000,2.55000000,2.55000000,2.55000000,2.55000000,2.55000000,2.55000000,2.54999995,2.54999905,2.54998702,2.54986806,2.54899593,2.54423591,2.52476155,2.46432218,2.31920447,2.04140828
314,2.55000000,2.55000000,2.55000000,2.55000000,2.55000000,2.55000000,2.55000000,2.55000000,2.55000000,2.55000000,2.55000000,2.54999995,2.54999901,2.54998663,2.54986505,2.54897896,2.54416690,2.52455886,2.46389221,2.31854656,2.04069313
315,2.55000000,2.55000000,2.55000000,2.55000000,2.55000000,2.55000000,2.55000000,2.55000000,2.55000000,2.55000000,2.55000000,2.54999994,2.54999898,2.54998624,2.54986198,2.54896181,2.54409744,2.52435561,2.46346218,2.31788960,2.03997940
316,2.55000000,2.55000000,2.55000000,2.55000000,2.55000000,2.55000000,2.55000000,2.55000000,2.55000000,2.55000000,2.55000000,2.54999994,2.54999894,2.54998583,2.54985887,2.54894447,2.54402755,2.52415183,2.46303211,2.31723360,2.03926708
317,2.55000000,2.55000000,2.55000000,2.55000000,2.55000000,2.55000000,2.55000000,2.55000000,2.55000000,2.55000000,2.55000000,2.54999994,2.54999890,2.54998541,2.54985570,2.54892693,2.54395723,2.52394750,2.46260199,2.31657854,2.03855616
318,2.55000000,2.55000000,2.55000000,2.55000000,2.55000000,2.55000000,2.55000000,2.55000000,2.55000000,2.55000000,2.55000000,2.54999994,2.54999886,2.54998499,2.54985248,2.54890921,2.54388647,2.52374264,2.46217184,2.31592442,2.03784663
319,2.55000000,2.55000000,2.55000000,2.55000000,2.55000000,2.55000000,2.55000000,2.55000000,2.55000000,2.55000000,2.55000000,2.54999993,2.54999881,2.54998455,2.54984921,2.54889130,2.54381527,2.52353724,2.46174165,2.31527124,2.03713850
320,2.55000000,2.55000000,2.55000000,2.55000000,2.55000000,2.55000000,2.55000000,2.55000000,2.55000000,2.55000000,2.55000000,2.54999993,2.54999877,2.54998411,2.54984588,2.54887320,2.54374364,2.52333131,2.46131143,2.31461900,2.03643175
321,2.55000000,2.55000000,2.55000000,2.55000000,2.55000000,2.55000000,2.55000000,2.55000000,2.55000000,2.55000000,2.55000000,2.54999993,2.54999873,2.54998366,2.54984250,2.54885491,2.54367157,2.52312485,2.46088118,2.31396769,2.03572638
322,2.55000000,2.55000000,2.55000000,2.55000000,2.55000000,2.55000000,2.55000000,2.55000000,2.55000000,2.55000000,2.55000000,2.54999992,2.54999868,2.54998319,2.54983907,2.54883642,2.54359907,2.52291787,2.46045090,2.31331731,2.03502238
323,2.55000000,2.55000000,2.55000000,2.55000000,2.55000000,2.55000000,2.55000000,2.55000000,2.55000000,2.55000000,2.55000000,2.54999992,2.54999863,2.54998271,2.54983558,2.54881775,2.54352614,2.52271037,2.46002059,2.31266786,2.03431974
324,2.55000000,2.55000000,2.55000000,2.55000000,2.55000000,2.55000000,2.55000000,2.55000000,2.55000000,2.55000000,2.55000000,2.54999992,2.54999858,2.54998223,2.54983204,2.54879887,2.54345277,2.52250235,2.45959026,2.31201934,2.03361845
325,2.55000000,2.55000000,2.55000000,2.55000000,2.55000000,2.55000000,2.55000000,2.55000000,2.55000000,2.55000000,2.55000000,2.54999991,2.54999853,2.54998173,2.54982844,2.54877981,2.54337898,2.52229382,2.45915992,2.31137174,2.03291852
326,2.55000000,2.55000000,2.55000000,2.55000000,2.55000000,2.55000000,2.55000000,2.55000000,2.55000000,2.55000000,2.55000000,2.54999991,2.54999848,2.54998122,2.54982479,2.54876055,2.54330475,2.52208478,2.45872956,2.31072506,2.03221994
327,2.55000000,2.55000000,2.55000000,2.55000000,2.55000000,2.55000000,2.55000000,2.55000000,2.55000000,2.55000000,2.55000000,2.54999990,2.54999843,2.54998071,2.54982108,2.54874109,2.54323009,2.52187522,2.45829919,2.31007930,2.03152269
328,2.55000000,2.55000000,2.55000000,2.55000000,2.55000000,2.55000000,2.55000000,2.55000000,2.55000000,2.55000000,2.55000000,2.54999990,2.54999837,2.54998018,2.54981731,2.54872144,2.54315500,2.52166517,2.45786880,2.30943445,2.03082677
329,2.55000000,2.55000000,2.55000000,2.55000000,2.55000000,2.55000000,2.55000000,2.55000000,2.55000000,2.55000000,2.55000000,2.54999990,2.54999832,2.54997963,2.54981348,2.54870159,2.54307948,2.52145461,2.45743841,2.30879051,2.03013218
330,2.55000000,2.55000000,2.55000000,2.55000000,2.55000000,2.55000000,2.55000000,2.55000000,2.55000000,2.55000000,2.54999999,2.54999989,2.54999826,2.54997908,2.54980960,2.54868154,2.54300354,2.52124355,2.45700802,2.30814748,2.02943890
331,2.55000000,2.55000000,2.55000000,2.55000000,2.55000000,2.55000000,2.55000000,2.55000000,2.55000000,2.55000000,2.54999999,2.54999989,2.54999820,2.54997852,2.54980565,2.54866130,2.54292716,2.52103200,2.45657762,2.30750536,2.02874695
332,2.55000000,2.55000000,2.55000000,2.55000000,2.55000000,2.55000000,2.55000000,2.55000000,2.55000000,2.55000000,2.54999999,2.54999988,2.54999814,2.54997794,2.54980165,2.54864085,2.54285036,2.52081996,2.45614722,2.30686414,2.02805629
333,2.55000000,2.55000000,2.55000000,2.55000000,2.55000000,2.55000000,2.55000000,2.55000000,2.55000000,2.55000000,2.54999999,2.54999988,2.54999808,2.54997735,2.54979759,2.54862021,2.54277313,2.52060743,2.45571683,2.30622382,2.02736694
334,2.55000000,2.55000000,2.55000000,2.55000000,2.55000000,2.55000000,2.55000000,2.55000000,2.55000000,2.55000000,2.54999999,2.54999987,2.54999801,2.54997675,2.54979347,2.54859937,2.54269548,2.52039441,2.45528644,2.30558440,2.02667889
335,2.55000000,2.55000000,2.55000000,2.55000000,2.55000000,2.55000000,2.55000000,2.55000000,2.55000000,2.55000000,2.54999999,2.54999987,2.54999795,2.54997614,2.54978929,2.54857832,2.54261740,2.52018091,2.45485606,2.30494587,2.02599212
336,2.55000000,2.55000000,2.55000000,2.55000000,2.55000000,2.55000000,2.55000000,2.55000000,2.55000000,2.55000000,2.54999999,2.54999986,2.54999788,2.54997551,2.54978505,2.54855708,2.54253889,2.51996693,2.45442569,2.30430824,2.02530664
337,2.55000000,2.55000000,2.55000000,2.55000000,2.55000000,2.55000000,2.55000000,2.55000000,2.55000000,2.55000000,2.54999999,2.54999985,2.54999781,2.54997487,2.54978074,2.54853563,2.54245996,2.51975247,2.45399534,2.30367149,2.02462243
338,2.55000000,2.55000000,2.55000000,2.55000000,2.55000000,2.55000000,2.55000000,2.55000000,2.55000000,2.55000000,2.54999999,2.54999985,2.54999773,2.54997422,2.54977637,2.54851398,2.54238061,2.51953754,2.45356500,2.30303564,2.02393950
339,2.55000000,2.55000000,2.55000000,2.55000000,2.55000000,2.55000000,2.55000000,2.55000000,2.55000000,2.55000000,2.54999999,2.54999984,2.54999766,2.54997355,2.54977194,2.54849213,2.54230084,2.51932214,2.45313468,2.30240066,2.02325783
340,2.55000000,2.55000000,2.55000000,2.55000000,2.55000000,2.55000000,2.55000000,2.55000000,2.55000000,2.55000000,2.54999999,2.54999984,2.54999758,2.54997287,2.54976745,2.54847008,2.54222064,2.51910627,2.45270438,2.30176657,2.02257743
341,2.55000000,2.55000000,2.55000000,2.55000000,2.55000000,2.55000000,2.55000000,2.55000000,2.55000000,2.55000000,2.54999999,2.54999983,2.54999751,2.54997218,2.54976290,2.54844782,2.54214002,2.51888994,2.45227410,2.30113336,2.02189827
342,2.55000000,2.55000000,2.55000000,2.55000000,2.55000000,2.55000000,2.55000000,2.55000000,2.55000000,2.55000000,2.54999999,2.54999982,2.54999743,2.54997148,2.54975828,2.54842535,2.54205899,2.51867314,2.45184385,2.30050102,2.02122037
343,2.55000000,2.55000000,2.55000000,2.55000000,2.55000000,2.55000000,2.55000000,2.55000000,2.55000000,2.55000000,2.54999999,2.54999982,2.54999734,2.54997076,2.54975359,2.54840268,2.54197753,2.51845589,2.45141363,2.29986956,2.02054371
344,2.55000000,2.55000000,2.55000000,2.55000000,2.55000000,2.55000000,2.55000000,2.55000000,2.55000000,2.55000000,2.54999999,2.54999981,2.54999726,2.54997002,2.54974884,2.54837981,2.54189565,2.51823818,2.45098344,2.29923897,2.01986829
345,2.55000000,2.55000000,2.55000000,2.55000000,2.55000000,2.55000000,2.55000000,2.55000000,2.55000000,2.55000000,2.54999999,2.54999980,2.54999717,2.54996927,2.54974403,2.54835673,2.54181336,2.51802002,2.45055328,2.29860925,2.01919410
346,2.55000000,2.55000000,2.55000000,2.55000000,2.55000000,2.55000000,2.55000000,2.55000000,2.55000000,2.55000000,2.54999999,2.54999979,2.54999708,2.54996851,2.54973914,2.54833344,2.54173065,2.51780141,2.45012315,2.29798039,2.01852114
347,2.55000000,2.55000000,2.55000000,2.55000000,2.55000000,2.55000000,2.55000000,2.55000000,2.55000000,2.55000000,2.54999999,2.54999979,2.54999699,2.54996773,2.54973420,2.54830995,2.54164752,2.51758235,2.44969306,2.29735240,2.01784940
348,2.55000000,2.55000000,2.55000000,2.55000000,2.55000000,2.55000000,2.55000000,2.55000000,2.55000000,2.55000000,2.54999999,2.54999978,2.54999690,2.54996694,2.54972918,2.54828624,2.54156397,2.51736285,2.44926301,2.29672527,2.01717887
349,2.55000000,2.55000000,2.55000000,2.55000000,2.55000000,2.55000000,2.55000000,2.55000000,2.55000000,2.55000000,2.54999999,2.54999977,2.54999680,2.54996614,2.54972410,2.54826233,2.54148002,2.51714290,2.44883300,2.29609899,2.01650956
350,2.55000000,2.55000000,2.55000000,2.55000000,2.55000000,2.55000000,2.55000000,2.55000000,2.55000000,2.55000000,2.54999999,2.54999976,2.54999670,2.54996531,2.54971895,2.54823822,2.54139564,2.51692252,2.44840304,2.29547357,2.01584145
351,2.55000000,2.55000000,2.55000000,2.55000000,2.55000000,2.55000000,2.55000000,2.55000000,2.55000000,2.55000000,2.54999999,2.54999975,2.54999660,2.54996447,2.54971373,2.54821389,2.54131086,2.51670170,2.44797312,2.29484901,2.01517455
352,2.55000000,2.55000000,2.55000000,2.55000000,2.55000000,2.55000000,2.55000000,2.55000000,2.55000000,2.55000000,2.54999999,2.54999974,2.54999650,2.54996362,2.54970844,2.54818935,2.54122566,2.51648045,2.44754325,2.29422530,2.01450883
353,2.55000000,2.55000000,2.55000000,2.55000000,2.55000000,2.55000000,2.55000000,2.55000000,2.55000000,2.55000000,2.54999998,2.54999973,2.54999639,2.54996275,2.54970308,2.54816460,2.54114005,2.51625877,2.44711342,2.29360243,2.01384431
354,2.55000000,2.55000000,2.55000000,2.55000000,2.55000000,2.55000000,2.55000000,2.55000000,2.55000000,2.55000000,2.54999998,2.54999972,2.54999629,2.54996187,2.54969766,2.54813964,2.54105403,2.51603667,2.44668365,2.29298041,2.01318097
355,2.55000000,2.55000000,2.55000000,2.55000000,2.55000000,2.55000000,2.55000000,2.55000000,2.55000000,2.55000000,2.54999998,2.54999971,2.54999617,2.54996096,2.54969216,2.54811447,2.54096760,2.51581414,2.44625393,2.29235923,2.01251881
356,2.55000000,2.55000000,2.55000000,2.55000000,2.55000000,2.55000000,2.55000000,2.55000000,2.55000000,2.55000000,2.54999998,2.54999970,2.54999606,2.54996005,2.54968659,2.54808909,2.54088076,2.51559118,2.44582427,2.29173889,2.01185783
357,2.55000000,2.55000000,2.55000000,2.55000000,2.55000000,2.55000000,2.55000000,2.55000000,2.55000000,2.55000000,2.54999998,2.54999969,2.54999594,2.54995911,2.54968095,2.54806350,2.54079351,2.51536781,2.44539467,2.29111939,2.01119802
358,2.55000000,2.55000000,2.55000000,2.55000000,2.55000000,2.55000000,2.55000000,2.55000000,2.55000000,2.55000000,2.54999998,2.54999968,2.54999582,2.54995816,2.54967524,2.54803769,2.54070585,2.51514402,2.44496513,2.29050073,2.01053937
359,2.55000000,2.55000000,2.55000000,2.55000000,2.55000000,2.55000000,2.55000000,2.55000000,2.55000000,2.55000000,2.54999998,2.54999967,2.54999570,2.54995719,2.54966945,2.54801167,2.54061779,2.51491982,2.44453564,2.28988290,2.00988188
360,2.55000000,2.55000000,2.55000000,2.55000000,2.55000000,2.55000000,2.55000000,2.55000000,2.55000000,2.55000000,2.54999998,2.54999965,2.54999558,2.54995620,2.54966360,2.54798544,2.54052932,2.51469521,2.44410622,2.28926590,2.00922554
361,2.55000000,2.55000000,2.55000000,2.55000000,2.55000000,2.55000000,2.55000000,2.55000000,2.55000000,2.55000000,2.54999998,2.54999964,2.54999545,2.54995520,2.54965767,2.54795900,2.54044044,2.51447019,2.44367687,2.28864973,2.00857036
362,2.55000000,2.55000000,2.55000000,2.55000000,2.55000000,2.55000000,2.55000000,2.55000000,2.55000000,2.55000000,2.54999998,2.54999963,2.54999532,2.54995418,2.54965166,2.54793234,2.54035117,2.51424477,2.44324758,2.28803438,2.00791633
363,2.55000000,2.55000000,2.55000000,2.55000000,2.55000000,2.55000000,2.55000000,2.55000000,2.55000000,2.55000000,2.54999998,2.54999962,2.54999518,2.54995314,2.54964558,2.54790547,2.54026148,2.51401894,2.44281837,2.28741986,2.00726343
364,2.55000000,2.55000000,2.55000000,2.55000000,2.55000000,2.55000000,2.55000000,2.55000000,2.55000000,2.55000000,2.54999998,2.54999960,2.54999504,2.54995208,2.54963943,2.54787838,2.54017140,2.51379272,2.44238922,2.28680616,2.00661168
365,2.55000000,2.55000000,2.55000000,2.55000000,2.55000000,2.55000000,2.55000000,2.55000000,2.55000000,2.55000000,2.54999997,2.54999959,2.54999490,2.54995101,2.54963320,2.54785107,2.54008091,2.51356610,2.44196015,2.28619328,2.00596106
366,2.55000000,2.55000000,2.55000000,2.55000000,2.55000000,2.55000000,2.55000000,2.55000000,2.55000000,2.55000000,2.54999997,2.54999957,2.54999476,2.54994991,2.54962690,2.54782356,2.53999003,2.51333908,2.44153115,2.28558121,2.00531156
367,2.55000000,2.55000000,2.55000000,2.55000000,2.55000000,2.55000000,2.55000000,2.55000000,2.55000000,2.55000000,2.54999997,2.54999956,2.54999461,2.54994880,2.54962052,2.54779582,2.53989874,2.51311167,2.44110223,2.28496996,2.00466319
368,2.55000000,2.55000000,2.55000000,2.55000000,2.55000000,2.55000000,2.55000000,2.55000000,2.55000000,2.55000000,2.54999997,2.54999954,2.54999446,2.54994767,2.54961406,2.54776787,2.53980706,2.51288387,2.44067338,2.28435952,2.00401594
369,2.55000000,2.55000000,2.55000000,2.55000000,2.55000000,2.55000000,2.55000000,2.55000000,2.55000000,2.55000000,2.54999997,2.54999953,2.54999431,2.54994652,2.54960753,2.54773970,2.53971498,2.51265568,2.44024462,2.28374989,2.00336980
370,2.55000000,2.55000000,2.55000000,2.55000000,2.55000000,2.55000000,2.55000000,2.55000000,2.55000000,2.55000000,2.54999997,2.54999951,2.54999415,2.54994535,2.54960091,2.54771132,2.53962250,2.51242711,2.43981593,2.28314107,2.00272476
371,2.55000000,2.55000000,2.55000000,2.55000000,2.55000000,2.55000000,2.55000000,2.55000000,2.55000000,2.55000000,2.54999997,2.54999950,2.54999399,2.54994416,2.54959423,2.54768271,2.53952962,2.51219816,2.43938733,2.28253305,2.00208083
372,2.55000000,2.55000000,2.55000000,2.55000000,2.55000000,2.55000000,2.55000000,2.55000000,2.55000000,2.55000000,2.54999997,2.54999948,2.54999383,2.54994295,2.54958746,2.54765389,2.53943635,2.51196883,2.43895882,2.28192583,2.00143800
373,2.55000000,2.55000000,2.55000000,2.55000000,2.55000000,2.55000000,2.55000000,2.55000000,2.55000000,2.55000000,2.54999996,2.54999946,2.54999366,2.54994172,2.54958061,2.54762486,2.53934268,2.51173913,2.43853039,2.28131941,2.00079626
374,2.55000000,2.55000000,2.55000000,2.55000000,2.55000000,2.55000000,2.55000000,2.55000000,2.55000000,2.55000000,2.54999996,2.54999944,2.54999349,2.54994047,2.54957369,2.54759560,2.53924862,2.51150905,2.43810204,2.28071379,2.00015561
375,2.55000000,2.55000000,2.55000000,2.55000000,2.55000000,2.55000000,2.55000000,2.55000000,2.55000000,2.55000000,2.54999996,2.54999942,2.54999331,2.54993920,2.54956668,2.54756613,2.53915417,2.51127860,2.43767379,2.28010896,1.99951605
376,2.55000000,2.55000000,2.55000000,2.55000000,2.55000000,2.55000000,2.55000000,2.55000000,2.55000000,2.55000000,2.54999996,2.54999941,2.54999313,2.54993791,2.54955959,2.54753643,2.53905933,2.51104777,2.43724563,2.27950493,1.99887757
377,2.55000000,2.55000000,2.55000000,2.55000000,2.55000000,2.55000000,2.55000000,2.55000000,2.55000000,2.55000000,2.54999996,2.54999939,2.54999295,2.54993660,2.54955243,2.54750652,2.53896410,2.51081659,2.43681756,2.27890169,1.99824016
378,2.55000000,2.55000000,2.55000000,2.55000000,2.55000000,2.55000000,2.55000000,2.55000000,2.55000000,2.55000000,2.54999996,2.54999937,2.54999276,2.54993527,2.54954518,2.54747638,2.53886847,2.51058504,2.43638959,2.27829924,1.99760383
379,2.55000000,2.55000000,2.55000000,2.55000000,2.55000000,2.55000000,2.55000000,2.55000000,2.55000000,2.55000000,2.54999995,2.54999934,2.54999257,2.54993392,2.54953785,2.54744603,2.53877246,2.51035312,2.43596171,2.27769757,1.99696857
380,2.55000000,2.55000000,2.55000000,2.55000000,2.55000000,2.55000000,2.55000000,2.55000000,2.55000000,2.55000000,2.54999995,2.54999932,2.54999237,2.54993254,2.54953044,2.54741546,2.53867606,2.51012085,2.43553393,2.27709668,1.99633436
381,2.55000000,2.55000000,2.55000000,2.55000000,2.55000000,2.55000000,2.55000000,2.55000000,2.55000000,2.55000000,2.54999995,2.54999930,2.54999217,2.54993115,2.54952294,2.54738466,2.53857927,2.50988822,2.43510625,2.27649658,1.99570122
382,2.55000000,2.55000000,2.55000000,2.55000000,2.55000000,2.55000000,2.55000000,2.55000000,2.55000000,2.55000000,2.54999995,2.54999928,2.54999197,2.54992973,2.54951537,2.54735365,2.53848210,2.50965524,2.43467867,2.27589726,1.99506913
383,2.55000000,2.55000000,2.55000000,2.55000000,2.55000000,2.55000000,2.55000000,2.55000000,2.55000000,2.55000000,2.54999995,2.54999926,2.54999176,2.54992829,2.54950771,2.54732241,2.53838454,2.50942191,2.43425119,2.27529871,1.99443810
384,2.55000000,2.55000000,2.55000000,2.55000000,2.55000000,2.55000000,2.55000000,2.55000000,2.55000000,2.55000000,2.54999995,2.54999923,2.54999155,2.54992682,2.54949996,2.54729096,2.53828660,2.50918822,2.43382381,2.27470094,1.99380810
385,2.55000000,2.55000000,2.55000000,2.55000000,2.55000000,2.55000000,2.55000000,2.55000000,2.55000000,2.55000000,2.54999994,2.54999921,2.54999133,2.54992534,2.54949213,2.54725928,2.53818827,2.50895419,2.43339654,2.27410395,1.99317915
386,2.55000000,2.55000000,2.55000000,2.55000000,2.55000000,2.55000000,2.55000000,2.55000000,2.55000000,2.55000000,2.54999994,2.54999918,2.54999111,2.54992383,2.54948422,2.54722738,2.53808957,2.50871982,2.43296937,2.27350772,1.99255124
387,2.55000000,2.55000000,2.55000000,2.55000000,2.55000000,2.55000000,2.55000000,2.55000000,2.55000000,2.55000000,2.54999994,2.54999916,2.54999089,2.54992230,2.54947622,2.54719526,2.53799048,2.50848510,2.43254232,2.27291226,1.99192437
388,2.55000000,2.55000000,2.55000000,2.55000000,2.55000000,2.55000000,2.55000000,2.55000000,2.55000000,2.55000000,2.54999994,2.54999913,2.54999066,2.54992074,2.54946814,2.54716291,2.53789101,2.50825004,2.43211537,2.27231757,1.99129852
389,2.55000000,2.55000000,2.55000000,2.55000000,2.55000000,2.55000000,2.55000000,2.55000000,2.55000000,2.55000000,2.54999993,2.54999910,2.54999042,2.54991917,2.54945997,2.54713035,2.53779116,2.50801464,2.43168853,2.27172364,1.99067370
390,2.55000000,2.55000000,2.55000000,2.55000000,2.55000000,2.55000000,2.55000000,2.55000000,2.55000000,2.55000000,2.54999993,2.54999908,2.54999018,2.54991757,2.54945171,2.54709756,2.53769093,2.50777891,2.43126180,2.27113047,1.99004990
391,2.55000000,2.55000000,2.55000000,2.55000000,2.55000000,2.55000000,2.55000000,2.55000000,2.55000000,2.55000000,2.54999993,2.54999905,2.54998994,2.54991594,2.54944337,2.54706454,2.53759033,2.50754285,2.43083518,2.27053807,1.98942711
392,2.55000000,2.55000000,2.55000000,2.55000000,2.55000000,2.55000000,2.55000000,2.55000000,2.55000000,2.55000000,2.54999993,2.54999902,2.54998969,2.54991429,2.54943494,2.54703131,2.53748935,2.50730646,2.43040868,2.26994642,1.98880534
393,2.55000000,2.55000000,2.55000000,2.55000000,2.55000000,2.55000000,2.55000000,2.55000000,2.55000000,2.55000000,2.54999992,2.54999899,2.54998943,2.54991262,2.54942642,2.54699785,2.53738799,2.50706973,2.42998230,2.26935552,1.98818458
394,2.55000000,2.55000000,2.55000000,2.55000000,2.55000000,2.55000000,2.55000000,2.55000000,2.55000000,2.55000000,2.54999992,2.54999896,2.54998917,2.54991092,2.54941781,2.54696416,2.53728626,2.50683268,2.42955603,2.26876538,1.98756483
395,2.55000000,2.55000000,2.55000000,2.55000000,2.55000000,2.55000000,2.55000000,2.55000000,2.55000000,2.55000000,2.54999992,2.54999893,2.54998891,2.54990919,2.54940912,2.54693026,2.53718416,2.50659531,2.42912988,2.26817599,1.98694608
396,2.55000000,2.55000000,2.55000000,2.55000000,2.55000000,2.55000000,2.55000000,2.55000000,2.55000000,2.54999999,2.54999991,2.54999889,2.54998864,2.54990745,2.54940033,2.54689613,2.53708168,2.50635761,2.42870384,2.26758735,1.98632832
397,2.55000000,2.55000000,2.55000000,2.55000000,2.55000000,2.55000000,2.55000000,2.55000000,2.55000000,2.54999999,2.54999991,2.54999886,2.54998837,2.54990567,2.54939146,2.54686177,2.53697883,2.50611960,2.42827793,2.26699946,1.98571156
398,2.55000000,2.55000000,2.55000000,2.55000000,2.55000000,2.55000000,2.55000000,2.55000000,2.55000000,2.54999999,2.54999991,2.54999883,2.54998809,2.54990387,2.54938250,2.54682719,2.53687561,2.50588127,2.42785214,2.26641231,1.98509579
399,2.55000000,2.55000000,2.55000000,2.55000000,2.55000000,2.55000000,2.55000000,2.55000000,2.55000000,2.54999999,2.54999991,2.54999879,2.54998780,2.54990205,2.54937344,2.54679239,2.53677202,2.50564262,2.42742648,2.26582591,1.98448101
400,2.55000000,2.55000000,2.55000000,2.55000000,2.55000000,2.55000000,2.55000000,2.55000000,2.55000000,2.54999999,2.54999990,2.54999876,2.54998751,2.54990020,2.54936430,2.54675736,2.53666807,2.50540366,2.42700093,2.26524024,1.98386721
401,2.55000000,2.55000000,2.55000000,2.55000000,2.55000000,2.55000000,2.55000000,2.55000000,2.55000000,2.54999999,2.54999990,2.54999872,2.54998721,2.54989832,2.54935507,2.54672210,2.53656374,2.50516439,2.42657551,2.26465531,1.98325439
402,2.55000000,2.55000000,2.55000000,2.55000000,2.55000000,2.55000000,2.55000000,2.55000000,2.55000000,2.54999999,2.54999989,2.54999868,2.54998691,2.54989642,2.54934574,2.54668662,2.53645905,2.50492481,2.42615022,2.26407113,1.98264254
403,2.55000000,2.55000000,2.55000000,2.55000000,2.55000000,2.55000000,2.55000000,2.55000000,2.55000000,2.54999999,2.54999989,2.54999865,2.54998660,2.54989449,2.54933632,2.54665092,2.53635399,2.50468492,2.42572506,2.26348767,1.98203166
404,2.55000000,2.55000000,2.55000000,2.55000000,2.55000000,2.55000000,2.55000000,2.55000000,2.55000000,2.54999999,2.54999989,2.54999861,2.54998629,2.54989253,2.54932681,2.54661499,2.53624857,2.50444473,2.42530002,2.26290495,1.98142176
405,2.55000000,2.55000000,2.55000000,2.55000000,2.55000000,2.55000000,2.55000000,2.55000000,2.55000000,2.54999999,2.54999988,2.54999857,2.54998597,2.54989054,2.54931721,2.54657883,2.53614278,2.50420424,2.42487512,2.26232296,1.98081281
406,2.55000000,2.55000000,2.55000000,2.55000000,2.55000000,2.55000000,2.55000000,2.55000000,2.55000000,2.54999999,2.54999988,2.54999853,2.54998564,2.54988853,2.54930751,2.54654245,2.53603664,2.50396345,2.42445034,2.26174169,1.98020483
407,2.55000000,2.55000000,2.55000000,2.55000000,2.55000000,2.55000000,2.55000000,2.55000000,2.55000000,2.54999999,2.54999988,2.54999848,2.54998531,2.54988649,2.54929772,2.54650585,2.53593013,2.50372236,2.42402570,2.26116116,1.97959780
408,2.55000000,2.55000000,2.55000000,2.55000000,2.55000000,2.55000000,2.55000000,2.55000000,2.55000000,2.54999999,2.54999987,2.54999844,2.54998498,2.54988443,2.54928784,2.54646901,2.53582325,2.50348097,2.42360119,2.26058134,1.97899173
409,2.55000000,2.55000000,2.55000000,2.55000000,2.55000000,2.55000000,2.55000000,2.55000000,2.55000000,2.54999999,2.54999987,2.54999840,2.54998463,2.54988233,2.54927786,2.54643195,2.53571602,2.50323929,2.42317681,2.26000225,1.97838660
410,2.55000000,2.55000000,2.55000000,2.55000000,2.55000000,2.55000000,2.55000000,2.55000000,2.55000000,2.54999999,2.54999986,2.54999835,2.54998428,2.54988021,2.54926779,2.54639467,2.53560844,2.50299732,2.42275257,2.25942388,1.97778243
411,2.55000000,2.55000000,2.55000000,2.55000000,2.55000000,2.55000000,2.55000000,2.55000000,2.55000000,2.54999999,2.54999986,2.54999831,2.54998393,2.54987806,2.54925762,2.54635716,2.53550049,2.50275505,2.42232847,2.25884623,1.97717919
412,2.55000000,2.55000000,2.55000000,2.55000000,2.55000000,2.55000000,2.55000000,2.55000000,2.55000000,2.54999999,2.54999985,2.54999826,2.54998357,2.54987588,2.54924736,2.54631942,2.53539218,2.50251251,2.42190450,2.25826930,1.97657689
413,2.55000000,2.55000000,2.55000000,2.55000000,2.55000000,2.55000000,2.55000000,2.55000000,2.55000000,2.54999999,2.54999985,2.54999821,2.54998320,2.54987367,2.54923700,2.54628146,2.53528352,2.50226967,2.42148068,2.25769308,1.97597553
414,2.55000000,2.55000000,2.55000000,2.55000000,2.55000000,2.55000000,2.55000000,2.55000000,2.55000000,2.54999999,2.54999984,2.54999816,2.54998282,2.54987143,2.54922654,2.54624326,2.53517451,2.50202655,2.42105699,2.25711757,1.97537510
415,2.55000000,2.55000000,2.55000000,2.55000000,2.55000000,2.55000000,2.55000000,2.55000000,2.55000000,2.54999999,2.54999984,2.54999811,2.54998244,2.54986916,2.54921599,2.54620485,2.53506514,2.50178315,2.42063344,2.25654277,1.97477560
416,2.55000000,2.55000000,2.55000000,2.55000000,2.55000000,2.55000000,2.55000000,2.55000000,2.55000000,2.54999999,2.54999983,2.54999806,2.54998205,2.54986686,2.54920534,2.54616620,2.53495542,2.50153947,2.42021003,2.25596869,1.97417702
417,2.55000000,2.55000000,2.55000000,2.55000000,2.55000000,2.55000000,2.55000000,2.55000000,2.55000000,2.54999999,2.54999983,2.54999801,2.54998166,2.54986454,2.54919460,2.54612733,2.53484535,2.50129552,2.41978676,2.25539530,1.97357937
418,2.55000000,2.55000000,2.55000000,2.55000000,2.55000000,2.55000000,2.55000000,2.55000000,2.55000000,2.54999999,2.54999982,2.54999795,2.54998125,2.54986218,2.54918375,2.54608823,2.53473493,2.50105128,2.41936364,2.25482263,1.97298263
419,2.55000000,2.55000000,2.55000000,2.55000000,2.55000000,2.55000000,2.55000000,2.55000000,2.55000000,2.54999999,2.54999981,2.54999790,2.54998084,2.54985979,2.54917281,2.54604890,2.53462415,2.50080678,2.41894066,2.25425065,1.97238681
420,2.55000000,2.55000000,2.55000000,2.55000000,2.55000000,2.55000000,2.55000000,2.55000000,2.55000000,2.54999999,2.54999981,2.54999784,2.54998043,2.54985737,2.54916177,2.54600935,2.53451303,2.50056200,2.41851783,2.25367938,1.97179190
421,2.55000000,2.55000000,2.55000000,2.55000000,2.55000000,2.55000000,2.55000000,2.55000000,2.55000000,2.54999999,2.54999980,2.54999778,2.54998000,2.54985492,2.54915063,2.54596957,2.53440156,2.50031696,2.41809515,2.25310881,1.97119790
422,2.55000000,2.55000000,2.55000000,2.55000000,2.55000000,2.55000000,2.55000000,2.55000000,2.55000000,2.54999999,2.54999980,2.54999772,2.54997957,2.54985244,2.54913939,2.54592956,2.53428975,2.50007164,2.41767261,2.25253893,1.97060480
423,2.55000000,2.55000000,2.55000000,2.55000000,2.55000000,2.55000000,2.55000000,2.55000000,2.55000000,2.54999998,2.54999979,2.54999766,2.54997914,2.54984993,2.54912806,2.54588933,2.53417758,2.49982606,2.41725021,2.25196975,1.97001261
424,2.55000000,2.55000000,2.55000000,2.55000000,2.55000000,2.55000000,2.55000000,2.55000000,2.55000000,2.54999998,2.54999978,2.54999760,2.54997869,2.54984739,2.54911662,2.54584887,2.53406508,2.49958022,2.41682797,2.25140126,1.96942132
425,2.55000000,2.55000000,2.55000000,2.55000000,2.55000000,2.55000000,2.55000000,2.55000000,2.55000000,2.54999998,2.54999978,2.54999754,2.54997824,2.54984481,2.54910508,2.54580818,2.53395223,2.49933411,2.41640588,2.25083346,1.96883093
426,2.55000000,2.55000000,2.55000000,2.55000000,2.55000000,2.55000000,2.55000000,2.55000000,2.55000000,2.54999998,2.54999977,2.54999748,2.54997778,2.54984221,2.54909344,2.54576726,2.53383903,2.49908775,2.41598393,2.25026635,1.96824143
427,2.55000000,2.55000000,2.55000000,2.55000000,2.55000000,2.55000000,2.55000000,2.55000000,2.55000000,2.54999998,2.54999976,2.54999741,2.54997731,2.54983957,2.54908170,2.54572611,2.53372550,2.49884112,2.41556214,2.24969994,1.96765282
428,2.55000000,2.55000000,2.55000000,2.55000000,2.55000000,2.55000000,2.55000000,2.55000000,2.55000000,2.54999998,2.54999975,2.54999734,2.54997683,2.54983690,2.54906986,2.54568474,2.53361162,2.49859424,2.41514050,2.24913420,1.96706509
429,2.55000000,2.55000000,2.55000000,2.55000000,2.55000000,2.55000000,2.55000000,2.55000000,2.55000000,2.54999998,2.54999975,2.54999727,2.54997635,2.54983419,2.54905792,2.54564314,2.53349741,2.49834711,2.41471902,2.24856915,1.96647825
430,2.55000000,2.55000000,2.55000000,2.55000000,2.55000000,2.55000000,2.55000000,2.55000000,2.55000000,2.54999998,2.54999974,2.54999720,2.54997586,2.54983145,2.54904588,2.54560131,2.53338285,2.49809972,2.41429768,2.24800479,1.96589229
431,2.55000000,2.55000000,2.55000000,2.55000000,2.55000000,2.55000000,2.55000000,2.55000000,2.55000000,2.54999998,2.54999973,2.54999713,2.54997536,2.54982868,2.54903373,2.54555926,2.53326796,2.49785208,2.41387651,2.24744110,1.96530720
432,2.55000000,2.55000000,2.55000000,2.55000000,2.55000000,2.55000000,2.55000000,2.55000000,2.55000000,2.54999998,2.54999972,2.54999706,2.54997485,2.54982588,2.54902148,2.54551697,2.53315273,2.49760419,2.41345548,2.24687809,1.96472299
433,2.55000000,2.55000000,2.55000000,2.55000000,2.55000000,2.55000000,2.55000000,2.55000000,2.55000000,2.54999998,2.54999971,2.54999699,2.54997433,2.54982304,2.54900913,2.54547446,2.53303717,2.49735606,2.41303462,2.24631576,1.96413965
434,2.55000000,2.55000000,2.55000000,2.55000000,2.55000000,2.55000000,2.55000000,2.55000000,2.55000000,2.54999998,2.54999971,2.54999691,2.54997381,2.54982017,2.54899667,2.54543172,2.53292127,2.49710768,2.41261391,2.24575410,1.96355717
435,2.55000000,2.55000000,2.55000000,2.55000000,2.55000000,2.55000000,2.55000000,2.55000000,2.55000000,2.54999998,2.54999970,2.54999683,2.54997328,2.54981727,2.54898411,2.54538876,2.53280504,2.49685906,2.41219336,2.24519312,1.96297556
436,2.55000000,2.55000000,2.55000000,2.55000000,2.55000000,2.55000000,2.55000000,2.55000000,2.55000000,2.54999998,2.54999969,2.54999675,2.54997274,2.54981433,2.54897145,2.54534556,2.53268847,2.49661019,2.41177296,2.24463281,1.96239481
437,2.55000000,2.55000000,2.55000000,2.55000000,2.55000000,2.55000000,2.55000000,2.55000000,2.55000000,2.54999997,2.54999968,2.54999667,2.54997219,2.54981135,2.54895868,2.54530214,2.53257157,2.49636109,2.41135273,2.24407317,1.96181492
438,2.55000000,2.55000000,2.55000000,2.55000000,2.55000000,2.55000000,2.55000000,2.55000000,2.55000000,2.54999997,2.54999967,2.54999659,2.54997163,2.54980834,2.54894580,2.54525849,2.53245435,2.49611174,2.41093266,2.24351419,1.96123588
439,2.55000000,2.55000000,2.55000000,2.55000000,2.55000000,2.55000000,2.55000000,2.55000000,2.55000000,2.54999997,2.54999966,2.54999651,2.54997106,2.54980530,2.54893283,2.54521461,2.53233679,2.49586216,2.41051274,2.24295589,1.96065770
440,2.55000000,2.55000000,2.55000000,2.55000000,2.55000000,2.55000000,2.55000000,2.55000000,2.55000000,2.54999997,2.54999965,2.54999642,2.54997049,2.54980222,2.54891974,2.54517051,2.53221890,2.49561235,2.41009299,2.24239824,1.96008036
441,2.55000000,2.55000000,2.55000000,2.55000000,2.55000000,2.55000000,2.55000000,2.55000000,2.55000000,2.54999997,2.54999964,2.54999633,2.54996990,2.54979910,2.54890655,2.54512617,2.53210069,2.49536230,2.40967340,2.24184126,1.95950387
442,2.55000000,2.55000000,2.55000000,2.55000000,2.55000000,2.55000000,2.55000000,2.55000000,2.55000000,2.54999997,2.54999963,2.54999624,2.54996931,2.54979595,2.54889326,2.54508161,2.53198215,2.49511202,2.40925398,2.24128494,1.95892822
443,2.55000000,2.55000000,2.55000000,2.55000000,2.55000000,2.55000000,2.55000000,2.55000000,2.55000000,2.54999997,2.54999962,2.54999615,2.54996870,2.54979276,2.54887986,2.54503683,2.53186328,2.49486152,2.40883471,2.24072928,1.95835342
444,2.55000000,2.55000000,2.55000000,2.55000000,2.55000000,2.55000000,2.55000000,2.55000000,2.55000000,2.54999997,2.54999960,2.54999606,2.54996809,2.54978954,2.54886635,2.54499181,2.53174409,2.49461078,2.40841562,2.24017428,1.95777945
445,2.55000000,2.55000000,2.55000000,2.55000000,2.55000000,2.55000000,2.55000000,2.55000000,2.55000000,2.54999997,2.54999959,2.54999597,2.54996747,2.54978628,2.54885273,2.54494657,2.53162458,2.49435982,2.40799668,2.23961993,1.95720631
446,2.55000000,2.55000000,2.55000000,2.55000000,2.55000000,2.55000000,2.55000000,2.55000000,2.55000000,2.54999997,2.54999958,2.54999587,2.54996684,2.54978298,2.54883901,2.54490110,2.53150474,2.49410863,2.40757792,2.23906624,1.95663401
447,2.55000000,2.55000000,2.55000000,2.55000000,2.55000000,2.55000000,2.55000000,2.55000000,2.55000000,2.54999996,2.54999957,2.54999577,2.54996620,2.54977965,2.54882518,2.54485540,2.53138458,2.49385722,2.40715932,2.23851319,1.95606253
448,2.55000000,2.55000000,2.55000000,2.55000000,2.55000000,2.55000000,2.55000000,2.55000000,2.55000000,2.54999996,2.54999956,2.54999567,2.54996555,2.54977628,2.54881124,2.54480947,2.53126410,2.49360559,2.40674088,2.23796080,1.95549188
449,2.55000000,2.55000000,2.55000000,2.55000000,2.55000000,2.55000000,2.55000000,2.55000000,2.55000000,2.54999996,2.54999954,2.54999557,2.54996489,2.54977287,2.54879719,2.54476332,2.53114330,2.49335374,2.40632262,2.23740906,1.95492206
450,2.55000000,2.55000000,2.55000000,2.55000000,2.55000000,2.55000000,2.55000000,2.55000000,2.55000000,2.54999996,2.54999953,2.54999547,2.54996422,2.54976943,2.54878304,2.54471694,2.53102218,2.49310168,2.40590452,2.23685796,1.95435305
451,2.55000000,2.55000000,2.55000000,2.55000000,2.55000000,2.55000000,2.55000000,2.55000000,2.55000000,2.54999996,2.54999952,2.54999536,2.54996354,2.54976594,2.54876878,2.54467033,2.53090075,2.49284940,2.40548659,2.23630751,1.95378486
452,2.55000000,2.55000000,2.55000000,2.55000000,2.55000000,2.55000000,2.55000000,2.55000000,2.55000000,2.54999996,2.54999950,2.54999525,2.54996285,2.54976242,2.54875440,2.54462349,2.53077899,2.49259690,2.40506883,2.23575771,1.95321749
453,2.55000000,2.55000000,2.55000000,2.55000000,2.55000000,2.55000000,2.55000000,2.55000000,2.55000000,2.54999996,2.54999949,2.54999514,2.54996215,2.54975886,2.54873992,2.54457643,2.53065693,2.49234419,2.40465124,2.23520854,1.95265092
454,2.55000000,2.55000000,2.55000000,2.55000000,2.55000000,2.55000000,2.55000000,2.55000000,2.55000000,2.54999996,2.54999948,2.54999503,2.54996144,2.54975526,2.54872533,2.54452914,2.53053454,2.49209127,2.40423382,2.23466002,1.95208517
455,2.55000000,2.55000000,2.55000000,2.55000000,2.55000000,2.55000000,2.55000000,2.55000000,2.55000000,2.54999995,2.54999946,2.54999492,2.54996072,2.54975163,2.54871062,2.54448163,2.53041185,2.49183814,2.40381658,2.23411213,1.95152022
456,2.55000000,2.55000000,2.55000000,2.55000000,2.55000000,2.55000000,2.55000000,2.55000000,2.55000000,2.54999995,2.54999945,2.54999480,2.54995999,2.54974795,2.54869581,2.54443388,2.53028884,2.49158480,2.40339950,2.23356489,1.95095607
457,2.55000000,2.55000000,2.55000000,2.55000000,2.55000000,2.55000000,2.55000000,2.55000000,2.55000000,2.54999995,2.54999943,2.54999468,2.54995925,2.54974423,2.54868089,2.54438591,2.53016552,2.49133125,2.40298260,2.23301827,1.95039273
458,2.55000000,2.55000000,2.55000000,2.55000000,2.55000000,2.55000000,2.55000000,2.55000000,2.55000000,2.54999995,2.54999942,2.54999456,2.54995850,2.54974048,2.54866585,2.54433771,2.53004188,2.49107750,2.40256587,2.23247229,1.94983018
459,2.55000000,2.55000000,2.55000000,2.55000000,2.55000000,2.55000000,2.55000000,2.55000000,2.55000000,2.54999995,2.54999940,2.54999444,2.54995773,2.54973668,2.54865071,2.54428929,2.52991794,2.49082355,2.40214932,2.23192695,1.94926843
460,2.55000000,2.55000000,2.55000000,2.55000000,2.55000000,2.55000000,2.55000000,2.55000000,2.55000000,2.54999995,2.54999938,2.54999431,2.54995696,2.54973285,2.54863545,2.54424064,2.52979369,2.49056940,2.40173293,2.23138223,1.94870747
461,2.55000000,2.55000000,2.55000000,2.55000000,2.55000000,2.55000000,2.55000000,2.55000000,2.55000000,2.54999994,2.54999937,2.54999418,2.54995618,2.54972897,2.54862008,2.54419176,2.52966913,2.49031504,2.40131673,2.23083814,1.94814730
462,2.55000000,2.55000000,2.55000000,2.55000000,2.55000000,2.55000000,2.55000000,2.55000000,2.55000000,2.54999994,2.54999935,2.54999405,2.54995538,2.54972506,2.54860460,2.54414266,2.52954427,2.49006049,2.40090070,2.23029468,1.94758792
463,2.55000000,2.55000000,2.55000000,2.55000000,2.55000000,2.55000000,2.55000000,2.55000000,2.55000000,2.54999994,2.54999933,2.54999392,2.54995457,2.54972110,2.54858901,2.54409333,2.52941910,2.48980574,2.40048484,2.22975185,1.94702933
464,2.55000000,2.55000000,2.55000000,2.55000000,2.55000000,2.55000000,2.55000000,2.55000000,2.55000000,2.54999994,2.54999932,2.54999379,2.54995376,2.54971711,2.54857330,2.54404377,2.52929362,2.48955079,2.40006917,2.22920964,1.94647151
465,2.55000000,2.55000000,2.55000000,2.55000000,2.55000000,2.55000000,2.55000000,2.55000000,2.55000000,2.54999994,2.54999930,2.54999365,2.54995293,2.54971307,2.54855748,2.54399399,2.52916784,2.48929565,2.39965366,2.22866805,1.94591448
466,2.55000000,2.55000000,2.55000000,2.55000000,2.55000000,2.55000000,2.55000000,2.55000000,2.55000000,2.54999993,2.54999928,2.54999351,2.54995209,2.54970899,2.54854155,2.54394398,2.52904176,2.48904032,2.39923834,2.22812708,1.94535822
467,2.55000000,2.55000000,2.55000000,2.55000000,2.55000000,2.55000000,2.55000000,2.55000000,2.54999999,2.54999993,2.54999926,2.54999337,2.54995123,2.54970487,2.54852550,2.54389375,2.52891537,2.48878480,2.39882320,2.22758674,1.94480274
468,2.55000000,2.55000000,2.55000000,2.55000000,2.55000000,2.55000000,2.55000000,2.55000000,2.54999999,2.54999993,2.54999924,2.54999322,2.54995037,2.54970070,2.54850935,2.54384329,2.52878869,2.48852908,2.39840823,2.22704701,1.94424803
469,2.55000000,2.55000000,2.55000000,2.55000000,2.55000000,2.55000000,2.55000000,2.55000000,2.54999999,2.54999993,2.54999922,2.54999308,2.54994949,2.54969650,2.54849307,2.54379260,2.52866170,2.48827318,2.39799344,2.22650789,1.94369408
470,2.55000000,2.55000000,2.55000000,2.55000000,2.55000000,2.55000000,2.55000000,2.55000000,2.54999999,2.54999993,2.54999920,2.54999293,2.54994861,2.54969225,2.54847668,2.54374169,2.52853442,2.48801709,2.39757883,2.22596939,1.94314091
471,2.55000000,2.55000000,2.55000000,2.55000000,2.55000000,2.55000000,2.55000000,2.55000000,2.54999999,2.54999992,2.54999918,2.54999277,2.54994771,2.54968796,2.54846018,2.54369055,2.52840684,2.48776082,2.39716440,2.22543151,1.94258850
472,2.55000000,2.55000000,2.55000000,2.55000000,2.55000000,2.55000000,2.55000000,2.55000000,2.54999999,2.54999992,2.54999916,2.54999262,2.54994680,2.54968363,2.54844357,2.54363919,2.52827896,2.48750437,2.39675016,2.22489423,1.94203685
473,2.55000000,2.55000000,2.55000000,2.55000000,2.55000000,2.55000000,2.55000000,2.55000000,2.54999999,2.54999992,2.54999914,2.54999246,2.54994587,2.54967925,2.54842683,2.54358760,2.52815078,2.48724773,2.39633609,2.22435757,1.94148596
474,2.55000000,2.55000000,2.55000000,2.55000000,2.55000000,2.55000000,2.55000000,2.55000000,2.54999999,2.54999992,2.54999911,2.54999230,2.54994494,2.54967483,2.54840999,2.54353579,2.52802231,2.48699091,2.39592220,2.22382151,1.94093583
475,2.55000000,2.55000000,2.55000000,2.55000000,2.55000000,2.55000000,2.55000000,2.55000000,2.54999999,2.54999991,2.54999909,2.54999214,2.54994399,2.54967037,2.54839303,2.54348375,2.52789355,2.48673391,2.39550850,2.22328606,1.94038645
476,2.55000000,2.55000000,2.55000000,2.55000000,2.55000000,2.55000000,2.55000000,2.55000000,2.54999999,2.54999991,2.54999907,2.54999197,2.54994303,2.54966586,2.54837595,2.54343149,2.52776449,2.48647674,2.39509498,2.22275122,1.93983782
477,2.55000000,2.55000000,2.55000000,2.55000000,2.55000000,2.55000000,2.55000000,2.55000000,2.54999999,2.54999991,2.54999904,2.54999180,2.54994205,2.54966131,2.54835875,2.54337901,2.52763514,2.48621938,2.39468164,2.22221698,1.93928994
478,2.55000000,2.55000000,2.55000000,2.55000000,2.55000000,2.55000000,2.55000000,2.55000000,2.54999999,2.54999991,2.54999902,2.54999163,2.54994107,2.54965672,2.54834144,2.54332629,2.52750550,2.48596186,2.39426848,2.22168334,1.93874281
479,2.55000000,2.55000000,2.55000000,2.55000000,2.55000000,2.55000000,2.55000000,2.55000000,2.54999999,2.54999990,2.54999899,2.54999146,2.54994007,2.54965208,2.54832402,2.54327336,2.52737557,2.48570415,2.39385551,2.22115030,1.93819643
480,2.55000000,2.55000000,2.55000000,2.55000000,2.55000000,2.55000000,2.55000000,2.55000000,2.54999999,2.54999990,2.54999897,2.54999128,2.54993905,2.54964740,2.54830647,2.54322020,2.52724534,2.48544628,2.39344272,2.22061786,1.93765079
481,2.55000000,2.55000000,2.55000000,2.55000000,2.55000000,2.55000000,2.55000000,2.55000000,2.54999999,2.54999990,2.54999894,2.54999110,2.54993803,2.54964267,2.54828881,2.54316681,2.52711483,2.48518824,2.39303012,2.22008602,1.93710589
482,2.55000000,2.55000000,2.55000000,2.55000000,2.55000000,2.55000000,2.55000000,2.55000000,2.54999999,2.54999989,2.54999892,2.54999092,2.54993699,2.54963790,2.54827104,2.54311321,2.52698404,2.48493002,2.39261770,2.21955478,1.93656174
483,2.55000000,2.55000000,2.55000000,2.55000000,2.55000000,2.55000000,2.55000000,2.55000000,2.54999999,2.54999989,2.54999889,2.54999073,2.54993594,2.54963308,2.54825314,2.54305937,2.52685295,2.48467164,2.39220547,2.21902413,1.93601833
484,2.55000000,2.55000000,2.55000000,2.55000000,2.55000000,2.55000000,2.55000000,2.55000000,2.54999999,2.54999989,2.54999886,2.54999054,2.54993487,2.54962821,2.54823513,2.54300532,2.52672159,2.48441310,2.39179342,2.21849407,1.93547565
485,2.55000000,2.55000000,2.55000000,2.55000000,2.55000000,2.55000000,2.55000000,2.55000000,2.54999999,2.54999988,2.54999884,2.54999035,2.54993380,2.54962330,2.54821700,2.54295104,2.52658993,2.48415438,2.39138156,2.21796461,1.93493371
486,2.55000000,2.55000000,2.55000000,2.55000000,2.55000000,2.55000000,2.55000000,2.55000000,2.54999999,2.54999988,2.54999881,2.54999015,2.54993270,2.54961835,2.54819875,2.54289654,2.52645800,2.48389550,2.39096989,2.21743574,1.93439249
487,2.55000000,2.55000000,2.55000000,2.55000000,2.55000000,2.55000000,2.55000000,2.55000000,2.54999999,2.54999988,2.54999878,2.54998995,2.54993160,2.54961335,2.54818038,2.54284181,2.52632578,2.48363646,2.39055840,2.21690745,1.93385201
488,2.55000000,2.55000000,2.55000000,2.55000000,2.55000000,2.55000000,2.55000000,2.55000000,2.54999999,2.54999987,2.54999875,2.54998975,2.54993048,2.54960830,2.54816190,2.54278686,2.52619328,2.48337726,2.39014710,2.21637975,1.93331225
489,2.55000000,2.55000000,2.55000000,2.55000000,2.55000000,2.55000000,2.55000000,2.55000000,2.54999999,2.54999987,2.54999872,2.54998955,2.54992934,2.54960321,2.54814329,2.54273169,2.52606049,2.48311790,2.38973599,2.21585264,1.93277321
490,2.55000000,2.55000000,2.55000000,2.55000000,2.55000000,2.55000000,2.55000000,2.55000000,2.54999999,2.54999987,2.54999869,2.54998934,2.54992819,2.54959806,2.54812457,2.54267630,2.52592743,2.48285838,2.38932506,2.21532612,1.93223490
491,2.55000000,2.55000000,2.55000000,2.55000000,2.55000000,2.55000000,2.55000000,2.55000000,2.54999999,2.54999986,2.54999865,2.54998912,2.54992703,2.54959288,2.54810573,2.54262068,2.52579409,2.48259870,2.38891433,2.21480017,1.93169730
492,2.55000000,2.55000000,2.55000000,2.55000000,2.55000000,2.55000000,2.55000000,2.55000000,2.54999999,2.54999986,2.54999862,2.54998891,2.54992586,2.54958764,2.54808676,2.54256484,2.52566047,2.48233887,2.38850378,2.21427481,1.93116042
493,2.55000000,2.55000000,2.55000000,2.55000000,2.55000000,2.55000000,2.55000000,2.55000000,2.54999999,2.54999985,2.54999859,2.54998869,2.54992466,2.54958236,2.54806768,2.54250878,2.52552658,2.48207888,2.38809342,2.21375003,1.93062425
494,2.55000000,2.55000000,2.55000000,2.55000000,2.55000000,2.55000000,2.55000000,2.55000000,2.54999999,2.54999985,2.54999856,2.54998847,2.54992346,2.54957703,2.54804848,2.54245250,2.52539241,2.48181874,2.38768325,2.21322582,1.93008880
495,2.55000000,2.55000000,2.55000000,2.55000000,2.55000000,2.55000000,2.55000000,2.55000000,2.54999999,2.54999985,2.54999852,2.54998824,2.54992224,2.54957165,2.54802916,2.54239600,2.52525796,2.48155845,2.38727327,2.21270220,1.92955405
496,2.55000000,2.55000000,2.55000000,2.55000000,2.55000000,2.55000000,2.55000000,2.55000000,2.54999999,2.54999984,2.54999849,2.54998801,2.54992100,2.54956622,2.54800972,2.54233927,2.52512324,2.48129800,2.38686349,2.21217915,1.92902002
497,2.55000000,2.55000000,2.55000000,2.55000000,2.55000000,2.55000000,2.55000000,2.55000000,2.54999999,2.54999984,2.54999845,2.54998778,2.54991975,2.54956074,2.54799015,2.54228232,2.52498824,2.48103741,2.38645389,2.21165667,1.92848668
498,2.55000000,2.55000000,2.55000000,2.55000000,2.55000000,2.55000000,2.55000000,2.55000000,2.54999999,2.54999983,2.54999842,2.54998754,2.54991849,2.54955522,2.54797047,2.54222515,2.52485298,2.48077666,2.38604448,2.21113477,1.92795405
499,2.55000000,2.55000000,2.55000000,2.55000000,2.55000000,2.55000000,2.55000000,2.55000000,2.54999998,2.54999983,2.54999838,2.54998730,2.54991721,2.54954965,2.54795067,2.54216777,2.52471744,2.48051577,2.38563526,2.21061344,1.92742212
500,2.55000000,2.55000000,2.55000000,2.55000000,2.55000000,2.55000000,2.55000000,2.55000000,2.54999998,2.54999982,2.54999834,2.54998706,2.54991591,2.54954403,2.54793074,2.54211016,2.52458163,2.48025474,2.38522624,2.21009268,1.92689089
501,2.55000000,2.55000000,2.55000000,2.55000000,2.55000000,2.55000000,2.55000000,2.55000000,2.54999998,2.54999982,2.54999830,2.54998681,2.54991460,2.54953836,2.54791070,2.54205233,2.52444556,2.47999356,2.38481741,2.20957249,1.92636035
502,2.55000000,2.55000000,2.55000000,2.55000000,2.55000000,2.55000000,2.55000000,2.55000000,2.54999998,2.54999981,2.54999826,2.54998656,2.54991328,2.54953263,2.54789053,2.54199427,2.52430921,2.47973223,2.38440876,2.20905286,1.92583051
503,2.55000000,2.55000000,2.55000000,2.55000000,2.55000000,2.55000000,2.55000000,2.55000000,2.54999998,2.54999981,2.54999822,2.54998630,2.54991194,2.54952686,2.54787024,2.54193600,2.52417260,2.47947077,2.38400032,2.20853381,1.92530136
504,2.55000000,2.55000000,2.55000000,2.55000000,2.55000000,2.55000000,2.55000000,2.55000000,2.54999998,2.54999980,2.54999818,2.54998605,2.54991058,2.54952104,2.54784983,2.54187751,2.52403572,2.47920916,2.38359206,2.20801531,1.92477289
505,2.55000000,2.55000000,2.55000000,2.55000000,2.55000000,2.55000000,2.55000000,2.55000000,2.54999998,2.54999980,2.54999814,2.54998578,2.54990920,2.54951517,2.54782929,2.54181880,2.52389857,2.47894741,2.38318400,2.20749739,1.92424512
506,2.55000000,2.55000000,2.55000000,2.55000000,2.55000000,2.55000000,2.55000000,2.55000000,2.54999998,2.54999979,2.54999810,2.54998552,2.54990782,2.54950925,2.54780864,2.54175987,2.52376116,2.47868553,2.38277613,2.20698002,1.92371803
507,2.55000000,2.55000000,2.55000000,2.55000000,2.55000000,2.55000000,2.55000000,2.55000000,2.54999998,2.54999979,2.54999806,2.54998524,2.54990641,2.54950328,2.54778786,2.54170072,2.52362348,2.47842350,2.38236845,2.20646321,1.92319163
508,2.55000000,2.55000000,2.55000000,2.55000000,2.55000000,2.55000000,2.55000000,2.55000000,2.54999998,2.54999978,2.54999801,2.54998497,2.54990499,2.54949726,2.54776696,2.54164135,2.52348554,2.47816134,2.38196097,2.20594697,1.92266590
509,2.55000000,2.55000000,2.55000000,2.55000000,2.55000000,2.55000000,2.55000000,2.55000000,2.54999998,2.54999977,2.54999797,2.54998469,2.54990355,2.54949119,2.54774594,2.54158177,2.52334734,2.47789905,2.38155368,2.20543128,1.92214085
510,2.55000000,2.55000000,2.55000000,2.55000000,2.55000000,2.55000000,2.55000000,2.55000000,2.54999998,2.54999977,2.54999792,2.54998441,2.54990210,2.54948506,2.54772479,2.54152196,2.52320888,2.47763662,2.38114658,2.20491615,1.92161649
511,2.55000000,2.55000000,2.55000000,2.55000000,2.55000000,2.55000000,2.55000000,2.55000000,2.54999998,2.54999976,2.54999788,2.54998412,2.54990063,2.54947889,2.54770352,2.54146194,2.52307016,2.47737406,2.38073969,2.20440157,1.92109279
512,2.55000000,2.55000000,2.55000000,2.55000000,2.55000000,2.55000000,2.55000000,2.55000000,2.54999998,2.54999976,2.54999783,2.54998383,2.54989914,2.54947266,2.54768213,2.54140169,2.52293118,2.47711137,2.38033298,2.20388755,1.92056977
513,2.55000000,2.55000000,2.55000000,2.55000000,2.55000000,2.55000000,2.55000000,2.55000000,2.54999998,2.54999975,2.54999778,2.54998353,2.54989764,2.54946638,2.54766061,2.54134123,2.52279194,2.47684855,2.37992647,2.20337408,1.92004742
514,2.55000000,2.55000000,2.55000000,2.55000000,2.55000000,2.55000000,2.55000000,2.55000000,2.54999998,2.54999974,2.54999773,2.54998323,2.54989612,2.54946005,2.54763897,2.54128056,2.52265244,2.47658559,2.37952016,2.20286116,1.91952574
515,2.55000000,2.55000000,2.55000000,2.55000000,2.55000000,2.55000000,2.55000000,2.55000000,2.54999998,2.54999974,2.54999768,2.54998293,2.54989458,2.54945367,2.54761721,2.54121966,2.52251269,2.47632251,2.37911404,2.20234879,1.91900473
516,2.55000000,2.55000000,2.55000000,2.55000000,2.55000000,2.55000000,2.55000000,2.55000000,2.54999997,2.54999973,2.54999763,2.54998262,2.54989302,2.54944723,2.54759532,2.54115855,2.52237268,2.47605931,2.37870812,2.20183697,1.91848438
517,2.55000000,2.55000000,2.55000000,2.55000000,2.55000000,2.55000000,2.55000000,2.55000000,2.54999997,2.54999972,2.54999758,2.54998230,2.54989145,2.54944075,2.54757331,2.54109722,2.52223241,2.47579598,2.37830239,2.20132570,1.91796469
518,2.55000000,2.55000000,2.55000000,2.55000000,2.55000000,2.55000000,2.55000000,2.55000000,2.54999997,2.54999972,2.54999753,2.54998199,2.54988986,2.54943421,2.54755117,2.54103567,2.52209189,2.47553252,2.37789686,2.20081498,1.91744566
519,2.55000000,2.55000000,2.55000000,2.55000000,2.55000000,2.55000000,2.55000000,2.55000000,2.54999997,2.54999971,2.54999748,2.54998166,2.54988825,2.54942761,2.54752891,2.54097391,2.52195112,2.47526894,2.37749153,2.20030480,1.91692729
520,2.55000000,2.55000000,2.55000000,2.55000000,2.55000000,2.55000000,2.55000000,2.55000000,2.54999997,2.54999970,2.54999742,2.54998134,2.54988663,2.54942096,2.54750652,2.54091193,2.52181010,2.47500523,2.37708639,2.19979516,1.91640958
521,2.55000000,2.55000000,2.55000000,2.55000000,2.55000000,2.55000000,2.55000000,2.55000000,2.54999997,2.54999969,2.54999737,2.54998100,2.54988499,2.54941426,2.54748401,2.54084973,2.52166882,2.47474141,2.37668145,2.19928607,1.91589253
522,2.55000000,2.55000000,2.55000000,2.55000000,2.55000000,2.55000000,2.55000000,2.55000000,2.54999997,2.54999969,2.54999731,2.54998067,2.54988333,2.54940751,2.54746138,2.54078732,2.52152729,2.47447747,2.37627671,2.19877751,1.91537613
523,2.55000000,2.55000000,2.55000000,2.55000000,2.55000000,2.55000000,2.55000000,2.55000000,2.54999997,2.54999968,2.54999725,2.54998033,2.54988165,2.54940070,2.54743862,2.54072469,2.52138552,2.47421340,2.37587216,2.19826950,1.91486037
524,2.55000000,2.55000000,2.55000000,2.55000000,2.55000000,2.55000000,2.55000000,2.55000000,2.54999997,2.54999967,2.54999719,2.54997998,2.54987995,2.54939384,2.54741573,2.54066185,2.52124349,2.47394922,2.37546781,2.19776203,1.91434527
525,2.55000000,2.55000000,2.55000000,2.55000000,2.55000000,2.55000000,2.55000000,2.55000000,2.54999997,2.54999966,2.54999713,2.54997963,2.54987824,2.54938692,2.54739272,2.54059879,2.52110122,2.47368492,2.37506367,2.19725509,1.91383081
526,2.55000000,2.55000000,2.55000000,2.55000000,2.55000000,2.55000000,2.55000000,2.55000000,2.54999997,2.54999965,2.54999707,2.54997927,2.54987651,2.54937995,2.54736959,2.54053552,2.52095870,2.47342051,2.37465971,2.19674869,1.91331700
527,2.55000000,2.55000000,2.55000000,2.55000000,2.55000000,2.55000000,2.55000000,2.55000000,2.54999996,2.54999964,2.54999701,2.54997891,2.54987476,2.54937292,2.54734632,2.54047203,2.52081594,2.47315598,2.37425596,2.19624282,1.91280384
528,2.55000000,2.55000000,2.55000000,2.55000000,2.55000000,2.55000000,2.55000000,2.55000000,2.54999996,2.54999964,2.54999695,2.54997855,2.54987299,2.54936584,2.54732294,2.54040833,2.52067293,2.47289133,2.37385241,2.19573749,1.91229131
529,2.55000000,2.55000000,2.55000000,2.55000000,2.55000000,2.55000000,2.55000000,2.55000000,2.54999996,2.54999963,2.54999689,2.54997818,2.54987120,2.54935871,2.54729942,2.54034441,2.52052967,2.47262658,2.37344905,2.19523269,1.91177943
530,2.55000000,2.55000000,2.55000000,2.55000000,2.55000000,2.55000000,2.55000000,2.55000000,2.54999996,2.54999962,2.54999682,2.54997780,2.54986939,2.54935152,2.54727578,2.54028028,2.52038617,2.47236171,2.37304589,2.19472842,1.91126818
531,2.55000000,2.55000000,2.55000000,2.55000000,2.55000000,2.55000000,2.55000000,2.55000000,2.54999996,2.54999961,2.54999676,2.54997742,2.54986757,2.54934427,2.54725202,2.54021594,2.52024243,2.47209673,2.37264294,2.19422468,1.91075756
532,2.55000000,2.55000000,2.55000000,2.55000000,2.55000000,2.55000000,2.55000000,2.55000000,2.54999996,2.54999960,2.54999669,2.54997704,2.54986572,2.54933697,2.54722812,2.54015138,2.52009845,2.47183164,2.37224018,2.19372147,1.91024759
533,2.55000000,2.55000000,2.55000000,2.55000000,2.55000000,2.55000000,2.55000000,2.55000000,2.54999996,2.54999959,2.54999662,2.54997665,2.54986386,2.54932961,2.54720411,2.54008661,2.51995423,2.47156645,2.37183762,2.19321878,1.90973824
534,2.55000000,2.55000000,2.55000000,2.55000000,2.55000000,2.55000000,2.55000000,2.55000000,2.54999996,2.54999958,2.54999655,2.54997625,2.54986197,2.54932219,2.54717996,2.54002163,2.51980976,2.47130114,2.37143526,2.19271662,1.90922952
535,2.55000000,2.55000000,2.55000000,2.55000000,2.55000000,2.55000000,2.55000000,2.55000000,2.54999996,2.54999957,2.54999648,2.54997585,2.54986007,2.54931472,2.54715569,2.53995643,2.51966506,2.47103573,2.37103310,2.19221499,1.90872144
536,2.55000000,2.55000000,2.55000000,2.55000000,2.55000000,2.55000000,2.55000000,2.55000000,2.54999995,2.54999956,2.54999641,2.54997544,2.54985815,2.54930720,2.54713129,2.53989103,2.51952012,2.47077022,2.37063114,2.19171388,1.90821398
537,2.55000000,2.55000000,2.55000000,2.55000000,2.55000000,2.55000000,2.55000000,2.55000000,2.54999995,2.54999955,2.54999634,2.54997503,2.54985621,2.54929961,2.54710676,2.53982541,2.51937494,2.47050460,2.37022938,2.19121329,1.90770714
538,2.55000000,2.55000000,2.55000000,2.55000000,2.55000000,2.55000000,2.55000000,2.55000000,2.54999995,2.54999954,2.54999627,2.54997461,2.54985425,2.54929197,2.54708211,2.53975957,2.51922952,2.47023888,2.36982782,2.19071323,1.90720093
539,2.55000000,2.55000000,2.55000000,2.55000000,2.55000000,2.55000000,2.55000000,2.55000000,2.54999995,2.54999953,2.54999619,2.54997419,2.54985226,2.54928427,2.54705733,2.53969353,2.51908387,2.46997305,2.36942646,2.19021368,1.90669534
540,2.55000000,2.55000000,2.55000000,2.55000000,2.55000000,2.55000000,2.55000000,2.55000000,2.54999995,2.54999951,2.54999611,2.54997376,2.54985026,2.54927652,2.54703242,2.53962728,2.51893799,2.46970712,2.36902530,2.18971466,1.90619036
541,2.55000000,2.55000000,2.55000000,2.55000000,2.55000000,2.55000000,2.55000000,2.55000000,2.54999995,2.54999950,2.54999604,2.54997333,2.54984824,2.54926870,2.54700738,2.53956081,2.51879187,2.46944109,2.36862434,2.18921615,1.90568601
542,2.55000000,2.55000000,2.55000000,2.55000000,2.55000000,2.55000000,2.55000000,2.55000000,2.54999995,2.54999949,2.54999596,2.54997289,2.54984620,2.54926083,2.54698222,2.53949414,2.51864552,2.46917497,2.36822359,2.18871815,1.90518227
543,2.55000000,2.55000000,2.55000000,2.55000000,2.55000000,2.55000000,2.55000000,2.54999999,2.54999994,2.54999948,2.54999588,2.54997244,2.54984414,2.54925291,2.54695693,2.53942725,2.51849893,2.46890874,2.36782303,2.18822067,1.90467914
544,2.55000000,2.55000000,2.55000000,2.55000000,2.55000000,2.55000000,2.55000000,2.54999999,2.54999994,2.54999947,2.54999580,2.54997199,2.54984205,2.54924492,2.54693151,2.53936015,2.51835211,2.46864242,2.36742268,2.18772371,1.90417662
545,2.55000000,2.55000000,2.55000000,2.55000000,2.55000000,2.55000000,2.55000000,2.54999999,2.54999994,2.54999945,2.54999571,2.54997153,2.54983995,2.54923688,2.54690596,2.53929285,2.51820507,2.46837600,2.36702252,2.18722726,1.90367472
546,2.55000000,2.55000000,2.55000000,2.55000000,2.55000000,2.55000000,2.55000000,2.54999999,2.54999994,2.54999944,2.54999563,2.54997107,2.54983783,2.54922877,2.54688029,2.53922533,2.51805779,2.46810948,2.36662257,2.18673132,1.90317342
547,2.55000000,2.55000000,2.55000000,2.55000000,2.55000000,2.55000000,2.55000000,2.54999999,2.54999994,2.54999943,2.54999554,2.54997060,2.54983568,2.54922061,2.54685448,2.53915761,2.51791028,2.46784287,2.36622282,2.18623589,1.90267273
548,2.55000000,2.55000000,2.55000000,2.55000000,2.55000000,2.55000000,2.55000000,2.54999999,2.54999994,2.54999942,2.54999546,2.54997013,2.54983352,2.54921239,2.54682855,2.53908967,2.51776255,2.46757617,2.36582327,2.18574097,1.90217264
549,2.55000000,2.55000000,2.55000000,2.55000000,2.55000000,2.55000000,2.55000000,2.54999999,2.54999993,2.54999940,2.54999537,2.54996964,2.54983133,2.54920411,2.54680249,2.53902153,2.51761459,2.46730937,2.36542393,2.18524656,1.90167316
550,2.55000000,2.55000000,2.55000000,2.55000000,2.55000000,2.55000000,2.55000000,2.54999999,2.54999993,2.54999939,2.54999528,2.54996916,2.54982912,2.54919577,2.54677630,2.53895318,2.51746640,2.46704248,2.36502478,2.18475265,1.90117428
551,2.55000000,2.55000000,2.55000000,2.55000000,2.55000000,2.55000000,2.55000000,2.54999999,2.54999993,2.54999937,2.54999519,2.54996866,2.54982689,2.54918737,2.54674998,2.53888462,2.51731799,2.46677550,2.36462584,2.18425926,1.90067600
552,2.55000000,2.55000000,2.55000000,2.55000000,2.55000000,2.55000000,2.55000000,2.54999999,2.54999993,2.54999936,2.54999510,2.54996816,2.54982464,2.54917892,2.54672354,2.53881585,2.51716935,2.46650843,2.36422710,2.18376636,1.90017832
553,2.55000000,2.55000000,2.55000000,2.55000000,2.55000000,2.55000000,2.55000000,2.54999999,2.54999993,2.54999935,2.54999500,2.54996766,2.54982237,2.54917040,2.54669696,2.53874687,2.51702049,2.46624127,2.36382856,2.18327397,1.89968124
554,2.55000000,2.55000000,2.55000000,2.55000000,2.55000000,2.55000000,2.55000000,2.54999999,2.54999993,2.54999933,2.54999491,2.54996715,2.54982007,2.54916182,2.54667026,2.53867769,2.51687140,2.46597403,2.36343023,2.18278208,1.89918475
555,2.55000000,2.55000000,2.55000000,2.55000000,2.55000000,2.55000000,2.55000000,2.54999999,2.54999992,2.54999932,2.54999481,2.54996663,2.54981776,2.54915319,2.54664343,2.53860830,2.51672209,2.46570669,2.36303209,2.18229070,1.89868885
556,2.55000000,2.55000000,2.55000000,2.55000000,2.55000000,2.55000000,2.55000000,2.54999999,2.54999992,2.54999930,2.54999471,2.54996611,2.54981542,2.54914449,2.54661646,2.53853870,2.51657256,2.46543927,2.36263416,2.18179981,1.89819355
557,2.55000000,2.55000000,2.55000000,2.55000000,2.55000000,2.55000000,2.55000000,2.54999999,2.54999992,2.54999928,2.54999461,2.54996557,2.54981306,2.54913573,2.54658937,2.53846890,2.51642281,2.46517177,2.36223643,2.18130942,1.89769883
558,2.55000000,2.55000000,2.55000000,2.55000000,2.55000000,2.55000000,2.55000000,2.54999999,2.54999992,2.54999927,2.54999451,2.54996504,2.54981068,2.54912691,2.54656215,2.53839889,2.51627284,2.46490418,2.36183891,2.18081953,1.89720471
559,2.55000000,2.55000000,2.55000000,2.55000000,2.55000000,2.55000000,2.55000000,2.54999999,2.54999992,2.54999925,2.54999441,2.54996449,2.54980827,2.54911803,2.54653480,2.53832868,2.51612265,2.46463650,2.36144159,2.18033014,1.89671117
560,2.55000000,2.55000000,2.55000000,2.55000000,2.55000000,2.55000000,2.55000000,2.54999999,2.54999991,2.54999924,2.54999430,2.54996394,2.54980584,2.54910909,2.54650732,2.53825826,2.51597225,2.46436875,2.36104447,2.17984124,1.89621822
561,2.55000000,2.55000000,2.55000000,2.55000000,2.55000000,2.55000000,2.55000000,2.54999999,2.54999991,2.54999922,2.54999420,2.54996339,2.54980339,2.54910009,2.54647972,2.53818763,2.51582162,2.46410091,2.36064755,2.17935284,1.89572585
562,2.55000000,2.55000000,2.55000000,2.55000000,2.55000000,2.55000000,2.55000000,2.54999999,2.54999991,2.54999920,2.54999409,2.54996282,2.54980092,2.54909103,2.54645198,2.53811680,2.51567078,2.46383299,2.36025084,2.17886493,1.89523406
563,2.55000000,2.55000000,2.55000000,2.55000000,2.55000000,2.55000000,2.55000000,2.54999999,2.54999991,2.54999918,2.54999398,2.54996225,2.54979842,2.54908190,2.54642411,2.53804577,2.51551972,2.46356499,2.35985433,2.17837751,1.89474285
564,2.55000000,2.55000000,2.55000000,2.55000000,2.55000000,2.55000000,2.55000000,2.54999999,2.54999990,2.54999917,2.54999387,2.54996167,2.54979591,2.54907272,2.54639611,2.53797453,2.51536845,2.46329691,2.35945803,2.17789059,1.89425222
565,2.55000000,2.55000000,2.55000000,2.55000000,2.55000000,2.55000000,2.55000000,2.54999999,2.54999990,2.54999915,2.54999376,2.54996109,2.54979336,2.54906347,2.54636798,2.53790308,2.51521696,2.46302876,2.35906192,2.17740415,1.89376217
566,2.55000000,2.55000000,2.55000000,2.55000000,2.55000000,2.55000000,2.55000000,2.54999999,2.54999990,2.54999913,2.54999364,2.54996050,2.54979080,2.54905416,2.54633972,2.53783143,2.51506526,2.46276052,2.35866602,2.17691820,1.89327270
567,2.55000000,2.55000000,2.55000000,2.55000000,2.55000000,2.55000000,2.55000000,2.54999999,2.54999990,2.54999911,2.54999353,2.54995990,2.54978821,2.54904479,2.54631134,2.53775958,2.51491335,2.46249221,2.35827033,2.17643274,1.89278380
568,2.55000000,2.55000000,2.55000000,2.55000000,2.55000000,2.55000000,2.55000000,2.54999999,2.54999989,2.54999909,2.54999341,2.54995929,2.54978560,2.54903535,2.54628282,2.53768753,2.51476122,2.46222382,2.35787484,2.17594777,1.89229547
569,2.55000000,2.55000000,2.55000000,2.55000000,2.55000000,2.55000000,2.55000000,2.54999999,2.54999989,2.54999907,2.54999329,2.54995868,2.54978297,2.54902585,2.54625417,2.53761527,2.51460889,2.46195536,2.35747955,2.17546328,1.89180771
570,2.55000000,2.55000000,2.55000000,2.55000000,2.55000000,2.55000000,2.55000000,2.54999999,2.54999989,2.54999905,2.54999317,2.54995806,2.54978031,2.54901629,2.54622539,2.53754281,2.51445634,2.46168683,2.35708447,2.17497928,1.89132053
571,2.55000000,2.55000000,2.55000000,2.55000000,2.55000000,2.55000000,2.55000000,2.54999999,2.54999988,2.54999903,2.54999305,2.54995743,2.54977762,2.54900667,2.54619648,2.53747015,2.51430358,2.46141822,2.35668959,2.17449576,1.89083391
572,2.55000000,2.55000000,2.55000000,2.55000000,2.55000000,2.55000000,2.55000000,2.54999999,2.54999988,2.54999901,2.54999292,2.54995680,2.54977492,2.54899698,2.54616744,2.53739728,2.51415062,2.46114954,2.35629491,2.17401273,1.89034785
573,2.55000000,2.55000000,2.55000000,2.55000000,2.55000000,2.55000000,2.55000000,2.54999999,2.54999988,2.54999899,2.54999279,2.54995616,2.54977219,2.54898723,2.54613827,2.53732422,2.51399745,2.46088078,2.35590044,2.17353017,1.88986236
574,2.55000000,2.55000000,2.55000000,2.55000000,2.55000000,2.55000000,2.55000000,2.54999999,2.54999988,2.54999897,2.54999267,2.54995551,2.54976943,2.54897742,2.54610897,2.53725095,2.51384407,2.46061196,2.35550617,2.17304810,1.88937744
575,2.55000000,2.55000000,2.55000000,2.55000000,2.55000000,2.55000000,2.55000000,2.54999999,2.54999987,2.54999895,2.54999254,2.54995485,2.54976665,2.54896754,2.54607954,2.53717748,2.51369048,2.46034306,2.35511211,2.17256650,1.88889308
576,2.55000000,2.55000000,2.55000000,2.55000000,2.55000000,2.55000000,2.55000000,2.54999999,2.54999987,2.54999892,2.54999240,2.54995419,2.54976385,2.54895760,2.54604998,2.53710381,2.51353669,2.46007410,2.35471825,2.17208538,1.88840928
577,2.55000000,2.55000000,2.55000000,2.55000000,2.55000000,2.55000000,2.55000000,2.54999999,2.54999987,2.54999890,2.54999227,2.54995352,2.54976102,2.54894760,2.54602029,2.53702994,2.51338269,2.45980507,2.35432459,2.17160474,1.88792603
578,2.55000000,2.55000000,2.55000000,2.55000000,2.55000000,2.55000000,2.55000000,2.54999999,2.54999986,2.54999888,2.54999213,2.54995284,2.54975817,2.54893753,2.54599047,2.53695587,2.51322849,2.45953597,2.35393114,2.17112458,1.88744335
579,2.55000000,2.55000000,2.55000000,2.55000000,2.55000000,2.55000000,2.55000000,2.54999999,2.54999986,2.54999886,2.54999200,2.54995215,2.54975529,2.54892740,2.54596051,2.53688161,2.51307408,2.45926680,2.35353790,2.17064489,1.88696122
580,2.55000000,2.55000000,2.55000000,2.55000000,2.55000000,2.55000000,2.55000000,2.54999998,2.54999986,2.54999883,2.54999186,2.54995146,2.54975239,2.54891720,2.54593043,2.53680714,2.51291948,2.45899757,2.35314485,2.17016567,1.88647964
581,2.55000000,2.55000000,2.55000000,2.55000000,2.55000000,2.55000000,2.55000000,2.54999998,2.54999985,2.54999881,2.54999171,2.54995076,2.54974946,2.54890694,2.54590021,2.53673247,2.51276467,2.45872827,2.35275202,2.16968693,1.88599862
582,2.55000000,2.55000000,2.55000000,2.55000000,2.55000000,2.55000000,2.55000000,2.54999998,2.54999985,2.54999878,2.54999157,2.54995005,2.54974651,2.54889661,2.54586987,2.53665760,2.51260966,2.45845891,2.35235938,2.16920866,1.88551815
583,2.55000000,2.55000000,2.55000000,2.55000000,2.55000000,2.55000000,2.55000000,2.54999998,2.54999985,2.54999876,2.54999142,2.54994933,2.54974353,2.54888622,2.54583939,2.53658254,2.51245445,2.45818949,2.35196696,2.16873086,1.88503822
584,2.55000000,2.55000000,2.55000000,2.55000000,2.55000000,2.55000000,2.55000000,2.54999998,2.54999984,2.54999873,2.54999128,2.54994860,2.54974053,2.54887576,2.54580878,2.53650727,2.51229904,2.45792000,2.35157473,2.16825353,1.88455885
585,2.55000000,2.55000000,2.55000000,2.55000000,2.55000000,2.55000000,2.55000000,2.54999998,2.54999984,2.54999871,2.54999113,2.54994787,2.54973750,2.54886524,2.54577804,2.53643181,2.51214343,2.45765045,2.35118271,2.16777667,1.88408003
586,2.55000000,2.55000000,2.55000000,2.55000000,2.55000000,2.55000000,2.55000000,2.54999998,2.54999983,2.54999868,2.54999097,2.54994713,2.54973445,2.54885465,2.54574717,2.53635615,2.51198762,2.45738084,2.35079090,2.16730028,1.88360175
587,2.55000000,2.55000000,2.55000000,2.55000000,2.55000000,2.55000000,2.55000000,2.54999998,2.54999983,2.54999865,2.54999082,2.54994638,2.54973136,2.54884400,2.54571617,2.53628029,2.51183162,2.45711117,2.35039929,2.16682435,1.88312401
588,2.55000000,2.55000000,2.55000000,2.55000000,2.55000000,2.55000000,2.55000000,2.54999998,2.54999983,2.54999863,2.54999066,2.54994562,2.54972826,2.54883328,2.54568503,2.53620424,2.51167542,2.45684143,2.35000788,2.16634889,1.88264682
589,2.55000000,2.55000000,2.55000000,2.55000000,2.55000000,2.55000000,2.55000000,2.54999998,2.54999982,2.54999860,2.54999051,2.54994485,2.54972513,2.54882250,2.54565377,2.53612799,2.51151902,2.45657164,2.34961668,2.16587390,1.88217017
590,2.55000000,2.55000000,2.55000000,2.55000000,2.55000000,2.55000000,2.55000000,2.54999998,2.54999982,2.54999857,2.54999035,2.54994408,2.54972197,2.54881165,2.54562237,2.53605154,2.51136243,2.45630179,2.34922569,2.16539936,1.88169405
591,2.55000000,2.55000000,2.55000000,2.55000000,2.55000000,2.55000000,2.55000000,2.54999998,2.54999981,2.54999854,2.54999018,2.54994329,2.54971878,2.54880073,2.54559085,2.53597490,2.51120564,2.45603189,2.34883490,2.16492530,1.88121848
592,2.55000000,2.55000000,2.55000000,2.55000000,2.55000000,2.55000000,2.55000000,2.54999998,2.54999981,2.54999851,2.54999002,2.54994250,2.54971557,2.54878975,2.54555919,2.53589806,2.51104867,2.45576192,2.34844431,2.16445169,1.88074344
593,2.55000000,2.55000000,2.55000000,2.55000000,2.55000000,2.55000000,2.55000000,2.54999998,2.54999981,2.54999848,2.54998985,2.54994170,2.54971233,2.54877870,2.54552740,2.53582103,2.51089149,2.45549190,2.34805393,2.16397854,1.88026894
594,2.55000000,2.55000000,2.55000000,2.55000000,2.55000000,2.55000000,2.55000000,2.54999998,2.54999980,2.54999845,2.54998968,2.54994089,2.54970907,2.54876758,2.54549547,2.53574380,2.51073413,2.45522183,2.34766375,2.16350585,1.87979498
595,2.55000000,2.55000000,2.55000000,2.55000000,2.55000000,2.55000000,2.55000000,2.54999998,2.54999980,2.54999842,2.54998951,2.54994007,2.54970578,2.54875639,2.54546342,2.53566638,2.51057657,2.45495170,2.34727378,2.16303362,1.87932155
596,2.55000000,2.55000000,2.55000000,2.55000000,2.55000000,2.55000000,2.55000000,2.54999998,2.54999979,2.54999839,2.54998934,2.54993925,2.54970246,2.54874514,2.54543124,2.53558876,2.51041883,2.45468152,2.34688402,2.16256185,1.87884864
597,2.55000000,2.55000000,2.55000000,2.55000000,2.55000000,2.55000000,2.55000000,2.54999998,2.54999979,2.54999836,2.54998916,2.54993841,2.54969912,2.54873383,2.54539892,2.53551095,2.51026089,2.45441128,2.34649446,2.16209054,1.87837627
598,2.55000000,2.55000000,2.55000000,2.55000000,2.55000000,2.55000000,2.55000000,2.54999998,2.54999978,2.54999833,2.54998898,2.54993757,2.54969575,2.54872244,2.54536647,2.53543294,2.51010277,2.45414099,2.34610510,2.16161968,1.87790443
599,2.55000000,2.55000000,2.55000000,2.55000000,2.55000000,2.55000000,2.55000000,2.54999997,2.54999978,2.54999830,2.54998880,2.54993672,2.54969235,2.54871099,2.54533389,2.53535474,2.50994445,2.45387065,2.34571595,2.16114928,1.87743311
600,2.55000000,2.55000000,2.55000000,2.55000000,2.55000000,2.55000000,2.55000000,2.54999997,2.54999977,2.54999826,2.54998862,2.54993585,2.54968892,2.54869947,2.54530118,2.53527635,2.50978595,2.45360026,2.34532700,2.16067933,1.87696233
601,2.55000000,2.55000000,2.55000000,2.55000000,2.55000000,2.55000000,2.55000000,2.54999997,2.54999977,2.54999823,2.54998843,2.54993498,2.54968547,2.54868788,2.54526834,2.53519777,2.50962726,2.45332982,2.34493826,2.16020983,1.87649204
602,2.55000000,2.55000000,2.55000000,2.55000000,2.55000000,2.55000000,2.55000000,2.54999997,2.54999976,2.54999820,2.54998824,2.54993410,2.54968198,2.54867623,2.54523536,2.53511899,2.50946839,2.45305933,2.34454972,2.15974079,1.87602226
603,2.55000000,2.55000000,2.55000000,2.55000000,2.55000000,2.55000000,2.55000000,2.54999997,2.54999976,2.54999816,2.54998805,2.54993321,2.54967847,2.54866450,2.54520226,2.53504002,2.50930933,2.45278879,2.34416139,2.15927219,1.87555299
604,2.55000000,2.55000000,2.55000000,2.55000000,2.55000000,2.55000000,2.55000000,2.54999997,2.54999975,2.54999813,2.54998786,2.54993232,2.54967494,2.54865271,2.54516902,2.53496086,2.50915008,2.45251820,2.34377326,2.15880405,1.87508423
605,2.55000000,2.55000000,2.55000000,2.55000000,2.55000000,2.55000000,2.55000000,2.54999997,2.54999975,2.54999809,2.54998766,2.54993141,2.54967137,2.54864085,2.54513565,2.53488150,2.50899065,2.45224756,2.34338534,2.15833635,1.87461599
606,2.55000000,2.55000000,2.55000000,2.55000000,2.55000000,2.55000000,2.55000000,2.54999997,2.54999974,2.54999805,2.54998746,2.54993049,2.54966778,2.54862892,2.54510214,2.53480196,2.50883104,2.45197688,2.34299762,2.15786911,1.87414826
607,2.55000000,2.55000000,2.55000000,2.55000000,2.55000000,2.55000000,2.55000000,2.54999997,2.54999973,2.54999802,2.54998726,2.54992957,2.54966416,2.54861692,2.54506851,2.53472223,2.50867125,2.45170615,2.34261011,2.15740231,1.87368103
608,2.55000000,2.55000000,2.55000000,2.55000000,2.55000000,2.55000000,2.55000000,2.54999997,2.54999973,2.54999798,2.54998706,2.54992863,2.54966051,2.54860486,2.54503474,2.53464230,2.50851127,2.45143537,2.34222280,2.15693595,1.87321432
609,2.55000000,2.55000000,2.55000000,2.55000000,2.55000000,2.55000000,2.55000000,2.54999997,2.54999972,2.54999794,2.54998685,2.54992768,2.54965683,2.54859272,2.54500085,2.53456218,2.50835111,2.45116455,2.34183570,2.15647004,1.87274811
610,2.55000000,2.55000000,2.55000000,2.55000000,2.55000000,2.55000000,2.55000000,2.54999997,2.54999972,2.54999790,2.54998664,2.54992673,2.54965312,2.54858052,2.54496682,2.53448188,2.50819077,2.45089369,2.34144880,2.15600458,1.87228241
611,2.55000000,2.55000000,2.55000000,2.55000000,2.55000000,2.55000000,2.55000000,2.54999997,2.54999971,2.54999786,2.54998643,2.54992577,2.54964939,2.54856825,2.54493266,2.53440138,2.50803025,2.45062278,2.34106211,2.15553956,1.87181722
612,2.55000000,2.55000000,2.55000000,2.55000000,2.55000000,2.55000000,2.55000000,2.54999997,2.54999970,2.54999782,2.54998622,2.54992479,2.54964562,2.54855590,2.54489836,2.53432070,2.50786955,2.45035183,2.34067562,2.15507498,1.87135254
613,2.55000000,2.55000000,2.55000000,2.55000000,2.55000000,2.55000000,2.55000000,2.54999996,2.54999970,2.54999778,2.54998600,2.54992381,2.54964183,2.54854349,2.54486394,2.53423983,2.50770868,2.45008084,2.34028934,2.15461084,1.87088835
614,2.55000000,2.55000000,2.55000000,2.55000000,2.55000000,2.55000000,2.55000000,2.54999996,2.54999969,2.54999774,2.54998578,2.54992281,2.54963801,2.54853101,2.54482938,2.53415877,2.50754762,2.44980981,2.33990326,2.15414714,1.87042468
615,2.55000000,2.55000000,2.55000000,2.55000000,2.55000000,2.55000000,2.55000000,2.54999996,2.54999968,2.54999770,2.54998556,2.54992181,2.54963415,2.54851846,2.54479469,2.53407752,2.50738639,2.44953873,2.33951739,2.15368389,1.86996150
616,2.55000000,2.55000000,2.55000000,2.55000000,2.55000000,2.55000000,2.55000000,2.54999996,2.54999968,2.54999766,2.54998534,2.54992080,2.54963027,2.54850584,2.54475987,2.53399608,2.50722498,2.44926762,2.33913172,2.15322107,1.86949883
617,2.55000000,2.55000000,2.55000000,2.55000000,2.55000000,2.55000000,2.55000000,2.54999996,2.54999967,2.54999761,2.54998511,2.54991977,2.54962636,2.54849315,2.54472492,2.53391445,2.50706340,2.44899646,2.33874626,2.15275868,1.86903665
618,2.55000000,2.55000000,2.55000000,2.55000000,2.55000000,2.55000000,2.55000000,2.54999996,2.54999966,2.54999757,2.54998488,2.54991874,2.54962242,2.54848038,2.54468983,2.53383264,2.50690164,2.44872527,2.33836100,2.15229674,1.86857498
619,2.55000000,2.55000000,2.55000000,2.55000000,2.55000000,2.55000000,2.55000000,2.54999996,2.54999966,2.54999752,2.54998464,2.54991770,2.54961845,2.54846755,2.54465461,2.53375064,2.50673971,2.44845404,2.33797594,2.15183523,1.86811380
620,2.55000000,2.55000000,2.55000000,2.55000000,2.55000000,2.55000000,2.55000000,2.54999996,2.54999965,2.54999748,2.54998441,2.54991664,2.54961445,2.54845465,2.54461926,2.53366846,2.50657760,2.44818277,2.33759109,2.15137416,1.86765312
621,2.55000000,2.55000000,2.55000000,2.55000000,2.55000000,2.55000000,2.55000000,2.54999996,2.54999964,2.54999743,2.54998417,2.54991558,2.54961043,2.54844168,2.54458378,2.53358609,2.50641532,2.44791146,2.33720645,2.15091351,1.86719293
622,2.55000000,2.55000000,2.55000000,2.55000000,2.55000000,2.55000000,2.55000000,2.54999996,2.54999963,2.54999739,2.54998393,2.54991451,2.54960637,2.54842863,2.54454817,2.53350353,2.50625287,2.44764012,2.33682201,2.15045331,1.86673324
623,2.55000000,2.55000000,2.55000000,2.55000000,2.55000000,2.55000000,2.55000000,2.54999995,2.54999962,2.54999734,2.54998368,2.54991342,2.54960228,2.54841552,2.54451243,2.53342078,2.50609025,2.44736874,2.33643777,2.14999353,1.86627404
624,2.55000000,2.55000000,2.55000000,2.55000000,2.55000000,2.55000000,2.55000000,2.54999995,2.54999962,2.54999729,2.54998343,2.54991233,2.54959816,2.54840233,2.54447655,2.53333786,2.50592745,2.44709733,2.33605374,2.14953419,1.86581534
625,2.55000000,2.55000000,2.55000000,2.55000000,2.55000000,2.55000000,2.54999999,2.54999995,2.54999961,2.54999724,2.54998318,2.54991122,2.54959401,2.54838908,2.54444054,2.53325474,2.50576449,2.44682588,2.33566991,2.14907527,1.86535712
626,2.55000000,2.55000000,2.55000000,2.55000000,2.55000000,2.55000000,2.54999999,2.54999995,2.54999960,2.54999719,2.54998293,2.54991010,2.54958983,2.54837575,2.54440440,2.53317145,2.50560135,2.44655440,2.33528629,2.14861679,1.86489939
627,2.55000000,2.55000000,2.55000000,2.55000000,2.55000000,2.55000000,2.54999999,2.54999995,2.54999959,2.54999714,2.54998267,2.54990898,2.54958562,2.54836235,2.54436813,2.53308796,2.50543805,2.44628288,2.33490287,2.14815873,1.86444216
628,2.55000000,2.55000000,2.55000000,2.55000000,2.55000000,2.55000000,2.54999999,2.54999995,2.54999958,2.54999709,2.54998241,2.54990784,2.54958137,2.54834888,2.54433172,2.53300430,2.50527458,2.44601134,2.33451966,2.14770110,1.86398541
629,2.55000000,2.55000000,2.55000000,2.55000000,2.55000000,2.55000000,2.54999999,2.54999995,2.54999958,2.54999704,2.54998215,2.54990669,2.54957710,2.54833534,2.54429519,2.53292045,2.50511094,2.44573976,2.33413665,2.14724390,1.86352914
630,2.55000000,2.55000000,2.55000000,2.55000000,2.55000000,2.55000000,2.54999999,2.54999995,2.54999957,2.54999699,2.54998188,2.54990553,2.54957280,2.54832172,2.54425852,2.53283642,2.50494713,2.44546815,2.33375385,2.14678712,1.86307336
631,2.55000000,2.55000000,2.55000000,2.55000000,2.55000000,2.55000000,2.54999999,2.54999994,2.54999956,2.54999694,2.54998161,2.54990436,2.54956846,2.54830804,2.54422172,2.53275220,2.50478316,2.44519650,2.33337125,2.14633077,1.86261807
632,2.55000000,2.55000000,2.55000000,2.55000000,2.55000000,2.55000000,2.54999999,2.54999994,2.54999955,2.54999688,2.54998134,2.54990318,2.54956410,2.54829428,2.54418479,2.53266780,2.50461902,2.44492483,2.33298885,2.14587484,1.86216326
633,2.55000000,2.55000000,2.55000000,2.55000000,2.55000000,2.55000000,2.54999999,2.54999994,2.54999954,2.54999683,2.54998106,2.54990199,2.54955970,2.54828045,2.54414772,2.53258322,2.50445471,2.44465313,2.33260666,2.14541933,1.86170893
634,2.55000000,2.55000000,2.55000000,2.55000000,2.55000000,2.55000000,2.54999999,2.54999994,2.54999953,2.54999677,2.54998078,2.54990078,2.54955527,2.54826655,2.54411053,2.53249846,2.50429025,2.44438140,2.33222467,2.14496425,1.86125507
635,2.55000000,2.55000000,2.55000000,2.55000000,2.55000000,2.55000000,2.54999999,2.54999994,2.54999952,2.54999671,2.54998050,2.54989957,2.54955081,2.54825257,2.54407320,2.53241352,2.50412561,2.44410964,2.33184289,2.14450958,1.86080170
636,2.55000000,2.55000000,2.55000000,2.55000000,2.55000000,2.55000000,2.54999999,2.54999994,2.54999951,2.54999666,2.54998021,2.54989834,2.54954632,2.54823853,2.54403574,2.53232840,2.50396082,2.44383785,2.33146131,2.14405534,1.86034881
637,2.55000000,2.55000000,2.55000000,2.55000000,2.55000000,2.55000000,2.54999999,2.54999994,2.54999950,2.54999660,2.54997992,2.54989710,2.54954180,2.54822441,2.54399815,2.53224309,2.50379586,2.44356604,2.33107993,2.14360152,1.85989639
638,2.55000000,2.55000000,2.55000000,2.55000000,2.55000000,2.55000000,2.54999999,2.54999993,2.54999949,2.54999654,2.54997963,2.54989586,2.54953724,2.54821022,2.54396042,2.53215760,2.50363074,2.44329419,2.33069876,2.14314811,1.85944445
639,2.55000000,2.55000000,2.55000000,2.55000000,2.55000000,2.55000000,2.54999999,2.54999993,2.54999948,2.54999648,2.54997934,2.54989460,2.54953265,2.54819595,2.54392257,2.53207194,2.50346546,2.44302233,2.33031779,2.14269512,1.85899299
640,2.55000000,2.55000000,2.55000000,2.55000000,2.55000000,2.55000000,2.54999999,2.54999993,2.54999947,2.54999642,2.54997904,2.54989332,2.54952803,2.54818161,2.54388458,2.53198609,2.50330002,2.44275043,2.32993703,2.14224255,1.85854200
641,2.55000000,2.55000000,2.55000000,2.55000000,2.55000000,2.55000000,2.54999999,2.54999993,2.54999946,2.54999636,2.54997873,2.54989204,2.54952338,2.54816720,2.54384646,2.53190007,2.50313442,2.44247851,2.32955647,2.14179040,1.85809148
642,2.55000000,2.55000000,2.55000000,2.55000000,2.55000000,2.55000000,2.54999999,2.54999993,2.54999945,2.54999630,2.54997843,2.54989075,2.54951870,2.54815272,2.54380821,2.53181386,2.50296866,2.44220657,2.32917611,2.14133866,1.85764143
643,2.55000000,2.55000000,2.55000000,2.55000000,2.55000000,2.55000000,2.54999999,2.54999993,2.54999944,2.54999623,2.54997812,2.54988944,2.54951398,2.54813816,2.54376983,2.53172748,2.50280275,2.44193460,2.32879596,2.14088733,1.85719185
644,2.55000000,2.55000000,2.55000000,2.55000000,2.55000000,2.55000000,2.54999999,2.54999993,2.54999943,2.54999617,2.54997780,2.54988812,2.54950923,2.54812353,2.54373132,2.53164092,2.50263667,2.44166261,2.32841601,2.14043642,1.85674275
645,2.55000000,2.55000000,2.55000000,2.55000000,2.55000000,2.55000000,2.54999999,2.54999992,2.54999941,2.54999611,2.54997749,2.54988679,2.54950445,2.54810882,2.54369267,2.53155418,2.50247044,2.44139060,2.32803627,2.13998592,1.85629411
646,2.55000000,2.55000000,2.55000000,2.55000000,2.55000000,2.55000000,2.54999999,2.54999992,2.54999940,2.54999604,2.54997717,2.54988545,2.54949964,2.54809404,2.54365390,2.53146726,2.50230405,2.44111856,2.32765673,2.13953583,1.85584593
647,2.55000000,2.55000000,2.55000000,2.55000000,2.55000000,2.55000000,2.54999999,2.54999992,2.54999939,2.54999597,2.54997684,2.54988409,2.54949479,2.54807919,2.54361499,2.53138017,2.50213750,2.44084650,2.32727739,2.13908615,1.85539822
648,2.55000000,2.55000000,2.55000000,2.55000000,2.55000000,2.55000000,2.54999999,2.54999992,2.54999938,2.54999591,2.54997651,2.54988273,2.54948991,2.54806427,2.54357595,2.53129290,2.50197080,2.44057442,2.32689825,2.13863689,1.85495098
649,2.55000000,2.55000000,2.55000000,2.55000000,2.55000000,2.55000000,2.54999999,2.54999992,2.54999937,2.54999584,2.54997618,2.54988135,2.54948499,2.54804927,2.54353678,2.53120545,2.50180394,2.44030233,2.32651932,2.13818803,1.85450420
650,2.55000000,2.55000000,2.55000000,2.55000000,2.55000000,2.55000000,2.54999999,2.54999991,2.54999935,2.54999577,2.54997585,2.54987996,2.54948005,2.54803419,2.54349747,2.53111782,2.50163693,2.44003021,2.32614059,2.13773958,1.85405789
651,2.55000000,2.55000000,2.55000000,2.55000000,2.55000000,2.55000000,2.54999999,2.54999991,2.54999934,2.54999570,2.54997551,2.54987856,2.54947507,2.54801904,2.54345804,2.53103002,2.50146977,2.43975807,2.32576207,2.13729153,1.85361203
652,2.55000000,2.55000000,2.55000000,2.55000000,2.55000000,2.55000000,2.54999999,2.54999991,2.54999933,2.54999563,2.54997517,2.54987714,2.54947005,2.54800382,2.54341847,2.53094205,2.50130245,2.43948591,2.32538375,2.13684390,1.85316664
653,2.55000000,2.55000000,2.55000000,2.55000000,2.55000000,2.55000000,2.54999999,2.54999991,2.54999932,2.54999555,2.54997482,2.54987571,2.54946501,2.54798852,2.54337878,2.53085390,2.50113499,2.43921373,2.32500563,2.13639667,1.85272170
654,2.55000000,2.55000000,2.55000000,2.55000000,2.55000000,2.55000000,2.54999999,2.54999991,2.54999930,2.54999548,2.54997447,2.54987427,2.54945992,2.54797315,2.54333895,2.53076557,2.50096737,2.43894154,2.32462771,2.13594984,1.85227723
655,2.55000000,2.55000000,2.55000000,2.55000000,2.55000000,2.55000000,2.54999999,2.54999990,2.54999929,2.54999541,2.54997411,2.54987282,2.54945481,2.54795771,2.54329899,2.53067707,2.50079959,2.43866932,2.32425000,2.13550342,1.85183321
656,2.55000000,2.55000000,2.55000000,2.55000000,2.55000000,2.55000000,2.54999999,2.54999990,2.54999928,2.54999533,2.54997376,2.54987135,2.54944966,2.54794218,2.54325890,2.53058839,2.50063167,2.43839709,2.32387249,2.13505740,1.85138964
657,2.55000000,2.55000000,2.55000000,2.55000000,2.55000000,2.55000000,2.54999999,2.54999990,2.54999926,2.54999526,2.54997339,2.54986988,2.54944448,2.54792659,2.54321868,2.53049954,2.50046360,2.43812485,2.32349518,2.13461179,1.85094654
658,2.55000000,2.55000000,2.55000000,2.55000000,2.55000000,2.55000000,2.54999999,2.54999990,2.54999925,2.54999518,2.54997303,2.54986839,2.54943926,2.54791092,2.54317832,2.53041052,2.50029538,2.43785258,2.32311807,2.13416657,1.85050388
659,2.55000000,2.55000000,2.55000000,2.55000000,2.55000000,2.55000000,2.54999999,2.54999990,2.54999923,2.54999510,2.54997266,2.54986688,2.54943401,2.54789517,2.54313784,2.53032132,2.50012701,2.43758031,2.32274117,2.13372176,1.85006168
660,2.55000000,2.55000000,2.55000000,2.55000000,2.55000000,2.55000000,2.54999999,2.54999989,2.54999922,2.54999502,2.54997229,2.54986537,2.54942872,2.54787935,2.54309722,2.53023195,2.49995849,2.43730801,2.32236447,2.13327735,1.84961993
661,2.55000000,2.55000000,2.55000000,2.55000000,2.55000000,2.55000000,2.54999999,2.54999989,2.54999920,2.54999494,2.54997191,2.54986384,2.54942340,2.54786345,2.54305648,2.53014241,2.49978983,2.43703571,2.32198798,2.13283333,1.84917864
662,2.55000000,2.55000000,2.55000000,2.55000000,2.55000000,2.55000000,2.54999999,2.54999989,2.54999919,2.54999486,2.54997153,2.54986230,2.54941805,2.54784748,2.54301560,2.53005269,2.49962101,2.43676339,2.32161168,2.13238972,1.84873780
663,2.55000000,2.55000000,2.55000000,2.55000000,2.55000000,2.55000000,2.54999999,2.54999989,2.54999917,2.54999478,2.54997114,2.54986074,2.54941266,2.54783143,2.54297459,2.52996280,2.49945206,2.43649105,2.32123559,2.13194650,1.84829742
664,2.55000000,2.55000000,2.55000000,2.55000000,2.55000000,2.55000000,2.54999999,2.54999988,2.54999916,2.54999469,2.54997075,2.54985917,2.54940723,2.54781531,2.54293345,2.52987274,2.49928295,2.43621871,2.32085970,2.13150368,1.84785748
665,2.55000000,2.55000000,2.55000000,2.55000000,2.55000000,2.55000000,2.54999999,2.54999988,2.54999914,2.54999461,2.54997035,2.54985759,2.54940177,2.54779911,2.54289218,2.52978251,2.49911370,2.43594635,2.32048401,2.13106125,1.84741800
666,2.55000000,2.55000000,2.55000000,2.55000000,2.55000000,2.55000000,2.54999999,2.54999988,2.54999913,2.54999452,2.54996996,2.54985600,2.54939628,2.54778284,2.54285078,2.52969211,2.49894431,2.43567397,2.32010852,2.13061922,1.84697896
667,2.55000000,2.55000000,2.55000000,2.55000000,2.55000000,2.55000000,2.54999998,2.54999988,2.54999911,2.54999444,2.54996955,2.54985439,2.54939075,2.54776649,2.54280925,2.52960154,2.49877477,2.43540159,2.31973324,2.13017759,1.84654037
668,2.55000000,2.55000000,2.55000000,2.55000000,2.55000000,2.55000000,2.54999998,2.54999987,2.54999909,2.54999435,2.54996915,2.54985277,2.54938518,2.54775006,2.54276758,2.52951080,2.49860509,2.43512920,2.31935816,2.12973635,1.84610222
669,2.55000000,2.55000000,2.55000000,2.55000000,2.55000000,2.55000000,2.54999998,2.54999987,2.54999908,2.54999426,2.54996874,2.54985113,2.54937958,2.54773356,2.54272579,2.52941989,2.49843527,2.43485679,2.31898328,2.12929550,1.84566452
670,2.55000000,2.55000000,2.55000000,2.55000000,2.55000000,2.55000000,2.54999998,2.54999987,2.54999906,2.54999417,2.54996832,2.54984948,2.54937395,2.54771698,2.54268387,2.52932881,2.49826531,2.43458438,2.31860860,2.12885504,1.84522726
671,2.55000000,2.55000000,2.55000000,2.55000000,2.55000000,2.55000000,2.54999998,2.54999986,2.54999904,2.54999408,2.54996790,2.54984782,2.54936827,2.54770032,2.54264181,2.52923755,2.49809520,2.43431195,2.31823412,2.12841498,1.84479044
672,2.55000000,2.55000000,2.55000000,2.55000000,2.55000000,2.55000000,2.54999998,2.54999986,2.54999903,2.54999398,2.54996748,2.54984614,2.54936257,2.54768359,2.54259963,2.52914614,2.49792495,2.43403952,2.31785984,2.12797530,1.84435406
673,2.55000000,2.55000000,2.55000000,2.55000000,2.55000000,2.55000000,2.54999998,2.54999986,2.54999901,2.54999389,2.54996705,2.54984445,2.54935682,2.54766678,2.54255731,2.52905455,2.49775456,2.43376708,2.31748577,2.12753602,1.84391813
674,2.55000000,2.55000000,2.55000000,2.55000000,2.55000000,2.55000000,2.54999998,2.54999986,2.54999899,2.54999380,2.54996661,2.54984275,2.54935104,2.54764990,2.54251487,2.52896279,2.49758404,2.43349463,2.31711190,2.12709712,1.84348263
675,2.55000000,2.55000000,2.55000000,2.55000000,2.55000000,2.55000000,2.54999998,2.54999985,2.54999897,2.54999370,2.54996618,2.54984103,2.54934523,2.54763294,2.54247229,2.52887087,2.49741337,2.43322217,2.31673823,2.12665861,1.84304757
676,2.55000000,2.55000000,2.55000000,2.55000000,2.55000000,2.55000000,2.54999998,2.54999985,2.54999895,2.54999360,2.54996573,2.54983930,2.54933938,2.54761590,2.54242958,2.52877877,2.49724256,2.43294971,2.31636476,2.12622049,1.84261295
677,2.55000000,2.55000000,2.55000000,2.55000000,2.55000000,2.55000000,2.54999998,2.54999985,2.54999893,2.54999350,2.54996529,2.54983755,2.54933349,2.54759879,2.54238674,2.52868651,2.49707162,2.43267723,2.31599149,2.12578276,1.84217876
678,2.55000000,2.55000000,2.55000000,2.55000000,2.55000000,2.55000000,2.54999998,2.54999984,2.54999892,2.54999340,2.54996484,2.54983580,2.54932757,2.54758159,2.54234378,2.52859409,2.49690054,2.43240476,2.31561842,2.12534541,1.84174500
679,2.55000000,2.55000000,2.55000000,2.55000000,2.55000000,2.55000000,2.54999998,2.54999984,2.54999890,2.54999330,2.54996438,2.54983402,2.54932161,2.54756432,2.54230068,2.52850149,2.49672932,2.43213227,2.31524555,2.12490845,1.84131169
680,2.55000000,2.55000000,2.55000000,2.55000000,2.55000000,2.55000000,2.54999998,2.54999984,2.54999888,2.54999320,2.54996392,2.54983223,2.54931561,2.54754698,2.54225745,2.52840873,2.49655797,2.43185978,2.31487288,2.12447188,1.84087880
681,2.55000000,2.55000000,2.55000000,2.55000000,2.55000000,2.55000000,2.54999998,2.54999983,2.54999886,2.54999310,2.54996346,2.54983043,2.54930957,2.54752956,2.54221409,2.52831581,2.49638648,2.43158729,2.31450042,2.12403568,1.84044634
682,2.55000000,2.55000000,2.55000000,2.55000000,2.55000000,2.55000000,2.54999998,2.54999983,2.54999884,2.54999299,2.54996299,2.54982861,2.54930350,2.54751205,2.54217061,2.52822272,2.49621485,2.43131479,2.31412815,2.12359987,1.84001432
683,2.55000000,2.55000000,2.55000000,2.55000000,2.55000000,2.55000000,2.54999998,2.54999983,2.54999882,2.54999288,2.54996251,2.54982678,2.54929740,2.54749448,2.54212699,2.52812946,2.49604309,2.43104229,2.31375609,2.12316444,1.83958272
684,2.55000000,2.55000000,2.55000000,2.55000000,2.55000000,2.55000000,2.54999998,2.54999982,2.54999879,2.54999278,2.54996203,2.54982494,2.54929125,2.54747682,2.54208324,2.52803604,2.49587120,2.43076978,2.31338422,2.12272940,1.83915156
685,2.55000000,2.55000000,2.55000000,2.55000000,2.55000000,2.55000000,2.54999998,2.54999982,2.54999877,2.54999267,2.54996155,2.54982308,2.54928507,2.54745909,2.54203936,2.52794246,2.49569917,2.43049727,2.31301256,2.12229473,1.83872082
686,2.55000000,2.55000000,2.55000000,2.55000000,2.55000000,2.55000000,2.54999998,2.54999982,2.54999875,2.54999256,2.54996106,2.54982120,2.54927885,2.54744128,2.54199536,2.52784871,2.49552701,2.43022476,2.31264109,2.12186045,1.83829051
687,2.55000000,2.55000000,2.55000000,2.55000000,2.55000000,2.55000000,2.54999998,2.54999981,2.54999873,2.54999245,2.54996057,2.54981931,2.54927260,2.54742339,2.54195122,2.52775479,2.49535472,2.42995225,2.31226983,2.12142654,1.83786062
688,2.55000000,2.55000000,2.55000000,2.55000000,2.55000000,2.55000000,2.54999998,2.54999981,2.54999871,2.54999233,2.54996007,2.54981741,2.54926630,2.54740542,2.54190695,2.52766072,2.49518229,2.42967973,2.31189877,2.12099301,1.83743116
689,2.55000000,2.55000000,2.55000000,2.55000000,2.55000000,2.55000000,2.54999997,2.54999980,2.54999869,2.54999222,2.54995956,2.54981549,2.54925997,2.54738738,2.54186256,2.52756648,2.49500974,2.42940722,2.31152790,2.12055986,1.83700212
690,2.55000000,2.55000000,2.55000000,2.55000000,2.55000000,2.55000000,2.54999997,2.54999980,2.54999866,2.54999210,2.54995906,2.54981355,2.54925360,2.54736926,2.54181803,2.52747208,2.49483705,2.42913470,2.31115724,2.12012709,1.83657351
691,2.55000000,2.55000000,2.55000000,2.55000000,2.55000000,2.55000000,2.54999997,2.54999980,2.54999864,2.54999199,2.54995854,2.54981160,2.54924720,2.54735106,2.54177338,2.52737751,2.49466423,2.42886218,2.31078677,2.11969469,1.83614531
692,2.55000000,2.55000000,2.55000000,2.55000000,2.55000000,2.55000000,2.54999997,2.54999979,2.54999862,2.54999187,2.54995802,2.54980964,2.54924075,2.54733278,2.54172860,2.52728278,2.49449129,2.42858966,2.31041651,2.11926267,1.83571754
693,2.55000000,2.55000000,2.55000000,2.55000000,2.55000000,2.55000000,2.54999997,2.54999979,2.54999859,2.54999175,2.54995750,2.54980766,2.54923427,2.54731442,2.54168368,2.52718789,2.49431821,2.42831714,2.31004644,2.11883103,1.83529019
694,2.55000000,2.55000000,2.55000000,2.55000000,2.55000000,2.55000000,2.54999997,2.54999978,2.54999857,2.54999163,2.54995697,2.54980567,2.54922775,2.54729599,2.54163864,2.52709284,2.49414501,2.42804462,2.30967658,2.11839976,1.83486325
695,2.55000000,2.55000000,2.55000000,2.55000000,2.55000000,2.55000000,2.54999997,2.54999978,2.54999854,2.54999150,2.54995644,2.54980365,2.54922119,2.54727747,2.54159347,2.52699763,2.49397167,2.42777211,2.30930691,2.11796886,1.83443674
696,2.55000000,2.55000000,2.55000000,2.55000000,2.55000000,2.55000000,2.54999997,2.54999978,2.54999852,2.54999138,2.54995590,2.54980163,2.54921459,2.54725888,2.54154817,2.52690226,2.49379821,2.42749959,2.30893744,2.11753834,1.83401064
697,2.55000000,2.55000000,2.55000000,2.55000000,2.55000000,2.55000000,2.54999997,2.54999977,2.54999849,2.54999125,2.54995536,2.54979959,2.54920796,2.54724021,2.54150274,2.52680672,2.49362463,2.42722708,2.30856817,2.11710818,1.83358496
698,2.55000000,2.55000000,2.55000000,2.55000000,2.55000000,2.55000000,2.54999997,2.54999977,2.54999847,2.54999112,2.54995481,2.54979753,2.54920129,2.54722146,2.54145718,2.52671103,2.49345091,2.42695457,2.30819910,2.11667840,1.83315969
699,2.55000000,2.55000000,2.55000000,2.55000000,2.55000000,2.55000000,2.54999997,2.54999976,2.54999844,2.54999100,2.54995425,2.54979546,2.54919457,2.54720264,2.54141149,2.52661518,2.49327707,2.42668206,2.30783023,2.11624899,1.83273484
700,2.55000000,2.55000000,2.55000000,2.55000000,2.55000000,2.55000000,2.54999997,2.54999976,2.54999841,2.54999087,2.54995369,2.54979337,2.54918782,2.54718373,2.54136568,2.52651916,2.49310311,2.42640956,2.30746156,2.11581995,1.83231040
701,2.55000000,2.55000000,2.55000000,2.55000000,2.55000000,2.55000000,2.54999997,2.54999975,2.54999839,2.54999073,2.54995313,2.54979127,2.54918103,2.54716474,2.54131973,2.52642299,2.49292902,2.42613706,2.30709309,2.11539128,1.83188638
702,2.55000000,2.55000000,2.55000000,2.55000000,2.55000000,2.55000000,2.54999997,2.54999975,2.54999836,2.54999060,2.54995256,2.54978915,2.54917420,2.54714568,2.54127366,2.52632666,2.49275481,2.42586456,2.30672481,2.11496298,1.83146276
703,2.55000000,2.55000000,2.55000000,2.55000000,2.55000000,2.55000000,2.54999997,2.54999974,2.54999833,2.54999047,2.54995198,2.54978701,2.54916734,2.54712654,2.54122746,2.52623017,2.49258047,2.42559207,2.30635674,2.11453505,1.83103956
704,2.55000000,2.55000000,2.55000000,2.55000000,2.55000000,2.55000000,2.54999996,2.54999974,2.54999831,2.54999033,2.54995140,2.54978486,2.54916043,2.54710732,2.54118113,2.52613353,2.49240601,2.42531958,2.30598886,2.11410748,1.83061676
705,2.55000000,2.55000000,2.55000000,2.55000000,2.55000000,2.55000000,2.54999996,2.54999973,2.54999828,2.54999019,2.54995081,2.54978270,2.54915348,2.54708801,2.54113467,2.52603672,2.49223142,2.42504710,2.30562118,2.11368028,1.83019438
706,2.55000000,2.55000000,2.55000000,2.55000000,2.55000000,2.55000000,2.54999996,2.54999973,2.54999825,2.54999005,2.54995022,2.54978051,2.54914650,2.54706863,2.54108808,2.52593976,2.49205672,2.42477462,2.30525369,2.11325344,1.82977240
707,2.55000000,2.55000000,2.55000000,2.55000000,2.55000000,2.55000000,2.54999996,2.54999972,2.54999822,2.54998991,2.54994962,2.54977831,2.54913948,2.54704917,2.54104137,2.52584264,2.49188189,2.42450215,2.30488641,2.11282697,1.82935083
708,2.55000000,2.55000000,2.55000000,2.55000000,2.55000000,2.55000000,2.54999996,2.54999972,2.54999819,2.54998977,2.54994902,2.54977610,2.54913241,2.54702964,2.54099452,2.52574536,2.49170694,2.42422968,2.30451932,2.11240087,1.82892967
709,2.55000000,2.55000000,2.55000000,2.55000000,2.55000000,2.55000000,2.54999996,2.54999971,2.54999816,2.54998962,2.54994841,2.54977387,2.54912531,2.54701002,2.54094755,2.52564793,2.49153187,2.42395723,2.30415244,2.11197513,1.82850891
710,2.55000000,2.55000000,2.55000000,2.55000000,2.55000000,2.55000000,2.54999996,2.54999971,2.54999813,2.54998948,2.54994780,2.54977162,2.54911817,2.54699032,2.54090045,2.52555034,2.49135668,2.42368478,2.30378575,2.11154975,1.82808855
711,2.55000000,2.55000000,2.55000000,2.55000000,2.55000000,2.54999999,2.54999996,2.54999970,2.54999810,2.54998933,2.54994718,2.54976936,2.54911098,2.54697054,2.54085323,2.52545259,2.49118137,2.42341233,2.30341925,2.11112473,1.82766860
712,2.55000000,2.55000000,2.55000000,2.55000000,2.55000000,2.54999999,2.54999996,2.54999970,2.54999807,2.54998918,2.54994655,2.54976707,2.54910376,2.54695068,2.54080587,2.52535469,2.49100594,2.42313990,2.30305296,2.11070008,1.82724905
713,2.55000000,2.55000000,2.55000000,2.55000000,2.55000000,2.54999999,2.54999996,2.54999969,2.54999804,2.54998903,2.54994592,2.54976478,2.54909650,2.54693075,2.54075839,2.52525664,2.49083040,2.42286747,2.30268686,2.11027579,1.82682991
714,2.55000000,2.55000000,2.55000000,2.55000000,2.55000000,2.54999999,2.54999996,2.54999968,2.54999800,2.54998887,2.54994528,2.54976246,2.54908919,2.54691073,2.54071078,2.52515843,2.49065473,2.42259505,2.30232096,2.10985186,1.82641116
715,2.55000000,2.55000000,2.55000000,2.55000000,2.55000000,2.54999999,2.54999995,2.54999968,2.54999797,2.54998872,2.54994464,2.54976013,2.54908185,2.54689063,2.54066304,2.52506006,2.49047895,2.42232264,2.30195525,2.10942828,1.82599281
716,2.55000000,2.55000000,2.55000000,2.55000000,2.55000000,2.54999999,2.54999995,2.54999967,2.54999794,2.54998856,2.54994399,2.54975779,2.54907447,2.54687046,2.54061518,2.52496154,2.49030305,2.42205024,2.30158974,2.10900507,1.82557487
717,2.55000000,2.55000000,2.55000000,2.55000000,2.55000000,2.54999999,2.54999995,2.54999967,2.54999791,2.54998841,2.54994333,2.54975542,2.54906705,2.54685020,2.54056718,2.52486287,2.49012703,2.42177786,2.30122443,2.10858221,1.82515732
718,2.55000000,2.55000000,2.55000000,2.55000000,2.55000000,2.54999999,2.54999995,2.54999966,2.54999787,2.54998825,2.54994267,2.54975304,2.54905958,2.54682986,2.54051906,2.52476404,2.48995090,2.42150548,2.30085932,2.10815972,1.82474017
719,2.55000000,2.55000000,2.55000000,2.55000000,2.55000000,2.54999999,2.54999995,2.54999965,2.54999784,2.54998808,2.54994200,2.54975064,2.54905208,2.54680945,2.54047082,2.52466506,2.48977465,2.42123311,2.30049440,2.10773758,1.82432341
720,2.55000000,2.55000000,2.55000000,2.55000000,2.55000000,2.54999999,2.54999995,2.54999965,2.54999780,2.54998792,2.54994133,2.54974823,2.54904453,2.54678895,2.54042244,2.52456593,2.48959829,2.42096075,2.30012968,2.10731579,1.82390705
721,2.55000000,2.55000000,2.55000000,2.55000000,2.55000000,2.54999999,2.54999995,2.54999964,2.54999777,2.54998776,2.54994065,2.54974579,2.54903695,2.54676837,2.54037394,2.52446665,2.48942181,2.42068840,2.29976516,2.10689437,1.82349110
722,2.55000000,2.55000000,2.55000000,2.55000000,2.55000000,2.54999999,2.54999995,2.54999963,2.54999773,2.54998759,2.54993997,2.54974335,2.54902932,2.54674772,2.54032531,2.52436721,2.48924522,2.42041607,2.29940083,2.10647329,1.82307554
723,2.55000000,2.55000000,2.55000000,2.55000000,2.55000000,2.54999999,2.54999995,2.54999963,2.54999770,2.54998742,2.54993928,2.54974088,2.54902165,2.54672698,2.54027656,2.52426762,2.48906852,2.42014374,2.29903670,2.10605257,1.82266038
724,2.55000000,2.55000000,2.55000000,2.55000000,2.55000000,2.54999999,2.54999995,2.54999962,2.54999766,2.54998725,2.54993858,2.54973839,2.54901394,2.54670616,2.54022768,2.52416788,2.48889170,2.41987143,2.29867276,2.10563221,1.82224562
725,2.55000000,2.55000000,2.55000000,2.55000000,2.55000000,2.54999999,2.54999994,2.54999961,2.54999762,2.54998708,2.54993788,2.54973589,2.54900619,2.54668526,2.54017867,2.52406799,2.48871477,2.41959913,2.29830902,2.10521220,1.82183125
726,2.55000000,2.55000000,2.55000000,2.55000000,2.55000000,2.54999999,2.54999994,2.54999961,2.54999758,2.54998690,2.54993717,2.54973337,2.54899840,2.54666428,2.54012953,2.52396795,2.48853772,2.41932685,2.29794547,2.10479254,1.82141727
727,2.55000000,2.55000000,2.55000000,2.55000000,2.55000000,2.54999999,2.54999994,2.54999960,2.54999755,2.54998672,2.54993645,2.54973084,2.54899057,2.54664323,2.54008027,2.52386776,2.48836057,2.41905458,2.29758213,2.10437323,1.82100369
728,2.55000000,2.55000000,2.55000000,2.55000000,2.55000000,2.54999999,2.54999994,2.54999959,2.54999751,2.54998655,2.54993573,2.54972828,2.54898270,2.54662208,2.54003088,2.52376741,2.48818330,2.41878232,2.29721897,2.10395427,1.82059049
729,2.55000000,2.55000000,2.55000000,2.55000000,2.55000000,2.54999999,2.54999994,2.54999958,2.54999747,2.54998637,2.54993500,2.54972571,2.54897478,2.54660086,2.53998137,2.52366692,2.48800593,2.41851007,2.29685601,2.10353567,1.82017769
730,2.55000000,2.55000000,2.55000000,2.55000000,2.55000000,2.54999999,2.54999994,2.54999958,2.54999743,2.54998618,2.54993426,2.54972312,2.54896682,2.54657956,2.53993173,2.52356628,2.48782844,2.41823784,2.29649325,2.10311741,1.81976528
731,2.55000000,2.55000000,2.55000000,2.55000000,2.55000000,2.54999999,2.54999994,2.54999957,2.54999739,2.54998600,2.54993352,2.54972052,2.54895883,2.54655818,2.53988196,2.52346549,2.48765084,2.41796563,2.29613068,2.10269950,1.81935325
732,2.55000000,2.55000000,2.55000000,2.55000000,2.55000000,2.54999999,2.54999994,2.54999956,2.54999735,2.54998581,2.54993277,2.54971789,2.54895079,2.54653672,2.53983207,2.52336455,2.48747314,2.41769343,2.29576831,2.10228194,1.81894161
733,2.55000000,2.55000000,2.55000000,2.55000000,2.55000000,2.54999999,2.54999993,2.54999955,2.54999731,2.54998563,2.54993202,2.54971525,2.54894270,2.54651517,2.53978205,2.52326346,2.48729532,2.41742124,2.29540613,2.10186473,1.81853036
734,2.55000000,2.55000000,2.55000000,2.55000000,2.55000000,2.54999999,2.54999993,2.54999955,2.54999727,2.54998544,2.54993126,2.54971259,2.54893458,2.54649355,2.53973191,2.52316222,2.48711740,2.41714907,2.29504415,2.10144787,1.81811949
735,2.55000000,2.55000000,2.55000000,2.55000000,2.55000000,2.54999999,2.54999993,2.54999954,2.54999722,2.54998524,2.54993049,2.54970991,2.54892641,2.54647184,2.53968164,2.52306084,2.48693937,2.41687692,2.29468236,2.10103135,1.81770901
736,2.55000000,2.55000000,2.55000000,2.55000000,2.55000000,2.54999999,2.54999993,2.54999953,2.54999718,2.54998505,2.54992972,2.54970721,2.54891821,2.54645006,2.53963124,2.52295930,2.48676123,2.41660479,2.29432077,2.10061518,1.81729891
737,2.55000000,2.55000000,2.55000000,2.55000000,2.55000000,2.54999999,2.54999993,2.54999952,2.54999714,2.54998485,2.54992894,2.54970449,2.54890996,2.54642819,2.53958072,2.52285762,2.48658299,2.41633267,2.29395937,2.10019936,1.81688919
738,2.55000000,2.55000000,2.55000000,2.55000000,2.55000000,2.54999999,2.54999993,2.54999951,2.54999709,2.54998465,2.54992815,2.54970176,2.54890166,2.54640624,2.53953007,2.52275580,2.48640463,2.41606056,2.29359816,2.09978388,1.81647986
739,2.55000000,2.55000000,2.55000000,2.55000000,2.55000000,2.54999999,2.54999993,2.54999950,2.54999705,2.54998445,2.54992736,2.54969901,2.54889333,2.54638421,2.53947930,2.52265382,2.48622618,2.41578848,2.29323715,2.09936874,1.81607091
740,2.55000000,2.55000000,2.55000000,2.55000000,2.55000000,2.54999999,2.54999992,2.54999949,2.54999701,2.54998425,2.54992656,2.54969624,2.54888495,2.54636210,2.53942840,2.52255170,2.48604761,2.41551641,2.29287633,2.09895395,1.81566234
741,2.55000000,2.55000000,2.55000000,2.55000000,2.55000000,2.54999999,2.54999992,2.54999949,2.54999696,2.54998405,2.54992575,2.54969345,2.54887653,2.54633990,2.53937738,2.52244944,2.48586895,2.41524436,2.29251571,2.09853950,1.81525414
742,2.55000000,2.55000000,2.55000000,2.55000000,2.55000000,2.54999999,2.54999992,2.54999948,2.54999691,2.54998384,2.54992493,2.54969064,2.54886807,2.54631763,2.53932623,2.52234703,2.48569018,2.41497233,2.29215528,2.09812539,1.81484633
743,2.55000000,2.55000000,2.55000000,2.55000000,2.55000000,2.54999999,2.54999992,2.54999947,2.54999687,2.54998363,2.54992411,2.54968781,2.54885956,2.54629527,2.53927496,2.52224447,2.48551130,2.41470032,2.29179504,2.09771163,1.81443889
744,2.55000000,2.55000000,2.55000000,2.55000000,2.55000000,2.54999999,2.54999992,2.54999946,2.54999682,2.54998342,2.54992328,2.54968497,2.54885101,2.54627283,2.53922356,2.52214177,2.48533232,2.41442833,2.29143500,2.09729820,1.81403184
745,2.55000000,2.55000000,2.55000000,2.55000000,2.55000000,2.54999999,2.54999992,2.54999945,2.54999677,2.54998321,2.54992245,2.54968211,2.54884242,2.54625032,2.53917204,2.52203892,2.48515324,2.41415635,2.29107515,2.09688512,1.81362515
746,2.55000000,2.55000000,2.55000000,2.55000000,2.55000000,2.54999999,2.54999991,2.54999944,2.54999672,2.54998299,2.54992161,2.54967922,2.54883379,2.54622772,2.53912040,2.52193593,2.48497405,2.41388440,2.29071550,2.09647237,1.81321885
747,2.55000000,2.55000000,2.55000000,2.55000000,2.55000000,2.54999999,2.54999991,2.54999943,2.54999668,2.54998277,2.54992076,2.54967632,2.54882511,2.54620503,2.53906862,2.52183280,2.48479476,2.41361246,2.29035603,2.09605997,1.81281291
748,2.55000000,2.55000000,2.55000000,2.55000000,2.55000000,2.54999999,2.54999991,2.54999942,2.54999663,2.54998255,2.54991990,2.54967340,2.54881639,2.54618227,2.53901673,2.52172952,2.48461537,2.41334055,2.28999676,2.09564790,1.81240736
749,2.55000000,2.55000000,2.55000000,2.55000000,2.55000000,2.54999999,2.54999991,2.54999941,2.54999658,2.54998233,2.54991904,2.54967046,2.54880762,2.54615942,2.53896471,2.52162610,2.48443588,2.41306866,2.28963769,2.09523618,1.81200217
750,2.55000000,2.55000000,2.55000000,2.55000000,2.55000000,2.54999999,2.54999991,2.54999940,2.54999653,2.54998211,2.54991817,2.54966750,2.54879881,2.54613650,2.53891256,2.52152254,2.48425629,2.41279679,2.28927880,2.09482478,1.81159736
751,2.55000000,2.55000000,2.55000000,2.55000000,2.55000000,2.54999999,2.54999991,2.54999939,2.54999647,2.54998188,2.54991729,2.54966452,2.54878996,2.54611349,2.53886030,2.52141883,2.48407660,2.41252493,2.28892011,2.09441373,1.81119292
752,2.55000000,2.55000000,2.55000000,2.55000000,2.55000000,2.54999999,2.54999990,2.54999938,2.54999642,2.54998165,2.54991641,2.54966153,2.54878107,2.54609040,2.53880790,2.52131498,2.48389681,2.41225311,2.28856161,2.09400301,1.81078885
753,2.55000000,2.55000000,2.55000000,2.55000000,2.55000000,2.54999999,2.54999990,2.54999937,2.54999637,2.54998142,2.54991552,2.54965851,2.54877213,2.54606722,2.53875539,2.52121099,2.48371692,2.41198130,2.28820330,2.09359263,1.81038514
754,2.55000000,2.55000000,2.55000000,2.55000000,2.55000000,2.54999999,2.54999990,2.54999936,2.54999632,2.54998119,2.54991462,2.54965547,2.54876315,2.54604397,2.53870275,2.52110685,2.48353692,2.41170951,2.28784519,2.09318258,1.80998181
755,2.55000000,2.55000000,2.55000000,2.55000000,2.55000000,2.54999999,2.54999990,2.54999935,2.54999626,2.54998095,2.54991371,2.54965242,2.54875412,2.54602063,2.53864998,2.52100258,2.48335684,2.41143775,2.28748727,2.09277287,1.80957885
756,2.55000000,2.55000000,2.55000000,2.55000000,2.55000000,2.54999999,2.54999990,2.54999934,2.54999621,2.54998071,2.54991280,2.54964934,2.54874505,2.54599722,2.53859710,2.52089816,2.48317665,2.41116601,2.28712953,2.09236349,1.80917625
757,2.55000000,2.55000000,2.55000000,2.55000000,2.55000000,2.54999999,2.54999989,2.54999933,2.54999615,2.54998047,2.54991188,2.54964625,2.54873594,2.54597372,2.53854409,2.52079361,2.48299636,2.41089429,2.28677200,2.09195445,1.80877402
758,2.55000000,2.55000000,2.55000000,2.55000000,2.55000000,2.54999998,2.54999989,2.54999931,2.54999610,2.54998023,2.54991095,2.54964313,2.54872678,2.54595013,2.53849095,2.52068891,2.48281598,2.41062260,2.28641465,2.09154574,1.80837216
759,2.55000000,2.55000000,2.55000000,2.55000000,2.55000000,2.54999998,2.54999989,2.54999930,2.54999604,2.54997999,2.54991001,2.54964000,2.54871758,2.54592647,2.53843769,2.52058407,2.48263550,2.41035093,2.28605749,2.09113736,1.80797066
760,2.55000000,2.55000000,2.55000000,2.55000000,2.55000000,2.54999998,2.54999989,2.54999929,2.54999598,2.54997974,2.54990907,2.54963685,2.54870833,2.54590272,2.53838431,2.52047910,2.48245492,2.41007928,2.28570053,2.09072931,1.80756953
761,2.55000000,2.55000000,2.55000000,2.55000000,2.55000000,2.54999998,2.54999989,2.54999928,2.54999592,2.54997949,2.54990812,2.54963367,2.54869904,2.54587889,2.53833081,2.52037398,2.48227425,2.40980766,2.28534375,2.09032159,1.80716876
762,2.55000000,2.55000000,2.55000000,2.55000000,2.55000000,2.54999998,2.54999988,2.54999927,2.54999587,2.54997923,2.54990716,2.54963048,2.54868971,2.54585498,2.53827718,2.52026872,2.48209349,2.40953606,2.28498717,2.08991420,1.80676836
763,2.55000000,2.55000000,2.55000000,2.55000000,2.55000000,2.54999998,2.54999988,2.54999925,2.54999581,2.54997898,2.54990619,2.54962726,2.54868033,2.54583099,2.53822343,2.52016333,2.48191262,2.40926449,2.28463078,2.08950714,1.80636831
764,2.55000000,2.55000000,2.55000000,2.55000000,2.55000000,2.54999998,2.54999988,2.54999924,2.54999575,2.54997872,2.54990522,2.54962403,2.54867090,2.54580691,2.53816956,2.52005780,2.48173167,2.40899294,2.28427458,2.08910041,1.80596863
765,2.55000000,2.55000000,2.55000000,2.55000000,2.55000000,2.54999998,2.54999988,2.54999923,2.54999569,2.54997846,2.54990424,2.54962078,2.54866143,2.54578275,2.53811557,2.51995213,2.48155061,2.40872141,2.28391857,2.08869401,1.80556931
766,2.55000000,2.55000000,2.55000000,2.55000000,2.55000000,2.54999998,2.54999988,2.54999922,2.54999562,2.54997820,2.54990325,2.54961750,2.54865192,2.54575851,2.53806145,2.51984632,2.48136947,2.40844992,2.28356275,2.08828794,1.80517035
767,2.55000000,2.55000000,2.55000000,2.55000000,2.55000000,2.54999998,2.54999987,2.54999920,2.54999556,2.54997793,2.54990225,2.54961421,2.54864236,2.54573419,2.53800721,2.51974037,2.48118823,2.40817845,2.28320712,2.08788220,1.80477175
768,2.55000000,2.55000000,2.55000000,2.55000000,2.55000000,2.54999998,2.54999987,2.54999919,2.54999550,2.54997767,2.54990125,2.54961089,2.54863276,2.54570979,2.53795285,2.51963429,2.48100690,2.40790700,2.28285169,2.08747678,1.80437350
769,2.55000000,2.55000000,2.55000000,2.55000000,2.55000000,2.54999998,2.54999987,2.54999918,2.54999544,2.54997739,2.54990023,2.54960756,2.54862311,2.54568530,2.53789836,2.51952806,2.48082548,2.40763558,2.28249644,2.08707169,1.80397562
770,2.55000000,2.55000000,2.55000000,2.55000000,2.55000000,2.54999998,2.54999987,2.54999916,2.54999537,2.54997712,2.54989921,2.54960420,2.54861342,2.54566073,2.53784376,2.51942171,2.48064396,2.40736419,2.28214138,2.08666692,1.80357809
771,2.55000000,2.55000000,2.55000000,2.55000000,2.55000000,2.54999998,2.54999986,2.54999915,2.54999531,2.54997685,2.54989818,2.54960083,2.54860368,2.54563608,2.53778903,2.51931521,2.48046235,2.40709282,2.28178651,2.08626248,1.80318092
772,2.55000000,2.55000000,2.55000000,2.55000000,2.55000000,2.54999998,2.54999986,2.54999914,2.54999524,2.54997657,2.54989715,2.54959743,2.54859389,2.54561134,2.53773418,2.51920858,2.48028065,2.40682149,2.28143183,2.08585837,1.80278410
773,2.55000000,2.55000000,2.55000000,2.55000000,2.55000000,2.54999998,2.54999986,2.54999912,2.54999517,2.54997629,2.54989610,2.54959401,2.54858406,2.54558652,2.53767921,2.51910182,2.48009886,2.40655018,2.28107735,2.08545458,1.80238764
774,2.55000000,2.55000000,2.55000000,2.55000000,2.55000000,2.54999998,2.54999986,2.54999911,2.54999511,2.54997600,2.54989505,2.54959057,2.54857419,2.54556162,2.53762411,2.51899491,2.47991698,2.40627889,2.28072305,2.08505111,1.80199153
775,2.55000000,2.55000000,2.55000000,2.55000000,2.55000000,2.54999998,2.54999985,2.54999909,2.54999504,2.54997572,2.54989399,2.54958711,2.54856427,2.54553664,2.53756890,2.51888788,2.47973501,2.40600764,2.28036894,2.08464796,1.80159578
776,2.55000000,2.55000000,2.55000000,2.55000000,2.55000000,2.54999998,2.54999985,2.54999908,2.54999497,2.54997543,2.54989292,2.54958363,2.54855430,2.54551157,2.53751356,2.51878071,2.47955295,2.40573641,2.28001502,2.08424514,1.80120038
777,2.55000000,2.55000000,2.55000000,2.55000000,2.55000000,2.54999998,2.54999985,2.54999907,2.54999490,2.54997514,2.54989184,2.54958013,2.54854429,2.54548642,2.53745810,2.51867340,2.47937080,2.40546522,2.27966129,2.08384264,1.80080533
778,2.55000000,2.55000000,2.55000000,2.55000000,2.55000000,2.54999998,2.54999984,2.54999905,2.54999483,2.54997484,2.54989076,2.54957661,2.54853424,2.54546119,2.53740252,2.51856596,2.47918856,2.40519405,2.27930774,2.08344046,1.80041063
779,2.55000000,2.55000000,2.55000000,2.55000000,2.55000000,2.54999998,2.54999984,2.54999904,2.54999476,2.54997454,2.54988966,2.54957306,2.54852413,2.54543588,2.53734683,2.51845839,2.47900624,2.40492291,2.27895439,2.08303860,1.80001629
780,2.55000000,2.55000000,2.55000000,2.55000000,2.55000000,2.54999998,2.54999984,2.54999902,2.54999469,2.54997424,2.54988856,2.54956950,2.54851399,2.54541048,2.53729100,2.51835068,2.47882382,2.40465180,2.27860122,2.08263706,1.79962229
781,2.55000000,2.55000000,2.55000000,2.55000000,2.55000000,2.54999998,2.54999984,2.54999900,2.54999461,2.54997394,2.54988745,2.54956591,2.54850379,2.54538500,2.53723506,2.51824284,2.47864132,2.40438072,2.27824825,2.08223584,1.79922866
782,2.55000000,2.55000000,2.55000000,2.55000000,2.55000000,2.54999998,2.54999983,2.54999899,2.54999454,2.54997364,2.54988633,2.54956231,2.54849355,2.54535944,2.53717900,2.51813487,2.47845873,2.40410967,2.27789546,2.08183494,1.79883540
783,2.55000000,2.55000000,2.55000000,2.55000000,2.55000000,2.54999997,2.54999983,2.54999897,2.54999446,2.54997333,2.54988521,2.54955868,2.54848326,2.54533380,2.53712282,2.51802676,2.47827605,2.40383864,2.27754286,2.08143435,1.79844250
784,2.55000000,2.55000000,2.55000000,2.55000000,2.55000000,2.54999997,2.54999983,2.54999896,2.54999439,2.54997302,2.54988407,2.54955503,2.54847293,2.54530807,2.53706652,2.51791852,2.47809329,2.40356765,2.27719045,2.08103409,1.79804996
785,2.55000000,2.55000000,2.55000000,2.55000000,2.55000000,2.54999997,2.54999982,2.54999894,2.54999431,2.54997270,2.54988293,2.54955136,2.54846255,2.54528226,2.53701009,2.51781015,2.47791044,2.40329670,2.27683823,2.08063414,1.79765777
786,2.55000000,2.55000000,2.55000000,2.55000000,2.55000000,2.54999997,2.54999982,2.54999892,2.54999424,2.54997238,2.54988177,2.54954766,2.54845213,2.54525636,2.53695355,2.51770165,2.47772751,2.40302577,2.27648619,2.08023451,1.79726593
787,2.55000000,2.55000000,2.55000000,2.55000000,2.55000000,2.54999997,2.54999982,2.54999891,2.54999416,2.54997206,2.54988061,2.54954395,2.54844166,2.54523039,2.53689688,2.51759301,2.47754449,2.40275487,2.27613434,2.07983520,1.79687445
788,2.55000000,2.55000000,2.55000000,2.55000000,2.55000000,2.54999997,2.54999981,2.54999889,2.54999408,2.54997174,2.54987944,2.54954021,2.54843114,2.54520433,2.53684010,2.51748425,2.47736139,2.40248400,2.27578268,2.07943620,1.79648331
789,2.55000000,2.55000000,2.55000000,2.55000000,2.55000000,2.54999997,2.54999981,2.54999887,2.54999400,2.54997141,2.54987827,2.54953645,2.54842057,2.54517818,2.53678320,2.51737535,2.47717820,2.40221317,2.27543121,2.07903751,1.79609253
790,2.55000000,2.55000000,2.55000000,2.55000000,2.55000000,2.54999997,2.54999981,2.54999886,2.54999392,2.54997109,2.54987708,2.54953267,2.54840996,2.54515196,2.53672617,2.51726633,2.47699493,2.40194237,2.27507992,2.07863914,1.79570209
791,2.55000000,2.55000000,2.55000000,2.55000000,2.55000000,2.54999997,2.54999980,2.54999884,2.54999384,2.54997075,2.54987588,2.54952887,2.54839930,2.54512565,2.53666903,2.51715717,2.47681157,2.40167160,2.27472883,2.07824109,1.79531200
792,2.55000000,2.55000000,2.55000000,2.55000000,2.55000000,2.54999997,2.54999980,2.54999882,2.54999375,2.54997042,2.54987468,2.54952505,2.54838860,2.54509926,2.53661177,2.51704789,2.47662813,2.40140086,2.27437791,2.07784335,1.79492225
793,2.55000000,2.55000000,2.55000000,2.55000000,2.55000000,2.54999997,2.54999980,2.54999880,2.54999367,2.54997008,2.54987346,2.54952120,2.54837785,2.54507278,2.53655439,2.51693847,2.47644461,2.40113015,2.27402719,2.07744592,1.79453285
794,2.55000000,2.55000000,2.55000000,2.55000000,2.55000000,2.54999997,2.54999979,2.54999878,2.54999359,2.54996974,2.54987224,2.54951733,2.54836705,2.54504622,2.53649689,2.51682893,2.47626101,2.40085948,2.27367665,2.07704880,1.79414380
795,2.55000000,2.55000000,2.55000000,2.55000000,2.55000000,2.54999997,2.54999979,2.54999876,2.54999350,2.54996940,2.54987101,2.54951344,2.54835620,2.54501958,2.53643927,2.51671925,2.47607732,2.40058884,2.27332630,2.07665200,1.79375509
796,2.55000000,2.55000000,2.55000000,2.55000000,2.55000000,2.54999997,2.54999979,2.54999875,2.54999342,2.54996905,2.54986977,2.54950953,2.54834531,2.54499286,2.53638153,2.51660945,2.47589355,2.40031823,2.27297614,2.07625551,1.79336672
797,2.55000000,2.55000000,2.55000000,2.55000000,2.55000000,2.54999997,2.54999978,2.54999873,2.54999333,2.54996870,2.54986852,2.54950559,2.54833437,2.54496605,2.53632367,2.51649952,2.47570971,2.40004766,2.27262616,2.07585932,1.79297869
798,2.55000000,2.55000000,2.55000000,2.55000000,2.55000000,2.54999997,2.54999978,2.54999871,2.54999324,2.54996834,2.54986726,2.54950163,2.54832338,2.54493916,2.53626569,2.51638946,2.47552578,2.39977712,2.27227637,2.07546345,1.79259101
799,2.55000000,2.55000000,2.55000000,2.55000000,2.55000000,2.54999997,2.54999977,2.54999869,2.54999315,2.54996799,2.54986600,2.54949765,2.54831235,2.54491218,2.53620760,2.51627927,2.47534177,2.39950662,2.27192676,2.07506789,1.79220367
800,2.55000000,2.55000000,2.55000000,2.55000000,2.54999999,2.54999996,2.54999977,2.54999867,2.54999306,2.54996763,2.54986472,2.54949365,2.54830127,2.54488513,2.53614938,2.51616896,2.47515768,2.39923615,2.27157734,2.07467264,1.79181666
801,2.55000000,2.55000000,2.55000000,2.55000000,2.54999999,2.54999996,2.54999977,2.54999865,2.54999297,2.54996727,2.54986344,2.54948963,2.54829014,2.54485799,2.53609105,2.51605852,2.47497351,2.39896571,2.27122811,2.07427770,1.79143000
802,2.55000000,2.55000000,2.55000000,2.55000000,2.54999999,2.54999996,2.54999976,2.54999863,2.54999288,2.54996690,2.54986214,2.54948558,2.54827896,2.54483076,2.53603260,2.51594795,2.47478926,2.39869531,2.27087906,2.07388306,1.79104367
803,2.55000000,2.55000000,2.55000000,2.55000000,2.54999999,2.54999996,2.54999976,2.54999861,2.54999279,2.54996653,2.54986084,2.54948151,2.54826774,2.54480345,2.53597403,2.51583725,2.47460493,2.39842495,2.27053019,2.07348873,1.79065768
804,2.55000000,2.55000000,2.55000000,2.55000000,2.54999999,2.54999996,2.54999975,2.54999859,2.54999269,2.54996616,2.54985952,2.54947741,2.54825646,2.54477606,2.53591535,2.51572643,2.47442052,2.39815462,2.27018152,2.07309471,1.79027203
805,2.55000000,2.55000000,2.55000000,2.55000000,2.54999999,2.54999996,2.54999975,2.54999856,2.54999260,2.54996578,2.54985820,2.54947330,2.54824514,2.54474859,2.53585654,2.51561549,2.47423604,2.39788432,2.26983302,2.07270100,1.78988671
806,2.55000000,2.55000000,2.55000000,2.55000000,2.54999999,2.54999996,2.54999975,2.54999854,2.54999250,2.54996540,2.54985687,2.54946916,2.54823378,2.54472103,2.53579762,2.51550441,2.47405148,2.39761406,2.26948472,2.07230760,1.78950173
807,2.55000000,2.55000000,2.55000000,2.55000000,2.54999999,2.54999996,2.54999974,2.54999852,2.54999241,2.54996502,2.54985553,2.54946500,2.54822236,2.54469339,2.53573858,2.51539322,2.47386684,2.39734384,2.26913659,2.07191450,1.78911709
808,2.55000000,2.55000000,2.55000000,2.55000000,2.54999999,2.54999996,2.54999974,2.54999850,2.54999231,2.54996463,2.54985418,2.54946081,2.54821090,2.54466567,2.53567942,2.51528189,2.47368212,2.39707365,2.26878865,2.07152170,1.78873278
809,2.55000000,2.55000000,2.55000000,2.55000000,2.54999999,2.54999996,2.54999973,2.54999848,2.54999221,2.54996424,2.54985282,2.54945660,2.54819939,2.54463786,2.53562015,2.51517045,2.47349733,2.39680350,2.26844090,2.07112921,1.78834880
810,2.55000000,2.55000000,2.55000000,2.55000000,2.54999999,2.54999996,2.54999973,2.54999845,2.54999211,2.54996385,2.54985145,2.54945237,2.54818783,2.54460997,2.53556076,2.51505887,2.47331246,2.39653338,2.26809333,2.07073703,1.78796515
811,2.55000000,2.55000000,2.55000000,2.55000000,2.54999999,2.54999996,2.54999972,2.54999843,2.54999201,2.54996346,2.54985007,2.54944812,2.54817622,2.54458200,2.53550125,2.51494718,2.47312751,2.39626330,2.26774595,2.07034514,1.78758184
812,2.55000000,2.55000000,2.55000000,2.55000000,2.54999999,2.54999996,2.54999972,2.54999841,2.54999191,2.54996306,2.54984868,2.54944384,2.54816456,2.54455394,2.53544162,2.51483536,2.47294249,2.39599326,2.26739875,2.06995357,1.78719885
813,2.55000000,2.55000000,2.55000000,2.55000000,2.54999999,2.54999995,2.54999971,2.54999839,2.54999180,2.54996265,2.54984728,2.54943954,2.54815286,2.54452580,2.53538188,2.51472341,2.47275740,2.39572326,2.26705173,2.06956229,1.78681620
814,2.55000000,2.55000000,2.55000000,2.55000000,2.54999999,2.54999995,2.54999971,2.54999836,2.54999170,2.54996225,2.54984587,2.54943521,2.54814111,2.54449758,2.53532202,2.51461135,2.47257222,2.39545329,2.26670490,2.06917132,1.78643388
815,2.55000000,2.55000000,2.55000000,2.55000000,2.54999999,2.54999995,2.54999970,2.54999834,2.54999160,2.54996184,2.54984446,2.54943086,2.54812931,2.54446927,2.53526204,2.51449916,2.47238698,2.39518336,2.26635825,2.06878065,1.78605189
816,2.55000000,2.55000000,2.55000000,2.55000000,2.54999999,2.54999995,2.54999970,2.54999831,2.54999149,2.54996143,2.54984303,2.54942649,2.54811746,2.54444088,2.53520195,2.51438685,2.47220166,2.39491347,2.26601179,2.06839028,1.78567022
817,2.55000000,2.55000000,2.55000000,2.55000000,2.54999999,2.54999995,2.54999969,2.54999829,2.54999138,2.54996101,2.54984159,2.54942210,2.54810556,2.54441240,2.53514174,2.51427441,2.47201627,2.39464362,2.26566551,2.06800021,1.78528889
818,2.55000000,2.55000000,2.55000000,2.55000000,2.54999999,2.54999995,2.54999969,2.54999826,2.54999127,2.54996059,2.54984014,2.54941768,2.54809362,2.54438385,2.53508141,2.51416185,2.47183080,2.39437380,2.26531941,2.06761044,1.78490788
819,2.55000000,2.55000000,2.55000000,2.55000000,2.54999999,2.54999995,2.54999968,2.54999824,2.54999116,2.54996016,2.54983869,2.54941323,2.54808162,2.54435521,2.53502097,2.51404917,2.47164526,2.39410403,2.26497349,2.06722097,1.78452720
820,2.55000000,2.55000000,2.55000000,2.55000000,2.54999999,2.54999995,2.54999968,2.54999821,2.54999105,2.54995974,2.54983722,2.54940877,2.54806958,2.54432648,2.53496041,2.51393637,2.47145965,2.39383429,2.26462776,2.06683180,1.78414684
821,2.55000000,2.55000000,2.55000000,2.55000000,2.54999999,2.54999995,2.54999967,2.54999819,2.54999094,2.54995931,2.54983574,2.54940428,2.54805748,2.54429767,2.53489974,2.51382345,2.47127396,2.39356459,2.26428221,2.06644293,1.78376681
822,2.55000000,2.55000000,2.55000000,2.55000000,2.54999999,2.54999995,2.54999967,2.54999816,2.54999083,2.54995887,2.54983425,2.54939976,2.54804534,2.54426878,2.53483895,2.51371041,2.47108821,2.39329493,2.26393685,2.06605436,1.78338710
823,2.55000000,2.55000000,2.55000000,2.55000000,2.54999999,2.54999994,2.54999966,2.54999814,2.54999072,2.54995843,2.54983276,2.54939522,2.54803315,2.54423981,2.53477805,2.51359725,2.47090238,2.39302531,2.26359166,2.06566609,1.78300772
824,2.55000000,2.55000000,2.55000000,2.55000000,2.54999999,2.54999994,2.54999966,2.54999811,2.54999060,2.54995799,2.54983125,2.54939066,2.54802091,2.54421075,2.53471703,2.51348396,2.47071648,2.39275573,2.26324666,2.06527811,1.78262866
825,2.55000000,2.55000000,2.55000000,2.55000000,2.54999999,2.54999994,2.54999965,2.54999808,2.54999048,2.54995755,2.54982973,2.54938607,2.54800863,2.54418161,2.53465589,2.51337056,2.47053051,2.39248619,2.26290184,2.06489044,1.78224992
826,2.55000000,2.55000000,2.55000000,2.55000000,2.54999999,2.54999994,2.54999965,2.54999805,2.54999037,2.54995710,2.54982820,2.54938146,2.54799629,2.54415238,2.53459464,2.51325704,2.47034447,2.39221669,2.26255721,2.06450305,1.78187151
827,2.55000000,2.55000000,2.55000000,2.55000000,2.54999999,2.54999994,2.54999964,2.54999803,2.54999025,2.54995664,2.54982667,2.54937683,2.54798390,2.54412307,2.53453327,2.51314339,2.47015836,2.39194723,2.26221275,2.06411597,1.78149342
828,2.55000000,2.55000000,2.55000000,2.55000000,2.54999999,2.54999994,2.54999963,2.54999800,2.54999013,2.54995619,2.54982512,2.54937217,2.54797147,2.54409368,2.53447179,2.51302963,2.46997217,2.39167781,2.26186848,2.06372918,1.78111564
829,2.55000000,2.55000000,2.55000000,2.55000000,2.54999999,2.54999994,2.54999963,2.54999797,2.54999001,2.54995573,2.54982356,2.54936748,2.54795898,2.54406420,2.53441020,2.51291575,2.46978592,2.39140843,2.26152439,2.06334268,1.78073819
830,2.55000000,2.55000000,2.55000000,2.55000000,2.54999999,2.54999994,2.54999962,2.54999794,2.54998989,2.54995526,2.54982199,2.54936277,2.54794645,2.54403464,2.53434849,2.51280175,2.46959961,2.39113909,2.26118048,2.06295648,1.78036106
831,2.55000000,2.55000000,2.55000000,2.55000000,2.54999999,2.54999994,2.54999962,2.54999791,2.54998976,2.54995480,2.54982041,2.54935804,2.54793386,2.54400500,2.53428666,2.51268764,2.46941322,2.39086979,2.26083676,2.06257058,1.77998425
832,2.55000000,2.55000000,2.55000000,2.55000000,2.54999999,2.54999994,2.54999961,2.54999788,2.54998964,2.54995432,2.54981882,2.54935328,2.54792123,2.54397527,2.53422472,2.51257340,2.46922676,2.39060053,2.26049321,2.06218496,1.77960775
833,2.55000000,2.55000000,2.55000000,2.55000000,2.54999999,2.54999993,2.54999960,2.54999785,2.54998951,2.54995385,2.54981722,2.54934850,2.54790855,2.54394546,2.53416267,2.51245905,2.46904024,2.39033131,2.26014985,2.06179964,1.77923158
834,2.55000000,2.55000000,2.55000000,2.55000000,2.54999999,2.54999993,2.54999960,2.54999782,2.54998939,2.54995337,2.54981561,2.54934369,2.54789581,2.54391557,2.53410050,2.51234457,2.46885364,2.39006214,2.25980666,2.06141462,1.77885572
835,2.55000000,2.55000000,2.55000000,2.55000000,2.54999999,2.54999993,2.54999959,2.54999779,2.54998926,2.54995289,2.54981399,2.54933886,2.54788303,2.54388559,2.53403822,2.51222999,2.46866698,2.38979300,2.25946366,2.06102988,1.77848017
836,2.55000000,2.55000000,2.55000000,2.55000000,2.54999999,2.54999993,2.54999958,2.54999776,2.54998913,2.54995240,2.54981236,2.54933400,2.54787020,2.54385553,2.53397582,2.51211528,2.46848026,2.38952391,2.25912084,2.06064544,1.77810495
837,2.55000000,2.55000000,2.55000000,2.55000000,2.54999999,2.54999993,2.54999958,2.54999773,2.54998900,2.54995191,2.54981072,2.54932912,2.54785732,2.54382539,2.53391331,2.51200046,2.46829346,2.38925486,2.25877820,2.06026129,1.77773003
838,2.55000000,2.55000000,2.55000000,2.55000000,2.54999999,2.54999993,2.54999957,2.54999770,2.54998886,2.54995141,2.54980906,2.54932421,2.54784439,2.54379516,2.53385069,2.51188552,2.46810660,2.38898586,2.25843574,2.05987743,1.77735544
839,2.55000000,2.55000000,2.55000000,2.55000000,2.54999999,2.54999993,2.54999956,2.54999767,2.54998873,2.54995091,2.54980740,2.54931928,2.54783141,2.54376485,2.53378795,2.51177047,2.46791968,2.38871689,2.25809346,2.05949386,1.77698115
840,2.55000000,2.55000000,2.55000000,2.55000000,2.54999999,2.54999993,2.54999956,2.54999764,2.54998860,2.54995041,2.54980572,2.54931432,2.54781837,2.54373446,2.53372510,2.51165530,2.46773269,2.38844797,2.25775136,2.05911058,1.77660718
841,2.55000000,2.55000000,2.55000000,2.55000000,2.54999999,2.54999992,2.54999955,2.54999760,2.54998846,2.54994990,2.54980404,2.54930934,2.54780529,2.54370398,2.53366214,2.51154001,2.46754563,2.38817909,2.25740944,2.05872759,1.77623350
842,2.55000000,2.55000000,2.55000000,2.55000000,2.54999999,2.54999992,2.54999954,2.54999757,2.54998832,2.54994939,2.54980234,2.54930434,2.54779216,2.54367342,2.53359906,2.51142461,2.46735851,2.38791025,2.25706770,2.05834489,1.77586013
843,2.55000000,2.55000000,2.55000000,2.55000000,2.54999999,2.54999992,2.54999954,2.54999754,2.54998819,2.54994888,2.54980063,2.54929930,2.54777898,2.54364277,2.53353588,2.51130910,2.46717132,2.38764146,2.25672614,2.05796247,1.77548705
844,2.55000000,2.55000000,2.55000000,2.55000000,2.54999999,2.54999992,2.54999953,2.54999750,2.54998805,2.54994836,2.54979892,2.54929424,2.54776575,2.54361204,2.53347257,2.51119347,2.46698407,2.38737271,2.25638476,2.05758035,1.77511428
845,2.55000000,2.55000000,2.55000000,2.55000000,2.54999999,2.54999992,2.54999952,2.54999747,2.54998790,2.54994783,2.54979719,2.54928916,2.54775247,2.54358123,2.53340916,2.51107772,2.46679675,2.38710400,2.25604356,2.05719851,1.77474181
846,2.55000000,2.55000000,2.55000000,2.55000000,2.54999999,2.54999992,2.54999951,2.54999744,2.54998776,2.54994731,2.54979545,2.54928405,2.54773913,2.54355034,2.53334563,2.51096187,2.46660937,2.38683534,2.25570253,2.05681696,1.77436964
847,2.55000000,2.55000000,2.55000000,2.55000000,2.54999999,2.54999992,2.54999951,2.54999740,2.54998762,2.54994677,2.54979370,2.54927892,2.54772575,2.54351936,2.53328199,2.51084589,2.46642193,2.38656672,2.25536169,2.05643570,1.77399778
848,2.55000000,2.55000000,2.55000000,2.55000000,2.54999999,2.54999991,2.54999950,2.54999737,2.54998747,2.54994624,2.54979193,2.54927376,2.54771232,2.54348829,2.53321824,2.51072981,2.46623443,2.38629814,2.25502103,2.05605472,1.77362623
849,2.55000000,2.55000000,2.55000000,2.55000000,2.54999999,2.54999991,2.54999949,2.54999733,2.54998733,2.54994570,2.54979016,2.54926857,2.54769883,2.54345715,2.53315437,2.51061361,2.46604686,2.38602961,2.25468055,2.05567403,1.77325497
850,2.55000000,2.55000000,2.55000000,2.55000000,2.54999999,2.54999991,2.54999948,2.54999729,2.54998718,2.54994515,2.54978837,2.54926336,2.54768530,2.54342592,2.53309040,2.51049730,2.46585923,2.38576113,2.25434024,2.05529362,1.77288402
851,2.55000000,2.55000000,2.55000000,2.55000000,2.54999999,2.54999991,2.54999948,2.54999726,2.54998703,2.54994460,2.54978658,2.54925812,2.54767171,2.54339461,2.53302631,2.51038087,2.46567153,2.38549269,2.25400011,2.05491350,1.77251337
852,2.55000000,2.55000000,2.55000000,2.55000000,2.54999999,2.54999991,2.54999947,2.54999722,2.54998688,2.54994405,2.54978477,2.54925286,2.54765808,2.54336321,2.53296211,2.51026434,2.46548378,2.38522429,2.25366017,2.05453366,1.77214303
853,2.55000000,2.55000000,2.55000000,2.55000000,2.54999999,2.54999991,2.54999946,2.54999718,2.54998672,2.54994349,2.54978295,2.54924757,2.54764439,2.54333173,2.53289780,2.51014769,2.46529596,2.38495594,2.25332040,2.05415411,1.77177299
854,2.55000000,2.55000000,2.55000000,2.55000000,2.54999998,2.54999990,2.54999945,2.54999715,2.54998657,2.54994293,2.54978112,2.54924226,2.54763065,2.54330017,2.53283338,2.51003093,2.46510809,2.38468763,2.25298080,2.05377483,1.77140324
855,2.55000000,2.55000000,2.55000000,2.55000000,2.54999998,2.54999990,2.54999944,2.54999711,2.54998642,2.54994237,2.54977928,2.54923691,2.54761687,2.54326852,2.53276884,2.50991405,2.46492015,2.38441937,2.25264139,2.05339585,1.77103380
856,2.55000000,2.55000000,2.55000000,2.55000000,2.54999998,2.54999990,2.54999943,2.54999707,2.54998626,2.54994180,2.54977743,2.54923155,2.54760303,2.54323679,2.53270419,2.50979707,2.46473215,2.38415115,2.25230216,2.05301714,1.77066466
857,2.55000000,2.55000000,2.55000000,2.55000000,2.54999998,2.54999990,2.54999943,2.54999703,2.54998610,2.54994122,2.54977556,2.54922615,2.54758914,2.54320498,2.53263944,2.50967998,2.46454409,2.38388298,2.25196310,2.05263872,1.77029583
858,2.55000000,2.55000000,2.55000000,2.55000000,2.54999998,2.54999990,2.54999942,2.54999699,2.54998594,2.54994064,2.54977369,2.54922073,2.54757520,2.54317308,2.53257457,2.50956277,2.46435597,2.38361485,2.25162422,2.05226058,1.76992729
859,2.55000000,2.55000000,2.55000000,2.55000000,2.54999998,2.54999990,2.54999941,2.54999695,2.54998578,2.54994006,2.54977180,2.54921529,2.54756121,2.54314110,2.53250959,2.50944546,2.46416779,2.38334677,2.25128552,2.05188272,1.76955905
860,2.55000000,2.55000000,2.55000000,2.55000000,2.54999998,2.54999989,2.54999940,2.54999691,2.54998562,2.54993947,2.54976990,2.54920982,2.54754716,2.54310903,2.53244450,2.50932803,2.46397956,2.38307874,2.25094699,2.05150514,1.76919111
861,2.55000000,2.55000000,2.55000000,2.55000000,2.54999998,2.54999989,2.54999939,2.54999687,2.54998545,2.54993888,2.54976799,2.54920432,2.54753307,2.54307689,2.53237930,2.50921049,2.46379126,2.38281075,2.25060864,2.05112784,1.76882346
862,2.55000000,2.55000000,2.55000000,2.55000000,2.54999998,2.54999989,2.54999938,2.54999683,2.54998529,2.54993828,2.54976607,2.54919879,2.54751892,2.54304466,2.53231399,2.50909285,2.46360291,2.38254281,2.25027047,2.05075082,1.76845612
863,2.55000000,2.55000000,2.55000000,2.55000000,2.54999998,2.54999989,2.54999937,2.54999679,2.54998512,2.54993768,2.54976413,2.54919324,2.54750473,2.54301234,2.53224857,2.50897509,2.46341449,2.38227492,2.24993248,2.05037407,1.76808907
864,2.55000000,2.55000000,2.55000000,2.55000000,2.54999998,2.54999989,2.54999936,2.54999675,2.54998495,2.54993708,2.54976219,2.54918766,2.54749048,2.54297995,2.53218304,2.50885723,2.46322602,2.38200707,2.24959466,2.04999761,1.76772232
865,2.55000000,2.55000000,2.55000000,2.55000000,2.54999998,2.54999988,2.54999935,2.54999670,2.54998478,2.54993647,2.54976023,2.54918206,2.54747618,2.54294747,2.53211740,2.50873926,2.46303749,2.38173927,2.24925702,2.04962143,1.76735587
866,2.55000000,2.55000000,2.55000000,2.55000000,2.54999998,2.54999988,2.54999934,2.54999666,2.54998461,2.54993585,2.54975826,2.54917643,2.54746183,2.54291490,2.53205165,2.50862118,2.46284891,2.38147152,2.24891956,2.04924552,1.76698971
867,2.55000000,2.55000000,2.55000000,2.55000000,2.54999998,2.54999988,2.54999933,2.54999662,2.54998444,2.54993523,2.54975628,2.54917077,2.54744743,2.54288225,2.53198579,2.50850299,2.46266026,2.38120381,2.24858227,2.04886989,1.76662385
868,2.55000000,2.55000000,2.55000000,2.55000000,2.54999998,2.54999988,2.54999932,2.54999657,2.54998426,2.54993461,2.54975429,2.54916508,2.54743297,2.54284952,2.53191982,2.50838469,2.46247156,2.38093616,2.24824516,2.04849454,1.76625829
869,2.55000000,2.55000000,2.55000000,2.55000000,2.54999998,2.54999988,2.54999931,2.54999653,2.54998409,2.54993398,2.54975228,2.54915937,2.54741847,2.54281671,2.53185374,2.50826628,2.46228281,2.38066854,2.24790822,2.04811946,1.76589301
870,2.55000000,2.55000000,2.55000000,2.55000000,2.54999998,2.54999987,2.54999930,2.54999648,2.54998391,2.54993335,2.54975026,2.54915363,2.54740391,2.54278381,2.53178755,2.50814777,2.46209400,2.38040098,2.24757146,2.04774466,1.76552804
871,2.55000000,2.55000000,2.55000000,2.55000000,2.54999998,2.54999987,2.54999929,2.54999644,2.54998373,2.54993271,2.54974823,2.54914787,2.54738930,2.54275083,2.53172125,2.50802915,2.46190513,2.38013347,2.24723488,2.04737014,1.76516335
872,2.55000000,2.55000000,2.55000000,2.55000000,2.54999998,2.54999987,2.54999928,2.54999639,2.54998355,2.54993206,2.54974619,2.54914208,2.54737464,2.54271777,2.53165485,2.50791042,2.46171620,2.37986600,2.24689847,2.04699589,1.76479896
873,2.55000000,2.55000000,2.55000000,2.55000000,2.54999998,2.54999987,2.54999927,2.54999635,2.54998337,2.54993142,2.54974414,2.54913626,2.54735993,2.54268462,2.53158833,2.50779159,2.46152722,2.37959858,2.24656224,2.04662191,1.76443486
874,2.55000000,2.55000000,2.55000000,2.55000000,2.54999998,2.54999987,2.54999926,2.54999630,2.54998318,2.54993076,2.54974207,2.54913041,2.54734517,2.54265139,2.53152171,2.50767265,2.46133819,2.37933121,2.24622619,2.04624821,1.76407106
875,2.55000000,2.55000000,2.55000000,2.55000000,2.54999998,2.54999986,2.54999925,2.54999625,2.54998300,2.54993011,2.54973999,2.54912453,2.54733035,2.54261808,2.53145497,2.50755360,2.46114910,2.37906388,2.24589030,2.04587478,1.76370754
876,2.55000000,2.55000000,2.55000000,2.55000000,2.54999998,2.54999986,2.54999924,2.54999621,2.54998281,2.54992945,2.54973790,2.54911863,2.54731548,2.54258468,2.53138813,2.50743445,2.46095996,2.37879661,2.24555460,2.04550163,1.76334432
877,2.55000000,2.55000000,2.55000000,2.55000000,2.54999998,2.54999986,2.54999923,2.54999616,2.54998262,2.54992878,2.54973580,2.54911270,2.54730056,2.54255120,2.53132118,2.50731519,2.46077076,2.37852939,2.24521907,2.04512874,1.76298139
878,2.55000000,2.55000000,2.55000000,2.55000000,2.54999998,2.54999986,2.54999922,2.54999611,2.54998243,2.54992811,2.54973368,2.54910675,2.54728559,2.54251764,2.53125413,2.50719583,2.46058151,2.37826221,2.24488371,2.04475613,1.76261874
879,2.55000000,2.55000000,2.55000000,2.55000000,2.54999998,2.54999985,2.54999921,2.54999606,2.54998224,2.54992743,2.54973155,2.54910076,2.54727057,2.54248399,2.53118696,2.50707636,2.46039221,2.37799508,2.24454853,2.04438380,1.76225639
880,2.55000000,2.55000000,2.55000000,2.55000000,2.54999998,2.54999985,2.54999920,2.54999601,2.54998204,2.54992675,2.54972941,2.54909475,2.54725549,2.54245026,2.53111969,2.50695679,2.46020285,2.37772800,2.24421352,2.04401173,1.76189433
881,2.55000000,2.55000000,2.55000000,2.55000000,2.54999997,2.54999985,2.54999918,2.54999596,2.54998185,2.54992606,2.54972726,2.54908871,2.54724037,2.54241645,2.53105230,2.50683711,2.46001344,2.37746098,2.24387869,2.04363994,1.76153255
882,2.55000000,2.55000000,2.55000000,2.55000000,2.54999997,2.54999985,2.54999917,2.54999591,2.54998165,2.54992537,2.54972509,2.54908265,2.54722519,2.54238256,2.53098481,2.50671733,2.45982398,2.37719400,2.24354403,2.04326841,1.76117106
883,2.55000000,2.55000000,2.55000000,2.55000000,2.54999997,2.54999984,2.54999916,2.54999586,2.54998145,2.54992467,2.54972292,2.54907655,2.54720995,2.54234858,2.53091722,2.50659745,2.45963446,2.37692707,2.24320954,2.04289716,1.76080986
884,2.55000000,2.55000000,2.55000000,2.55000000,2.54999997,2.54999984,2.54999915,2.54999581,2.54998125,2.54992397,2.54972073,2.54907043,2.54719467,2.54231452,2.53084951,2.50647746,2.45944489,2.37666019,2.24287523,2.04252617,1.76044895
885,2.55000000,2.55000000,2.55000000,2.55000000,2.54999997,2.54999984,2.54999914,2.54999575,2.54998104,2.54992327,2.54971852,2.54906428,2.54717933,2.54228037,2.53078170,2.50635736,2.45925528,2.37639336,2.24254110,2.04215546,1.76008832
886,2.55000000,2.55000000,2.55000000,2.55000000,2.54999997,2.54999984,2.54999912,2.54999570,2.54998084,2.54992256,2.54971631,2.54905810,2.54716394,2.54224614,2.53071378,2.50623717,2.45906561,2.37612658,2.24220713,2.04178501,1.75972798
887,2.55000000,2.55000000,2.55000000,2.55000000,2.54999997,2.54999983,2.54999911,2.54999565,2.54998063,2.54992184,2.54971408,2.54905190,2.54714850,2.54221183,2.53064576,2.50611687,2.45887588,2.37585985,2.24187334,2.04141483,1.75936793
888,2.55000000,2.55000000,2.55000000,2.55000000,2.54999997,2.54999983,2.54999910,2.54999559,2.54998042,2.54992112,2.54971183,2.54904567,2.54713301,2.54217744,2.53057762,2.50599647,2.45868611,2.37559317,2.24153973,2.04104492,1.75900816
889,2.55000000,2.55000000,2.55000000,2.55000000,2.54999997,2.54999983,2.54999909,2.54999554,2.54998021,2.54992039,2.54970958,2.54903940,2.54711746,2.54214296,2.53050938,2.50587596,2.45849629,2.37532654,2.24120628,2.04067528,1.75864868
890,2.55000000,2.55000000,2.55000000,2.55000000,2.54999997,2.54999983,2.54999907,2.54999548,2.54998000,2.54991966,2.54970731,2.54903311,2.54710186,2.54210840,2.53044104,2.50575536,2.45830642,2.37505996,2.24087301,2.04030590,1.75828948
891,2.55000000,2.55000000,2.55000000,2.55000000,2.54999997,2.54999982,2.54999906,2.54999543,2.54997979,2.54991892,2.54970503,2.54902680,2.54708621,2.54207376,2.53037259,2.50563465,2.45811649,2.37479344,2.24053992,2.03993679,1.75793056
892,2.55000000,2.55000000,2.55000000,2.55000000,2.54999997,2.54999982,2.54999905,2.54999537,2.54997957,2.54991818,2.54970274,2.54902045,2.54707051,2.54203904,2.53030403,2.50551384,2.45792652,2.37452696,2.24020699,2.03956795,1.75757193
893,2.55000000,2.55000000,2.55000000,2.54999999,2.54999997,2.54999982,2.54999903,2.54999531,2.54997936,2.54991743,2.54970043,2.54901408,2.54705475,2.54200423,2.53023536,2.50539293,2.45773650,2.37426053,2.23987424,2.03919937,1.75721358
894,2.55000000,2.55000000,2.55000000,2.54999999,2.54999997,2.54999982,2.54999902,2.54999526,2.54997914,2.54991668,2.54969811,2.54900767,2.54703894,2.54196934,2.53016659,2.50527192,2.45754643,2.37399416,2.23954166,2.03883106,1.75685551
895,2.55000000,2.55000000,2.55000000,2.54999999,2.54999997,2.54999981,2.54999901,2.54999520,2.54997892,2.54991592,2.54969578,2.54900124,2.54702308,2.54193436,2.53009772,2.50515080,2.45735631,2.37372784,2.23920925,2.03846301,1.75649772
896,2.55000000,2.55000000,2.55000000,2.54999999,2.54999997,2.54999981,2.54999899,2.54999514,2.54997869,2.54991516,2.54969343,2.54899478,2.54700716,2.54189931,2.53002873,2.50502959,2.45716614,2.37346157,2.23887702,2.03809523,1.75614022
897,2.55000000,2.55000000,2.55000000,2.54999999,2.54999997,2.54999981,2.54999898,2.54999508,2.54997847,2.54991439,2.54969107,2.54898830,2.54699119,2.54186417,2.52995965,2.50490827,2.45697592,2.37319535,2.23854496,2.03772771,1.75578299
898,2.55000000,2.55000000,2.55000000,2.54999999,2.54999997,2.54999980,2.54999896,2.54999502,2.54997824,2.54991361,2.54968870,2.54898178,2.54697517,2.54182895,2.52989045,2.50478686,2.45678566,2.37292918,2.23821307,2.03736046,1.75542605
899,2.55000000,2.55000000,2.55000000,2.54999999,2.54999997,2.54999980,2.54999895,2.54999496,2.54997801,2.54991284,2.54968632,2.54897523,2.54695910,2.54179364,2.52982115,2.50466535,2.45659534,2.37266306,2.23788135,2.03699347,1.75506939
900,2.55000000,2.55000000,2.55000000,2.54999999,2.54999996,2.54999980,2.54999893,2.54999490,2.54997778,2.54991205,2.54968392,2.54896866,2.54694297,2.54175825,2.52975175,2.50454373,2.45640498,2.37239700,2.23754980,2.03662674,1.75471300
901,2.55000000,2.55000000,2.55000000,2.54999999,2.54999996,2.54999979,2.54999892,2.54999484,2.54997755,2.54991126,2.54968151,2.54896206,2.54692679,2.54172278,2.52968224,2.50442202,2.45621458,2.37213099,2.23721842,2.03626027,1.75435686
902,2.55000000,2.55000000,2.55000000,2.54999999,2.54999996,2.54999979,2.54999891,2.54999478,2.54997732,2.54991046,2.54967908,2.54895543,2.54691056,2.54168723,2.52961263,2.50430021,2.45602412,2.37186503,2.23688722,2.03589407,1.75400098
903,2.55000000,2.55000000,2.55000000,2.54999999,2.54999996,2.54999979,2.54999889,2.54999471,2.54997708,2.54990966,2.54967664,2.54894877,2.54689427,2.54165159,2.52954291,2.50417829,2.45583362,2.37159912,2.23655619,2.03552812,1.75364535
904,2.55000000,2.55000000,2.55000000,2.54999999,2.54999996,2.54999978,2.54999888,2.54999465,2.54997684,2.54990886,2.54967419,2.54894208,2.54687793,2.54161588,2.52947309,2.50405629,2.45564307,2.37133326,2.23622532,2.03516244,1.75328999
905,2.55000000,2.55000000,2.55000000,2.54999999,2.54999996,2.54999978,2.54999886,2.54999459,2.54997660,2.54990805,2.54967172,2.54893536,2.54686154,2.54158007,2.52940316,2.50393418,2.45545248,2.37106746,2.23589463,2.03479702,1.75293489
906,2.55000000,2.55000000,2.55000000,2.54999999,2.54999996,2.54999978,2.54999884,2.54999452,2.54997636,2.54990723,2.54966924,2.54892862,2.54684509,2.54154419,2.52933313,2.50381197,2.45526184,2.37080171,2.23556411,2.03443186,1.75258006
907,2.55000000,2.55000000,2.55000000,2.54999999,2.54999996,2.54999977,2.54999883,2.54999446,2.54997611,2.54990640,2.54966675,2.54892184,2.54682859,2.54150822,2.52926299,2.50368967,2.45507116,2.37053602,2.23523376,2.03406696,1.75222550
908,2.55000000,2.55000000,2.55000000,2.54999999,2.54999996,2.54999977,2.54999881,2.54999439,2.54997587,2.54990558,2.54966424,2.54891503,2.54681204,2.54147218,2.52919275,2.50356727,2.45488043,2.37027037,2.23490358,2.03370232,1.75187120
909,2.55000000,2.55000000,2.55000000,2.54999999,2.54999996,2.54999977,2.54999880,2.54999432,2.54997562,2.54990474,2.54966172,2.54890820,2.54679544,2.54143605,2.52912241,2.50344477,2.45468965,2.37000478,2.23457357,2.03333794,1.75151717
910,2.55000000,2.55000000,2.55000000,2.54999999,2.54999996,2.54999976,2.54999878,2.54999426,2.54997537,2.54990390,2.54965919,2.54890134,2.54677878,2.54139983,2.52905196,2.50332217,2.45449883,2.36973924,2.23424373,2.03297382,1.75116341
911,2.55000000,2.55000000,2.55000000,2.54999999,2.54999996,2.54999976,2.54999876,2.54999419,2.54997512,2.54990306,2.54965664,2.54889445,2.54676206,2.54136354,2.52898141,2.50319948,2.45430797,2.36947376,2.23391406,2.03260996,1.75080991
912,2.55000000,2.55000000,2.55000000,2.54999999,2.54999996,2.54999976,2.54999875,2.54999412,2.54997486,2.54990220,2.54965408,2.54888752,2.54674530,2.54132716,2.52891076,2.50307669,2.45411706,2.36920833,2.23358456,2.03224635,1.75045668
913,2.55000000,2.55000000,2.55000000,2.54999999,2.54999996,2.54999975,2.54999873,2.54999405,2.54997461,2.54990135,2.54965150,2.54888057,2.54672848,2.54129070,2.52884000,2.50295380,2.45392611,2.36894295,2.23325523,2.03188300,1.75010372
914,2.55000000,2.55000000,2.55000000,2.54999999,2.54999995,2.54999975,2.54999871,2.54999398,2.54997435,2.54990048,2.54964891,2.54887359,2.54671160,2.54125415,2.52876914,2.50283082,2.45373511,2.36867763,2.23292607,2.03151991,1.74975102
915,2.55000000,2.55000000,2.55000000,2.54999999,2.54999995,2.54999974,2.54999870,2.54999391,2.54997409,2.54989962,2.54964631,2.54886658,2.54669468,2.54121753,2.52869817,2.50270774,2.45354407,2.36841236,2.23259708,2.03115708,1.74939859
916,2.55000000,2.55000000,2.55000000,2.54999999,2.54999995,2.54999974,2.54999868,2.54999384,2.54997382,2.54989874,2.54964369,2.54885954,2.54667770,2.54118082,2.52862711,2.50258457,2.45335299,2.36814715,2.23226826,2.03079450,1.74904643
917,2.55000000,2.55000000,2.55000000,2.54999999,2.54999995,2.54999974,2.54999866,2.54999377,2.54997356,2.54989786,2.54964106,2.54885247,2.54666066,2.54114403,2.52855594,2.50246130,2.45316186,2.36788199,2.23193961,2.03043218,1.74869453
918,2.55000000,2.55000000,2.55000000,2.54999999,2.54999995,2.54999973,2.54999864,2.54999370,2.54997329,2.54989697,2.54963841,2.54884538,2.54664358,2.54110716,2.52848466,2.50233794,2.45297069,2.36761688,2.23161113,2.03007011,1.74834290
919,2.55000000,2.55000000,2.55000000,2.54999999,2.54999995,2.54999973,2.54999863,2.54999362,2.54997302,2.54989608,2.54963575,2.54883825,2.54662643,2.54107020,2.52841329,2.50221448,2.45277948,2.36735183,2.23128281,2.02970830,1.74799153
920,2.55000000,2.55000000,2.55000000,2.54999999,2.54999995,2.54999972,2.54999861,2.54999355,2.54997275,2.54989518,2.54963308,2.54883109,2.54660924,2.54103317,2.52834181,2.50209093,2.45258823,2.36708683,2.23095467,2.02934674,1.74764042
921,2.55000000,2.55000000,2.55000000,2.54999999,2.54999995,2.54999972,2.54999859,2.54999347,2.54997248,2.54989428,2.54963039,2.54882390,2.54659199,2.54099605,2.52827023,2.50196728,2.45239693,2.36682188,2.23062669,2.02898544,1.74728958
922,2.55000000,2.55000000,2.55000000,2.54999999,2.54999995,2.54999972,2.54999857,2.54999340,2.54997220,2.54989337,2.54962769,2.54881668,2.54657469,2.54095885,2.52819855,2.50184354,2.45220560,2.36655700,2.23029888,2.02862439,1.74693901
923,2.55000000,2.55000000,2.55000000,2.54999999,2.54999995,2.54999971,2.54999855,2.54999332,2.54997193,2.54989246,2.54962497,2.54880944,2.54655733,2.54092156,2.52812677,2.50171970,2.45201422,2.36629216,2.22997124,2.02826360,1.74658870
924,2.55000000,2.55000000,2.55000000,2.54999999,2.54999995,2.54999971,2.54999853,2.54999325,2.54997165,2.54989153,2.54962224,2.54880216,2.54653992,2.54088420,2.52805488,2.50159577,2.45182280,2.36602738,2.22964377,2.02790305,1.74623865
925,2.55000000,2.55000000,2.55000000,2.54999999,2.54999995,2.54999970,2.54999851,2.54999317,2.54997136,2.54989061,2.54961949,2.54879485,2.54652245,2.54084675,2.52798290,2.50147175,2.45163134,2.36576266,2.22931647,2.02754276,1.74588887
926,2.55000000,2.55000000,2.55000000,2.54999999,2.54999994,2.54999970,2.54999849,2.54999309,2.54997108,2.54988967,2.54961673,2.54878751,2.54650494,2.54080922,2.52791081,2.50134763,2.45143984,2.36549799,2.22898933,2.02718272,1.74553934
927,2.55000000,2.55000000,2.55000000,2.54999999,2.54999994,2.54999969,2.54999847,2.54999301,2.54997079,2.54988873,2.54961396,2.54878015,2.54648736,2.54077161,2.52783862,2.50122343,2.45124830,2.36523338,2.22866236,2.02682294,1.74519008
928,2.55000000,2.55000000,2.55000000,2.54999999,2.54999994,2.54999969,2.54999845,2.54999293,2.54997050,2.54988779,2.54961117,2.54877275,2.54646974,2.54073392,2.52776633,2.50109912,2.45105672,2.36496882,2.22833556,2.02646340,1.74484109
929,2.55000000,2.55000000,2.55000000,2.54999999,2.54999994,2.54999969,2.54999843,2.54999285,2.54997021,2.54988684,2.54960836,2.54876532,2.54645206,2.54069614,2.52769394,2.50097473,2.45086510,2.36470432,2.22800893,2.02610412,1.74449235
930,2.55000000,2.55000000,2.55000000,2.54999999,2.54999994,2.54999968,2.54999841,2.54999277,2.54996992,2.54988588,2.54960555,2.54875786,2.54643432,2.54065829,2.52762144,2.50085025,2.45067344,2.36443987,2.22768246,2.02574508,1.74414388
931,2.55000000,2.55000000,2.55000000,2.54999999,2.54999994,2.54999968,2.54999839,2.54999269,2.54996962,2.54988491,2.54960271,2.54875037,2.54641653,2.54062035,2.52754885,2.50072567,2.45048174,2.36417548,2.22735616,2.02538630,1.74379567
932,2.55000000,2.55000000,2.55000000,2.54999999,2.54999994,2.54999967,2.54999837,2.54999261,2.54996932,2.54988394,2.54959987,2.54874286,2.54639869,2.54058233,2.52747615,2.50060100,2.45029000,2.36391114,2.22703003,2.02502776,1.74344771
933,2.55000000,2.55000000,2.55000000,2.54999999,2.54999994,2.54999967,2.54999835,2.54999252,2.54996902,2.54988297,2.54959700,2.54873531,2.54638079,2.54054422,2.52740336,2.50047624,2.45009822,2.36364686,2.22670406,2.02466948,1.74310002
934,2.55000000,2.55000000,2.55000000,2.54999999,2.54999994,2.54999966,2.54999833,2.54999244,2.54996872,2.54988198,2.54959413,2.54872773,2.54636284,2.54050604,2.52733046,2.50035139,2.44990640,2.36338264,2.22637826,2.02431144,1.74275259
935,2.55000000,2.55000000,2.55000000,2.54999999,2.54999994,2.54999966,2.54999831,2.54999235,2.54996842,2.54988099,2.54959123,2.54872012,2.54634483,2.54046777,2.52725747,2.50022644,2.44971455,2.36311847,2.22605263,2.02395365,1.74240542
936,2.55000000,2.55000000,2.55000000,2.54999999,2.54999993,2.54999965,2.54999829,2.54999227,2.54996811,2.54988000,2.54958833,2.54871248,2.54632677,2.54042943,2.52718437,2.50010141,2.44952265,2.36285436,2.22572717,2.02359611,1.74205850
937,2.55000000,2.55000000,2.55000000,2.54999999,2.54999993,2.54999965,2.54999826,2.54999218,2.54996780,2.54987900,2.54958541,2.54870481,2.54630866,2.54039100,2.52711118,2.49997628,2.44933072,2.36259030,2.22540187,2.02323882,1.74171185
938,2.55000000,2.55000000,2.55000000,2.54999999,2.54999993,2.54999964,2.54999824,2.54999209,2.54996749,2.54987799,2.54958247,2.54869710,2.54629049,2.54035249,2.52703788,2.49985107,2.44913875,2.36232631,2.22507673,2.02288177,1.74136545
939,2.55000000,2.55000000,2.55000000,2.54999999,2.54999993,2.54999964,2.54999822,2.54999201,2.54996717,2.54987697,2.54957952,2.54868937,2.54627227,2.54031390,2.52696449,2.49972577,2.44894675,2.36206236,2.22475177,2.02252498,1.74101931
940,2.55000000,2.55000000,2.55000000,2.54999999,2.54999993,2.54999963,2.54999820,2.54999192,2.54996685,2.54987595,2.54957655,2.54868161,2.54625399,2.54027522,2.52689099,2.49960037,2.44875470,2.36179848,2.22442696,2.02216842,1.74067343
941,2.55000000,2.55000000,2.55000000,2.54999999,2.54999993,2.54999963,2.54999817,2.54999183,2.54996654,2.54987493,2.54957357,2.54867381,2.54623566,2.54023647,2.52681740,2.49947489,2.44856262,2.36153465,2.22410233,2.02181212,1.74032781
942,2.55000000,2.55000000,2.55000000,2.54999999,2.54999993,2.54999962,2.54999815,2.54999174,2.54996621,2.54987389,2.54957057,2.54866599,2.54621727,2.54019763,2.52674371,2.49934932,2.44837051,2.36127088,2.22377786,2.02145606,1.73998244
943,2.55000000,2.55000000,2.55000000,2.54999999,2.54999993,2.54999962,2.54999813,2.54999164,2.54996589,2.54987285,2.54956756,2.54865813,2.54619883,2.54015871,2.52666991,2.49922365,2.44817835,2.36100716,2.22345355,2.02110024,1.73963733
944,2.55000000,2.55000000,2.55000000,2.54999999,2.54999993,2.54999961,2.54999810,2.54999155,2.54996556,2.54987180,2.54956454,2.54865024,2.54618033,2.54011971,2.52659602,2.49909790,2.44798616,2.36074350,2.22312941,2.02074467,1.73929248
945,2.55000000,2.55000000,2.55000000,2.54999999,2.54999992,2.54999960,2.54999808,2.54999146,2.54996523,2.54987075,2.54956149,2.54864233,2.54616178,2.54008063,2.52652203,2.49897206,2.44779394,2.36047990,2.22280544,2.02038934,1.73894788
946,2.55000000,2.55000000,2.55000000,2.54999999,2.54999992,2.54999960,2.54999806,2.54999137,2.54996490,2.54986969,2.54955844,2.54863438,2.54614318,2.54004147,2.52644794,2.49884613,2.44760168,2.36021636,2.22248163,2.02003426,1.73860353
947,2.55000000,2.55000000,2.55000000,2.54999999,2.54999992,2.54999959,2.54999803,2.54999127,2.54996457,2.54986862,2.54955536,2.54862640,2.54612452,2.54000222,2.52637376,2.49872012,2.44740938,2.35995287,2.22215798,2.01967942,1.73825945
948,2.55000000,2.55000000,2.55000000,2.54999999,2.54999992,2.54999959,2.54999801,2.54999118,2.54996423,2.54986755,2.54955228,2.54861839,2.54610581,2.53996290,2.52629947,2.49859401,2.44721705,2.35968945,2.22183450,2.01932483,1.73791561
949,2.55000000,2.55000000,2.55000000,2.54999999,2.54999992,2.54999958,2.54999798,2.54999108,2.54996389,2.54986647,2.54954917,2.54861034,2.54608704,2.53992349,2.52622509,2.49846782,2.44702468,2.35942607,2.22151119,2.01897047,1.73757203
950,2.55000000,2.55000000,2.55000000,2.54999999,2.54999992,2.54999958,2.54999796,2.54999098,2.54996355,2.54986539,2.54954605,2.54860227,2.54606821,2.53988401,2.52615061,2.49834154,2.44683228,2.35916276,2.22118803,2.01861636,1.73722871
951,2.55000000,2.55000000,2.55000000,2.54999999,2.54999992,2.54999957,2.54999793,2.54999088,2.54996321,2.54986429,2.54954292,2.54859416,2.54604933,2.53984444,2.52607603,2.49821518,2.44663984,2.35889950,2.22086505,2.01826250,1.73688563
952,2.55000000,2.55000000,2.55000000,2.54999998,2.54999992,2.54999956,2.54999791,2.54999078,2.54996286,2.54986319,2.54953977,2.54858603,2.54603040,2.53980479,2.52600135,2.49808872,2.44644737,2.35863631,2.22054222,2.01790887,1.73654281
953,2.55000000,2.55000000,2.55000000,2.54999998,2.54999991,2.54999956,2.54999788,2.54999068,2.54996251,2.54986209,2.54953660,2.54857786,2.54601141,2.53976506,2.52592657,2.49796218,2.44625487,2.35837317,2.22021956,2.01755549,1.73620025
954,2.55000000,2.55000000,2.55000000,2.54999998,2.54999991,2.54999955,2.54999785,2.54999058,2.54996216,2.54986097,2.54953342,2.54856966,2.54599237,2.53972525,2.52585170,2.49783556,2.44606233,2.35811008,2.21989707,2.01720234,1.73585793
955,2.55000000,2.55000000,2.55000000,2.54999998,2.54999991,2.54999954,2.54999783,2.54999048,2.54996180,2.54985985,2.54953023,2.54856143,2.54597327,2.53968535,2.52577673,2.49770884,2.44586975,2.35784706,2.21957473,2.01684944,1.73551587
956,2.55000000,2.55000000,2.55000000,2.54999998,2.54999991,2.54999954,2.54999780,2.54999038,2.54996145,2.54985873,2.54952701,2.54855317,2.54595412,2.53964538,2.52570166,2.49758205,2.44567715,2.35758410,2.21925257,2.01649678,1.73517406
957,2.55000000,2.55000000,2.55000000,2.54999998,2.54999991,2.54999953,2.54999777,2.54999028,2.54996109,2.54985759,2.54952379,2.54854487,2.54593491,2.53960533,2.52562650,2.49745516,2.44548451,2.35732119,2.21893056,2.01614436,1.73483250
958,2.55000000,2.55000000,2.55000000,2.54999998,2.54999991,2.54999953,2.54999775,2.54999017,2.54996072,2.54985645,2.54952054,2.54853655,2.54591565,2.53956519,2.52555124,2.49732819,2.44529184,2.35705834,2.21860872,2.01579217,1.73449119
959,2.55000000,2.55000000,2.55000000,2.54999998,2.54999991,2.54999952,2.54999772,2.54999007,2.54996036,2.54985530,2.54951728,2.54852819,2.54589633,2.53952497,2.52547588,2.49720113,2.44509913,2.35679555,2.21828704,2.01544023,1.73415013
960,2.55000000,2.55000000,2.55000000,2.54999998,2.54999990,2.54999951,2.54999769,2.54998996,2.54995999,2.54985415,2.54951401,2.54851980,2.54587696,2.53948468,2.52540042,2.49707399,2.44490640,2.35653282,2.21796552,2.01508853,1.73380932
961,2.55000000,2.55000000,2.55000000,2.54999998,2.54999990,2.54999951,2.54999766,2.54998985,2.54995962,2.54985299,2.54951072,2.54851138,2.54585753,2.53944430,2.52532487,2.49694677,2.44471363,2.35627014,2.21764417,2.01473706,1.73346878
962,2.55000000,2.55000000,2.55000000,2.54999998,2.54999990,2.54999950,2.54999763,2.54998974,2.54995925,2.54985182,2.54950741,2.54850293,2.54583805,2.53940384,2.52524922,2.49681946,2.44452082,2.35600753,2.21732298,2.01438583,1.73312852
963,2.55000000,2.55000000,2.55000000,2.54999998,2.54999990,2.54999949,2.54999761,2.54998964,2.54995887,2.54985065,2.54950409,2.54849445,2.54581851,2.53936330,2.52517348,2.49669206,2.44432799,2.35574497,2.21700195,2.01403484,1.73278853
964,2.55000000,2.55000000,2.55000000,2.54999998,2.54999990,2.54999948,2.54999758,2.54998953,2.54995849,2.54984946,2.54950075,2.54848593,2.54579892,2.53932268,2.52509764,2.49656458,2.44413513,2.35548248,2.21668108,2.01368409,1.73244879
965,2.55000000,2.55000000,2.55000000,2.54999998,2.54999990,2.54999948,2.54999755,2.54998941,2.54995811,2.54984827,2.54949739,2.54847738,2.54577927,2.53928198,2.52502170,2.49643702,2.44394223,2.35522004,2.21636038,2.01333357,1.73210931
966,2.55000000,2.55000000,2.55000000,2.54999998,2.54999990,2.54999947,2.54999752,2.54998930,2.54995773,2.54984708,2.54949402,2.54846880,2.54575957,2.53924120,2.52494567,2.49630937,2.44374930,2.35495766,2.21603984,2.01298330,1.73177009
967,2.55000000,2.55000000,2.55000000,2.54999998,2.54999989,2.54999946,2.54999749,2.54998919,2.54995734,2.54984587,2.54949063,2.54846019,2.54573981,2.53920034,2.52486954,2.49618164,2.44355634,2.35469534,2.21571945,2.01263325,1.73143112
968,2.55000000,2.55000000,2.55000000,2.54999998,2.54999989,2.54999946,2.54999746,2.54998908,2.54995695,2.54984466,2.54948723,2.54845154,2.54572000,2.53915940,2.52479331,2.49605383,2.44336335,2.35443308,2.21539924,2.01228345,1.73109241
969,2.55000000,2.55000000,2.55000000,2.54999998,2.54999989,2.54999945,2.54999743,2.54998896,2.54995656,2.54984345,2.54948381,2.54844287,2.54570013,2.53911838,2.52471700,2.49592593,2.44317033,2.35417088,2.21507918,2.01193388,1.73075395
970,2.55000000,2.55000000,2.55000000,2.54999998,2.54999989,2.54999944,2.54999740,2.54998885,2.54995616,2.54984222,2.54948038,2.54843416,2.54568021,2.53907727,2.52464058,2.49579795,2.44297728,2.35390874,2.21475928,2.01158454,1.73041574
971,2.55000000,2.55000000,2.55000000,2.54999998,2.54999989,2.54999943,2.54999737,2.54998873,2.54995576,2.54984099,2.54947692,2.54842542,2.54566023,2.53903609,2.52456407,2.49566989,2.44278420,2.35364665,2.21443955,2.01123544,1.73007779
972,2.55000000,2.55000000,2.55000000,2.54999998,2.54999989,2.54999943,2.54999733,2.54998861,2.54995536,2.54983975,2.54947346,2.54841664,2.54564019,2.53899483,2.52448747,2.49554174,2.44259109,2.35338463,2.21411998,2.01088657,1.72974008
973,2.55000000,2.55000000,2.55000000,2.54999998,2.54999988,2.54999942,2.54999730,2.54998849,2.54995496,2.54983850,2.54946997,2.54840784,2.54562010,2.53895348,2.52441077,2.49541352,2.44239795,2.35312267,2.21380056,2.01053794,1.72940263
974,2.55000000,2.55000000,2.55000000,2.54999998,2.54999988,2.54999941,2.54999727,2.54998837,2.54995455,2.54983725,2.54946647,2.54839900,2.54559996,2.53891206,2.52433397,2.49528521,2.44220478,2.35286077,2.21348131,2.01018955,1.72906543
975,2.55000000,2.55000000,2.55000000,2.54999998,2.54999988,2.54999940,2.54999724,2.54998825,2.54995414,2.54983599,2.54946295,2.54839013,2.54557976,2.53887056,2.52425708,2.49515682,2.44201159,2.35259892,2.21316222,2.00984138,1.72872848
976,2.55000000,2.55000000,2.55000000,2.54999998,2.54999988,2.54999939,2.54999721,2.54998813,2.54995373,2.54983472,2.54945942,2.54838123,2.54555950,2.53882897,2.52418010,2.49502834,2.44181836,2.35233714,2.21284329,2.00949345,1.72839177
977,2.55000000,2.55000000,2.55000000,2.54999998,2.54999988,2.54999939,2.54999717,2.54998801,2.54995331,2.54983344,2.54945587,2.54837229,2.54553919,2.53878731,2.52410302,2.49489979,2.44162510,2.35207542,2.21252452,2.00914575,1.72805532
978,2.55000000,2.55000000,2.55000000,2.54999998,2.54999987,2.54999938,2.54999714,2.54998788,2.54995290,2.54983216,2.54945230,2.54836332,2.54551882,2.53874556,2.52402585,2.49477116,2.44143182,2.35181375,2.21220591,2.00879829,1.72771911
979,2.55000000,2.55000000,2.55000000,2.54999998,2.54999987,2.54999937,2.54999711,2.54998776,2.54995247,2.54983087,2.54944872,2.54835432,2.54549840,2.53870374,2.52394858,2.49464244,2.44123850,2.35155215,2.21188746,2.00845106,1.72738315
980,2.55000000,2.55000000,2.55000000,2.54999998,2.54999987,2.54999936,2.54999707,2.54998763,2.54995205,2.54982957,2.54944511,2.54834529,2.54547793,2.53866184,2.52387122,2.49451364,2.44104516,2.35129061,2.21156917,2.00810406,1.72704743
981,2.55000000,2.55000000,2.55000000,2.54999998,2.54999987,2.54999935,2.54999704,2.54998751,2.54995162,2.54982826,2.54944150,2.54833622,2.54545739,2.53861985,2.52379377,2.49438477,2.44085179,2.35102913,2.21125104,2.00775729,1.72671197
982,2.55000000,2.55000000,2.55000000,2.54999997,2.54999987,2.54999934,2.54999700,2.54998738,2.54995119,2.54982695,2.54943786,2.54832713,2.54543680,2.53857779,2.52371622,2.49425581,2.44065840,2.35076770,2.21093307,2.00741075,1.72637674
983,2.55000000,2.55000000,2.55000000,2.54999997,2.54999986,2.54999934,2.54999697,2.54998725,2.54995076,2.54982563,2.54943421,2.54831799,2.54541616,2.53853564,2.52363858,2.49412677,2.44046497,2.35050634,2.21061526,2.00706445,1.72604177
984,2.55000000,2.55000000,2.55000000,2.54999997,2.54999986,2.54999933,2.54999693,2.54998712,2.54995032,2.54982430,2.54943055,2.54830883,2.54539546,2.53849342,2.52356085,2.49399765,2.44027152,2.35024504,2.21029761,2.00671837,1.72570703
985,2.55000000,2.55000000,2.55000000,2.54999997,2.54999986,2.54999932,2.54999690,2.54998699,2.54994988,2.54982296,2.54942686,2.54829963,2.54537471,2.53845112,2.52348302,2.49386846,2.44007804,2.34998380,2.20998012,2.00637253,1.72537255
986,2.55000000,2.55000000,2.54999999,2.54999997,2.54999986,2.54999931,2.54999686,2.54998686,2.54994944,2.54982162,2.54942316,2.54829040,2.54535390,2.53840874,2.52340510,2.49373918,2.43988454,2.34972262,2.20966278,2.00602691,1.72503830
987,2.55000000,2.55000000,2.54999999,2.54999997,2.54999986,2.54999930,2.54999682,2.54998672,2.54994900,2.54982027,2.54941944,2.54828114,2.54533303,2.53836627,2.52332709,2.49360983,2.43969100,2.34946150,2.20934561,2.00568153,1.72470430
988,2.55000000,2.55000000,2.54999999,2.54999997,2.54999985,2.54999929,2.54999679,2.54998659,2.54994855,2.54981891,2.54941571,2.54827184,2.54531211,2.53832373,2.52324898,2.49348039,2.43949745,2.34920044,2.20902859,2.00533638,1.72437055
989,2.55000000,2.55000000,2.54999999,2.54999997,2.54999985,2.54999928,2.54999675,2.54998645,2.54994810,2.54981754,2.54941195,2.54826251,2.54529113,2.53828111,2.52317078,2.49335088,2.43930386,2.34893945,2.20871174,2.00499145,1.72403703
990,2.55000000,2.55000000,2.54999999,2.54999997,2.54999985,2.54999927,2.54999671,2.54998632,2.54994764,2.54981617,2.54940818,2.54825315,2.54527010,2.53823841,2.52309249,2.49322129,2.43911025,2.34867851,2.20839504,2.00464676,1.72370376
991,2.55000000,2.55000000,2.54999999,2.54999997,2.54999985,2.54999926,2.54999668,2.54998618,2.54994719,2.54981479,2.54940440,2.54824376,2.54524901,2.53819563,2.52301411,2.49309162,2.43891661,2.34841764,2.20807850,2.00430229,1.72337073
992,2.55000000,2.55000000,2.54999999,2.54999997,2.54999985,2.54999925,2.54999664,2.54998604,2.54994672,2.54981340,2.54940059,2.54823433,2.54522786,2.53815277,2.52293563,2.49296187,2.43872295,2.34815682,2.20776212,2.00395805,1.72303794
993,2.55000000,2.55000000,2.54999999,2.54999997,2.54999984,2.54999924,2.54999660,2.54998590,2.54994626,2.54981200,2.54939677,2.54822487,2.54520666,2.53810983,2.52285706,2.49283204,2.43852926,2.34789607,2.20744590,2.00361404,1.72270539
994,2.55000000,2.55000000,2.54999999,2.54999997,2.54999984,2.54999923,2.54999656,2.54998576,2.54994579,2.54981060,2.54939294,2.54821537,2.54518541,2.53806681,2.52277840,2.49270214,2.43833555,2.34763538,2.20712983,2.00327026,1.72237308
995,2.55000000,2.55000000,2.54999999,2.54999997,2.54999984,2.54999922,2.54999652,2.54998562,2.54994532,2.54980918,2.54938908,2.54820584,2.54516410,2.53802371,2.52269965,2.49257216,2.43814181,2.34737475,2.20681392,2.00292670,1.72204102
996,2.55000000,2.55000000,2.54999999,2.54999997,2.54999984,2.54999921,2.54999648,2.54998547,2.54994485,2.54980776,2.54938521,2.54819628,2.54514273,2.53798054,2.52262081,2.49244210,2.43794805,2.34711418,2.20649817,2.00258337,1.72170919
997,2.55000000,2.55000000,2.54999999,2.54999997,2.54999983,2.54999920,2.54999644,2.54998533,2.54994437,2.54980633,2.54938132,2.54818669,2.54512131,2.53793728,2.52254187,2.49231197,2.43775426,2.34685367,2.20618258,2.00224027,1.72137760
998,2.55000000,2.55000000,2.54999999,2.54999997,2.54999983,2.54999919,2.54999640,2.54998518,2.54994389,2.54980489,2.54937741,2.54817706,2.54509983,2.53789394,2.52246285,2.49218175,2.43756044,2.34659323,2.20586715,2.00189740,1.72104625
999,2.55000000,2.55000000,2.54999999,2.54999997,2.54999983,2.54999918,2.54999636,2.54998504,2.54994341,2.54980345,2.54937349,2.54816740,2.54507829,2.53785053,2.52238373,2.49205146,2.43736661,2.34633285,2.20555187,2.00155475,1.72071514
1000,2.55000000,2.55000000,2.54999999,2.54999997,2.54999983,2.54999917,2.54999632,2.54998489,2.54994293,2.54980200,2.54936955,2.54815770,2.54505670,2.53780704,2.52230452,2.49192110,2.43717275,2.34607252,2.20523675,2.00121233,1.72038426
1001,2.55000000,2.55000000,2.54999999,2.54999997,2.54999982,2.54999916,2.54999628,2.54998474,2.54994244,2.54980054,2.54936559,2.54814797,2.54503506,2.53776346,2.52222522,2.49179066,2.43697886,2.34581226,2.20492178,2.00087013,1.72005363
1002,2.55000000,2.55000000,2.54999999,2.54999996,2.54999982,2.54999915,2.54999624,2.54998459,2.54994194,2.54979907,2.54936161,2.54813821,2.54501335,2.53771981,2.52214583,2.49166014,2.43678495,2.34555207,2.20460698,2.00052816,1.71972323
1003,2.55000000,2.55000000,2.54999999,2.54999996,2.54999982,2.54999914,2.54999619,2.54998444,2.54994145,2.54979759,2.54935761,2.54812842,2.54499160,2.53767608,2.52206635,2.49152955,2.43659102,2.34529193,2.20429232,2.00018641,1.71939307
1004,2.55000000,2.55000000,2.54999999,2.54999996,2.54999982,2.54999913,2.54999615,2.54998428,2.54994095,2.54979610,2.54935360,2.54811859,2.54496978,2.53763227,2.52198678,2.49139888,2.43639707,2.34503186,2.20397783,1.99984489,1.71906314
1005,2.55000000,2.55000000,2.54999999,2.54999996,2.54999981,2.54999912,2.54999611,2.54998413,2.54994044,2.54979461,2.54934957,2.54810872,2.54494791,2.53758839,2.52190712,2.49126813,2.43620309,2.34477184,2.20366349,1.99950359,1.71873345
1006,2.55000000,2.55000000,2.54999999,2.54999996,2.54999981,2.54999911,2.54999606,2.54998398,2.54993994,2.54979311,2.54934553,2.54809882,2.54492599,2.53754442,2.52182737,2.49113732,2.43600909,2.34451189,2.20334931,1.99916252,1.71840400
1007,2.55000000,2.55000000,2.54999999,2.54999996,2.54999981,2.54999910,2.54999602,2.54998382,2.54993943,2.54979160,2.54934146,2.54808889,2.54490400,2.53750037,2.52174752,2.49100642,2.43581506,2.34425200,2.20303529,1.99882167,1.71807478
1008,2.55000000,2.55000000,2.54999999,2.54999996,2.54999981,2.54999908,2.54999598,2.54998366,2.54993892,2.54979008,2.54933738,2.54807893,2.54488197,2.53745625,2.52166759,2.49087545,2.43562102,2.34399218,2.20272142,1.99848104,1.71774579
1009,2.55000000,2.55000000,2.54999999,2.54999996,2.54999980,2.54999907,2.54999593,2.54998350,2.54993840,2.54978856,2.54933328,2.54806893,2.54485987,2.53741205,2.52158757,2.49074441,2.43542695,2.34373242,2.20240770,1.99814064,1.71741704
1010,2.55000000,2.55000000,2.54999999,2.54999996,2.54999980,2.54999906,2.54999589,2.54998334,2.54993788,2.54978702,2.54932916,2.54805890,2.54483772,2.53736777,2.52150746,2.49061329,2.43523286,2.34347271,2.20209415,1.99780046,1.71708853
1011,2.55000000,2.55000000,2.54999999,2.54999996,2.54999980,2.54999905,2.54999584,2.54998318,2.54993736,2.54978548,2.54932502,2.54804883,2.54481552,2.53732341,2.52142726,2.49048210,2.43503875,2.34321308,2.20178074,1.99746051,1.71676025
1012,2.55000000,2.55000000,2.54999999,2.54999996,2.54999980,2.54999904,2.54999579,2.54998302,2.54993683,2.54978393,2.54932087,2.54803873,2.54479326,2.53727897,2.52134697,2.49035083,2.43484461,2.34295350,2.20146750,1.99712077,1.71643220
1013,2.55000000,2.55000000,2.54999999,2.54999996,2.54999979,2.54999903,2.54999575,2.54998285,2.54993630,2.54978237,2.54931669,2.54802860,2.54477094,2.53723445,2.52126659,2.49021949,2.43465046,2.34269399,2.20115441,1.99678126,1.71610438
1014,2.55000000,2.55000000,2.54999999,2.54999996,2.54999979,2.54999901,2.54999570,2.54998269,2.54993577,2.54978080,2.54931250,2.54801843,2.54474856,2.53718986,2.52118612,2.49008808,2.43445628,2.34243454,2.20084147,1.99644197,1.71577680
1015,2.55000000,2.55000000,2.54999999,2.54999996,2.54999979,2.54999900,2.54999565,2.54998252,2.54993523,2.54977923,2.54930830,2.54800822,2.54472613,2.53714519,2.52110556,2.48995660,2.43426208,2.34217515,2.20052869,1.99610290,1.71544945
1016,2.55000000,2.55000000,2.54999999,2.54999996,2.54999978,2.54999899,2.54999561,2.54998235,2.54993469,2.54977764,2.54930407,2.54799799,2.54470365,2.53710044,2.52102491,2.48982504,2.43406786,2.34191582,2.20021606,1.99576405,1.71512233
1017,2.55000000,2.55000000,2.54999999,2.54999996,2.54999978,2.54999898,2.54999556,2.54998219,2.54993415,2.54977605,2.54929982,2.54798772,2.54468111,2.53705561,2.52094417,2.48969340,2.43387362,2.34165656,2.19990359,1.99542542,1.71479544
1018,2.55000000,2.55000000,2.54999999,2.54999995,2.54999978,2.54999896,2.54999551,2.54998201,2.54993360,2.54977445,2.54929556,2.54797741,2.54465851,2.53701070,2.52086335,2.48956170,2.43367936,2.34139736,2.19959127,1.99508702,1.71446879
1019,2.55000000,2.55000000,2.54999999,2.54999995,2.54999977,2.54999895,2.54999546,2.54998184,2.54993305,2.54977284,2.54929128,2.54796707,2.54463585,2.53696571,2.52078244,2.48942992,2.43348508,2.34113822,2.19927911,1.99474883,1.71414236
1020,2.55000000,2.55000000,2.54999999,2.54999995,2.54999977,2.54999894,2.54999541,2.54998167,2.54993250,2.54977122,2.54928698,2.54795670,2.54461314,2.53692065,2.52070144,2.48929807,2.43329078,2.34087915,2.19896710,1.99441086,1.71381617
1021,2.55000000,2.55000000,2.54999999,2.54999995,2.54999977,2.54999892,2.54999536,2.54998150,2.54993194,2.54976959,2.54928266,2.54794629,2.54459038,2.53687551,2.52062035,2.48916615,2.43309645,2.34062014,2.19865525,1.99407311,1.71349022
1022,2.55000000,2.55000000,2.54999999,2.54999995,2.54999976,2.54999891,2.54999531,2.54998132,2.54993138,2.54976796,2.54927833,2.54793585,2.54456756,2.53683029,2.52053917,2.48903416,2.43290211,2.34036119,2.19834355,1.99373559,1.71316453
1023,2.55000000,2.55000000,2.54999999,2.54999995,2.54999976,2.54999890,2.54999526,2.54998114,2.54993081,2.54976631,2.54927397,2.54792537,2.54454468,2.53678499,2.52045790,2.48890209,2.43270775,2.34010231,2.19803200,1.99339828,1.71283909
1024,2.55000000,2.55000000,2.54999999,2.54999995,2.54999976,2.54999888,2.54999521,2.54998096,2.54993024,2.54976466,2.54926960,2.54791486,2.54452174,2.53673962,2.52037655,2.48876995,2.43251337,2.33984349,2.19772061,1.99306119,1.71251388
1025,2.55000000,2.55000000,2.54999999,2.54999995,2.54999975,2.54999887,2.54999516,2.54998079,2.54992967,2.54976300,2.54926521,2.54790431,2.54449875,2.53669416,2.52029511,2.48863774,2.43231897,2.33958473,2.19740937,1.99272432,1.71218890
1026,2.55000000,2.55000000,2.54999999,2.54999995,2.54999975,2.54999886,2.54999511,2.54998060,2.54992910,2.54976133,2.54926080,2.54789373,2.54447570,2.53664863,2.52021358,2.48850547,2.43212455,2.33932603,2.19709828,1.99238766,1.71186417
1027,2.55000000,2.55000000,2.54999999,2.54999995,2.54999975,2.54999884,2.54999505,2.54998042,2.54992852,2.54975965,2.54925637,2.54788312,2.54445260,2.53660303,2.52013196,2.48837312,2.43193011,2.33906740,2.19678735,1.99205123,1.71153967
1028,2.55000000,2.55000000,2.54999999,2.54999995,2.54999974,2.54999883,2.54999500,2.54998024,2.54992793,2.54975796,2.54925193,2.54787247,2.54442944,2.53655734,2.52005026,2.48824069,2.43173566,2.33880883,2.19647657,1.99171501,1.71121540
1029,2.55000000,2.55000000,2.54999999,2.54999995,2.54999974,2.54999881,2.54999495,2.54998005,2.54992735,2.54975627,2.54924746,2.54786178,2.54440623,2.53651158,2.51996847,2.48810820,2.43154118,2.33855033,2.19616595,1.99137901,1.71089137
1030,2.55000000,2.55000000,2.54999999,2.54999995,2.54999974,2.54999880,2.54999489,2.54997987,2.54992676,2.54975456,2.54924298,2.54785106,2.54438295,2.53646574,2.51988659,2.48797564,2.43134669,2.33829189,2.19585547,1.99104322,1.71056757
1031,2.55000000,2.55000000,2.54999999,2.54999994,2.54999973,2.54999879,2.54999484,2.54997968,2.54992616,2.54975285,2.54923848,2.54784031,2.54435963,2.53641982,2.51980463,2.48784301,2.43115218,2.33803351,2.19554515,1.99070766,1.71024400
1032,2.55000000,2.55000000,2.54999999,2.54999994,2.54999973,2.54999877,2.54999478,2.54997949,2.54992556,2.54975112,2.54923396,2.54782952,2.54433624,2.53637382,2.51972258,2.48771031,2.43095765,2.33777520,2.19523499,1.99037231,1.70992067
1033,2.55000000,2.55000000,2.54999999,2.54999994,2.54999973,2.54999876,2.54999473,2.54997930,2.54992496,2.54974939,2.54922942,2.54781870,2.54431280,2.53632775,2.51964044,2.48757754,2.43076310,2.33751695,2.19492497,1.99003717,1.70959756
1034,2.55000000,2.55000000,2.54999999,2.54999994,2.54999972,2.54999874,2.54999467,2.54997911,2.54992436,2.54974765,2.54922486,2.54780784,2.54428930,2.53628160,2.51955822,2.48744470,2.43056853,2.33725876,2.19461511,1.98970225,1.70927469
1035,2.55000000,2.55000000,2.54999999,2.54999994,2.54999972,2.54999873,2.54999462,2.54997891,2.54992375,2.54974590,2.54922028,2.54779695,2.54426575,2.53623537,2.51947591,2.48731178,2.43037395,2.33700064,2.19430540,1.98936755,1.70895204
1036,2.55000000,2.55000000,2.54999999,2.54999994,2.54999972,2.54999871,2.54999456,2.54997872,2.54992313,2.54974414,2.54921568,2.54778602,2.54424214,2.53618907,2.51939351,2.48717881,2.43017935,2.33674258,2.19399584,1.98903306,1.70862962
1037,2.55000000,2.55000000,2.54999999,2.54999994,2.54999971,2.54999870,2.54999450,2.54997852,2.54992252,2.54974238,2.54921107,2.54777505,2.54421848,2.53614268,2.51931103,2.48704576,2.42998473,2.33648459,2.19368643,1.98869879,1.70830744
1038,2.55000000,2.55000000,2.54999999,2.54999994,2.54999971,2.54999868,2.54999444,2.54997832,2.54992190,2.54974060,2.54920644,2.54776406,2.54419475,2.53609622,2.51922846,2.48691264,2.42979010,2.33622666,2.19337718,1.98836473,1.70798548
1039,2.55000000,2.55000000,2.54999999,2.54999994,2.54999970,2.54999866,2.54999439,2.54997812,2.54992127,2.54973881,2.54920178,2.54775302,2.54417098,2.53604969,2.51914581,2.48677945,2.42959544,2.33596879,2.19306808,1.98803088,1.70766374
1040,2.55000000,2.55000000,2.54999999,2.54999994,2.54999970,2.54999865,2.54999433,2.54997792,2.54992064,2.54973702,2.54919711,2.54774196,2.54414714,2.53600308,2.51906307,2.48664620,2.42940078,2.33571099,2.19275913,1.98769725,1.70734224
1041,2.55000000,2.55000000,2.54999999,2.54999994,2.54999970,2.54999863,2.54999427,2.54997772,2.54992001,2.54973522,2.54919242,2.54773085,2.54412325,2.53595639,2.51898024,2.48651288,2.42920609,2.33545325,2.19245033,1.98736384,1.70702096
1042,2.55000000,2.55000000,2.54999999,2.54999994,2.54999969,2.54999862,2.54999421,2.54997752,2.54991938,2.54973340,2.54918771,2.54771971,2.54409930,2.53590962,2.51889733,2.48637949,2.42901139,2.33519558,2.19214168,1.98703064,1.70669991
1043,2.55000000,2.55000000,2.54999999,2.54999993,2.54999969,2.54999860,2.54999415,2.54997731,2.54991874,2.54973158,2.54918298,2.54770854,2.54407530,2.53586278,2.51881434,2.48624603,2.42881667,2.33493797,2.19183318,1.98669765,1.70637908
1044,2.55000000,2.55000000,2.54999999,2.54999993,2.54999968,2.54999858,2.54999409,2.54997710,2.54991809,2.54972975,2.54917823,2.54769733,2.54405124,2.53581586,2.51873126,2.48611251,2.42862194,2.33468042,2.19152484,1.98636487,1.70605848
1045,2.55000000,2.55000000,2.54999999,2.54999993,2.54999968,2.54999857,2.54999402,2.54997689,2.54991744,2.54972791,2.54917347,2.54768609,2.54402712,2.53576886,2.51864809,2.48597891,2.42842719,2.33442294,2.19121664,1.98603231,1.70573811
1046,2.55000000,2.55000000,2.54999999,2.54999993,2.54999968,2.54999855,2.54999396,2.54997669,2.54991679,2.54972606,2.54916868,2.54767481,2.54400295,2.53572179,2.51856484,2.48584525,2.42823242,2.33416553,2.19090860,1.98569996,1.70541796
1047,2.55000000,2.55000000,2.54999999,2.54999993,2.54999967,2.54999853,2.54999390,2.54997647,2.54991614,2.54972420,2.54916387,2.54766349,2.54397872,2.53567464,2.51848151,2.48571153,2.42803764,2.33390817,2.19060071,1.98536782,1.70509803
1048,2.55000000,2.55000000,2.54999999,2.54999993,2.54999967,2.54999852,2.54999384,2.54997626,2.54991548,2.54972233,2.54915905,2.54765214,2.54395444,2.53562741,2.51839809,2.48557773,2.42784285,2.33365089,2.19029296,1.98503589,1.70477833
1049,2.55000000,2.55000000,2.54999999,2.54999993,2.54999966,2.54999850,2.54999377,2.54997605,2.54991481,2.54972046,2.54915420,2.54764076,2.54393009,2.53558011,2.51831458,2.48544387,2.42764804,2.33339366,2.18998537,1.98470418,1.70445885
1050,2.55000000,2.55000000,2.54999998,2.54999993,2.54999966,2.54999848,2.54999371,2.54997583,2.54991415,2.54971857,2.54914934,2.54762934,2.54390570,2.53553273,2.51823100,2.48530994,2.42745321,2.33313650,2.18967793,1.98437268,1.70413959
1051,2.55000000,2.55000000,2.54999998,2.54999993,2.54999965,2.54999846,2.54999364,2.54997561,2.54991347,2.54971667,2.54914446,2.54761788,2.54388124,2.53548527,2.51814732,2.48517595,2.42725837,2.33287941,2.18937064,1.98404139,1.70382056
1052,2.55000000,2.55000000,2.54999998,2.54999992,2.54999965,2.54999845,2.54999358,2.54997539,2.54991280,2.54971477,2.54913955,2.54760639,2.54385673,2.53543774,2.51806357,2.48504189,2.42706352,2.33262238,2.18906349,1.98371031,1.70350175
1053,2.55000000,2.55000000,2.54999998,2.54999992,2.54999964,2.54999843,2.54999351,2.54997517,2.54991212,2.54971285,2.54913463,2.54759486,2.54383216,2.53539013,2.51797973,2.48490777,2.42686865,2.33236542,2.18875650,1.98337944,1.70318316
1054,2.55000000,2.55000000,2.54999998,2.54999992,2.54999964,2.54999841,2.54999345,2.54997495,2.54991143,2.54971093,2.54912969,2.54758330,2.54380754,2.53534244,2.51789580,2.48477358,2.42667376,2.33210852,2.18844966,1.98304878,1.70286479
1055,2.55000000,2.55000000,2.54999998,2.54999992,2.54999963,2.54999839,2.54999338,2.54997473,2.54991075,2.54970899,2.54912473,2.54757170,2.54378286,2.53529468,2.51781180,2.48463932,2.42647887,2.33185168,2.18814297,1.98271833,1.70254665
1056,2.55000000,2.55000000,2.54999998,2.54999992,2.54999963,2.54999837,2.54999331,2.54997450,2.54991005,2.54970705,2.54911975,2.54756007,2.54375812,2.53524685,2.51772771,2.48450500,2.42628395,2.33159491,2.18783642,1.98238809,1.70222872
1057,2.55000000,2.55000000,2.54999998,2.54999992,2.54999963,2.54999835,2.54999325,2.54997427,2.54990936,2.54970510,2.54911475,2.54754840,2.54373333,2.53519893,2.51764353,2.48437061,2.42608903,2.33133821,2.18753003,1.98205806,1.70191101
1058,2.55000000,2.55000000,2.54999998,2.54999992,2.54999962,2.54999834,2.54999318,2.54997404,2.54990866,2.54970313,2.54910973,2.54753670,2.54370848,2.53515095,2.51755928,2.48423616,2.42589409,2.33108157,2.18722379,1.98172824,1.70159353
1059,2.55000000,2.55000000,2.54999998,2.54999992,2.54999962,2.54999832,2.54999311,2.54997381,2.54990795,2.54970116,2.54910469,2.54752495,2.54368358,2.53510288,2.51747493,2.48410164,2.42569914,2.33082499,2.18691769,1.98139863,1.70127626
1060,2.55000000,2.55000000,2.54999998,2.54999992,2.54999961,2.54999830,2.54999304,2.54997358,2.54990724,2.54969918,2.54909963,2.54751318,2.54365862,2.53505474,2.51739051,2.48396706,2.42550417,2.33056848,2.18661174,1.98106923,1.70095922
1061,2.55000000,2.55000000,2.54999998,2.54999991,2.54999961,2.54999828,2.54999297,2.54997335,2.54990653,2.54969719,2.54909455,2.54750137,2.54363360,2.53500652,2.51730601,2.48383242,2.42530919,2.33031204,2.18630595,1.98074004,1.70064239
1062,2.55000000,2.55000000,2.54999998,2.54999991,2.54999960,2.54999826,2.54999290,2.54997311,2.54990581,2.54969519,2.54908945,2.54748952,2.54360852,2.53495823,2.51722142,2.48369771,2.42511420,2.33005566,2.18600030,1.98041105,1.70032578
1063,2.55000000,2.55000000,2.54999998,2.54999991,2.54999960,2.54999824,2.54999283,2.54997288,2.54990509,2.54969318,2.54908433,2.54747763,2.54358339,2.53490986,2.51713675,2.48356293,2.42491919,2.32979934,2.18569480,1.98008228,1.70000939
1064,2.55000000,2.55000000,2.54999998,2.54999991,2.54999959,2.54999822,2.54999275,2.54997264,2.54990437,2.54969116,2.54907919,2.54746571,2.54355820,2.53486142,2.51705199,2.48342810,2.42472418,2.32954309,2.18538945,1.97975371,1.69969321
1065,2.55000000,2.55000000,2.54999998,2.54999991,2.54999959,2.54999820,2.54999268,2.54997240,2.54990364,2.54968913,2.54907403,2.54745376,2.54353296,2.53481290,2.51696716,2.48329320,2.42452915,2.32928691,2.18508424,1.97942535,1.69937726
1066,2.55000000,2.55000000,2.54999998,2.54999991,2.54999958,2.54999818,2.54999261,2.54997216,2.54990290,2.54968709,2.54906886,2.54744177,2.54350766,2.53476431,2.51688224,2.48315823,2.42433410,2.32903079,2.18477919,1.97909719,1.69906152
1067,2.55000000,2.55000000,2.54999998,2.54999991,2.54999957,2.54999816,2.54999253,2.54997191,2.54990216,2.54968504,2.54906366,2.54742974,2.54348230,2.53471564,2.51679724,2.48302320,2.42413905,2.32877473,2.18447428,1.97876925,1.69874600
1068,2.55000000,2.55000000,2.54999998,2.54999991,2.54999957,2.54999814,2.54999246,2.54997167,2.54990142,2.54968298,2.54905844,2.54741768,2.54345689,2.53466689,2.51671216,2.48288811,2.42394398,2.32851875,2.18416952,1.97844151,1.69843069
1069,2.55000000,2.55000000,2.54999998,2.54999990,2.54999956,2.54999811,2.54999238,2.54997142,2.54990067,2.54968091,2.54905320,2.54740558,2.54343142,2.53461807,2.51662700,2.48275296,2.42374890,2.32826282,2.18386491,1.97811398,1.69811560
1070,2.55000000,2.55000000,2.54999998,2.54999990,2.54999956,2.54999809,2.54999231,2.54997117,2.54989992,2.54967883,2.54904794,2.54739344,2.54340589,2.53456918,2.51654175,2.48261774,2.42355381,2.32800697,2.18356045,1.97778665,1.69780073
1071,2.55000000,2.55000000,2.54999998,2.54999990,2.54999955,2.54999807,2.54999223,2.54997092,2.54989917,2.54967674,2.54904266,2.54738127,2.54338031,2.53452020,2.51645643,2.48248246,2.42335871,2.32775117,2.18325613,1.97745953,1.69748607
1072,2.55000000,2.54999999,2.54999998,2.54999990,2.54999955,2.54999805,2.54999216,2.54997067,2.54989841,2.54967464,2.54903736,2.54736906,2.54335467,2.53447116,2.51637102,2.48234712,2.42316360,2.32749545,2.18295196,1.97713261,1.69717163
1073,2.55000000,2.54999999,2.54999998,2.54999990,2.54999954,2.54999803,2.54999208,2.54997041,2.54989764,2.54967253,2.54903204,2.54735682,2.54332897,2.53442204,2.51628553,2.48221172,2.42296847,2.32723979,2.18264794,1.97680590,1.69685740
1074,2.55000000,2.54999999,2.54999998,2.54999990,2.54999954,2.54999801,2.54999200,2.54997016,2.54989687,2.54967041,2.54902670,2.54734454,2.54330322,2.53437284,2.51619996,2.48207625,2.42277334,2.32698419,2.18234406,1.97647940,1.69654339
1075,2.55000000,2.54999999,2.54999998,2.54999990,2.54999953,2.54999798,2.54999192,2.54996990,2.54989610,2.54966828,2.54902134,2.54733222,2.54327741,2.53432357,2.51611431,2.48194073,2.42257819,2.32672866,2.18204034,1.97615310,1.69622959
1076,2.55000000,2.54999999,2.54999998,2.54999989,2.54999952,2.54999796,2.54999184,2.54996964,2.54989532,2.54966614,2.54901596,2.54731987,2.54325155,2.53427422,2.51602858,2.48180514,2.42238303,2.32647320,2.18173676,1.97582701,1.69591600
1077,2.55000000,2.54999999,2.54999998,2.54999989,2.54999952,2.54999794,2.54999176,2.54996938,2.54989454,2.54966399,2.54901056,2.54730748,2.54322563,2.53422480,2.51594277,2.48166949,2.42218786,2.32621780,2.18143332,1.97550112,1.69560263
1078,2.55000000,2.54999999,2.54999998,2.54999989,2.54999951,2.54999792,2.54999168,2.54996912,2.54989375,2.54966183,2.54900514,2.54729505,2.54319965,2.53417531,2.51585687,2.48153378,2.42199269,2.32596247,2.18113004,1.97517543,1.69528947
1079,2.55000000,2.54999999,2.54999998,2.54999989,2.54999951,2.54999789,2.54999160,2.54996885,2.54989296,2.54965966,2.54899970,2.54728259,2.54317361,2.53412573,2.51577090,2.48139800,2.42179750,2.32570720,2.18082690,1.97484995,1.69497652
1080,2.55000000,2.54999999,2.54999998,2.54999989,2.54999950,2.54999787,2.54999152,2.54996859,2.54989216,2.54965748,2.54899424,2.54727009,2.54314752,2.53407609,2.51568485,2.48126217,2.42160230,2.32545200,2.18052390,1.97452467,1.69466378
1081,2.55000000,2.54999999,2.54999998,2.54999989,2.54999949,2.54999785,2.54999144,2.54996832,2.54989136,2.54965529,2.54898876,2.54725756,2.54312137,2.53402637,2.51559872,2.48112627,2.42140709,2.32519686,2.18022106,1.97419959,1.69435122
1082,2.55000000,2.54999999,2.54999997,2.54999989,2.54999949,2.54999782,2.54999135,2.54996805,2.54989056,2.54965309,2.54898325,2.54724499,2.54309517,2.53397657,2.51551250,2.48099032,2.42121187,2.32494180,2.17991835,1.97387472,1.69403883
1083,2.55000000,2.54999999,2.54999997,2.54999988,2.54999948,2.54999780,2.54999127,2.54996778,2.54988975,2.54965088,2.54897773,2.54723238,2.54306891,2.53392671,2.51542621,2.48085430,2.42101664,2.32468679,2.17961580,1.97355005,1.69372663
1084,2.55000000,2.54999999,2.54999997,2.54999988,2.54999947,2.54999778,2.54999118,2.54996750,2.54988893,2.54964866,2.54897219,2.54721973,2.54304259,2.53387676,2.51533984,2.48071823,2.42082140,2.32443186,2.17931339,1.97322559,1.69341462
1085,2.55000000,2.54999999,2.54999997,2.54999988,2.54999947,2.54999775,2.54999110,2.54996723,2.54988812,2.54964643,2.54896662,2.54720705,2.54301622,2.53382674,2.51525338,2.48058209,2.42062615,2.32417698,2.17901113,1.97290132,1.69310280
1086,2.55000000,2.54999999,2.54999997,2.54999988,2.54999946,2.54999773,2.54999101,2.54996695,2.54988729,2.54964419,2.54896104,2.54719434,2.54298979,2.53377665,2.51516685,2.48044590,2.42043090,2.32392218,2.17870901,1.97257726,1.69279119
1087,2.55000000,2.54999999,2.54999997,2.54999988,2.54999945,2.54999770,2.54999093,2.54996667,2.54988646,2.54964194,2.54895543,2.54718158,2.54296330,2.53372649,2.51508024,2.48030964,2.42023563,2.32366744,2.17840704,1.97225340,1.69247977
1088,2.55000000,2.54999999,2.54999997,2.54999988,2.54999945,2.54999768,2.54999084,2.54996639,2.54988563,2.54963967,2.54894981,2.54716879,2.54293676,2.53367624,2.51499355,2.48017333,2.42004036,2.32341277,2.17810521,1.97192974,1.69216854
1089,2.55000000,2.54999999,2.54999997,2.54999987,2.54999944,2.54999765,2.54999075,2.54996611,2.54988479,2.54963740,2.54894416,2.54715597,2.54291016,2.53362593,2.51490678,2.48003695,2.41984507,2.32315816,2.17780353,1.97160628,1.69185752
1090,2.55000000,2.54999999,2.54999997,2.54999987,2.54999943,2.54999763,2.54999066,2.54996582,2.54988395,2.54963512,2.54893849,2.54714310,2.54288351,2.53357554,2.51481993,2.47990052,2.41964978,2.32290362,2.17750199,1.97128303,1.69154669
1091,2.55000000,2.54999999,2.54999997,2.54999987,2.54999943,2.54999760,2.54999057,2.54996554,2.54988311,2.54963282,2.54893280,2.54713020,2.54285679,2.53352508,2.51473301,2.47976402,2.41945448,2.32264915,2.17720060,1.97095997,1.69123607
1092,2.55000000,2.54999999,2.54999997,2.54999987,2.54999942,2.54999757,2.54999048,2.54996525,2.54988225,2.54963052,2.54892709,2.54711726,2.54283003,2.53347454,2.51464600,2.47962747,2.41925917,2.32239474,2.17689935,1.97063712,1.69092564
1093,2.55000000,2.54999999,2.54999997,2.54999987,2.54999941,2.54999755,2.54999039,2.54996496,2.54988140,2.54962821,2.54892136,2.54710429,2.54280320,2.53342393,2.51455892,2.47949086,2.41906385,2.32214040,2.17659825,1.97031446,1.69061541
1094,2.55000000,2.54999999,2.54999997,2.54999987,2.54999941,2.54999752,2.54999030,2.54996466,2.54988054,2.54962588,2.54891561,2.54709128,2.54277632,2.53337325,2.51447175,2.47935419,2.41886852,2.32188612,2.17629730,1.96999201,1.69030538
1095,2.55000000,2.54999999,2.54999997,2.54999986,2.54999940,2.54999749,2.54999021,2.54996437,2.54987967,2.54962355,2.54890984,2.54707823,2.54274938,2.53332249,2.51438451,2.47921747,2.41867319,2.32163191,2.17599648,1.96966975,1.68999555
1096,2.55000000,2.54999999,2.54999997,2.54999986,2.54999939,2.54999747,2.54999012,2.54996407,2.54987880,2.54962120,2.54890404,2.54706515,2.54272239,2.53327165,2.51429719,2.47908068,2.41847785,2.32137777,2.17569582,1.96934769,1.68968592
1097,2.55000000,2.54999999,2.54999997,2.54999986,2.54999938,2.54999744,2.54999002,2.54996378,2.54987793,2.54961884,2.54889823,2.54705203,2.54269534,2.53322075,2.51420980,2.47894384,2.41828250,2.32112369,2.17539529,1.96902584,1.68937649
1098,2.55000000,2.54999999,2.54999997,2.54999986,2.54999938,2.54999741,2.54998993,2.54996348,2.54987705,2.54961647,2.54889239,2.54703887,2.54266823,2.53316977,2.51412232,2.47880694,2.41808714,2.32086968,2.17509491,1.96870418,1.68906726
1099,2.55000000,2.54999999,2.54999997,2.54999986,2.54999937,2.54999739,2.54998983,2.54996317,2.54987616,2.54961410,2.54888654,2.54702567,2.54264107,2.53311872,2.51403477,2.47866998,2.41789178,2.32061574,2.17479468,1.96838272,1.68875822
1100,2.55000000,2.54999999,2.54999997,2.54999985,2.54999936,2.54999736,2.54998974,2.54996287,2.54987527,2.54961171,2.54888066,2.54701244,2.54261385,2.53306759,2.51394714,2.47853297,2.41769641,2.32036186,2.17449459,1.96806145,1.68844939
1101,2.55000000,2.54999999,2.54999997,2.54999985,2.54999935,2.54999733,2.54998964,2.54996256,2.54987438,2.54960931,2.54887476,2.54699917,2.54258657,2.53301639,2.51385943,2.47839589,2.41750103,2.32010805,2.17419464,1.96774039,1.68814076
1102,2.55000000,2.54999999,2.54999997,2.54999985,2.54999935,2.54999730,2.54998954,2.54996225,2.54987348,2.54960690,2.54886884,2.54698587,2.54255924,2.53296512,2.51377165,2.47825876,2.41730564,2.31985431,2.17389484,1.96741952,1.68783232
1103,2.55000000,2.54999999,2.54999997,2.54999985,2.54999934,2.54999727,2.54998945,2.54996194,2.54987257,2.54960448,2.54886290,2.54697252,2.54253185,2.53291377,2.51368378,2.47812158,2.41711025,2.31960063,2.17359518,1.96709885,1.68752408
1104,2.55000000,2.54999999,2.54999997,2.54999985,2.54999933,2.54999724,2.54998935,2.54996163,2.54987166,2.54960204,2.54885693,2.54695914,2.54250440,2.53286235,2.51359584,2.47798433,2.41691485,2.31934702,2.17329566,1.96677838,1.68721604
1105,2.55000000,2.54999999,2.54999996,2.54999984,2.54999932,2.54999721,2.54998925,2.54996132,2.54987075,2.54959960,2.54885095,2.54694573,2.54247690,2.53281086,2.51350783,2.47784703,2.41671944,2.31909348,2.17299629,1.96645810,1.68690820
1106,2.55000000,2.54999999,2.54999996,2.54999984,2.54999932,2.54999719,2.54998915,2.54996100,2.54986983,2.54959715,2.54884494,2.54693227,2.54244934,2.53275929,2.51341974,2.47770967,2.41652403,2.31884000,2.17269706,1.96613802,1.68660056
1107,2.55000000,2.54999999,2.54999996,2.54999984,2.54999931,2.54999716,2.54998905,2.54996068,2.54986891,2.54959468,2.54883892,2.54691878,2.54242173,2.53270765,2.51333157,2.47757226,2.41632861,2.31858659,2.17239797,1.96581814,1.68629311
1108,2.55000000,2.54999999,2.54999996,2.54999984,2.54999930,2.54999713,2.54998894,2.54996036,2.54986798,2.54959221,2.54883287,2.54690525,2.54239405,2.53265594,2.51324332,2.47743479,2.41613319,2.31833325,2.17209903,1.96549845,1.68598587
1109,2.55000000,2.54999999,2.54999996,2.54999984,2.54999929,2.54999710,2.54998884,2.54996004,2.54986704,2.54958972,2.54882680,2.54689169,2.54236633,2.53260416,2.51315500,2.47729727,2.41593776,2.31807997,2.17180023,1.96517896,1.68567882
1110,2.55000000,2.54999999,2.54999996,2.54999983,2.54999928,2.54999706,2.54998874,2.54995972,2.54986611,2.54958722,2.54882071,2.54687808,2.54233854,2.53255230,2.51306660,2.47715968,2.41574232,2.31782676,2.17150157,1.96485966,1.68537197
1111,2.55000000,2.54999999,2.54999996,2.54999983,2.54999927,2.54999703,2.54998863,2.54995939,2.54986516,2.54958471,2.54881459,2.54686444,2.54231070,2.53250037,2.51297812,2.47702205,2.41554688,2.31757362,2.17120305,1.96454056,1.68506531
1112,2.55000000,2.54999999,2.54999996,2.54999983,2.54999927,2.54999700,2.54998853,2.54995906,2.54986421,2.54958219,2.54880846,2.54685076,2.54228281,2.53244836,2.51288957,2.47688436,2.41535143,2.31732055,2.17090468,1.96422165,1.68475885
1113,2.55000000,2.54999999,2.54999996,2.54999983,2.54999926,2.54999697,2.54998842,2.54995873,2.54986326,2.54957966,2.54880230,2.54683705,2.54225485,2.53239629,2.51280094,2.47674661,2.41515598,2.31706754,2.17060645,1.96390294,1.68445259
1114,2.55000000,2.54999999,2.54999996,2.54999982,2.54999925,2.54999694,2.54998832,2.54995840,2.54986230,2.54957712,2.54879613,2.54682330,2.54222684,2.53234414,2.51271224,2.47660881,2.41496052,2.31681459,2.17030836,1.96358442,1.68414653
1115,2.54999999,2.54999999,2.54999996,2.54999982,2.54999924,2.54999691,2.54998821,2.54995806,2.54986133,2.54957457,2.54878993,2.54680951,2.54219878,2.53229192,2.51262346,2.47647095,2.41476506,2.31656172,2.17001041,1.96326609,1.68384066
1116,2.54999999,2.54999999,2.54999996,2.54999982,2.54999923,2.54999688,2.54998810,2.54995773,2.54986036,2.54957201,2.54878371,2.54679568,2.54217065,2.53223962,2.51253460,2.47633304,2.41456959,2.31630891,2.16971261,1.96294796,1.68353499
1117,2.54999999,2.54999999,2.54999996,2.54999982,2.54999922,2.54999684,2.54998799,2.54995739,2.54985939,2.54956943,2.54877746,2.54678182,2.54214248,2.53218726,2.51244567,2.47619507,2.41437411,2.31605617,2.16941495,1.96263002,1.68322951
1118,2.54999999,2.54999999,2.54999996,2.54999981,2.54999921,2.54999681,2.54998788,2.54995704,2.54985841,2.54956684,2.54877120,2.54676791,2.54211424,2.53213482,2.51235667,2.47605705,2.41417864,2.31580350,2.16911742,1.96231227,1.68292423
1119,2.54999999,2.54999999,2.54999996,2.54999981,2.54999920,2.54999678,2.54998777,2.54995670,2.54985742,2.54956425,2.54876491,2.54675397,2.54208595,2.53208231,2.51226759,2.47591897,2.41398315,2.31555089,2.16882005,1.96199471,1.68261915
1120,2.54999999,2.54999999,2.54999996,2.54999981,2.54999919,2.54999675,2.54998766,2.54995636,2.54985643,2.54956164,2.54875861,2.54674000,2.54205760,2.53202973,2.51217843,2.47578084,2.41378766,2.31529835,2.16852281,1.96167735,1.68231426
1121,2.54999999,2.54999999,2.54999996,2.54999981,2.54999918,2.54999671,2.54998755,2.54995601,2.54985544,2.54955902,2.54875228,2.54672598,2.54202920,2.53197707,2.51208920,2.47564266,2.41359217,2.31504588,2.16822571,1.96136018,1.68200956
1122,2.54999999,2.54999999,2.54999995,2.54999981,2.54999918,2.54999668,2.54998744,2.54995566,2.54985444,2.54955639,2.54874592,2.54671193,2.54200074,2.53192434,2.51199989,2.47550442,2.41339668,2.31479347,2.16792876,1.96104320,1.68170506
1123,2.54999999,2.54999999,2.54999995,2.54999980,2.54999917,2.54999664,2.54998732,2.54995531,2.54985343,2.54955374,2.54873955,2.54669784,2.54197222,2.53187154,2.51191051,2.47536613,2.41320118,2.31454113,2.16763194,1.96072642,1.68140076
1124,2.54999999,2.54999999,2.54999995,2.54999980,2.54999916,2.54999661,2.54998721,2.54995495,2.54985242,2.54955109,2.54873316,2.54668371,2.54194365,2.53181867,2.51182106,2.47522779,2.41300567,2.31428886,2.16733527,1.96040982,1.68109665
1125,2.54999999,2.54999999,2.54999995,2.54999980,2.54999915,2.54999658,2.54998709,2.54995459,2.54985140,2.54954842,2.54872674,2.54666955,2.54191502,2.53176573,2.51173153,2.47508939,2.41281016,2.31403666,2.16703874,1.96009342,1.68079273
1126,2.54999999,2.54999999,2.54999995,2.54999979,2.54999914,2.54999654,2.54998698,2.54995424,2.54985038,2.54954575,2.54872030,2.54665535,2.54188633,2.53171271,2.51164193,2.47495094,2.41261465,2.31378452,2.16674235,1.95977720,1.68048901
1127,2.54999999,2.54999999,2.54999995,2.54999979,2.54999913,2.54999650,2.54998686,2.54995387,2.54984936,2.54954306,2.54871384,2.54664111,2.54185759,2.53165963,2.51155225,2.47481243,2.41241914,2.31353245,2.16644610,1.95946118,1.68018548
1128,2.54999999,2.54999999,2.54999995,2.54999979,2.54999912,2.54999647,2.54998674,2.54995351,2.54984832,2.54954036,2.54870735,2.54662683,2.54182879,2.53160647,2.51146250,2.47467388,2.41222362,2.31328045,2.16614999,1.95914534,1.67988215
1129,2.54999999,2.54999999,2.54999995,2.54999979,2.54999911,2.54999643,2.54998662,2.54995315,2.54984729,2.54953765,2.54870085,2.54661251,2.54179994,2.53155324,2.51137267,2.47453527,2.41202810,2.31302852,2.16585402,1.95882970,1.67957900
1130,2.54999999,2.54999999,2.54999995,2.54999978,2.54999910,2.54999640,2.54998650,2.54995278,2.54984624,2.54953492,2.54869432,2.54659816,2.54177103,2.53149994,2.51128277,2.47439660,2.41183257,2.31277665,2.16555819,1.95851425,1.67927606
1131,2.54999999,2.54999999,2.54999995,2.54999978,2.54999909,2.54999636,2.54998638,2.54995241,2.54984519,2.54953219,2.54868777,2.54658377,2.54174206,2.53144656,2.51119280,2.47425789,2.41163704,2.31252485,2.16526250,1.95819898,1.67897330
1132,2.54999999,2.54999999,2.54999995,2.54999978,2.54999908,2.54999632,2.54998626,2.54995204,2.54984414,2.54952944,2.54868120,2.54656934,2.54171304,2.53139312,2.51110275,2.47411912,2.41144151,2.31227312,2.16496695,1.95788391,1.67867074
1133,2.54999999,2.54999999,2.54999995,2.54999978,2.54999907,2.54999629,2.54998614,2.54995166,2.54984308,2.54952669,2.54867460,2.54655488,2.54168396,2.53133960,2.51101263,2.47398030,2.41124598,2.31202145,2.16467154,1.95756902,1.67836836
1134,2.54999999,2.54999999,2.54999995,2.54999977,2.54999905,2.54999625,2.54998602,2.54995128,2.54984202,2.54952392,2.54866799,2.54654037,2.54165482,2.53128601,2.51092244,2.47384143,2.41105044,2.31176985,2.16437627,1.95725432,1.67806618
1135,2.54999999,2.54999999,2.54999995,2.54999977,2.54999904,2.54999621,2.54998589,2.54995090,2.54984094,2.54952114,2.54866135,2.54652583,2.54162563,2.53123235,2.51083217,2.47370251,2.41085490,2.31151832,2.16408114,1.95693981,1.67776420
1136,2.54999999,2.54999999,2.54999994,2.54999977,2.54999903,2.54999617,2.54998577,2.54995052,2.54983987,2.54951834,2.54865469,2.54651125,2.54159638,2.53117862,2.51074183,2.47356354,2.41065936,2.31126686,2.16378615,1.95662549,1.67746240
1137,2.54999999,2.54999999,2.54999994,2.54999976,2.54999902,2.54999614,2.54998564,2.54995014,2.54983879,2.54951554,2.54864800,2.54649663,2.54156708,2.53112482,2.51065142,2.47342451,2.41046381,2.31101546,2.16349130,1.95631136,1.67716080
1138,2.54999999,2.54999999,2.54999994,2.54999976,2.54999901,2.54999610,2.54998551,2.54994975,2.54983770,2.54951272,2.54864130,2.54648198,2.54153771,2.53107095,2.51056094,2.47328544,2.41026827,2.31076414,2.16319659,1.95599741,1.67685938
1139,2.54999999,2.54999998,2.54999994,2.54999976,2.54999900,2.54999606,2.54998539,2.54994936,2.54983661,2.54950990,2.54863457,2.54646728,2.54150830,2.53101701,2.51047038,2.47314631,2.41007272,2.31051288,2.16290202,1.95568365,1.67655816
1140,2.54999999,2.54999998,2.54999994,2.54999976,2.54999899,2.54999602,2.54998526,2.54994897,2.54983551,2.54950706,2.54862782,2.54645255,2.54147882,2.53096299,2.51037975,2.47300713,2.40987717,2.31026168,2.16260758,1.95537008,1.67625713
1141,2.54999999,2.54999998,2.54999994,2.54999975,2.54999898,2.54999598,2.54998513,2.54994858,2.54983441,2.54950421,2.54862105,2.54643778,2.54144930,2.53090891,2.51028904,2.47286790,2.40968162,2.31001056,2.16231329,1.95505669,1.67595634
1142,2.54999999,2.54999998,2.54999994,2.54999975,2.54999897,2.54999594,2.54998500,2.54994818,2.54983330,2.54950134,2.54861425,2.54642297,2.54141971,2.53085475,2.51019827,2.47272862,2.40948606,2.30975950,2.16201913,1.95474349,1.67565577
1143,2.54999999,2.54999998,2.54999994,2.54999975,2.54999895,2.54999590,2.54998487,2.54994779,2.54983218,2.54949847,2.54860743,2.54640813,2.54139007,2.53080052,2.51010742,2.47258929,2.40929051,2.30950851,2.16172512,1.95443048,1.67535543
1144,2.54999999,2.54999998,2.54999994,2.54999974,2.54999894,2.54999586,2.54998473,2.54994738,2.54983106,2.54949558,2.54860059,2.54639324,2.54136037,2.53074623,2.51001650,2.47244991,2.40909495,2.30925759,2.16143124,1.95411765,1.67505530
1145,2.54999999,2.54999998,2.54999994,2.54999974,2.54999893,2.54999582,2.54998460,2.54994698,2.54982994,2.54949268,2.54859373,2.54637832,2.54133062,2.53069186,2.50992551,2.47231048,2.40889939,2.30900673,2.16113750,1.95380501,1.67475537
1146,2.54999999,2.54999998,2.54999994,2.54999974,2.54999892,2.54999578,2.54998447,2.54994658,2.54982881,2.54948977,2.54858684,2.54636336,2.54130081,2.53063742,2.50983445,2.47217100,2.40870383,2.30875595,2.16084390,1.95349256,1.67445565
1147,2.54999999,2.54999998,2.54999994,2.54999973,2.54999891,2.54999574,2.54998433,2.54994617,2.54982767,2.54948685,2.54857993,2.54634836,2.54127094,2.53058291,2.50974331,2.47203147,2.40850827,2.30850523,2.16055044,1.95318029,1.67415613
1148,2.54999999,2.54999998,2.54999994,2.54999973,2.54999890,2.54999569,2.54998419,2.54994576,2.54982653,2.54948391,2.54857300,2.54633333,2.54124102,2.53052833,2.50965211,2.47189189,2.40831271,2.30825458,2.16025711,1.95286821,1.67385682
1149,2.54999999,2.54999998,2.54999993,2.54999973,2.54999888,2.54999565,2.54998406,2.54994535,2.54982538,2.54948097,2.54856605,2.54631825,2.54121104,2.53047368,2.50956083,2.47175226,2.40811715,2.30800399,2.15996392,1.95255631,1.67355770
1150,2.54999999,2.54999998,2.54999993,2.54999972,2.54999887,2.54999561,2.54998392,2.54994493,2.54982422,2.54947801,2.54855907,2.54630314,2.54118101,2.53041896,2.50946948,2.47161258,2.40792158,2.30775348,2.15967087,1.95224459,1.67325879
1151,2.54999999,2.54999998,2.54999993,2.54999972,2.54999886,2.54999557,2.54998378,2.54994451,2.54982306,2.54947504,2.54855207,2.54628799,2.54115092,2.53036417,2.50937806,2.47147285,2.40772602,2.30750303,2.15937796,1.95193306,1.67296008
1152,2.54999999,2.54999998,2.54999993,2.54999972,2.54999885,2.54999552,2.54998364,2.54994409,2.54982190,2.54947205,2.54854505,2.54627280,2.54112077,2.53030931,2.50928657,2.47133307,2.40753046,2.30725265,2.15908519,1.95162171,1.67266156
1153,2.54999999,2.54999998,2.54999993,2.54999971,2.54999883,2.54999548,2.54998350,2.54994367,2.54982073,2.54946906,2.54853800,2.54625757,2.54109057,2.53025438,2.50919501,2.47119324,2.40733489,2.30700234,2.15879255,1.95131055,1.67236324
1154,2.54999999,2.54999998,2.54999993,2.54999971,2.54999882,2.54999543,2.54998336,2.54994324,2.54981955,2.54946605,2.54853093,2.54624231,2.54106031,2.53019937,2.50910337,2.47105337,2.40713933,2.30675209,2.15850005,1.95099957,1.67206512
1155,2.54999999,2.54999998,2.54999993,2.54999971,2.54999881,2.54999539,2.54998321,2.54994282,2.54981836,2.54946303,2.54852384,2.54622700,2.54102999,2.53014430,2.50901167,2.47091345,2.40694376,2.30650192,2.15820769,1.95068878,1.67176720
1156,2.54999999,2.54999998,2.54999993,2.54999970,2.54999879,2.54999535,2.54998307,2.54994239,2.54981718,2.54946000,2.54851673,2.54621166,2.54099962,2.53008916,2.50891990,2.47077347,2.40674820,2.30625181,2.15791547,1.95037817,1.67146947
1157,2.54999999,2.54999998,2.54999993,2.54999970,2.54999878,2.54999530,2.54998293,2.54994195,2.54981598,2.54945696,2.54850959,2.54619628,2.54096920,2.53003395,2.50882805,2.47063345,2.40655263,2.30600177,2.15762338,1.95006774,1.67117194
1158,2.54999999,2.54999998,2.54999993,2.54999970,2.54999877,2.54999525,2.54998278,2.54994152,2.54981478,2.54945390,2.54850243,2.54618086,2.54093871,2.52997867,2.50873614,2.47049338,2.40635707,2.30575180,2.15733143,1.94975749,1.67087460
1159,2.54999999,2.54999998,2.54999992,2.54999969,2.54999876,2.54999521,2.54998263,2.54994108,2.54981357,2.54945083,2.54849525,2.54616541,2.54090818,2.52992332,2.50864415,2.47035327,2.40616151,2.30550189,2.15703961,1.94944743,1.67057745
1160,2.54999999,2.54999998,2.54999992,2.54999969,2.54999874,2.54999516,2.54998248,2.54994064,2.54981236,2.54944775,2.54848804,2.54614991,2.54087758,2.52986790,2.50855210,2.47021310,2.40596594,2.30525205,2.15674793,1.94913755,1.67028050
1161,2.54999999,2.54999998,2.54999992,2.54999968,2.54999873,2.54999512,2.54998234,2.54994020,2.54981114,2.54944466,2.54848081,2.54613438,2.54084693,2.52981241,2.50845997,2.47007289,2.40577038,2.30500229,2.15645639,1.94882785,1.66998375
1162,2.54999999,2.54999998,2.54999992,2.54999968,2.54999871,2.54999507,2.54998219,2.54993975,2.54980992,2.54944155,2.54847356,2.54611880,2.54081622,2.52975685,2.50836777,2.46993263,2.40557482,2.30475258,2.15616499,1.94851834,1.66968718
1163,2.54999999,2.54999998,2.54999992,2.54999968,2.54999870,2.54999502,2.54998204,2.54993931,2.54980869,2.54943843,2.54846628,2.54610319,2.54078546,2.52970122,2.50827551,2.46979232,2.40537925,2.30450295,2.15587372,1.94820901,1.66939081
1164,2.54999999,2.54999998,2.54999992,2.54999967,2.54999869,2.54999497,2.54998188,2.54993885,2.54980745,2.54943530,2.54845898,2.54608754,2.54075464,2.52964552,2.50818318,2.46965197,2.40518369,2.30425339,2.15558259,1.94789985,1.66909463
1165,2.54999999,2.54999998,2.54999992,2.54999967,2.54999867,2.54999493,2.54998173,2.54993840,2.54980621,2.54943216,2.54845166,2.54607186,2.54072377,2.52958976,2.50809077,2.46951156,2.40498813,2.30400389,2.15529159,1.94759088,1.66879864
1166,2.54999999,2.54999998,2.54999992,2.54999966,2.54999866,2.54999488,2.54998158,2.54993795,2.54980496,2.54942901,2.54844432,2.54605613,2.54069284,2.52953392,2.50799830,2.46937111,2.40479258,2.30375446,2.15500073,1.94728210,1.66850285
1167,2.54999999,2.54999998,2.54999992,2.54999966,2.54999864,2.54999483,2.54998142,2.54993749,2.54980371,2.54942584,2.54843695,2.54604036,2.54066185,2.52947801,2.50790576,2.46923062,2.40459702,2.30350510,2.15471000,1.94697349,1.66820724
1168,2.54999999,2.54999998,2.54999992,2.54999966,2.54999863,2.54999478,2.54998126,2.54993703,2.54980244,2.54942266,2.54842955,2.54602456,2.54063081,2.52942204,2.50781314,2.46909008,2.40440146,2.30325581,2.15441941,1.94666506,1.66791183
1169,2.54999999,2.54999998,2.54999991,2.54999965,2.54999861,2.54999473,2.54998111,2.54993656,2.54980118,2.54941947,2.54842214,2.54600872,2.54059971,2.52936599,2.50772046,2.46894949,2.40420591,2.30300658,2.15412896,1.94635682,1.66761660
1170,2.54999999,2.54999998,2.54999991,2.54999965,2.54999860,2.54999468,2.54998095,2.54993610,2.54979991,2.54941626,2.54841470,2.54599284,2.54056856,2.52930988,2.50762771,2.46880885,2.40401036,2.30275743,2.15383864,1.94604876,1.66732157
1171,2.54999999,2.54999998,2.54999991,2.54999964,2.54999858,2.54999463,2.54998079,2.54993563,2.54979863,2.54941304,2.54840724,2.54597692,2.54053735,2.52925370,2.50753490,2.46866817,2.40381481,2.30250834,2.15354846,1.94574087,1.66702673
1172,2.54999999,2.54999998,2.54999991,2.54999964,2.54999857,2.54999458,2.54998063,2.54993515,2.54979734,2.54940981,2.54839975,2.54596096,2.54050609,2.52919745,2.50744201,2.46852744,2.40361926,2.30225932,2.15325841,1.94543317,1.66673207
1173,2.54999999,2.54999997,2.54999991,2.54999964,2.54999855,2.54999453,2.54998047,2.54993468,2.54979605,2.54940657,2.54839224,2.54594497,2.54047477,2.52914113,2.50734905,2.46838667,2.40342371,2.30201037,2.15296850,1.94512565,1.66643760
1174,2.54999999,2.54999997,2.54999991,2.54999963,2.54999854,2.54999448,2.54998031,2.54993420,2.54979475,2.54940331,2.54838471,2.54592893,2.54044339,2.52908474,2.50725603,2.46824585,2.40322817,2.30176148,2.15267872,1.94481831,1.66614332
1175,2.54999999,2.54999997,2.54999991,2.54999963,2.54999852,2.54999442,2.54998014,2.54993372,2.54979345,2.54940004,2.54837716,2.54591286,2.54041196,2.52902828,2.50716294,2.46810498,2.40303262,2.30151267,2.15238908,1.94451114,1.66584923
1176,2.54999999,2.54999997,2.54999991,2.54999962,2.54999851,2.54999437,2.54997998,2.54993324,2.54979214,2.54939676,2.54836958,2.54589674,2.54038047,2.52897175,2.50706978,2.46796407,2.40283708,2.30126392,2.15209957,1.94420416,1.66555533
1177,2.54999999,2.54999997,2.54999990,2.54999962,2.54999849,2.54999432,2.54997981,2.54993275,2.54979083,2.54939347,2.54836197,2.54588059,2.54034892,2.52891516,2.50697655,2.46782312,2.40264154,2.30101524,2.15181019,1.94389736,1.66526162
1178,2.54999999,2.54999997,2.54999990,2.54999961,2.54999848,2.54999427,2.54997964,2.54993227,2.54978950,2.54939016,2.54835435,2.54586440,2.54031732,2.52885850,2.50688325,2.46768211,2.40244601,2.30076663,2.15152095,1.94359073,1.66496809
1179,2.54999999,2.54999997,2.54999990,2.54999961,2.54999846,2.54999421,2.54997948,2.54993178,2.54978818,2.54938684,2.54834670,2.54584817,2.54028567,2.52880176,2.50678989,2.46754107,2.40225048,2.30051809,2.15123185,1.94328429,1.66467475
1180,2.54999999,2.54999997,2.54999990,2.54999960,2.54999844,2.54999416,2.54997931,2.54993128,2.54978684,2.54938351,2.54833902,2.54583191,2.54025396,2.52874497,2.50669646,2.46739998,2.40205495,2.30026961,2.15094288,1.94297802,1.66438159
1181,2.54999999,2.54999997,2.54999990,2.54999960,2.54999843,2.54999410,2.54997914,2.54993079,2.54978550,2.54938016,2.54833133,2.54581560,2.54022219,2.52868810,2.50660296,2.46725884,2.40185942,2.30002121,2.15065404,1.94267194,1.66408863
1182,2.54999999,2.54999997,2.54999990,2.54999959,2.54999841,2.54999405,2.54997896,2.54993029,2.54978415,2.54937680,2.54832360,2.54579926,2.54019037,2.52863116,2.50650939,2.46711766,2.40166389,2.29977287,2.15036534,1.94236603,1.66379584
1183,2.54999998,2.54999997,2.54999990,2.54999959,2.54999840,2.54999399,2.54997879,2.54992978,2.54978280,2.54937343,2.54831586,2.54578287,2.54015849,2.52857416,2.50641576,2.46697643,2.40146837,2.29952460,2.15007677,1.94206030,1.66350325
1184,2.54999998,2.54999997,2.54999990,2.54999959,2.54999838,2.54999394,2.54997862,2.54992928,2.54978144,2.54937005,2.54830809,2.54576645,2.54012656,2.52851708,2.50632206,2.46683516,2.40127285,2.29927640,2.14978833,1.94175475,1.66321084
1185,2.54999998,2.54999997,2.54999989,2.54999958,2.54999836,2.54999388,2.54997844,2.54992877,2.54978007,2.54936665,2.54830030,2.54574999,2.54009457,2.52845994,2.50622829,2.46669385,2.40107734,2.29902827,2.14950003,1.94144937,1.66291861
1186,2.54999998,2.54999997,2.54999989,2.54999958,2.54999834,2.54999383,2.54997827,2.54992826,2.54977870,2.54936324,2.54829248,2.54573349,2.54006252,2.52840273,2.50613446,2.46655249,2.40088183,2.29878020,2.14921186,1.94114418,1.66262657
1187,2.54999998,2.54999997,2.54999989,2.54999957,2.54999833,2.54999377,2.54997809,2.54992775,2.54977732,2.54935982,2.54828464,2.54571695,2.54003042,2.52834546,2.50604056,2.46641109,2.40068632,2.29853221,2.14892383,1.94083916,1.66233471
1188,2.54999998,2.54999997,2.54999989,2.54999957,2.54999831,2.54999371,2.54997791,2.54992723,2.54977594,2.54935638,2.54827678,2.54570037,2.53999826,2.52828811,2.50594659,2.46626964,2.40049082,2.29828428,2.14863593,1.94053432,1.66204304
1189,2.54999998,2.54999997,2.54999989,2.54999956,2.54999829,2.54999365,2.54997773,2.54992671,2.54977455,2.54935293,2.54826889,2.54568375,2.53996605,2.52823070,2.50585255,2.46612815,2.40029531,2.29803642,2.14834816,1.94022966,1.66175155
1190,2.54999998,2.54999997,2.54999989,2.54999956,2.54999828,2.54999360,2.54997755,2.54992619,2.54977315,2.54934947,2.54826098,2.54566710,2.53993379,2.52817322,2.50575845,2.46598662,2.40009982,2.29778863,2.14806052,1.93992517,1.66146024
1191,2.54999998,2.54999997,2.54999989,2.54999955,2.54999826,2.54999354,2.54997737,2.54992567,2.54977174,2.54934599,2.54825304,2.54565040,2.53990146,2.52811567,2.50566428,2.46584504,2.39990432,2.29754090,2.14777302,1.93962086,1.66116912
1192,2.54999998,2.54999997,2.54999988,2.54999955,2.54999824,2.54999348,2.54997719,2.54992514,2.54977033,2.54934250,2.54824508,2.54563367,2.53986908,2.52805806,2.50557005,2.46570342,2.39970884,2.29729325,2.14748565,1.93931673,1.66087818
1193,2.54999998,2.54999997,2.54999988,2.54999954,2.54999822,2.54999342,2.54997700,2.54992461,2.54976891,2.54933900,2.54823710,2.54561690,2.53983665,2.52800038,2.50547575,2.46556176,2.39951335,2.29704566,2.14719841,1.93901277,1.66058743
1194,2.54999998,2.54999997,2.54999988,2.54999954,2.54999820,2.54999336,2.54997682,2.54992407,2.54976749,2.54933549,2.54822909,2.54560008,2.53980416,2.52794263,2.50538138,2.46542005,2.39931787,2.29679815,2.14691131,1.93870899,1.66029685
1195,2.54999998,2.54999997,2.54999988,2.54999953,2.54999819,2.54999330,2.54997663,2.54992354,2.54976606,2.54933196,2.54822106,2.54558323,2.53977162,2.52788481,2.50528695,2.46527831,2.39912239,2.29655070,2.14662434,1.93840538,1.66000646
1196,2.54999998,2.54999997,2.54999988,2.54999952,2.54999817,2.54999324,2.54997644,2.54992300,2.54976462,2.54932842,2.54821300,2.54556634,2.53973902,2.52782692,2.50519245,2.46513651,2.39892692,2.29630331,2.14633750,1.93810195,1.65971625
1197,2.54999998,2.54999996,2.54999988,2.54999952,2.54999815,2.54999318,2.54997625,2.54992245,2.54976318,2.54932486,2.54820492,2.54554942,2.53970636,2.52776897,2.50509789,2.46499468,2.39873145,2.29605600,2.14605079,1.93779870,1.65942623
1198,2.54999998,2.54999996,2.54999987,2.54999951,2.54999813,2.54999311,2.54997606,2.54992191,2.54976173,2.54932129,2.54819682,2.54553245,2.53967365,2.52771095,2.50500326,2.46485280,2.39853599,2.29580876,2.14576421,1.93749562,1.65913638
1199,2.54999998,2.54999996,2.54999987,2.54999951,2.54999811,2.54999305,2.54997587,2.54992136,2.54976027,2.54931771,2.54818869,2.54551544,2.53964088,2.52765287,2.50490857,2.46471088,2.39834053,2.29556158,2.14547777,1.93719272,1.65884671
1200,2.54999998,2.54999996,2.54999987,2.54999950,2.54999809,2.54999299,2.54997568,2.54992081,2.54975881,2.54931412,2.54818054,2.54549839,2.53960806,2.52759471,2.50481381,2.46456892,2.39814508,2.29531448,2.14519146,1.93688999,1.65855723
1201,2.54999998,2.54999996,2.54999987,2.54999950,2.54999807,2.54999293,2.54997549,2.54992026,2.54975734,2.54931051,2.54817236,2.54548131,2.53957518,2.52753649,2.50471898,2.46442692,2.39794963,2.29506744,2.14490528,1.93658744,1.65826787
1202,2.54999998,2.54999996,2.54999987,2.54999949,2.54999805,2.54999286,2.54997529,2.54991970,2.54975586,2.54930689,2.54816416,2.54546418,2.53954225,2.52747821,2.50462409,2.46428488,2.39775419,2.29482047,2.14461923,1.93628506,1.65797865
1203,2.54999998,2.54999996,2.54999987,2.54999949,2.54999803,2.54999280,2.54997509,2.54991914,2.54975438,2.54930325,2.54815593,2.54544702,2.53950926,2.52741985,2.50452914,2.46414279,2.39755875,2.29457357,2.14433332,1.93598286,1.65768958
1204,2.54999998,2.54999996,2.54999987,2.54999948,2.54999801,2.54999273,2.54997490,2.54991857,2.54975289,2.54929960,2.54814768,2.54542982,2.53947622,2.52736143,2.50443412,2.46400066,2.39736332,2.29432673,2.14404753,1.93568083,1.65740066
1205,2.54999998,2.54999996,2.54999986,2.54999947,2.54999799,2.54999267,2.54997470,2.54991801,2.54975139,2.54929594,2.54813941,2.54541258,2.53944312,2.52730294,2.50433903,2.46385849,2.39716789,2.29407997,2.14376188,1.93537897,1.65711191
1206,2.54999998,2.54999996,2.54999986,2.54999947,2.54999797,2.54999260,2.54997450,2.54991744,2.54974988,2.54929227,2.54813111,2.54539530,2.53940997,2.52724439,2.50424388,2.46371628,2.39697247,2.29383327,2.14347636,1.93507729,1.65682331
1207,2.54999998,2.54999996,2.54999986,2.54999946,2.54999795,2.54999254,2.54997430,2.54991687,2.54974837,2.54928858,2.54812279,2.54537797,2.53937676,2.52718577,2.50414867,2.46357403,2.39677705,2.29358664,2.14319096,1.93477579,1.65653488
1208,2.54999998,2.54999996,2.54999986,2.54999946,2.54999793,2.54999247,2.54997409,2.54991629,2.54974686,2.54928487,2.54811444,2.54536062,2.53934349,2.52712708,2.50405339,2.46343174,2.39658164,2.29334008,2.14290570,1.93447445,1.65624661
1209,2.54999998,2.54999996,2.54999986,2.54999945,2.54999791,2.54999240,2.54997389,2.54991571,2.54974533,2.54928116,2.54810607,2.54534322,2.53931017,2.52706833,2.50395805,2.46328940,2.39638623,2.29309359,2.14262057,1.93417329,1.65595851
1210,2.54999998,2.54999996,2.54999985,2.54999944,2.54999789,2.54999234,2.54997368,2.54991513,2.54974380,2.54927743,2.54809767,2.54532578,2.53927680,2.52700951,2.50386264,2.46314703,2.39619084,2.29284717,2.14233558,1.93387230,1.65567057
1211,2.54999998,2.54999996,2.54999985,2.54999944,2.54999787,2.54999227,2.54997348,2.54991454,2.54974226,2.54927368,2.54808925,2.54530830,2.53924337,2.52695062,2.50376717,2.46300461,2.39599544,2.29260082,2.14205071,1.93357149,1.65538280
1212,2.54999998,2.54999996,2.54999985,2.54999943,2.54999785,2.54999220,2.54997327,2.54991396,2.54974072,2.54926993,2.54808080,2.54529079,2.53920988,2.52689167,2.50367164,2.46286215,2.39580005,2.29235453,2.14176597,1.93327084,1.65509520
1213,2.54999998,2.54999996,2.54999985,2.54999942,2.54999783,2.54999213,2.54997306,2.54991337,2.54973917,2.54926616,2.54807233,2.54527323,2.53917634,2.52683265,2.50357604,2.46271966,2.39560467,2.29210832,2.14148137,1.93297037,1.65480776
1214,2.54999998,2.54999996,2.54999985,2.54999942,2.54999780,2.54999206,2.54997285,2.54991277,2.54973761,2.54926237,2.54806384,2.54525563,2.53914275,2.52677357,2.50348038,2.46257712,2.39540930,2.29186217,2.14119689,1.93267007,1.65452048
1215,2.54999998,2.54999995,2.54999985,2.54999941,2.54999778,2.54999199,2.54997264,2.54991217,2.54973604,2.54925857,2.54805532,2.54523800,2.53910910,2.52671442,2.50338465,2.46243454,2.39521393,2.29161609,2.14091254,1.93236995,1.65423337
1216,2.54999998,2.54999995,2.54999984,2.54999941,2.54999776,2.54999192,2.54997242,2.54991157,2.54973447,2.54925476,2.54804678,2.54522033,2.53907539,2.52665520,2.50328886,2.46229193,2.39501857,2.29137008,2.14062833,1.93206999,1.65394643
1217,2.54999997,2.54999995,2.54999984,2.54999940,2.54999774,2.54999185,2.54997221,2.54991097,2.54973289,2.54925094,2.54803821,2.54520261,2.53904163,2.52659592,2.50319301,2.46214927,2.39482321,2.29112414,2.14034424,1.93177021,1.65365966
1218,2.54999997,2.54999995,2.54999984,2.54999939,2.54999772,2.54999178,2.54997199,2.54991036,2.54973131,2.54924710,2.54802962,2.54518486,2.53900781,2.52653657,2.50309710,2.46200657,2.39462786,2.29087826,2.14006029,1.93147060,1.65337305
1219,2.54999997,2.54999995,2.54999984,2.54999939,2.54999769,2.54999170,2.54997178,2.54990975,2.54972971,2.54924324,2.54802100,2.54516707,2.53897394,2.52647716,2.50300112,2.46186384,2.39443252,2.29063246,2.13977646,1.93117116,1.65308662
1220,2.54999997,2.54999995,2.54999984,2.54999938,2.54999767,2.54999163,2.54997156,2.54990914,2.54972811,2.54923937,2.54801235,2.54514924,2.53894002,2.52641768,2.50290508,2.46172106,2.39423719,2.29038672,2.13949276,1.93087188,1.65280034
1221,2.54999997,2.54999995,2.54999983,2.54999937,2.54999765,2.54999156,2.54997134,2.54990852,2.54972651,2.54923549,2.54800369,2.54513137,2.53890604,2.52635813,2.50280897,2.46157825,2.39404186,2.29014105,2.13920920,1.93057278,1.65251424
1222,2.54999997,2.54999995,2.54999983,2.54999936,2.54999763,2.54999149,2.54997112,2.54990790,2.54972489,2.54923160,2.54799500,2.54511346,2.53887200,2.52629852,2.50271280,2.46143539,2.39384654,2.28989545,2.13892576,1.93027385,1.65222830
1223,2.54999997,2.54999995,2.54999983,2.54999936,2.54999760,2.54999141,2.54997089,2.54990728,2.54972327,2.54922769,2.54798628,2.54509551,2.53883791,2.52623884,2.50261657,2.46129250,2.39365122,2.28964992,2.13864245,1.92997509,1.65194253
1224,2.54999997,2.54999995,2.54999983,2.54999935,2.54999758,2.54999134,2.54997067,2.54990665,2.54972164,2.54922377,2.54797754,2.54507752,2.53880376,2.52617910,2.50252028,2.46114957,2.39345591,2.28940446,2.13835927,1.92967650,1.65165692
1225,2.54999997,2.54999995,2.54999983,2.54999934,2.54999755,2.54999126,2.54997045,2.54990602,2.54972001,2.54921983,2.54796877,2.54505949,2.53876956,2.52611930,2.50242393,2.46100660,2.39326061,2.28915907,2.13807623,1.92937808,1.65137148
1226,2.54999997,2.54999995,2.54999982,2.54999934,2.54999753,2.54999119,2.54997022,2.54990539,2.54971836,2.54921588,2.54795998,2.54504143,2.53873531,2.52605942,2.50232751,2.46086359,2.39306532,2.28891374,2.13779331,1.92907983,1.65108621
1227,2.54999997,2.54999995,2.54999982,2.54999933,2.54999751,2.54999111,2.54996999,2.54990475,2.54971671,2.54921191,2.54795116,2.54502332,2.53870099,2.52599949,2.50223103,2.46072054,2.39287004,2.28866849,2.13751051,1.92878175,1.65080111
1228,2.54999997,2.54999995,2.54999982,2.54999932,2.54999748,2.54999103,2.54996976,2.54990411,2.54971506,2.54920793,2.54794232,2.54500517,2.53866663,2.52593948,2.50213449,2.46057745,2.39267476,2.28842330,2.13722785,1.92848383,1.65051617
1229,2.54999997,2.54999995,2.54999982,2.54999931,2.54999746,2.54999095,2.54996953,2.54990347,2.54971339,2.54920394,2.54793345,2.54498699,2.53863221,2.52587941,2.50203788,2.46043433,2.39247949,2.28817818,2.13694532,1.92818608,1.65023140
1230,2.54999997,2.54999994,2.54999981,2.54999931,2.54999743,2.54999088,2.54996930,2.54990283,2.54971172,2.54919993,2.54792456,2.54496876,2.53859773,2.52581928,2.50194122,2.46029117,2.39228423,2.28793313,2.13666291,1.92788851,1.64994679
1231,2.54999997,2.54999994,2.54999981,2.54999930,2.54999741,2.54999080,2.54996906,2.54990218,2.54971004,2.54919591,2.54791565,2.54495050,2.53856320,2.52575908,2.50184449,2.46014796,2.39208897,2.28768815,2.13638064,1.92759109,1.64966235
1232,2.54999997,2.54999994,2.54999981,2.54999929,2.54999738,2.54999072,2.54996883,2.54990152,2.54970836,2.54919188,2.54790670,2.54493219,2.53852862,2.52569882,2.50174770,2.46000473,2.39189373,2.28744323,2.13609849,1.92729385,1.64937808
1233,2.54999997,2.54999994,2.54999981,2.54999928,2.54999736,2.54999064,2.54996859,2.54990087,2.54970667,2.54918783,2.54789774,2.54491385,2.53849398,2.52563849,2.50165085,2.45986145,2.39169849,2.28719839,2.13581647,1.92699678,1.64909397
1234,2.54999997,2.54999994,2.54999981,2.54999928,2.54999733,2.54999056,2.54996836,2.54990021,2.54970497,2.54918376,2.54788875,2.54489546,2.53845928,2.52557810,2.50155394,2.45971813,2.39150326,2.28695361,2.13553458,1.92669987,1.64881003
1235,2.54999997,2.54999994,2.54999980,2.54999927,2.54999731,2.54999048,2.54996812,2.54989955,2.54970326,2.54917968,2.54787973,2.54487704,2.53842454,2.52551764,2.50145697,2.45957478,2.39130804,2.28670891,2.13525282,1.92640313,1.64852625
1236,2.54999997,2.54999994,2.54999980,2.54999926,2.54999728,2.54999040,2.54996788,2.54989888,2.54970154,2.54917559,2.54787069,2.54485858,2.53838973,2.52545712,2.50135993,2.45943139,2.39111282,2.28646427,2.13497118,1.92610655,1.64824264
1237,2.54999997,2.54999994,2.54999980,2.54999925,2.54999726,2.54999032,2.54996763,2.54989821,2.54969982,2.54917148,2.54786162,2.54484008,2.53835487,2.52539654,2.50126284,2.45928797,2.39091762,2.28621970,2.13468967,1.92581014,1.64795920
1238,2.54999997,2.54999994,2.54999980,2.54999925,2.54999723,2.54999023,2.54996739,2.54989754,2.54969809,2.54916736,2.54785253,2.54482153,2.53831996,2.52533589,2.50116568,2.45914450,2.39072242,2.28597520,2.13440829,1.92551390,1.64767592
1239,2.54999997,2.54999994,2.54999979,2.54999924,2.54999720,2.54999015,2.54996714,2.54989686,2.54969636,2.54916323,2.54784341,2.54480295,2.53828499,2.52527517,2.50106847,2.45900100,2.39052723,2.28573076,2.13412704,1.92521782,1.64739280
1240,2.54999997,2.54999994,2.54999979,2.54999923,2.54999718,2.54999007,2.54996690,2.54989618,2.54969461,2.54915908,2.54783427,2.54478433,2.53824997,2.52521439,2.50097119,2.45885746,2.39033205,2.28548640,2.13384592,1.92492191,1.64710986
1241,2.54999996,2.54999994,2.54999979,2.54999922,2.54999715,2.54998998,2.54996665,2.54989550,2.54969286,2.54915491,2.54782510,2.54476567,2.53821489,2.52515355,2.50087385,2.45871389,2.39013688,2.28524211,2.13356492,1.92462617,1.64682707
1242,2.54999996,2.54999994,2.54999979,2.54999921,2.54999712,2.54998990,2.54996640,2.54989481,2.54969110,2.54915073,2.54781591,2.54474697,2.53817976,2.52509264,2.50077645,2.45857028,2.38994172,2.28499788,2.13328405,1.92433059,1.64654445
1243,2.54999996,2.54999993,2.54999978,2.54999920,2.54999710,2.54998981,2.54996615,2.54989412,2.54968934,2.54914654,2.54780669,2.54472823,2.53814458,2.52503167,2.50067899,2.45842663,2.38974657,2.28475372,2.13300331,1.92403517,1.64626200
1244,2.54999996,2.54999993,2.54999978,2.54999920,2.54999707,2.54998973,2.54996590,2.54989343,2.54968756,2.54914233,2.54779744,2.54470945,2.53810933,2.52497063,2.50058147,2.45828295,2.38955142,2.28450963,2.13272270,1.92373992,1.64597971
1245,2.54999996,2.54999993,2.54999978,2.54999919,2.54999704,2.54998964,2.54996564,2.54989273,2.54968578,2.54913811,2.54778818,2.54469063,2.53807404,2.52490953,2.50048389,2.45813923,2.38935629,2.28426561,2.13244221,1.92344484,1.64569758
1246,2.54999996,2.54999993,2.54999978,2.54999918,2.54999701,2.54998955,2.54996539,2.54989203,2.54968399,2.54913387,2.54777888,2.54467177,2.53803869,2.52484837,2.50038625,2.45799547,2.38916116,2.28402166,2.13216185,1.92314992,1.64541562
1247,2.54999996,2.54999993,2.54999977,2.54999917,2.54999698,2.54998946,2.54996513,2.54989132,2.54968220,2.54912962,2.54776956,2.54465287,2.53800329,2.52478714,2.50028855,2.45785168,2.38896605,2.28377778,2.13188161,1.92285516,1.64513382
1248,2.54999996,2.54999993,2.54999977,2.54999916,2.54999696,2.54998938,2.54996487,2.54989062,2.54968039,2.54912536,2.54776022,2.54463393,2.53796783,2.52472585,2.50019079,2.45770785,2.38877094,2.28353396,2.13160151,1.92256057,1.64485218
1249,2.54999996,2.54999993,2.54999977,2.54999915,2.54999693,2.54998929,2.54996461,2.54988990,2.54967858,2.54912108,2.54775084,2.54461496,2.53793231,2.52466449,2.50009297,2.45756399,2.38857584,2.28329022,2.13132153,1.92226614,1.64457071
1250,2.54999996,2.54999993,2.54999977,2.54999914,2.54999690,2.54998920,2.54996435,2.54988919,2.54967676,2.54911678,2.54774145,2.54459594,2.53789675,2.52460307,2.49999509,2.45742009,2.38838075,2.28304654,2.13104167,1.92197187,1.64428941
1251,2.54999996,2.54999993,2.54999976,2.54999914,2.54999687,2.54998911,2.54996409,2.54988847,2.54967494,2.54911247,2.54773203,2.54457688,2.53786112,2.52454159,2.49989715,2.45727615,2.38818568,2.28280293,2.13076194,1.92167777,1.64400826
1252,2.54999996,2.54999993,2.54999976,2.54999913,2.54999684,2.54998902,2.54996382,2.54988775,2.54967310,2.54910815,2.54772258,2.54455778,2.53782545,2.52448004,2.49979916,2.45713218,2.38799061,2.28255939,2.13048234,1.92138383,1.64372728
1253,2.54999996,2.54999993,2.54999976,2.54999912,2.54999681,2.54998893,2.54996355,2.54988702,2.54967126,2.54910381,2.54771311,2.54453865,2.53778972,2.52441843,2.49970110,2.45698817,2.38779555,2.28231592,2.13020287,1.92109006,1.64344646
1254,2.54999996,2.54999992,2.54999975,2.54999911,2.54999678,2.54998883,2.54996329,2.54988629,2.54966941,2.54909946,2.54770361,2.54451947,2.53775393,2.52435676,2.49960298,2.45684413,2.38760050,2.28207252,2.12992352,1.92079644,1.64316581
1255,2.54999996,2.54999992,2.54999975,2.54999910,2.54999675,2.54998874,2.54996302,2.54988556,2.54966756,2.54909509,2.54769408,2.54450025,2.53771809,2.52429502,2.49950480,2.45670006,2.38740546,2.28182918,2.12964429,1.92050299,1.64288532
1256,2.54999996,2.54999992,2.54999975,2.54999909,2.54999672,2.54998865,2.54996275,2.54988482,2.54966569,2.54909071,2.54768453,2.54448100,2.53768220,2.52423322,2.49940657,2.45655594,2.38721043,2.28158592,2.12936520,1.92020970,1.64260499
1257,2.54999996,2.54999992,2.54999975,2.54999908,2.54999669,2.54998855,2.54996247,2.54988408,2.54966382,2.54908631,2.54767496,2.54446170,2.53764625,2.52417136,2.49930828,2.45641180,2.38701541,2.28134272,2.12908623,1.91991658,1.64232482
1258,2.54999996,2.54999992,2.54999974,2.54999907,2.54999666,2.54998846,2.54996220,2.54988334,2.54966194,2.54908190,2.54766536,2.54444237,2.53761025,2.52410943,2.49920992,2.45626762,2.38682040,2.28109959,2.12880738,1.91962361,1.64204481
1259,2.54999996,2.54999992,2.54999974,2.54999906,2.54999663,2.54998836,2.54996192,2.54988259,2.54966005,2.54907747,2.54765573,2.54442299,2.53757419,2.52404745,2.49911151,2.45612340,2.38662541,2.28085653,2.12852866,1.91933081,1.64176497
1260,2.54999995,2.54999992,2.54999974,2.54999905,2.54999660,2.54998827,2.54996165,2.54988184,2.54965816,2.54907303,2.54764608,2.54440357,2.53753808,2.52398539,2.49901304,2.45597915,2.38643042,2.28061354,2.12825006,1.91903817,1.64148529
1261,2.54999995,2.54999992,2.54999973,2.54999904,2.54999657,2.54998817,2.54996137,2.54988109,2.54965625,2.54906857,2.54763640,2.54438412,2.53750192,2.52392328,2.49891451,2.45583487,2.38623544,2.28037062,2.12797159,1.91874569,1.64120578
1262,2.54999995,2.54999992,2.54999973,2.54999903,2.54999653,2.54998808,2.54996109,2.54988033,2.54965434,2.54906410,2.54762669,2.54436462,2.53746570,2.52386110,2.49881593,2.45569055,2.38604047,2.28012777,2.12769325,1.91845337,1.64092645
1263,2.54999995,2.54999992,2.54999973,2.54999902,2.54999650,2.54998798,2.54996081,2.54987957,2.54965243,2.54905961,2.54761696,2.54434509,2.53742943,2.52379886,2.49871728,2.45554620,2.38584552,2.27988498,2.12741503,1.91816121,1.64064729
1264,2.54999995,2.54999991,2.54999972,2.54999901,2.54999647,2.54998788,2.54996052,2.54987880,2.54965050,2.54905511,2.54760721,2.54432551,2.53739310,2.52373656,2.49861858,2.45540181,2.38565057,2.27964227,2.12713694,1.91786921,1.64036830
1265,2.54999995,2.54999991,2.54999972,2.54999900,2.54999644,2.54998778,2.54996024,2.54987803,2.54964856,2.54905059,2.54759743,2.54430590,2.53735672,2.52367419,2.49851982,2.45525739,2.38545564,2.27939962,2.12685897,1.91757737,1.64008947
1266,2.54999995,2.54999991,2.54999972,2.54999899,2.54999640,2.54998768,2.54995995,2.54987726,2.54964662,2.54904606,2.54758762,2.54428625,2.53732029,2.52361176,2.49842100,2.45511294,2.38526071,2.27915704,2.12658112,1.91728570,1.63981081
1267,2.54999995,2.54999991,2.54999972,2.54999898,2.54999637,2.54998758,2.54995966,2.54987648,2.54964467,2.54904151,2.54757779,2.54426655,2.53728380,2.52354927,2.49832212,2.45496845,2.38506580,2.27891453,2.12630340,1.91699418,1.63953232
1268,2.54999995,2.54999991,2.54999971,2.54999897,2.54999634,2.54998748,2.54995937,2.54987570,2.54964272,2.54903695,2.54756793,2.54424682,2.53724725,2.52348672,2.49822319,2.45482393,2.38487090,2.27867209,2.12602581,1.91670282,1.63925399
1269,2.54999995,2.54999991,2.54999971,2.54999896,2.54999630,2.54998738,2.54995908,2.54987492,2.54964075,2.54903237,2.54755804,2.54422704,2.53721066,2.52342410,2.49812420,2.45467938,2.38467601,2.27842972,2.12574833,1.91641162,1.63897582
1270,2.54999995,2.54999991,2.54999971,2.54999895,2.54999627,2.54998727,2.54995878,2.54987413,2.54963878,2.54902778,2.54754813,2.54420723,2.53717401,2.52336142,2.49802515,2.45453479,2.38448113,2.27818742,2.12547099,1.91612059,1.63869782
1271,2.54999995,2.54999991,2.54999970,2.54999894,2.54999624,2.54998717,2.54995849,2.54987333,2.54963679,2.54902318,2.54753819,2.54418737,2.53713730,2.52329868,2.49792604,2.45439017,2.38428626,2.27794518,2.12519376,1.91582971,1.63841998
1272,2.54999995,2.54999991,2.54999970,2.54999893,2.54999620,2.54998707,2.54995819,2.54987254,2.54963481,2.54901855,2.54752823,2.54416748,2.53710054,2.52323588,2.49782688,2.45424551,2.38409141,2.27770301,2.12491667,1.91553899,1.63814230
1273,2.54999995,2.54999990,2.54999970,2.54999892,2.54999617,2.54998696,2.54995789,2.54987174,2.54963281,2.54901392,2.54751824,2.54414755,2.53706373,2.52317301,2.49772766,2.45410083,2.38389656,2.27746092,2.12463969,1.91524843,1.63786479
1274,2.54999995,2.54999990,2.54999969,2.54999891,2.54999613,2.54998686,2.54995759,2.54987094,2.54963080,2.54900926,2.54750823,2.54412757,2.53702686,2.52311008,2.49762838,2.45395611,2.38370173,2.27721889,2.12436284,1.91495802,1.63758744
1275,2.54999994,2.54999990,2.54999969,2.54999889,2.54999610,2.54998675,2.54995729,2.54987013,2.54962879,2.54900460,2.54749819,2.54410756,2.53698994,2.52304710,2.49752904,2.45381136,2.38350691,2.27697693,2.12408611,1.91466778,1.63731025
1276,2.54999994,2.54999990,2.54999969,2.54999888,2.54999606,2.54998665,2.54995699,2.54986932,2.54962677,2.54899991,2.54748812,2.54408751,2.53695297,2.52298404,2.49742965,2.45366657,2.38331209,2.27673503,2.12380951,1.91437770,1.63703322
1277,2.54999994,2.54999990,2.54999968,2.54999887,2.54999603,2.54998654,2.54995668,2.54986850,2.54962474,2.54899522,2.54747803,2.54406741,2.53691594,2.52292093,2.49733020,2.45352176,2.38311730,2.27649321,2.12353303,1.91408777,1.63675636
1278,2.54999994,2.54999990,2.54999968,2.54999886,2.54999599,2.54998643,2.54995638,2.54986768,2.54962270,2.54899050,2.54746791,2.54404728,2.53687886,2.52285776,2.49723070,2.45337691,2.38292251,2.27625146,2.12325668,1.91379800,1.63647965
1279,2.54999994,2.54999990,2.54999967,2.54999885,2.54999596,2.54998632,2.54995607,2.54986686,2.54962065,2.54898577,2.54745776,2.54402711,2.53684172,2.52279452,2.49713113,2.45323202,2.38272774,2.27600977,2.12298044,1.91350839,1.63620311
1280,2.54999994,2.54999990,2.54999967,2.54999884,2.54999592,2.54998621,2.54995576,2.54986603,2.54961860,2.54898103,2.54744759,2.54400689,2.53680453,2.52273122,2.49703151,2.45308711,2.38253297,2.27576815,2.12270433,1.91321894,1.63592673
1281,2.54999994,2.54999989,2.54999967,2.54999883,2.54999588,2.54998610,2.54995544,2.54986520,2.54961654,2.54897627,2.54743739,2.54398664,2.53676729,2.52266786,2.49693184,2.45294217,2.38233822,2.27552660,2.12242835,1.91292964,1.63565050
1282,2.54999994,2.54999989,2.54999966,2.54999881,2.54999585,2.54998599,2.54995513,2.54986437,2.54961447,2.54897150,2.54742717,2.54396635,2.53672999,2.52260444,2.49683211,2.45279719,2.38214348,2.27528512,2.12215248,1.91264050,1.63537444
1283,2.54999994,2.54999989,2.54999966,2.54999880,2.54999581,2.54998588,2.54995481,2.54986353,2.54961239,2.54896671,2.54741692,2.54394601,2.53669264,2.52254096,2.49673232,2.45265218,2.38194876,2.27504371,2.12187674,1.91235152,1.63509854
1284,2.54999994,2.54999989,2.54999966,2.54999879,2.54999577,2.54998577,2.54995450,2.54986268,2.54961030,2.54896190,2.54740664,2.54392564,2.53665524,2.52247742,2.49663248,2.45250714,2.38175404,2.27480237,2.12160113,1.91206270,1.63482280
1285,2.54999994,2.54999989,2.54999965,2.54999878,2.54999573,2.54998566,2.54995418,2.54986184,2.54960821,2.54895708,2.54739634,2.54390523,2.53661778,2.52241381,2.49653258,2.45236207,2.38155934,2.27456110,2.12132563,1.91177403,1.63454722
1286,2.54999994,2.54999989,2.54999965,2.54999877,2.54999570,2.54998554,2.54995386,2.54986099,2.54960611,2.54895224,2.54738601,2.54388477,2.53658027,2.52235014,2.49643263,2.45221696,2.38136465,2.27431989,2.12105026,1.91148552,1.63427180
1287,2.54999994,2.54999989,2.54999964,2.54999875,2.54999566,2.54998543,2.54995353,2.54986013,2.54960400,2.54894739,2.54737565,2.54386428,2.53654271,2.52228642,2.49633261,2.45207183,2.38116998,2.27407875,2.12077501,1.91119716,1.63399653
1288,2.54999993,2.54999988,2.54999964,2.54999874,2.54999562,2.54998531,2.54995321,2.54985927,2.54960188,2.54894252,2.54736527,2.54384375,2.53650509,2.52222263,2.49623255,2.45192666,2.38097531,2.27383769,2.12049988,1.91090896,1.63372143
1289,2.54999993,2.54999988,2.54999964,2.54999873,2.54999558,2.54998520,2.54995288,2.54985841,2.54959975,2.54893764,2.54735486,2.54382317,2.53646742,2.52215878,2.49613243,2.45178146,2.38078066,2.27359669,2.12022488,1.91062092,1.63344648
1290,2.54999993,2.54999988,2.54999963,2.54999872,2.54999554,2.54998508,2.54995255,2.54985754,2.54959761,2.54893274,2.54734443,2.54380256,2.53642969,2.52209487,2.49603225,2.45163624,2.38058602,2.27335576,2.11994999,1.91033304,1.63317170
1291,2.54999993,2.54999988,2.54999963,2.54999870,2.54999550,2.54998496,2.54995222,2.54985667,2.54959547,2.54892783,2.54733397,2.54378191,2.53639192,2.52203090,2.49593202,2.45149098,2.38039140,2.27311489,2.11967523,1.91004531,1.63289707
1292,2.54999993,2.54999988,2.54999962,2.54999869,2.54999546,2.54998485,2.54995189,2.54985580,2.54959332,2.54892290,2.54732348,2.54376121,2.53635408,2.52196686,2.49583173,2.45134569,2.38019679,2.27287410,2.11940059,1.90975773,1.63262260
1293,2.54999993,2.54999988,2.54999962,2.54999868,2.54999542,2.54998473,2.54995156,2.54985492,2.54959116,2.54891795,2.54731297,2.54374048,2.53631620,2.52190277,2.49573139,2.45120037,2.38000219,2.27263337,2.11912608,1.90947031,1.63234828
1294,2.54999993,2.54999988,2.54999962,2.54999867,2.54999538,2.54998461,2.54995122,2.54985404,2.54958899,2.54891299,2.54730243,2.54371971,2.53627826,2.52183862,2.49563099,2.45105502,2.37980760,2.27239272,2.11885168,1.90918305,1.63207413
1295,2.54999993,2.54999987,2.54999961,2.54999865,2.54999534,2.54998449,2.54995089,2.54985315,2.54958681,2.54890802,2.54729186,2.54369889,2.53624027,2.52177440,2.49553054,2.45090964,2.37961303,2.27215213,2.11857741,1.90889594,1.63180013
1296,2.54999993,2.54999987,2.54999961,2.54999864,2.54999530,2.54998437,2.54995055,2.54985226,2.54958462,2.54890302,2.54728127,2.54367804,2.53620222,2.52171013,2.49543003,2.45076422,2.37941847,2.27191161,2.11830325,1.90860899,1.63152629
1297,2.54999993,2.54999987,2.54999960,2.54999863,2.54999526,2.54998424,2.54995021,2.54985136,2.54958243,2.54889802,2.54727065,2.54365714,2.53616412,2.52164579,2.49532947,2.45061878,2.37922392,2.27167116,2.11802922,1.90832219,1.63125261
1298,2.54999993,2.54999987,2.54999960,2.54999861,2.54999522,2.54998412,2.54994986,2.54985046,2.54958023,2.54889299,2.54726000,2.54363621,2.53612597,2.52158139,2.49522885,2.45047331,2.37902939,2.27143078,2.11775531,1.90803554,1.63097908
1299,2.54999992,2.54999987,2.54999959,2.54999860,2.54999518,2.54998400,2.54994952,2.54984956,2.54957802,2.54888795,2.54724933,2.54361524,2.53608777,2.52151694,2.49512818,2.45032781,2.37883487,2.27119046,2.11748153,1.90774906,1.63070571
1300,2.54999992,2.54999987,2.54999959,2.54999859,2.54999514,2.54998387,2.54994917,2.54984865,2.54957580,2.54888290,2.54723863,2.54359422,2.53604951,2.52145242,2.49502746,2.45018228,2.37864036,2.27095022,2.11720786,1.90746272,1.63043250
1301,2.54999992,2.54999987,2.54999959,2.54999857,2.54999509,2.54998375,2.54994882,2.54984774,2.54957357,2.54887783,2.54722791,2.54357317,2.53601120,2.52138784,2.49492668,2.45003672,2.37844587,2.27071004,2.11693431,1.90717654,1.63015944
1302,2.54999992,2.54999986,2.54999958,2.54999856,2.54999505,2.54998362,2.54994847,2.54984683,2.54957133,2.54887274,2.54721715,2.54355208,2.53597283,2.52132321,2.49482585,2.44989113,2.37825139,2.27046993,2.11666089,1.90689051,1.62988654
1303,2.54999992,2.54999986,2.54999958,2.54999854,2.54999501,2.54998350,2.54994812,2.54984591,2.54956909,2.54886764,2.54720637,2.54353094,2.53593442,2.52125851,2.49472496,2.44974551,2.37805693,2.27022989,2.11638758,1.90660464,1.62961379
1304,2.54999992,2.54999986,2.54999957,2.54999853,2.54999496,2.54998337,2.54994777,2.54984498,2.54956683,2.54886252,2.54719557,2.54350977,2.53589595,2.52119375,2.49462402,2.44959986,2.37786248,2.26998992,2.11611440,1.90631892,1.62934120
1305,2.54999992,2.54999986,2.54999957,2.54999852,2.54999492,2.54998324,2.54994741,2.54984405,2.54956457,2.54885738,2.54718474,2.54348855,2.53585742,2.52112893,2.49452302,2.44945418,2.37766804,2.26975002,2.11584134,1.90603335,1.62906877
1306,2.54999992,2.54999986,2.54999956,2.54999850,2.54999488,2.54998311,2.54994705,2.54984312,2.54956230,2.54885223,2.54717388,2.54346730,2.53581885,2.52106406,2.49442197,2.44930847,2.37747361,2.26951018,2.11556839,1.90574794,1.62879649
1307,2.54999992,2.54999986,2.54999956,2.54999849,2.54999483,2.54998298,2.54994669,2.54984218,2.54956002,2.54884707,2.54716299,2.54344600,2.53578022,2.52099912,2.49432087,2.44916273,2.37727921,2.26927042,2.11529557,1.90546268,1.62852436
1308,2.54999992,2.54999985,2.54999955,2.54999847,2.54999479,2.54998285,2.54994633,2.54984124,2.54955773,2.54884189,2.54715208,2.54342467,2.53574153,2.52093412,2.49421971,2.44901697,2.37708481,2.26903072,2.11502287,1.90517757,1.62825240
1309,2.54999991,2.54999985,2.54999955,2.54999846,2.54999474,2.54998272,2.54994597,2.54984030,2.54955543,2.54883669,2.54714114,2.54340329,2.53570280,2.52086907,2.49411851,2.44887117,2.37689043,2.26879109,2.11475029,1.90489262,1.62798058
1310,2.54999991,2.54999985,2.54999954,2.54999844,2.54999470,2.54998259,2.54994560,2.54983935,2.54955313,2.54883147,2.54713017,2.54338188,2.53566401,2.52080395,2.49401724,2.44872535,2.37669606,2.26855153,2.11447782,1.90460782,1.62770892
1311,2.54999991,2.54999985,2.54999954,2.54999843,2.54999465,2.54998246,2.54994523,2.54983839,2.54955081,2.54882624,2.54711918,2.54336042,2.53562517,2.52073877,2.49391593,2.44857949,2.37650171,2.26831204,2.11420548,1.90432317,1.62743741
1312,2.54999991,2.54999985,2.54999953,2.54999841,2.54999461,2.54998232,2.54994486,2.54983743,2.54954849,2.54882100,2.54710816,2.54333893,2.53558627,2.52067354,2.49381456,2.44843361,2.37630737,2.26807262,2.11393326,1.90403867,1.62716606
1313,2.54999991,2.54999985,2.54999953,2.54999840,2.54999456,2.54998219,2.54994449,2.54983647,2.54954616,2.54881573,2.54709711,2.54331739,2.53554733,2.52060825,2.49371314,2.44828770,2.37611305,2.26783326,2.11366116,1.90375433,1.62689486
1314,2.54999991,2.54999984,2.54999952,2.54999838,2.54999451,2.54998205,2.54994412,2.54983550,2.54954382,2.54881046,2.54708604,2.54329582,2.53550833,2.52054289,2.49361166,2.44814177,2.37591874,2.26759398,2.11338918,1.90347013,1.62662382
1315,2.54999991,2.54999984,2.54999952,2.54999837,2.54999447,2.54998192,2.54994374,2.54983453,2.54954147,2.54880516,2.54707494,2.54327420,2.53546927,2.52047748,2.49351013,2.44799580,2.37572444,2.26735476,2.11311731,1.90318609,1.62635293
1316,2.54999991,2.54999984,2.54999951,2.54999835,2.54999442,2.54998178,2.54994337,2.54983356,2.54953911,2.54879985,2.54706381,2.54325255,2.53543017,2.52041201,2.49340855,2.44784981,2.37553017,2.26711561,2.11284557,1.90290220,1.62608219
1317,2.54999991,2.54999984,2.54999951,2.54999834,2.54999437,2.54998164,2.54994299,2.54983258,2.54953675,2.54879452,2.54705266,2.54323085,2.53539101,2.52034647,2.49330692,2.44770378,2.37533590,2.26687653,2.11257395,1.90261847,1.62581161
1318,2.54999990,2.54999984,2.54999950,2.54999832,2.54999433,2.54998150,2.54994260,2.54983159,2.54953437,2.54878918,2.54704148,2.54320911,2.53535180,2.52028088,2.49320523,2.44755773,2.37514165,2.26663752,2.11230244,1.90233488,1.62554118
1319,2.54999990,2.54999983,2.54999950,2.54999830,2.54999428,2.54998136,2.54994222,2.54983060,2.54953199,2.54878382,2.54703027,2.54318734,2.53531253,2.52021523,2.49310349,2.44741166,2.37494741,2.26639857,2.11203105,1.90205144,1.62527091
1320,2.54999990,2.54999983,2.54999949,2.54999829,2.54999423,2.54998122,2.54994184,2.54982961,2.54952959,2.54877845,2.54701903,2.54316552,2.53527322,2.52014952,2.49300170,2.44726555,2.37475319,2.26615970,2.11175979,1.90176816,1.62500079
1321,2.54999990,2.54999983,2.54999949,2.54999827,2.54999418,2.54998108,2.54994145,2.54982861,2.54952719,2.54877305,2.54700777,2.54314367,2.53523385,2.52008376,2.49289986,2.44711942,2.37455899,2.26592089,2.11148864,1.90148503,1.62473085
1322,2.54999990,2.54999983,2.54999948,2.54999826,2.54999413,2.54998094,2.54994106,2.54982761,2.54952478,2.54876765,2.54699648,2.54312177,2.53519443,2.52001793,2.49279797,2.44697326,2.37436480,2.26568215,2.11121761,1.90120204,1.62446111
1323,2.54999990,2.54999983,2.54999948,2.54999824,2.54999408,2.54998080,2.54994067,2.54982660,2.54952236,2.54876222,2.54698517,2.54309983,2.53515495,2.51995205,2.49269602,2.44682707,2.37417062,2.26544348,2.11094670,1.90091921,1.62419154
1324,2.54999990,2.54999982,2.54999947,2.54999822,2.54999403,2.54998065,2.54994027,2.54982559,2.54951993,2.54875678,2.54697382,2.54307785,2.53511542,2.51988610,2.49259402,2.44668086,2.37397646,2.26520488,2.11067591,1.90063653,1.62392214
1325,2.54999990,2.54999982,2.54999947,2.54999821,2.54999398,2.54998051,2.54993988,2.54982458,2.54951750,2.54875132,2.54696245,2.54305584,2.53507584,2.51982010,2.49249197,2.44653461,2.37378232,2.26496634,2.11040523,1.90035400,1.62365292
1326,2.54999989,2.54999982,2.54999946,2.54999819,2.54999393,2.54998036,2.54993948,2.54982356,2.54951505,2.54874585,2.54695106,2.54303378,2.53503621,2.51975404,2.49238987,2.44638834,2.37358819,2.26472788,2.11013468,1.90007161,1.62338385
1327,2.54999989,2.54999982,2.54999946,2.54999817,2.54999388,2.54998022,2.54993908,2.54982253,2.54951259,2.54874036,2.54693963,2.54301168,2.53499653,2.51968792,2.49228772,2.44624205,2.37339408,2.26448948,2.10986424,1.89978938,1.62311496
1328,2.54999989,2.54999982,2.54999945,2.54999816,2.54999383,2.54998007,2.54993868,2.54982151,2.54951013,2.54873486,2.54692818,2.54298954,2.53495679,2.51962174,2.49218551,2.44609572,2.37319998,2.26425115,2.10959393,1.89950730,1.62284622
1329,2.54999989,2.54999981,2.54999944,2.54999814,2.54999378,2.54997992,2.54993828,2.54982047,2.54950766,2.54872933,2.54691670,2.54296737,2.53491700,2.51955550,2.49208325,2.44594938,2.37300590,2.26401289,2.10932373,1.89922537,1.62257765
1330,2.54999989,2.54999981,2.54999944,2.54999812,2.54999373,2.54997977,2.54993787,2.54981943,2.54950517,2.54872379,2.54690520,2.54294515,2.53487716,2.51948921,2.49198094,2.44580300,2.37281183,2.26377470,2.10905364,1.89894358,1.62230924
1331,2.54999989,2.54999981,2.54999943,2.54999810,2.54999367,2.54997962,2.54993746,2.54981839,2.54950268,2.54871824,2.54689366,2.54292289,2.53483727,2.51942286,2.49187859,2.44565660,2.37261778,2.26353658,2.10878368,1.89866195,1.62204099
1332,2.54999989,2.54999981,2.54999943,2.54999809,2.54999362,2.54997947,2.54993705,2.54981734,2.54950018,2.54871267,2.54688210,2.54290059,2.53479732,2.51935645,2.49177618,2.44551017,2.37242374,2.26329852,2.10851383,1.89838046,1.62177290
1333,2.54999988,2.54999980,2.54999942,2.54999807,2.54999357,2.54997932,2.54993664,2.54981629,2.54949767,2.54870708,2.54687052,2.54287825,2.53475732,2.51928998,2.49167371,2.44536371,2.37222972,2.26306053,2.10824410,1.89809913,1.62150496
1334,2.54999988,2.54999980,2.54999942,2.54999805,2.54999351,2.54997916,2.54993622,2.54981524,2.54949515,2.54870147,2.54685890,2.54285587,2.53471727,2.51922345,2.49157120,2.44521723,2.37203572,2.26282261,2.10797449,1.89781794,1.62123719
1335,2.54999988,2.54999980,2.54999941,2.54999803,2.54999346,2.54997901,2.54993581,2.54981418,2.54949263,2.54869585,2.54684726,2.54283345,2.53467717,2.51915686,2.49146864,2.44507072,2.37184173,2.26258476,2.10770500,1.89753690,1.62096958
1336,2.54999988,2.54999980,2.54999940,2.54999801,2.54999341,2.54997886,2.54993539,2.54981311,2.54949009,2.54869021,2.54683559,2.54281100,2.53463701,2.51909022,2.49136602,2.44492419,2.37164776,2.26234698,2.10743562,1.89725601,1.62070212
1337,2.54999988,2.54999980,2.54999940,2.54999800,2.54999335,2.54997870,2.54993497,2.54981204,2.54948754,2.54868456,2.54682389,2.54278850,2.53459680,2.51902352,2.49126336,2.44477763,2.37145380,2.26210927,2.10716636,1.89697527,1.62043482
1338,2.54999988,2.54999979,2.54999939,2.54999798,2.54999330,2.54997854,2.54993455,2.54981097,2.54948499,2.54867889,2.54681217,2.54276596,2.53455654,2.51895676,2.49116064,2.44463104,2.37125986,2.26187162,2.10689722,1.89669467,1.62016768
1339,2.54999988,2.54999979,2.54999938,2.54999796,2.54999324,2.54997839,2.54993412,2.54980989,2.54948242,2.54867320,2.54680042,2.54274338,2.53451623,2.51888995,2.49105788,2.44448443,2.37106594,2.26163404,2.10662820,1.89641423,1.61990069
1340,2.54999987,2.54999979,2.54999938,2.54999794,2.54999319,2.54997823,2.54993369,2.54980880,2.54947985,2.54866750,2.54678864,2.54272076,2.53447587,2.51882307,2.49095506,2.44433779,2.37087203,2.26139653,2.10635929,1.89613393,1.61963386
1341,2.54999987,2.54999979,2.54999937,2.54999792,2.54999313,2.54997807,2.54993326,2.54980772,2.54947727,2.54866178,2.54677684,2.54269810,2.53443545,2.51875614,2.49085220,2.44419113,2.37067814,2.26115909,2.10609050,1.89585378,1.61936718
1342,2.54999987,2.54999978,2.54999937,2.54999790,2.54999307,2.54997791,2.54993283,2.54980662,2.54947467,2.54865604,2.54676500,2.54267539,2.53439498,2.51868915,2.49074928,2.44404444,2.37048427,2.26092172,2.10582183,1.89557378,1.61910066
1343,2.54999987,2.54999978,2.54999936,2.54999788,2.54999302,2.54997775,2.54993240,2.54980552,2.54947207,2.54865028,2.54675314,2.54265265,2.53435446,2.51862211,2.49064631,2.44389773,2.37029041,2.26068441,2.10555327,1.89529392,1.61883430
1344,2.54999987,2.54999978,2.54999935,2.54999786,2.54999296,2.54997759,2.54993196,2.54980442,2.54946946,2.54864451,2.54674125,2.54262987,2.53431389,2.51855500,2.49054330,2.44375099,2.37009657,2.26044718,2.10528483,1.89501422,1.61856809
1345,2.54999987,2.54999978,2.54999935,2.54999784,2.54999290,2.54997742,2.54993153,2.54980332,2.54946684,2.54863872,2.54672934,2.54260705,2.53427327,2.51848784,2.49044023,2.44360423,2.36990274,2.26021001,2.10501651,1.89473466,1.61830203
1346,2.54999987,2.54999977,2.54999934,2.54999783,2.54999285,2.54997726,2.54993109,2.54980220,2.54946421,2.54863292,2.54671740,2.54258419,2.53423259,2.51842062,2.49033712,2.44345744,2.36970893,2.25997291,2.10474830,1.89445524,1.61803613
1347,2.54999986,2.54999977,2.54999933,2.54999781,2.54999279,2.54997709,2.54993064,2.54980109,2.54946158,2.54862710,2.54670543,2.54256129,2.53419186,2.51835335,2.49023395,2.44331062,2.36951514,2.25973588,2.10448021,1.89417598,1.61777038
1348,2.54999986,2.54999977,2.54999933,2.54999779,2.54999273,2.54997693,2.54993020,2.54979997,2.54945893,2.54862126,2.54669343,2.54253835,2.53415108,2.51828602,2.49013073,2.44316379,2.36932137,2.25949891,2.10421224,1.89389686,1.61750479
1349,2.54999986,2.54999977,2.54999932,2.54999777,2.54999267,2.54997676,2.54992975,2.54979884,2.54945627,2.54861540,2.54668140,2.54251537,2.53411025,2.51821863,2.49002747,2.44301692,2.36912761,2.25926202,2.10394438,1.89361789,1.61723935
1350,2.54999986,2.54999976,2.54999931,2.54999775,2.54999261,2.54997659,2.54992930,2.54979771,2.54945360,2.54860953,2.54666935,2.54249234,2.53406937,2.51815118,2.48992416,2.44287004,2.36893387,2.25902519,2.10367663,1.89333907,1.61697406
1351,2.54999986,2.54999976,2.54999931,2.54999772,2.54999255,2.54997642,2.54992885,2.54979657,2.54945093,2.54860364,2.54665727,2.54246928,2.53402843,2.51808368,2.48982079,2.44272312,2.36874015,2.25878843,2.10340901,1.89306039,1.61670892
1352,2.54999986,2.54999976,2.54999930,2.54999770,2.54999249,2.54997625,2.54992840,2.54979543,2.54944824,2.54859774,2.54664516,2.54244618,2.53398744,2.51801612,2.48971738,2.44257619,2.36854644,2.25855174,2.10314150,1.89278186,1.61644394
1353,2.54999985,2.54999976,2.54999929,2.54999768,2.54999243,2.54997608,2.54992794,2.54979429,2.54944555,2.54859181,2.54663303,2.54242303,2.53394641,2.51794850,2.48961392,2.44242923,2.36835275,2.25831511,2.10287410,1.89250347,1.61617911
1354,2.54999985,2.54999975,2.54999928,2.54999766,2.54999237,2.54997591,2.54992748,2.54979314,2.54944284,2.54858587,2.54662087,2.54239985,2.53390531,2.51788083,2.48951041,2.44228224,2.36815908,2.25807856,2.10260682,1.89222524,1.61591443
1355,2.54999985,2.54999975,2.54999928,2.54999764,2.54999231,2.54997574,2.54992702,2.54979198,2.54944013,2.54857992,2.54660868,2.54237663,2.53386417,2.51781310,2.48940685,2.44213523,2.36796542,2.25784207,2.10233966,1.89194714,1.61564990
1356,2.54999985,2.54999975,2.54999927,2.54999762,2.54999225,2.54997557,2.54992656,2.54979082,2.54943741,2.54857394,2.54659646,2.54235337,2.53382298,2.51774531,2.48930324,2.44198820,2.36777178,2.25760565,2.10207261,1.89166920,1.61538552
1357,2.54999985,2.54999974,2.54999926,2.54999760,2.54999218,2.54997539,2.54992609,2.54978966,2.54943467,2.54856795,2.54658421,2.54233006,2.53378173,2.51767747,2.48919958,2.44184114,2.36757816,2.25736930,2.10180568,1.89139140,1.61512130
1358,2.54999985,2.54999974,2.54999926,2.54999758,2.54999212,2.54997522,2.54992563,2.54978849,2.54943193,2.54856194,2.54657194,2.54230672,2.53374044,2.51760957,2.48909588,2.44169406,2.36738456,2.25713302,2.10153886,1.89111374,1.61485722
1359,2.54999984,2.54999974,2.54999925,2.54999756,2.54999206,2.54997504,2.54992516,2.54978731,2.54942918,2.54855592,2.54655964,2.54228333,2.53369909,2.51754161,2.48899212,2.44154695,2.36719097,2.25689680,2.10127216,1.89083624,1.61459330
1360,2.54999984,2.54999974,2.54999924,2.54999753,2.54999199,2.54997486,2.54992469,2.54978613,2.54942642,2.54854988,2.54654731,2.54225991,2.53365769,2.51747360,2.48888832,2.44139983,2.36699741,2.25666065,2.10100557,1.89055887,1.61432952
1361,2.54999984,2.54999973,2.54999923,2.54999751,2.54999193,2.54997468,2.54992421,2.54978495,2.54942365,2.54854382,2.54653495,2.54223644,2.53361624,2.51740553,2.48878447,2.44125267,2.36680386,2.25642458,2.10073910,1.89028166,1.61406590
1362,2.54999984,2.54999973,2.54999923,2.54999749,2.54999187,2.54997450,2.54992373,2.54978376,2.54942087,2.54853774,2.54652257,2.54221294,2.53357473,2.51733741,2.48868057,2.44110550,2.36661032,2.25618856,2.10047275,1.89000459,1.61380242
1363,2.54999984,2.54999973,2.54999922,2.54999747,2.54999180,2.54997432,2.54992326,2.54978257,2.54941808,2.54853165,2.54651016,2.54218939,2.53353318,2.51726922,2.48857662,2.44095830,2.36641681,2.25595262,2.10020650,1.88972766,1.61353910
1364,2.54999983,2.54999972,2.54999921,2.54999745,2.54999174,2.54997414,2.54992277,2.54978137,2.54941528,2.54852554,2.54649772,2.54216581,2.53349157,2.51720099,2.48847263,2.44081108,2.36622331,2.25571674,2.09994038,1.88945088,1.61327592
1365,2.54999983,2.54999972,2.54999920,2.54999742,2.54999167,2.54997396,2.54992229,2.54978016,2.54941247,2.54851941,2.54648525,2.54214218,2.53344991,2.51713269,2.48836859,2.44066383,2.36602983,2.25548094,2.09967436,1.88917424,1.61301290
1366,2.54999983,2.54999972,2.54999919,2.54999740,2.54999160,2.54997377,2.54992180,2.54977895,2.54940965,2.54851326,2.54647276,2.54211852,2.53340821,2.51706435,2.48826449,2.44051656,2.36583637,2.25524520,2.09940846,1.88889775,1.61275002
1367,2.54999983,2.54999972,2.54999919,2.54999738,2.54999154,2.54997359,2.54992132,2.54977774,2.54940682,2.54850710,2.54646023,2.54209481,2.53336645,2.51699594,2.48816036,2.44036927,2.36564292,2.25500953,2.09914268,1.88862140,1.61248729
1368,2.54999983,2.54999971,2.54999918,2.54999735,2.54999147,2.54997340,2.54992083,2.54977652,2.54940398,2.54850092,2.54644768,2.54207107,2.53332463,2.51692748,2.48805617,2.44022196,2.36544950,2.25477392,2.09887701,1.88834520,1.61222471
1369,2.54999982,2.54999971,2.54999917,2.54999733,2.54999140,2.54997321,2.54992033,2.54977530,2.54940113,2.54849473,2.54643511,2.54204728,2.53328277,2.51685897,2.48795193,2.44007462,2.36525609,2.25453839,2.09861146,1.88806914,1.61196228
1370,2.54999982,2.54999971,2.54999916,2.54999731,2.54999134,2.54997303,2.54991984,2.54977407,2.54939827,2.54848851,2.54642250,2.54202345,2.53324086,2.51679039,2.48784765,2.43992726,2.36506270,2.25430292,2.09834601,1.88779323,1.61170000
1371,2.54999982,2.54999970,2.54999915,2.54999728,2.54999127,2.54997284,2.54991934,2.54977284,2.54939541,2.54848228,2.54640987,2.54199959,2.53319889,2.51672177,2.48774332,2.43977988,2.36486933,2.25406752,2.09808069,1.88751746,1.61143786
1372,2.54999982,2.54999970,2.54999915,2.54999726,2.54999120,2.54997265,2.54991884,2.54977160,2.54939253,2.54847603,2.54639720,2.54197568,2.53315688,2.51665308,2.48763895,2.43963247,2.36467597,2.25383219,2.09781548,1.88724183,1.61117587
1373,2.54999982,2.54999970,2.54999914,2.54999724,2.54999113,2.54997246,2.54991834,2.54977035,2.54938964,2.54846977,2.54638451,2.54195173,2.53311481,2.51658435,2.48753452,2.43948505,2.36448264,2.25359692,2.09755038,1.88696635,1.61091403
1374,2.54999981,2.54999969,2.54999913,2.54999721,2.54999106,2.54997226,2.54991783,2.54976910,2.54938674,2.54846348,2.54637180,2.54192775,2.53307269,2.51651555,2.48743005,2.43933760,2.36428932,2.25336172,2.09728539,1.88669101,1.61065234
1375,2.54999981,2.54999969,2.54999912,2.54999719,2.54999099,2.54997207,2.54991732,2.54976785,2.54938384,2.54845718,2.54635905,2.54190372,2.53303052,2.51644670,2.48732554,2.43919013,2.36409602,2.25312660,2.09702052,1.88641582,1.61039079
1376,2.54999981,2.54999969,2.54999911,2.54999716,2.54999092,2.54997187,2.54991681,2.54976659,2.54938092,2.54845086,2.54634628,2.54187965,2.53298830,2.51637780,2.48722097,2.43904263,2.36390274,2.25289153,2.09675576,1.88614077,1.61012939
1377,2.54999981,2.54999968,2.54999910,2.54999714,2.54999085,2.54997168,2.54991630,2.54976532,2.54937799,2.54844453,2.54633348,2.54185554,2.53294603,2.51630884,2.48711636,2.43889512,2.36370948,2.25265654,2.09649112,1.88586586,1.60986813
1378,2.54999981,2.54999968,2.54999909,2.54999711,2.54999078,2.54997148,2.54991579,2.54976405,2.54937506,2.54843818,2.54632065,2.54183139,2.53290371,2.51623983,2.48701170,2.43874758,2.36351624,2.25242162,2.09622659,1.88559110,1.60960701
1379,2.54999980,2.54999968,2.54999909,2.54999709,2.54999071,2.54997128,2.54991527,2.54976278,2.54937211,2.54843180,2.54630779,2.54180721,2.53286134,2.51617076,2.48690700,2.43860002,2.36332302,2.25218676,2.09596217,1.88531647,1.60934602
1380,2.54999980,2.54999967,2.54999908,2.54999706,2.54999063,2.54997109,2.54991475,2.54976150,2.54936915,2.54842542,2.54629491,2.54178298,2.53281891,2.51610163,2.48680225,2.43845244,2.36312981,2.25195197,2.09569787,1.88504200,1.60908517
1381,2.54999980,2.54999967,2.54999907,2.54999704,2.54999056,2.54997089,2.54991423,2.54976021,2.54936619,2.54841901,2.54628199,2.54175871,2.53277644,2.51603245,2.48669745,2.43830484,2.36293662,2.25171724,2.09543367,1.88476766,1.60882444
1382,2.54999980,2.54999967,2.54999906,2.54999701,2.54999049,2.54997068,2.54991370,2.54975892,2.54936321,2.54841259,2.54626905,2.54173440,2.53273391,2.51596322,2.48659260,2.43815721,2.36274345,2.25148259,2.09516960,1.88449347,1.60856382
1383,2.54999979,2.54999966,2.54999905,2.54999699,2.54999041,2.54997048,2.54991317,2.54975763,2.54936022,2.54840615,2.54625608,2.54171005,2.53269133,2.51589393,2.48648771,2.43800956,2.36255031,2.25124800,2.09490563,1.88421942,1.60830332
1384,2.54999979,2.54999966,2.54999904,2.54999696,2.54999034,2.54997028,2.54991264,2.54975633,2.54935723,2.54839969,2.54624309,2.54168566,2.53264871,2.51582459,2.48638278,2.43786190,2.36235718,2.25101348,2.09464178,1.88394551,1.60804291
1385,2.54999979,2.54999966,2.54999903,2.54999693,2.54999026,2.54997007,2.54991211,2.54975502,2.54935422,2.54839321,2.54623006,2.54166123,2.53260603,2.51575519,2.48627779,2.43771421,2.36216406,2.25077903,2.09437804,1.88367174,1.60778260
1386,2.54999979,2.54999965,2.54999902,2.54999691,2.54999019,2.54996987,2.54991158,2.54975371,2.54935121,2.54838672,2.54621701,2.54163676,2.53256330,2.51568574,2.48617276,2.43756650,2.36197097,2.25054465,2.09411441,1.88339812,1.60752238
1387,2.54999978,2.54999965,2.54999901,2.54999688,2.54999011,2.54996966,2.54991104,2.54975239,2.54934818,2.54838021,2.54620393,2.54161225,2.53252052,2.51561623,2.48606769,2.43741877,2.36177790,2.25031033,2.09385090,1.88312463,1.60726230
1388,2.54999978,2.54999964,2.54999900,2.54999685,2.54999004,2.54996945,2.54991050,2.54975107,2.54934514,2.54837368,2.54619082,2.54158770,2.53247769,2.51554667,2.48596257,2.43727102,2.36158484,2.25007608,2.09358750,1.88285129,1.60700235
1389,2.54999978,2.54999964,2.54999899,2.54999683,2.54998996,2.54996925,2.54990996,2.54974975,2.54934210,2.54836714,2.54617768,2.54156311,2.53243481,2.51547705,2.48585740,2.43712324,2.36139181,2.24984190,2.09332421,1.88257809,1.60674253
1390,2.54999978,2.54999964,2.54999898,2.54999680,2.54998988,2.54996903,2.54990941,2.54974841,2.54933904,2.54836057,2.54616451,2.54153848,2.53239188,2.51540738,2.48575219,2.43697545,2.36119879,2.24960779,2.09306104,1.88230504,1.60648283
1391,2.54999978,2.54999963,2.54999898,2.54999677,2.54998981,2.54996882,2.54990886,2.54974708,2.54933597,2.54835399,2.54615132,2.54151381,2.53234889,2.51533766,2.48564693,2.43682763,2.36100580,2.24937374,2.09279797,1.88203212,1.60622326
1392,2.54999977,2.54999963,2.54999897,2.54999674,2.54998973,2.54996861,2.54990831,2.54974573,2.54933290,2.54834739,2.54613810,2.54148910,2.53230586,2.51526788,2.48554163,2.43667980,2.36081282,2.24913976,2.09253502,1.88175934,1.60596383
1393,2.54999977,2.54999963,2.54999896,2.54999672,2.54998965,2.54996840,2.54990776,2.54974439,2.54932981,2.54834077,2.54612485,2.54146435,2.53226278,2.51519805,2.48543628,2.43653194,2.36061986,2.24890585,2.09227218,1.88148671,1.60570452
1394,2.54999977,2.54999962,2.54999895,2.54999669,2.54998957,2.54996818,2.54990721,2.54974303,2.54932671,2.54833414,2.54611157,2.54143956,2.53221964,2.51512816,2.48533089,2.43638407,2.36042692,2.24867201,2.09200945,1.88121422,1.60544533
1395,2.54999977,2.54999962,2.54999894,2.54999666,2.54998949,2.54996797,2.54990665,2.54974167,2.54932360,2.54832749,2.54609826,2.54141473,2.53217646,2.51505822,2.48522545,2.43623617,2.36023400,2.24843824,2.09174684,1.88094186,1.60518628
1396,2.54999976,2.54999961,2.54999893,2.54999663,2.54998941,2.54996775,2.54990609,2.54974031,2.54932049,2.54832082,2.54608493,2.54138986,2.53213322,2.51498822,2.48511997,2.43608825,2.36004111,2.24820453,2.09148433,1.88066965,1.60492736
1397,2.54999976,2.54999961,2.54999892,2.54999660,2.54998933,2.54996753,2.54990553,2.54973894,2.54931736,2.54831413,2.54607156,2.54136494,2.53208994,2.51491817,2.48501444,2.43594032,2.35984823,2.24797089,2.09122194,1.88039758,1.60466857
1398,2.54999976,2.54999961,2.54999891,2.54999657,2.54998925,2.54996731,2.54990496,2.54973756,2.54931422,2.54830742,2.54605817,2.54133999,2.53204660,2.51484807,2.48490886,2.43579236,2.35965537,2.24773731,2.09095966,1.88012565,1.60440991
1399,2.54999975,2.54999960,2.54999890,2.54999655,2.54998917,2.54996709,2.54990439,2.54973618,2.54931107,2.54830070,2.54604475,2.54131500,2.53200322,2.51477791,2.48480324,2.43564438,2.35946253,2.24750381,2.09069749,1.87985385,1.60415137
1400,2.54999975,2.54999960,2.54999888,2.54999652,2.54998909,2.54996687,2.54990382,2.54973480,2.54930791,2.54829396,2.54603131,2.54128997,2.53195978,2.51470770,2.48469758,2.43549638,2.35926970,2.24727037,2.09043544,1.87958220,1.60389297
1401,2.54999975,2.54999959,2.54999887,2.54999649,2.54998901,2.54996665,2.54990325,2.54973341,2.54930475,2.54828720,2.54601783,2.54126490,2.53191630,2.51463744,2.48459187,2.43534837,2.35907690,2.24703700,2.09017349,1.87931068,1.60363470
1402,2.54999975,2.54999959,2.54999886,2.54999646,2.54998892,2.54996642,2.54990267,2.54973201,2.54930157,2.54828042,2.54600433,2.54123978,2.53187276,2.51456712,2.48448612,2.43520033,2.35888412,2.24680369,2.08991166,1.87903931,1.60337656
1403,2.54999974,2.54999958,2.54999885,2.54999643,2.54998884,2.54996620,2.54990209,2.54973061,2.54929838,2.54827362,2.54599079,2.54121463,2.53182917,2.51449675,2.48438032,2.43505227,2.35869136,2.24657046,2.08964994,1.87876807,1.60311855
1404,2.54999974,2.54999958,2.54999884,2.54999640,2.54998876,2.54996597,2.54990151,2.54972920,2.54929518,2.54826681,2.54597723,2.54118944,2.53178554,2.51442633,2.48427448,2.43490420,2.35849862,2.24633729,2.08938832,1.87849698,1.60286068
1405,2.54999974,2.54999958,2.54999883,2.54999637,2.54998867,2.54996574,2.54990093,2.54972779,2.54929197,2.54825998,2.54596364,2.54116421,2.53174185,2.51435585,2.48416860,2.43475610,2.35830590,2.24610419,2.08912682,1.87822602,1.60260293
1406,2.54999974,2.54999957,2.54999882,2.54999634,2.54998859,2.54996551,2.54990034,2.54972637,2.54928875,2.54825313,2.54595003,2.54113893,2.53169811,2.51428532,2.48406267,2.43460799,2.35811320,2.24587116,2.08886543,1.87795520,1.60234531
1407,2.54999973,2.54999957,2.54999881,2.54999631,2.54998850,2.54996528,2.54989975,2.54972495,2.54928552,2.54824626,2.54593638,2.54111362,2.53165432,2.51421474,2.48395669,2.43445985,2.35792052,2.24563819,2.08860416,1.87768451,1.60208783
1408,2.54999973,2.54999956,2.54999880,2.54999628,2.54998841,2.54996505,2.54989916,2.54972352,2.54928227,2.54823938,2.54592270,2.54108827,2.53161049,2.51414410,2.48385067,2.43431170,2.35772786,2.24540529,2.08834299,1.87741397,1.60183048
1409,2.54999973,2.54999956,2.54999879,2.54999624,2.54998833,2.54996482,2.54989856,2.54972208,2.54927902,2.54823247,2.54590900,2.54106288,2.53156660,2.51407341,2.48374461,2.43416353,2.35753522,2.24517246,2.08808193,1.87714356,1.60157325
1410,2.54999972,2.54999955,2.54999878,2.54999621,2.54998824,2.54996458,2.54989796,2.54972064,2.54927576,2.54822555,2.54589527,2.54103744,2.53152266,2.51400267,2.48363850,2.43401533,2.35734260,2.24493969,2.08782099,1.87687329,1.60131616
1411,2.54999972,2.54999955,2.54999877,2.54999618,2.54998815,2.54996435,2.54989736,2.54971920,2.54927249,2.54821861,2.54588151,2.54101197,2.53147868,2.51393187,2.48353235,2.43386712,2.35715000,2.24470700,2.08756015,1.87660316,1.60105920
1412,2.54999972,2.54999954,2.54999875,2.54999615,2.54998806,2.54996411,2.54989676,2.54971774,2.54926920,2.54821166,2.54586772,2.54098646,2.53143464,2.51386102,2.48342616,2.43371889,2.35695742,2.24447437,2.08729942,1.87633316,1.60080237
1413,2.54999971,2.54999954,2.54999874,2.54999612,2.54998798,2.54996387,2.54989616,2.54971629,2.54926591,2.54820468,2.54585391,2.54096090,2.53139055,2.51379012,2.48331992,2.43357064,2.35676486,2.24424180,2.08703881,1.87606330,1.60054568
1414,2.54999971,2.54999953,2.54999873,2.54999609,2.54998789,2.54996364,2.54989555,2.54971482,2.54926261,2.54819769,2.54584006,2.54093531,2.53134641,2.51371917,2.48321364,2.43342238,2.35657232,2.24400931,2.08677831,1.87579358,1.60028911
1415,2.54999971,2.54999953,2.54999872,2.54999605,2.54998780,2.54996340,2.54989494,2.54971335,2.54925929,2.54819067,2.54582619,2.54090968,2.53130223,2.51364816,2.48310732,2.43327409,2.35637980,2.24377688,2.08651791,1.87552400,1.60003267
1416,2.54999970,2.54999953,2.54999871,2.54999602,2.54998771,2.54996315,2.54989432,2.54971188,2.54925597,2.54818364,2.54581229,2.54088400,2.53125799,2.51357710,2.48300095,2.43312579,2.35618730,2.24354452,2.08625763,1.87525455,1.59977637
1417,2.54999970,2.54999952,2.54999870,2.54999599,2.54998762,2.54996291,2.54989370,2.54971040,2.54925263,2.54817659,2.54579836,2.54085829,2.53121371,2.51350599,2.48289454,2.43297746,2.35599483,2.24331222,2.08599745,1.87498523,1.59952019
1418,2.54999970,2.54999952,2.54999868,2.54999596,2.54998752,2.54996267,2.54989308,2.54970892,2.54924928,2.54816953,2.54578440,2.54083253,2.53116937,2.51343482,2.48278809,2.43282912,2.35580237,2.24308000,2.08573739,1.87471606,1.59926415
1419,2.54999970,2.54999951,2.54999867,2.54999592,2.54998743,2.54996242,2.54989246,2.54970742,2.54924593,2.54816244,2.54577041,2.54080674,2.53112498,2.51336360,2.48268159,2.43268076,2.35560994,2.24284784,2.08547744,1.87444701,1.59900824
1420,2.54999969,2.54999951,2.54999866,2.54999589,2.54998734,2.54996217,2.54989184,2.54970593,2.54924256,2.54815534,2.54575640,2.54078091,2.53108055,2.51329233,2.48257505,2.43253238,2.35541752,2.24261575,2.08521759,1.87417811,1.59875246
1421,2.54999969,2.54999950,2.54999865,2.54999585,2.54998725,2.54996193,2.54989121,2.54970443,2.54923918,2.54814822,2.54574235,2.54075503,2.53103606,2.51322101,2.48246847,2.43238399,2.35522513,2.24238372,2.08495786,1.87390933,1.59849681
1422,2.54999969,2.54999950,2.54999863,2.54999582,2.54998715,2.54996168,2.54989058,2.54970292,2.54923579,2.54814108,2.54572828,2.54072912,2.53099153,2.51314964,2.48236184,2.43223557,2.35503275,2.24215176,2.08469823,1.87364070,1.59824129
1423,2.54999968,2.54999949,2.54999862,2.54999579,2.54998706,2.54996143,2.54988994,2.54970140,2.54923239,2.54813392,2.54571418,2.54070316,2.53094695,2.51307821,2.48225517,2.43208714,2.35484040,2.24191987,2.08443872,1.87337220,1.59798590
1424,2.54999968,2.54999949,2.54999861,2.54999575,2.54998696,2.54996118,2.54988931,2.54969988,2.54922898,2.54812674,2.54570005,2.54067717,2.53090231,2.51300673,2.48214846,2.43193869,2.35464807,2.24168805,2.08417931,1.87310383,1.59773064
1425,2.54999968,2.54999948,2.54999860,2.54999572,2.54998687,2.54996092,2.54988867,2.54969836,2.54922556,2.54811955,2.54568589,2.54065114,2.53085763,2.51293520,2.48204171,2.43179022,2.35445576,2.24145629,2.08392002,1.87283560,1.59747551
1426,2.54999967,2.54999948,2.54999858,2.54999568,2.54998677,2.54996067,2.54988803,2.54969683,2.54922213,2.54811234,2.54567170,2.54062506,2.53081290,2.51286362,2.48193491,2.43164174,2.35426347,2.24122460,2.08366083,1.87256750,1.59722051
1427,2.54999967,2.54999947,2.54999857,2.54999565,2.54998668,2.54996041,2.54988738,2.54969529,2.54921869,2.54810511,2.54565749,2.54059895,2.53076812,2.51279198,2.48182808,2.43149324,2.35407120,2.24099298,2.08340175,1.87229953,1.59696565
1428,2.54999966,2.54999946,2.54999856,2.54999561,2.54998658,2.54996015,2.54988673,2.54969375,2.54921523,2.54809786,2.54564324,2.54057279,2.53072329,2.51272030,2.48172119,2.43134472,2.35387896,2.24076142,2.08314278,1.87203170,1.59671091
1429,2.54999966,2.54999946,2.54999855,2.54999558,2.54998648,2.54995990,2.54988608,2.54969220,2.54921177,2.54809059,2.54562897,2.54054660,2.53067840,2.51264856,2.48161427,2.43119618,2.35368673,2.24052994,2.08288392,1.87176401,1.59645630
1430,2.54999966,2.54999945,2.54999853,2.54999554,2.54998638,2.54995964,2.54988543,2.54969065,2.54920829,2.54808330,2.54561467,2.54052036,2.53063347,2.51257677,2.48150731,2.43104762,2.35349453,2.24029851,2.08262517,1.87149645,1.59620182
1431,2.54999965,2.54999945,2.54999852,2.54999550,2.54998628,2.54995938,2.54988477,2.54968909,2.54920481,2.54807600,2.54560034,2.54049409,2.53058850,2.51250493,2.48140030,2.43089905,2.35330234,2.24006716,2.08236653,1.87122902,1.59594748
1432,2.54999965,2.54999944,2.54999851,2.54999547,2.54998618,2.54995911,2.54988411,2.54968752,2.54920131,2.54806867,2.54558598,2.54046778,2.53054347,2.51243303,2.48129325,2.43075046,2.35311018,2.23983587,2.08210800,1.87096172,1.59569326
1433,2.54999965,2.54999944,2.54999849,2.54999543,2.54998608,2.54995885,2.54988345,2.54968595,2.54919780,2.54806133,2.54557159,2.54044142,2.53049839,2.51236109,2.48118616,2.43060185,2.35291804,2.23960465,2.08184958,1.87069456,1.59543917
1434,2.54999964,2.54999943,2.54999848,2.54999539,2.54998598,2.54995858,2.54988278,2.54968437,2.54919429,2.54805397,2.54555717,2.54041503,2.53045326,2.51228909,2.48107903,2.43045323,2.35272592,2.23937350,2.08159126,1.87042753,1.59518521
1435,2.54999964,2.54999943,2.54999847,2.54999536,2.54998588,2.54995832,2.54988212,2.54968279,2.54919076,2.54804659,2.54554273,2.54038859,2.53040809,2.51221704,2.48097185,2.43030459,2.35253382,2.23914241,2.08133305,1.87016063,1.59493138
1436,2.54999964,2.54999942,2.54999845,2.54999532,2.54998578,2.54995805,2.54988145,2.54968120,2.54918722,2.54803919,2.54552826,2.54036212,2.53036286,2.51214495,2.48086464,2.43015593,2.35234175,2.23891139,2.08107495,1.86989387,1.59467769
1437,2.54999963,2.54999941,2.54999844,2.54999528,2.54998568,2.54995778,2.54988077,2.54967961,2.54918367,2.54803178,2.54551375,2.54033560,2.53031759,2.51207280,2.48075738,2.43000725,2.35214969,2.23868044,2.08081696,1.86962724,1.59442412
1438,2.54999963,2.54999941,2.54999842,2.54999524,2.54998558,2.54995751,2.54988009,2.54967800,2.54918010,2.54802434,2.54549922,2.54030905,2.53027226,2.51200059,2.48065008,2.42985856,2.35195766,2.23844955,2.08055908,1.86936074,1.59417068
1439,2.54999962,2.54999940,2.54999841,2.54999521,2.54998547,2.54995724,2.54987941,2.54967640,2.54917653,2.54801689,2.54548466,2.54028246,2.53022689,2.51192834,2.48054274,2.42970986,2.35176565,2.23821873,2.08030131,1.86909437,1.59391736
1440,2.54999962,2.54999940,2.54999840,2.54999517,2.54998537,2.54995696,2.54987873,2.54967478,2.54917295,2.54800942,2.54547007,2.54025582,2.53018147,2.51185604,2.48043536,2.42956113,2.35157366,2.23798798,2.08004364,1.86882814,1.59366419
1441,2.54999962,2.54999939,2.54999838,2.54999513,2.54998526,2.54995669,2.54987805,2.54967317,2.54916935,2.54800193,2.54545546,2.54022915,2.53013600,2.51178368,2.48032794,2.42941239,2.35138169,2.23775729,2.07978608,1.86856203,1.59341117
1442,2.54999961,2.54999939,2.54999837,2.54999509,2.54998516,2.54995641,2.54987736,2.54967154,2.54916575,2.54799442,2.54544081,2.54020243,2.53009048,2.51171128,2.48022047,2.42926363,2.35118975,2.23752668,2.07952863,1.86829606,1.59315832
1443,2.54999961,2.54999938,2.54999835,2.54999505,2.54998505,2.54995614,2.54987666,2.54966991,2.54916213,2.54798689,2.54542613,2.54017568,2.53004491,2.51163882,2.48011297,2.42911486,2.35099782,2.23729612,2.07927129,1.86803022,1.59290562
1444,2.54999960,2.54999937,2.54999834,2.54999501,2.54998495,2.54995586,2.54987597,2.54966827,2.54915850,2.54797934,2.54541143,2.54014889,2.52999930,2.51156631,2.48000542,2.42896607,2.35080592,2.23706564,2.07901406,1.86776452,1.59265306
1445,2.54999960,2.54999937,2.54999832,2.54999497,2.54998484,2.54995558,2.54987527,2.54966663,2.54915486,2.54797178,2.54539670,2.54012205,2.52995363,2.51149375,2.47989784,2.42881726,2.35061404,2.23683522,2.07875693,1.86749894,1.59240064
1446,2.54999960,2.54999936,2.54999831,2.54999493,2.54998473,2.54995529,2.54987457,2.54966498,2.54915121,2.54796419,2.54538194,2.54009518,2.52990792,2.51142114,2.47979021,2.42866844,2.35042218,2.23660487,2.07849991,1.86723349,1.59214837
1447,2.54999959,2.54999935,2.54999829,2.54999489,2.54998462,2.54995501,2.54987387,2.54966333,2.54914755,2.54795659,2.54536715,2.54006826,2.52986215,2.51134848,2.47968254,2.42851960,2.35023035,2.23637458,2.07824300,1.86696818,1.59189624
1448,2.54999959,2.54999935,2.54999828,2.54999485,2.54998451,2.54995473,2.54987316,2.54966167,2.54914388,2.54794897,2.54535233,2.54004131,2.52981634,2.51127577,2.47957483,2.42837075,2.35003853,2.23614436,2.07798619,1.86670299,1.59164425
1449,2.54999958,2.54999934,2.54999826,2.54999481,2.54998440,2.54995444,2.54987245,2.54966000,2.54914020,2.54794133,2.54533748,2.54001432,2.52977048,2.51120301,2.47946708,2.42822188,2.34984674,2.23591421,2.07772950,1.86643794,1.59139239
1450,2.54999958,2.54999934,2.54999825,2.54999477,2.54998429,2.54995415,2.54987174,2.54965833,2.54913650,2.54793367,2.54532260,2.53998728,2.52972457,2.51113020,2.47935929,2.42807299,2.34965497,2.23568413,2.07747291,1.86617302,1.59114067
1451,2.54999957,2.54999933,2.54999823,2.54999473,2.54998418,2.54995386,2.54987102,2.54965665,2.54913280,2.54792599,2.54530770,2.53996021,2.52967861,2.51105734,2.47925146,2.42792409,2.34946322,2.23545411,2.07721642,1.86590823,1.59088909
1452,2.54999957,2.54999932,2.54999822,2.54999469,2.54998407,2.54995357,2.54987030,2.54965496,2.54912908,2.54791829,2.54529276,2.53993310,2.52963261,2.51098443,2.47914359,2.42777517,2.34927150,2.23522416,2.07696005,1.86564356,1.59063765
1453,2.54999957,2.54999932,2.54999820,2.54999465,2.54998396,2.54995328,2.54986958,2.54965327,2.54912535,2.54791058,2.54527780,2.53990594,2.52958655,2.51091147,2.47903568,2.42762624,2.34907979,2.23499427,2.07670378,1.86537903,1.59038634
1454,2.54999956,2.54999931,2.54999819,2.54999460,2.54998384,2.54995299,2.54986885,2.54965158,2.54912162,2.54790284,2.54526281,2.53987875,2.52954045,2.51083845,2.47892773,2.42747729,2.34888811,2.23476445,2.07644761,1.86511463,1.59013517
1455,2.54999956,2.54999930,2.54999817,2.54999456,2.54998373,2.54995269,2.54986812,2.54964987,2.54911787,2.54789509,2.54524779,2.53985152,2.52949430,2.51076539,2.47881974,2.42732833,2.34869645,2.23453470,2.07619156,1.86485036,1.58988413
1456,2.54999955,2.54999930,2.54999815,2.54999452,2.54998362,2.54995240,2.54986739,2.54964816,2.54911410,2.54788732,2.54523274,2.53982425,2.52944810,2.51069228,2.47871171,2.42717935,2.34850482,2.23430502,2.07593561,1.86458622,1.58963322
1457,2.54999955,2.54999929,2.54999814,2.54999448,2.54998350,2.54995210,2.54986666,2.54964645,2.54911033,2.54787953,2.54521766,2.53979693,2.52940185,2.51061912,2.47860364,2.42703035,2.34831320,2.23407540,2.07567977,1.86432220,1.58938246
1458,2.54999954,2.54999928,2.54999812,2.54999443,2.54998339,2.54995180,2.54986592,2.54964473,2.54910655,2.54787172,2.54520255,2.53976958,2.52935555,2.51054590,2.47849553,2.42688135,2.34812161,2.23384585,2.07542403,1.86405832,1.58913182
1459,2.54999954,2.54999928,2.54999811,2.54999439,2.54998327,2.54995150,2.54986518,2.54964300,2.54910275,2.54786389,2.54518741,2.53974219,2.52930920,2.51047264,2.47838738,2.42673232,2.34793004,2.23361636,2.07516840,1.86379457,1.58888132
1460,2.54999953,2.54999927,2.54999809,2.54999435,2.54998315,2.54995120,2.54986444,2.54964126,2.54909895,2.54785604,2.54517225,2.53971476,2.52926281,2.51039933,2.47827919,2.42658328,2.34773850,2.23338694,2.07491288,1.86353094,1.58863095
1461,2.54999953,2.54999926,2.54999807,2.54999430,2.54998304,2.54995090,2.54986369,2.54963952,2.54909513,2.54784817,2.54515705,2.53968729,2.52921637,2.51032597,2.47817096,2.42643423,2.34754698,2.23315759,2.07465746,1.86326745,1.58838072
1462,2.54999952,2.54999926,2.54999806,2.54999426,2.54998292,2.54995059,2.54986294,2.54963778,2.54909130,2.54784029,2.54514183,2.53965977,2.52916988,2.51025255,2.47806269,2.42628516,2.34735547,2.23292830,2.07440215,1.86300408,1.58813061
1463,2.54999952,2.54999925,2.54999804,2.54999421,2.54998280,2.54995028,2.54986218,2.54963602,2.54908746,2.54783238,2.54512657,2.53963222,2.52912334,2.51017909,2.47795438,2.42613608,2.34716400,2.23269908,2.07414694,1.86274085,1.58788064
1464,2.54999951,2.54999924,2.54999802,2.54999417,2.54998268,2.54994998,2.54986143,2.54963427,2.54908361,2.54782446,2.54511129,2.53960463,2.52907675,2.51010558,2.47784604,2.42598698,2.34697254,2.23246993,2.07389184,1.86247774,1.58763081
1465,2.54999951,2.54999923,2.54999801,2.54999412,2.54998256,2.54994967,2.54986067,2.54963250,2.54907974,2.54781652,2.54509598,2.53957700,2.52903011,2.51003202,2.47773765,2.42583786,2.34678111,2.23224084,2.07363685,1.86221476,1.58738110
1466,2.54999951,2.54999923,2.54999799,2.54999408,2.54998244,2.54994936,2.54985990,2.54963073,2.54907587,2.54780855,2.54508064,2.53954933,2.52898343,2.50995841,2.47762923,2.42568874,2.34658970,2.23201182,2.07338196,1.86195191,1.58713153
1467,2.54999950,2.54999922,2.54999797,2.54999403,2.54998232,2.54994904,2.54985914,2.54962895,2.54907198,2.54780057,2.54506527,2.53952162,2.52893670,2.50988475,2.47752076,2.42553959,2.34639831,2.23178287,2.07312718,1.86168919,1.58688209
1468,2.54999950,2.54999921,2.54999795,2.54999398,2.54998219,2.54994873,2.54985837,2.54962717,2.54906808,2.54779257,2.54504987,2.53949387,2.52888992,2.50981104,2.47741226,2.42539044,2.34620695,2.23155398,2.07287250,1.86142659,1.58663277
1469,2.54999949,2.54999920,2.54999794,2.54999394,2.54998207,2.54994841,2.54985760,2.54962538,2.54906418,2.54778455,2.54503445,2.53946608,2.52884309,2.50973728,2.47730372,2.42524127,2.34601561,2.23132516,2.07261793,1.86116413,1.58638359
1470,2.54999949,2.54999920,2.54999792,2.54999389,2.54998195,2.54994810,2.54985682,2.54962358,2.54906026,2.54777651,2.54501899,2.53943825,2.52879622,2.50966348,2.47719513,2.42509208,2.34582429,2.23109641,2.07236346,1.86090179,1.58613455
1471,2.54999948,2.54999919,2.54999790,2.54999385,2.54998182,2.54994778,2.54985604,2.54962178,2.54905632,2.54776846,2.54500351,2.53941038,2.52874929,2.50958962,2.47708651,2.42494288,2.34563299,2.23086772,2.07210910,1.86063959,1.58588563
1472,2.54999947,2.54999918,2.54999788,2.54999380,2.54998170,2.54994746,2.54985526,2.54961997,2.54905238,2.54776038,2.54498799,2.53938247,2.52870232,2.50951571,2.47697786,2.42479367,2.34544172,2.23063909,2.07185485,1.86037751,1.58563684
1473,2.54999947,2.54999917,2.54999786,2.54999375,2.54998157,2.54994714,2.54985447,2.54961815,2.54904842,2.54775228,2.54497245,2.53935452,2.52865530,2.50944176,2.47686916,2.42464444,2.34525047,2.23041054,2.07160070,1.86011555,1.58538818
1474,2.54999946,2.54999917,2.54999785,2.54999370,2.54998145,2.54994681,2.54985368,2.54961633,2.54904446,2.54774417,2.54495687,2.53932653,2.52860824,2.50936775,2.47676042,2.42449520,2.34505925,2.23018205,2.07134665,1.85985373,1.58513966
1475,2.54999946,2.54999916,2.54999783,2.54999365,2.54998132,2.54994649,2.54985289,2.54961450,2.54904048,2.54773604,2.54494127,2.53929850,2.52856112,2.50929370,2.47665165,2.42434595,2.34486805,2.22995362,2.07109271,1.85959204,1.58489126
1476,2.54999945,2.54999915,2.54999781,2.54999361,2.54998119,2.54994616,2.54985210,2.54961267,2.54903649,2.54772788,2.54492564,2.53927044,2.52851396,2.50921960,2.47654284,2.42419668,2.34467687,2.22972527,2.07083887,1.85933047,1.58464299
1477,2.54999945,2.54999914,2.54999779,2.54999356,2.54998106,2.54994583,2.54985130,2.54961083,2.54903249,2.54771971,2.54490998,2.53924233,2.52846675,2.50914545,2.47643399,2.42404740,2.34448571,2.22949698,2.07058514,1.85906903,1.58439485
1478,2.54999944,2.54999913,2.54999777,2.54999351,2.54998093,2.54994550,2.54985050,2.54960898,2.54902848,2.54771152,2.54489429,2.53921418,2.52841949,2.50907125,2.47632510,2.42389810,2.34429458,2.22926875,2.07033152,1.85880771,1.58414684
1479,2.54999944,2.54999913,2.54999775,2.54999346,2.54998080,2.54994517,2.54984969,2.54960712,2.54902445,2.54770331,2.54487858,2.53918599,2.52837218,2.50899700,2.47621617,2.42374879,2.34410347,2.22904059,2.07007799,1.85854653,1.58389896
1480,2.54999943,2.54999912,2.54999773,2.54999341,2.54998067,2.54994484,2.54984888,2.54960526,2.54902042,2.54769508,2.54486283,2.53915777,2.52832483,2.50892271,2.47610721,2.42359947,2.34391238,2.22881250,2.06982458,1.85828547,1.58365121
1481,2.54999943,2.54999911,2.54999772,2.54999336,2.54998054,2.54994450,2.54984807,2.54960340,2.54901637,2.54768683,2.54484705,2.53912950,2.52827743,2.50884836,2.47599820,2.42345013,2.34372132,2.22858447,2.06957126,1.85802454,1.58340359
1482,2.54999942,2.54999910,2.54999770,2.54999331,2.54998041,2.54994417,2.54984725,2.54960152,2.54901231,2.54767856,2.54483125,2.53910120,2.52822998,2.50877397,2.47588916,2.42330079,2.34353028,2.22835651,2.06931805,1.85776374,1.58315610
1483,2.54999941,2.54999909,2.54999768,2.54999326,2.54998028,2.54994383,2.54984644,2.54959964,2.54900824,2.54767027,2.54481541,2.53907285,2.52818248,2.50869953,2.47578008,2.42315142,2.34333927,2.22812862,2.06906495,1.85750306,1.58290873
1484,2.54999941,2.54999908,2.54999766,2.54999321,2.54998014,2.54994349,2.54984561,2.54959776,2.54900416,2.54766196,2.54479955,2.53904446,2.52813494,2.50862504,2.47567097,2.42300205,2.34314828,2.22790079,2.06881195,1.85724251,1.58266150
1485,2.54999940,2.54999908,2.54999764,2.54999316,2.54998001,2.54994315,2.54984479,2.54959586,2.54900006,2.54765363,2.54478365,2.53901604,2.52808735,2.50855050,2.47556181,2.42285266,2.34295731,2.22767303,2.06855905,1.85698209,1.58241439
1486,2.54999940,2.54999907,2.54999762,2.54999310,2.54997987,2.54994281,2.54984396,2.54959396,2.54899595,2.54764529,2.54476773,2.53898757,2.52803971,2.50847592,2.47545262,2.42270326,2.34276636,2.22744533,2.06830626,1.85672179,1.58216741
1487,2.54999939,2.54999906,2.54999760,2.54999305,2.54997974,2.54994246,2.54984313,2.54959206,2.54899184,2.54763692,2.54475178,2.53895907,2.52799203,2.50840128,2.47534339,2.42255384,2.34257544,2.22721770,2.06805357,1.85646162,1.58192055
1488,2.54999939,2.54999905,2.54999758,2.54999300,2.54997960,2.54994212,2.54984229,2.54959014,2.54898771,2.54762853,2.54473580,2.53893053,2.52794429,2.50832660,2.47523413,2.42240441,2.34238455,2.22699014,2.06780099,1.85620158,1.58167383
1489,2.54999938,2.54999904,2.54999756,2.54999295,2.54997946,2.54994177,2.54984145,2.54958823,2.54898357,2.54762013,2.54471979,2.53890194,2.52789651,2.50825187,2.47512483,2.42225497,2.34219367,2.22676264,2.06754851,1.85594166,1.58142723
1490,2.54999937,2.54999903,2.54999754,2.54999289,2.54997932,2.54994142,2.54984061,2.54958630,2.54897941,2.54761170,2.54470375,2.53887332,2.52784868,2.50817709,2.47501549,2.42210552,2.34200282,2.22653521,2.06729613,1.85568187,1.58118076
1491,2.54999937,2.54999902,2.54999752,2.54999284,2.54997919,2.54994107,2.54983977,2.54958437,2.54897525,2.54760326,2.54468768,2.53884466,2.52780081,2.50810226,2.47490611,2.42195605,2.34181200,2.22630784,2.06704385,1.85542220,1.58093442
1492,2.54999936,2.54999901,2.54999750,2.54999279,2.54997905,2.54994072,2.54983892,2.54958243,2.54897107,2.54759480,2.54467158,2.53881596,2.52775289,2.50802739,2.47479669,2.42180657,2.34162120,2.22608054,2.06679168,1.85516266,1.58068820
1493,2.54999936,2.54999901,2.54999748,2.54999273,2.54997891,2.54994036,2.54983806,2.54958048,2.54896688,2.54758632,2.54465546,2.53878721,2.52770492,2.50795247,2.47468724,2.42165708,2.34143042,2.22585330,2.06653962,1.85490325,1.58044211
1494,2.54999935,2.54999900,2.54999745,2.54999268,2.54997877,2.54994001,2.54983721,2.54957853,2.54896268,2.54757781,2.54463930,2.53875843,2.52765690,2.50787750,2.47457775,2.42150758,2.34123966,2.22562613,2.06628765,1.85464396,1.58019615
1495,2.54999934,2.54999899,2.54999743,2.54999263,2.54997862,2.54993965,2.54983635,2.54957657,2.54895847,2.54756929,2.54462311,2.53872961,2.52760884,2.50780248,2.47446823,2.42135806,2.34104893,2.22539903,2.06603579,1.85438480,1.57995031
1496,2.54999934,2.54999898,2.54999741,2.54999257,2.54997848,2.54993929,2.54983549,2.54957461,2.54895424,2.54756075,2.54460690,2.53870075,2.52756072,2.50772741,2.47435867,2.42120854,2.34085823,2.22517199,2.06578403,1.85412576,1.57970460
1497,2.54999933,2.54999897,2.54999739,2.54999251,2.54997834,2.54993893,2.54983462,2.54957263,2.54895001,2.54755219,2.54459066,2.53867185,2.52751257,2.50765230,2.47424907,2.42105900,2.34066755,2.22494502,2.06553238,1.85386685,1.57945902
1498,2.54999932,2.54999896,2.54999737,2.54999246,2.54997819,2.54993857,2.54983375,2.54957065,2.54894576,2.54754361,2.54457438,2.53864291,2.52746436,2.50757714,2.47413943,2.42090944,2.34047689,2.22471812,2.06528083,1.85360807,1.57921356
1499,2.54999932,2.54999895,2.54999735,2.54999240,2.54997805,2.54993821,2.54983288,2.54956867,2.54894150,2.54753501,2.54455808,2.53861393,2.52741611,2.50750193,2.47402976,2.42075988,2.34028625,2.22449128,2.06502938,1.85334941,1.57896823
1500,2.54999931,2.54999894,2.54999733,2.54999235,2.54997790,2.54993784,2.54983200,2.54956668,2.54893723,2.54752639,2.54454175,2.53858491,2.52736781,2.50742668,2.47392005,2.42061030,2.34009565,2.22426450,2.06477803,1.85309087,1.57872302
1501,2.54999930,2.54999893,2.54999730,2.54999229,2.54997776,2.54993747,2.54983112,2.54956468,2.54893294,2.54751775,2.54452539,2.53855586,2.52731946,2.50735138,2.47381031,2.42046071,2.33990506,2.22403780,2.06452679,1.85283246,1.57847793
1502,2.54999930,2.54999892,2.54999728,2.54999223,2.54997761,2.54993710,2.54983024,2.54956267,2.54892865,2.54750909,2.54450900,2.53852676,2.52727107,2.50727603,2.47370053,2.42031111,2.33971450,2.22381115,2.06427565,1.85257418,1.57823295
1503,2.54999929,2.54999891,2.54999726,2.54999218,2.54997746,2.54993673,2.54982935,2.54956066,2.54892434,2.54750041,2.54449258,2.53849762,2.52722263,2.50720063,2.47359071,2.42016150,2.33952396,2.22358458,2.06402461,1.85231602,1.57798809
1504,2.54999928,2.54999890,2.54999724,2.54999212,2.54997731,2.54993636,2.54982846,2.54955864,2.54892002,2.54749171,2.54447613,2.53846845,2.52717414,2.50712519,2.47348086,2.42001188,2.33933345,2.22335807,2.06377368,1.85205798,1.57774335
1505,2.54999928,2.54999889,2.54999721,2.54999206,2.54997716,2.54993599,2.54982756,2.54955661,2.54891569,2.54748300,2.54445965,2.53843923,2.52712561,2.50704970,2.47337097,2.41986224,2.33914296,2.22313162,2.06352284,1.85180007,1.57749874
1506,2.54999927,2.54999888,2.54999719,2.54999200,2.54997701,2.54993561,2.54982666,2.54955458,2.54891134,2.54747426,2.54444314,2.53840998,2.52707703,2.50697416,2.47326104,2.41971259,2.33895250,2.22290524,2.06327211,1.85154228,1.57725424
1507,2.54999926,2.54999887,2.54999717,2.54999194,2.54997686,2.54993523,2.54982576,2.54955254,2.54890699,2.54746550,2.54442660,2.53838068,2.52702840,2.50689857,2.47315108,2.41956293,2.33876206,2.22267893,2.06302148,1.85128462,1.57700986
1508,2.54999926,2.54999886,2.54999715,2.54999188,2.54997671,2.54993485,2.54982486,2.54955049,2.54890262,2.54745672,2.54441003,2.53835135,2.52697973,2.50682294,2.47304108,2.41941326,2.33857164,2.22245268,2.06277096,1.85102708,1.57676560
1509,2.54999925,2.54999885,2.54999712,2.54999183,2.54997656,2.54993447,2.54982395,2.54954844,2.54889824,2.54744793,2.54439344,2.53832197,2.52693101,2.50674726,2.47293105,2.41926358,2.33838125,2.22222649,2.06252053,1.85076967,1.57652147
1510,2.54999924,2.54999884,2.54999710,2.54999177,2.54997640,2.54993409,2.54982304,2.54954638,2.54889384,2.54743911,2.54437681,2.53829256,2.52688224,2.50667154,2.47282098,2.41911389,2.33819089,2.22200038,2.06227021,1.85051238,1.57627745
1511,2.54999923,2.54999883,2.54999708,2.54999171,2.54997625,2.54993370,2.54982212,2.54954431,2.54888944,2.54743027,2.54436016,2.53826311,2.52683343,2.50659577,2.47271088,2.41896419,2.33800055,2.22177432,2.06201999,1.85025521,1.57603356
1512,2.54999923,2.54999882,2.54999705,2.54999164,2.54997609,2.54993332,2.54982120,2.54954224,2.54888502,2.54742142,2.54434347,2.53823362,2.52678457,2.50651995,2.47260074,2.41881447,2.33781023,2.22154834,2.06176987,1.84999816,1.57578979
1513,2.54999922,2.54999881,2.54999703,2.54999158,2.54997594,2.54993293,2.54982028,2.54954016,2.54888059,2.54741254,2.54432676,2.53820409,2.52673566,2.50644408,2.47249056,2.41866474,2.33761994,2.22132242,2.06151985,1.84974125,1.57554614
1514,2.54999921,2.54999880,2.54999700,2.54999152,2.54997578,2.54993254,2.54981935,2.54953807,2.54887615,2.54740365,2.54431002,2.53817452,2.52668671,2.50636817,2.47238035,2.41851501,2.33742967,2.22109656,2.06126994,1.84948445,1.57530261
1515,2.54999921,2.54999879,2.54999698,2.54999146,2.54997562,2.54993215,2.54981842,2.54953598,2.54887170,2.54739473,2.54429324,2.53814491,2.52663771,2.50629222,2.47227011,2.41836526,2.33723943,2.22087077,2.06102012,1.84922778,1.57505920
1516,2.54999920,2.54999878,2.54999696,2.54999140,2.54997546,2.54993175,2.54981749,2.54953388,2.54886723,2.54738579,2.54427644,2.53811526,2.52658867,2.50621621,2.47215983,2.41821550,2.33704921,2.22064505,2.06077041,1.84897123,1.57481591
1517,2.54999919,2.54999877,2.54999693,2.54999134,2.54997530,2.54993136,2.54981655,2.54953177,2.54886276,2.54737684,2.54425961,2.53808557,2.52653957,2.50614016,2.47204951,2.41806573,2.33685902,2.22041939,2.06052080,1.84871480,1.57457275
1518,2.54999918,2.54999876,2.54999691,2.54999127,2.54997514,2.54993096,2.54981561,2.54952965,2.54885827,2.54736786,2.54424275,2.53805584,2.52649044,2.50606406,2.47193916,2.41791595,2.33666885,2.22019379,2.06027129,1.84845850,1.57432970
1519,2.54999917,2.54999874,2.54999688,2.54999121,2.54997498,2.54993056,2.54981466,2.54952753,2.54885376,2.54735887,2.54422586,2.53802608,2.52644125,2.50598792,2.47182877,2.41776616,2.33647870,2.21996826,2.06002188,1.84820231,1.57408678
1520,2.54999917,2.54999873,2.54999686,2.54999115,2.54997482,2.54993016,2.54981372,2.54952540,2.54884925,2.54734985,2.54420894,2.53799627,2.52639202,2.50591173,2.47171835,2.41761635,2.33628858,2.21974280,2.05977257,1.84794626,1.57384398
1521,2.54999916,2.54999872,2.54999683,2.54999108,2.54997466,2.54992976,2.54981276,2.54952326,2.54884472,2.54734082,2.54419199,2.53796643,2.52634274,2.50583550,2.47160790,2.41746654,2.33609849,2.21951740,2.05952337,1.84769032,1.57360129
1522,2.54999915,2.54999871,2.54999681,2.54999102,2.54997449,2.54992935,2.54981181,2.54952112,2.54884018,2.54733176,2.54417501,2.53793654,2.52629342,2.50575921,2.47149741,2.41731672,2.33590842,2.21929207,2.05927426,1.84743451,1.57335873
1523,2.54999914,2.54999870,2.54999678,2.54999096,2.54997433,2.54992895,2.54981085,2.54951897,2.54883563,2.54732269,2.54415800,2.53790662,2.52624405,2.50568289,2.47138688,2.41716688,2.33571838,2.21906680,2.05902526,1.84717881,1.57311629
1524,2.54999914,2.54999869,2.54999675,2.54999089,2.54997416,2.54992854,2.54980989,2.54951681,2.54883107,2.54731359,2.54414096,2.53787665,2.52619463,2.50560651,2.47127632,2.41701704,2.33552836,2.21884160,2.05877635,1.84692325,1.57287397
1525,2.54999913,2.54999868,2.54999673,2.54999082,2.54997400,2.54992813,2.54980892,2.54951465,2.54882649,2.54730448,2.54412390,2.53784665,2.52614517,2.50553010,2.47116573,2.41686719,2.33533837,2.21861646,2.05852755,1.84666780,1.57263177
1526,2.54999912,2.54999866,2.54999670,2.54999076,2.54997383,2.54992772,2.54980795,2.54951248,2.54882190,2.54729534,2.54410680,2.53781661,2.52609566,2.50545363,2.47105510,2.41671732,2.33514840,2.21839139,2.05827885,1.84641247,1.57238969
1527,2.54999911,2.54999865,2.54999668,2.54999069,2.54997366,2.54992730,2.54980697,2.54951030,2.54881730,2.54728619,2.54408967,2.53778653,2.52604611,2.50537712,2.47094443,2.41656745,2.33495845,2.21816639,2.05803025,1.84615727,1.57214773
1528,2.54999910,2.54999864,2.54999665,2.54999063,2.54997349,2.54992689,2.54980599,2.54950811,2.54881269,2.54727702,2.54407252,2.53775641,2.52599651,2.50530056,2.47083374,2.41641756,2.33476853,2.21794144,2.05778175,1.84590219,1.57190589
1529,2.54999909,2.54999863,2.54999662,2.54999056,2.54997332,2.54992647,2.54980501,2.54950592,2.54880806,2.54726782,2.54405533,2.53772625,2.52594687,2.50522396,2.47072300,2.41626767,2.33457864,2.21771657,2.05753335,1.84564723,1.57166417
1530,2.54999909,2.54999862,2.54999660,2.54999049,2.54997315,2.54992605,2.54980403,2.54950372,2.54880342,2.54725861,2.54403812,2.53769605,2.52589717,2.50514731,2.47061224,2.41611776,2.33438877,2.21749176,2.05728505,1.84539239,1.57142257
1531,2.54999908,2.54999860,2.54999657,2.54999042,2.54997298,2.54992563,2.54980304,2.54950152,2.54879877,2.54724937,2.54402087,2.53766582,2.52584744,2.50507062,2.47050144,2.41596785,2.33419893,2.21726701,2.05703685,1.84513767,1.57118109
1532,2.54999907,2.54999859,2.54999654,2.54999036,2.54997281,2.54992521,2.54980204,2.54949930,2.54879411,2.54724012,2.54400360,2.53763554,2.52579765,2.50499388,2.47039060,2.41581792,2.33400911,2.21704233,2.05678875,1.84488308,1.57093973
1533,2.54999906,2.54999858,2.54999652,2.54999029,2.54997264,2.54992478,2.54980105,2.54949708,2.54878944,2.54723084,2.54398629,2.53760522,2.52574782,2.50491710,2.47027974,2.41566799,2.33381932,2.21681772,2.05654075,1.84462860,1.57069849
1534,2.54999905,2.54999857,2.54999649,2.54999022,2.54997246,2.54992435,2.54980005,2.54949485,2.54878475,2.54722155,2.54396896,2.53757487,2.52569795,2.50484027,2.47016883,2.41551804,2.33362955,2.21659316,2.05629285,1.84437425,1.57045737
1535,2.54999904,2.54999856,2.54999646,2.54999015,2.54997229,2.54992393,2.54979904,2.54949262,2.54878005,2.54721223,2.54395160,2.53754447,2.52564803,2.50476340,2.47005790,2.41536809,2.33343981,2.21636868,2.05604505,1.84412001,1.57021636
1536,2.54999903,2.54999854,2.54999643,2.54999008,2.54997211,2.54992350,2.54979803,2.54949037,2.54877533,2.54720289,2.54393421,2.53751404,2.52559806,2.50468648,2.46994693,2.41521813,2.33325010,2.21614426,2.05579735,1.84386590,1.56997548
1537,2.54999903,2.54999853,2.54999640,2.54999001,2.54997194,2.54992306,2.54979702,2.54948812,2.54877061,2.54719354,2.54391678,2.53748357,2.52554805,2.50460951,2.46983592,2.41506815,2.33306041,2.21591990,2.05554975,1.84361191,1.56973472
1538,2.54999902,2.54999852,2.54999638,2.54998994,2.54997176,2.54992263,2.54979600,2.54948587,2.54876587,2.54718416,2.54389933,2.53745306,2.52549799,2.50453250,2.46972489,2.41491817,2.33287074,2.21569561,2.05530225,1.84335803,1.56949407
1539,2.54999901,2.54999850,2.54999635,2.54998987,2.54997158,2.54992219,2.54979498,2.54948360,2.54876112,2.54717477,2.54388185,2.53742251,2.52544789,2.50445545,2.46961382,2.41476818,2.33268110,2.21547139,2.05505485,1.84310428,1.56925355
1540,2.54999900,2.54999849,2.54999632,2.54998980,2.54997140,2.54992175,2.54979396,2.54948133,2.54875636,2.54716535,2.54386434,2.53739192,2.52539774,2.50437835,2.46950271,2.41461818,2.33249149,2.21524723,2.05480755,1.84285065,1.56901314
1541,2.54999899,2.54999848,2.54999629,2.54998972,2.54997122,2.54992131,2.54979293,2.54947905,2.54875158,2.54715592,2.54384680,2.53736129,2.52534755,2.50430120,2.46939158,2.41446817,2.33230190,2.21502313,2.05456035,1.84259714,1.56877285
1542,2.54999898,2.54999847,2.54999626,2.54998965,2.54997104,2.54992087,2.54979190,2.54947677,2.54874679,2.54714646,2.54382923,2.53733062,2.52529731,2.50422402,2.46928041,2.41431815,2.33211233,2.21479910,2.05431325,1.84234374,1.56853268
1543,2.54999897,2.54999845,2.54999623,2.54998958,2.54997086,2.54992043,2.54979087,2.54947447,2.54874199,2.54713698,2.54381163,2.53729991,2.52524702,2.50414678,2.46916920,2.41416812,2.33192280,2.21457513,2.05406625,1.84209047,1.56829263
1544,2.54999896,2.54999844,2.54999620,2.54998951,2.54997067,2.54991998,2.54978983,2.54947217,2.54873718,2.54712748,2.54379400,2.53726917,2.52519669,2.50406950,2.46905797,2.41401809,2.33173329,2.21435123,2.05381935,1.84183732,1.56805270
1545,2.54999895,2.54999843,2.54999617,2.54998943,2.54997049,2.54991953,2.54978878,2.54946987,2.54873235,2.54711797,2.54377635,2.53723838,2.52514632,2.50399218,2.46894670,2.41386804,2.33154380,2.21412739,2.05357254,1.84158429,1.56781288
1546,2.54999894,2.54999841,2.54999614,2.54998936,2.54997030,2.54991908,2.54978774,2.54946755,2.54872751,2.54710843,2.54375866,2.53720756,2.52509589,2.50391481,2.46883539,2.41371798,2.33135434,2.21390362,2.05332584,1.84133137,1.56757318
1547,2.54999893,2.54999840,2.54999611,2.54998929,2.54997012,2.54991863,2.54978668,2.54946523,2.54872266,2.54709887,2.54374094,2.53717670,2.52504543,2.50383740,2.46872406,2.41356792,2.33116490,2.21367991,2.05307924,1.84107858,1.56733361
1548,2.54999892,2.54999838,2.54999608,2.54998921,2.54996993,2.54991818,2.54978563,2.54946290,2.54871779,2.54708929,2.54372319,2.53714580,2.52499492,2.50375994,2.46861269,2.41341785,2.33097550,2.21345627,2.05283273,1.84082590,1.56709414
1549,2.54999891,2.54999837,2.54999605,2.54998914,2.54996974,2.54991772,2.54978457,2.54946056,2.54871292,2.54707970,2.54370542,2.53711486,2.52494436,2.50368244,2.46850129,2.41326777,2.33078611,2.21323269,2.05258632,1.84057335,1.56685480
1550,2.54999890,2.54999836,2.54999602,2.54998906,2.54996955,2.54991726,2.54978351,2.54945822,2.54870803,2.54707008,2.54368761,2.53708388,2.52489376,2.50360489,2.46838985,2.41311768,2.33059676,2.21300918,2.05234001,1.84032091,1.56661558
1551,2.54999889,2.54999834,2.54999599,2.54998898,2.54996936,2.54991680,2.54978244,2.54945587,2.54870312,2.54706044,2.54366977,2.53705286,2.52484311,2.50352730,2.46827839,2.41296758,2.33040742,2.21278573,2.05209381,1.84006859,1.56637647
1552,2.54999888,2.54999833,2.54999596,2.54998891,2.54996917,2.54991634,2.54978137,2.54945351,2.54869821,2.54705078,2.54365191,2.53702180,2.52479242,2.50344967,2.46816689,2.41281747,2.33021812,2.21256235,2.05184769,1.83981639,1.56613748
1553,2.54999887,2.54999831,2.54999593,2.54998883,2.54996898,2.54991588,2.54978030,2.54945114,2.54869328,2.54704110,2.54363401,2.53699070,2.52474168,2.50337199,2.46805535,2.41266735,2.33002884,2.21233903,2.05160168,1.83956431,1.56589861
1554,2.54999886,2.54999830,2.54999590,2.54998875,2.54996879,2.54991541,2.54977922,2.54944877,2.54868834,2.54703140,2.54361609,2.53695957,2.52469090,2.50329427,2.46794379,2.41251723,2.32983959,2.21211578,2.05135577,1.83931235,1.56565985
1555,2.54999885,2.54999829,2.54999587,2.54998868,2.54996860,2.54991495,2.54977813,2.54944639,2.54868338,2.54702168,2.54359813,2.53692839,2.52464007,2.50321650,2.46783219,2.41236710,2.32965036,2.21189259,2.05110995,1.83906050,1.56542121
1556,2.54999884,2.54999827,2.54999584,2.54998860,2.54996840,2.54991448,2.54977705,2.54944400,2.54867842,2.54701194,2.54358015,2.53689718,2.52458920,2.50313869,2.46772056,2.41221696,2.32946116,2.21166946,2.05086424,1.83880877,1.56518269
1557,2.54999883,2.54999826,2.54999580,2.54998852,2.54996821,2.54991400,2.54977596,2.54944160,2.54867344,2.54700217,2.54356213,2.53686593,2.52453828,2.50306084,2.46760890,2.41206681,2.32927198,2.21144640,2.05061862,1.83855717,1.56494428
1558,2.54999882,2.54999824,2.54999577,2.54998844,2.54996801,2.54991353,2.54977486,2.54943920,2.54866845,2.54699239,2.54354409,2.53683464,2.52448732,2.50298294,2.46749721,2.41191665,2.32908283,2.21122340,2.05037310,1.83830568,1.56470600
1559,2.54999881,2.54999823,2.54999574,2.54998836,2.54996781,2.54991305,2.54977376,2.54943679,2.54866344,2.54698259,2.54352602,2.53680331,2.52443631,2.50290500,2.46738548,2.41176648,2.32889371,2.21100047,2.05012768,1.83805430,1.56446783
1560,2.54999880,2.54999821,2.54999571,2.54998828,2.54996761,2.54991258,2.54977266,2.54943437,2.54865842,2.54697277,2.54350791,2.53677194,2.52438526,2.50282701,2.46727373,2.41161631,2.32870461,2.21077761,2.04988235,1.83780305,1.56422977
1561,2.54999879,2.54999820,2.54999567,2.54998820,2.54996742,2.54991210,2.54977155,2.54943194,2.54865339,2.54696292,2.54348978,2.53674053,2.52433416,2.50274898,2.46716194,2.41146613,2.32851554,2.21055480,2.04963713,1.83755191,1.56399184
1562,2.54999878,2.54999818,2.54999564,2.54998812,2.54996722,2.54991161,2.54977044,2.54942951,2.54864835,2.54695306,2.54347162,2.53670909,2.52428302,2.50267091,2.46705011,2.41131594,2.32832650,2.21033207,2.04939200,1.83730089,1.56375402
1563,2.54999877,2.54999817,2.54999561,2.54998804,2.54996701,2.54991113,2.54976933,2.54942707,2.54864329,2.54694318,2.54345343,2.53667760,2.52423183,2.50259279,2.46693826,2.41116574,2.32813748,2.21010939,2.04914697,1.83704999,1.56351633
1564,2.54999876,2.54999815,2.54999557,2.54998796,2.54996681,2.54991064,2.54976821,2.54942462,2.54863822,2.54693327,2.54343520,2.53664608,2.52418060,2.50251463,2.46682638,2.41101554,2.32794849,2.20988678,2.04890204,1.83679920,1.56327875
1565,2.54999875,2.54999814,2.54999554,2.54998787,2.54996661,2.54991016,2.54976708,2.54942216,2.54863314,2.54692335,2.54341695,2.53661452,2.52412932,2.50243642,2.46671446,2.41086533,2.32775952,2.20966424,2.04865720,1.83654854,1.56304129
1566,2.54999874,2.54999812,2.54999551,2.54998779,2.54996640,2.54990967,2.54976596,2.54941970,2.54862804,2.54691340,2.54339867,2.53658291,2.52407800,2.50235818,2.46660251,2.41071511,2.32757058,2.20944176,2.04841247,1.83629799,1.56280395
1567,2.54999873,2.54999810,2.54999547,2.54998771,2.54996620,2.54990917,2.54976483,2.54941723,2.54862293,2.54690343,2.54338036,2.53655127,2.52402664,2.50227989,2.46649053,2.41056488,2.32738167,2.20921934,2.04816783,1.83604755,1.56256673
1568,2.54999871,2.54999809,2.54999544,2.54998762,2.54996599,2.54990868,2.54976369,2.54941475,2.54861781,2.54689345,2.54336202,2.53651960,2.52397523,2.50220155,2.46637852,2.41041464,2.32719278,2.20899699,2.04792329,1.83579724,1.56232962
1569,2.54999870,2.54999807,2.54999540,2.54998754,2.54996578,2.54990818,2.54976255,2.54941226,2.54861267,2.54688344,2.54334365,2.53648788,2.52392377,2.50212317,2.46626648,2.41026440,2.32700392,2.20877470,2.04767884,1.83554704,1.56209263
1570,2.54999869,2.54999806,2.54999537,2.54998745,2.54996558,2.54990768,2.54976141,2.54940977,2.54860753,2.54687341,2.54332525,2.53645612,2.52387227,2.50204475,2.46615440,2.41011415,2.32681509,2.20855248,2.04743450,1.83529695,1.56185576
1571,2.54999868,2.54999804,2.54999533,2.54998737,2.54996537,2.54990718,2.54976026,2.54940726,2.54860237,2.54686336,2.54330682,2.53642433,2.52382073,2.50196629,2.46604230,2.40996389,2.32662628,2.20833032,2.04719025,1.83504698,1.56161900
1572,2.54999867,2.54999802,2.54999530,2.54998728,2.54996516,2.54990668,2.54975911,2.54940475,2.54859719,2.54685329,2.54328836,2.53639249,2.52376914,2.50188778,2.46593016,2.40981363,2.32643750,2.20810822,2.04694609,1.83479713,1.56138236
1573,2.54999866,2.54999801,2.54999526,2.54998720,2.54996495,2.54990617,2.54975795,2.54940224,2.54859200,2.54684320,2.54326987,2.53636062,2.52371751,2.50180923,2.46581800,2.40966335,2.32624874,2.20788619,2.04670204,1.83454740,1.56114583
1574,2.54999865,2.54999799,2.54999523,2.54998711,2.54996473,2.54990567,2.54975679,2.54939971,2.54858680,2.54683309,2.54325135,2.53632871,2.52366583,2.50173064,2.46570580,2.40951308,2.32606002,2.20766422,2.04645808,1.83429778,1.56090942
1575,2.54999863,2.54999797,2.54999519,2.54998702,2.54996452,2.54990516,2.54975562,2.54939718,2.54858159,2.54682296,2.54323280,2.53629676,2.52361411,2.50165200,2.46559357,2.40936279,2.32587131,2.20744232,2.04621422,1.83404828,1.56067313
1576,2.54999862,2.54999796,2.54999516,2.54998694,2.54996431,2.54990465,2.54975446,2.54939464,2.54857636,2.54681281,2.54321422,2.53626477,2.52356235,2.50157333,2.46548131,2.40921250,2.32568264,2.20722048,2.04597045,1.83379889,1.56043695
1577,2.54999861,2.54999794,2.54999512,2.54998685,2.54996409,2.54990413,2.54975328,2.54939209,2.54857112,2.54680264,2.54319561,2.53623275,2.52351054,2.50149460,2.46536902,2.40906219,2.32549399,2.20699871,2.04572679,1.83354962,1.56020089
1578,2.54999860,2.54999792,2.54999508,2.54998676,2.54996387,2.54990362,2.54975211,2.54938954,2.54856587,2.54679244,2.54317698,2.53620068,2.52345868,2.50141584,2.46525669,2.40891189,2.32530537,2.20677700,2.04548322,1.83330047,1.55996494
1579,2.54999859,2.54999791,2.54999505,2.54998667,2.54996366,2.54990310,2.54975092,2.54938697,2.54856061,2.54678223,2.54315831,2.53616858,2.52340679,2.50133703,2.46514434,2.40876157,2.32511678,2.20655535,2.04523974,1.83305143,1.55972911
1580,2.54999857,2.54999789,2.54999501,2.54998658,2.54996344,2.54990258,2.54974974,2.54938440,2.54855533,2.54677199,2.54313961,2.53613644,2.52335485,2.50125818,2.46503196,2.40861125,2.32492821,2.20633377,2.04499636,1.83280250,1.55949339
1581,2.54999856,2.54999787,2.54999497,2.54998649,2.54996322,2.54990206,2.54974855,2.54938182,2.54855003,2.54676174,2.54312088,2.53610426,2.52330286,2.50117929,2.46491955,2.40846092,2.32473967,2.20611225,2.04475308,1.83255369,1.55925779
1582,2.54999855,2.54999785,2.54999494,2.54998640,2.54996300,2.54990153,2.54974735,2.54937924,2.54854473,2.54675146,2.54310213,2.53607204,2.52325083,2.50110036,2.46480710,2.40831059,2.32455115,2.20589080,2.04450990,1.83230500,1.55902230
1583,2.54999854,2.54999784,2.54999490,2.54998631,2.54996277,2.54990101,2.54974616,2.54937664,2.54853941,2.54674116,2.54308334,2.53603978,2.52319876,2.50102138,2.46469463,2.40816025,2.32436266,2.20566941,2.04426681,1.83205642,1.55878693
1584,2.54999852,2.54999782,2.54999486,2.54998622,2.54996255,2.54990048,2.54974495,2.54937404,2.54853408,2.54673085,2.54306452,2.53600748,2.52314664,2.50094236,2.46458212,2.40800990,2.32417420,2.20544808,2.04402382,1.83180796,1.55855167
1585,2.54999851,2.54999780,2.54999482,2.54998613,2.54996233,2.54989995,2.54974375,2.54937143,2.54852873,2.54672051,2.54304568,2.53597515,2.52309448,2.50086330,2.46446959,2.40785955,2.32398577,2.20522682,2.04378092,1.83155961,1.55831653
1586,2.54999850,2.54999778,2.54999478,2.54998604,2.54996210,2.54989941,2.54974253,2.54936881,2.54852337,2.54671015,2.54302680,2.53594277,2.52304227,2.50078419,2.46435702,2.40770919,2.32379736,2.20500562,2.04353812,1.83131138,1.55808150
1587,2.54999849,2.54999777,2.54999475,2.54998594,2.54996188,2.54989888,2.54974132,2.54936619,2.54851800,2.54669977,2.54300789,2.53591036,2.52299002,2.50070505,2.46424442,2.40755882,2.32360898,2.20478449,2.04329542,1.83106326,1.55784658
1588,2.54999847,2.54999775,2.54999471,2.54998585,2.54996165,2.54989834,2.54974010,2.54936355,2.54851262,2.54668937,2.54298896,2.53587791,2.52293773,2.50062586,2.46413180,2.40740845,2.32342063,2.20456342,2.04305281,1.83081526,1.55761178
1589,2.54999846,2.54999773,2.54999467,2.54998576,2.54996142,2.54989780,2.54973888,2.54936091,2.54850722,2.54667895,2.54296999,2.53584542,2.52288539,2.50054663,2.46401914,2.40725807,2.32323230,2.20434241,2.04281030,1.83056737,1.55737709
1590,2.54999845,2.54999771,2.54999463,2.54998566,2.54996119,2.54989726,2.54973765,2.54935826,2.54850181,2.54666850,2.54295100,2.53581289,2.52283301,2.50046736,2.46390646,2.40710768,2.32304400,2.20412147,2.04256789,1.83031959,1.55714252
1591,2.54999843,2.54999769,2.54999459,2.54998557,2.54996096,2.54989671,2.54973641,2.54935561,2.54849638,2.54665804,2.54293197,2.53578033,2.52278058,2.50038804,2.46379374,2.40695729,2.32285573,2.20390059,2.04232557,1.83007193,1.55690806
1592,2.54999842,2.54999767,2.54999455,2.54998547,2.54996073,2.54989617,2.54973518,2.54935294,2.54849094,2.54664756,2.54291292,2.53574772,2.52272811,2.50030869,2.46368100,2.40680689,2.32266748,2.20367977,2.04208334,1.82982439,1.55667371
1593,2.54999841,2.54999765,2.54999451,2.54998537,2.54996050,2.54989562,2.54973394,2.54935027,2.54848549,2.54663705,2.54289383,2.53571508,2.52267560,2.50022929,2.46356822,2.40665648,2.32247927,2.20345902,2.04184121,1.82957696,1.55643948
1594,2.54999839,2.54999764,2.54999447,2.54998528,2.54996026,2.54989507,2.54973269,2.54934759,2.54848003,2.54662652,2.54287472,2.53568240,2.52262305,2.50014985,2.46345542,2.40650607,2.32229107,2.20323833,2.04159918,1.82932964,1.55620536
1595,2.54999838,2.54999762,2.54999443,2.54998518,2.54996003,2.54989451,2.54973144,2.54934490,2.54847455,2.54661598,2.54285557,2.53564968,2.52257045,2.50007037,2.46334258,2.40635566,2.32210291,2.20301771,2.04135724,1.82908244,1.55597135
1596,2.54999836,2.54999760,2.54999439,2.54998508,2.54995979,2.54989396,2.54973018,2.54934220,2.54846905,2.54660541,2.54283640,2.53561692,2.52251780,2.49999084,2.46322972,2.40620524,2.32191477,2.20279715,2.04111540,1.82883535,1.55573746
1597,2.54999835,2.54999758,2.54999435,2.54998499,2.54995956,2.54989340,2.54972893,2.54933950,2.54846355,2.54659482,2.54281719,2.53558413,2.52246512,2.49991128,2.46311682,2.40605481,2.32172666,2.20257665,2.04087365,1.82858837,1.55550368
1598,2.54999834,2.54999756,2.54999431,2.54998489,2.54995932,2.54989284,2.54972766,2.54933678,2.54845803,2.54658421,2.54279796,2.53555129,2.52241239,2.49983167,2.46300390,2.40590437,2.32153858,2.20235622,2.04063200,1.82834151,1.55527001
1599,2.54999832,2.54999754,2.54999426,2.54998479,2.54995908,2.54989228,2.54972639,2.54933406,2.54845250,2.54657358,2.54277870,2.53551842,2.52235961,2.49975202,2.46289095,2.40575393,2.32135052,2.20213585,2.04039045,1.82809476,1.55503645
1600,2.54999831,2.54999752,2.54999422,2.54998469,2.54995884,2.54989171,2.54972512,2.54933134,2.54844695,2.54656293,2.54275940,2.53548551,2.52230680,2.49967233,2.46277797,2.40560349,2.32116250,2.20191554,2.04014898,1.82784812,1.55480301
1601,2.54999829,2.54999750,2.54999418,2.54998459,2.54995860,2.54989115,2.54972385,2.54932860,2.54844139,2.54655226,2.54274008,2.53545256,2.52225394,2.49959260,2.46266496,2.40545304,2.32097449,2.20169530,2.03990762,1.82760160,1.55456968
1602,2.54999828,2.54999748,2.54999414,2.54998449,2.54995835,2.54989058,2.54972256,2.54932585,2.54843582,2.54654156,2.54272073,2.53541957,2.52220103,2.49951283,2.46255192,2.40530258,2.32078652,2.20147512,2.03966635,1.82735519,1.55433646
1603,2.54999827,2.54999746,2.54999410,2.54998439,2.54995811,2.54989001,2.54972128,2.54932310,2.54843023,2.54653085,2.54270134,2.53538655,2.52214808,2.49943301,2.46243885,2.40515212,2.32059857,2.20125500,2.03942517,1.82710889,1.55410336
1604,2.54999825,2.54999744,2.54999405,2.54998428,2.54995787,2.54988943,2.54971999,2.54932034,2.54842463,2.54652011,2.54268193,2.53535348,2.52209509,2.49935316,2.46232575,2.40500165,2.32041066,2.20103495,2.03918409,1.82686271,1.55387036
1605,2.54999824,2.54999742,2.54999401,2.54998418,2.54995762,2.54988886,2.54971869,2.54931757,2.54841902,2.54650935,2.54266249,2.53532038,2.52204206,2.49927326,2.46221262,2.40485118,2.32022276,2.20081496,2.03894310,1.82661664,1.55363748
1606,2.54999822,2.54999740,2.54999397,2.54998408,2.54995737,2.54988828,2.54971740,2.54931480,2.54841339,2.54649858,2.54264301,2.53528724,2.52198898,2.49919332,2.46209947,2.40470070,2.32003490,2.20059504,2.03870221,1.82637068,1.55340471
1607,2.54999821,2.54999738,2.54999392,2.54998398,2.54995712,2.54988770,2.54971609,2.54931201,2.54840775,2.54648778,2.54262351,2.53525406,2.52193586,2.49911335,2.46198628,2.40455022,2.31984706,2.20037518,2.03846141,1.82612484,1.55317206
1608,2.54999819,2.54999736,2.54999388,2.54998387,2.54995687,2.54988711,2.54971478,2.54930922,2.54840210,2.54647696,2.54260398,2.53522084,2.52188270,2.49903333,2.46187307,2.40439973,2.31965925,2.20015538,2.03822071,1.82587910,1.55293951
1609,2.54999818,2.54999733,2.54999383,2.54998377,2.54995662,2.54988653,2.54971347,2.54930642,2.54839643,2.54646612,2.54258442,2.53518759,2.52182950,2.49895327,2.46175983,2.40424924,2.31947147,2.19993564,2.03798010,1.82563348,1.55270707
1610,2.54999816,2.54999731,2.54999379,2.54998366,2.54995637,2.54988594,2.54971216,2.54930361,2.54839075,2.54645526,2.54256483,2.53515429,2.52177625,2.49887316,2.46164656,2.40409874,2.31928372,2.19971597,2.03773959,1.82538798,1.55247475
1611,2.54999815,2.54999729,2.54999375,2.54998356,2.54995612,2.54988535,2.54971083,2.54930079,2.54838505,2.54644437,2.54254520,2.53512096,2.52172295,2.49879302,2.46153326,2.40394824,2.31909599,2.19949636,2.03749917,1.82514258,1.55224254
1612,2.54999813,2.54999727,2.54999370,2.54998345,2.54995586,2.54988476,2.54970951,2.54929796,2.54837934,2.54643347,2.54252555,2.53508759,2.52166962,2.49871284,2.46141993,2.40379773,2.31890829,2.19927682,2.03725884,1.82489730,1.55201044
1613,2.54999811,2.54999725,2.54999366,2.54998334,2.54995561,2.54988416,2.54970818,2.54929513,2.54837362,2.54642254,2.54250587,2.53505418,2.52161624,2.49863261,2.46130657,2.40364721,2.31872062,2.19905734,2.03701861,1.82465213,1.55177845
1614,2.54999810,2.54999723,2.54999361,2.54998324,2.54995535,2.54988356,2.54970684,2.54929229,2.54836789,2.54641160,2.54248616,2.53502074,2.52156282,2.49855235,2.46119319,2.40349670,2.31853297,2.19883792,2.03677848,1.82440707,1.55154657
1615,2.54999808,2.54999721,2.54999356,2.54998313,2.54995510,2.54988296,2.54970550,2.54928944,2.54836214,2.54640063,2.54246642,2.53498726,2.52150936,2.49847204,2.46107978,2.40334617,2.31834536,2.19861856,2.03653843,1.82416212,1.55131480
1616,2.54999807,2.54999718,2.54999352,2.54998302,2.54995484,2.54988236,2.54970416,2.54928658,2.54835637,2.54638964,2.54244665,2.53495373,2.52145585,2.49839170,2.46096633,2.40319565,2.31815777,2.19839927,2.03629848,1.82391729,1.55108314
1617,2.54999805,2.54999716,2.54999347,2.54998291,2.54995458,2.54988176,2.54970281,2.54928371,2.54835060,2.54637863,2.54242685,2.53492017,2.52140230,2.49831131,2.46085287,2.40304511,2.31797021,2.19818004,2.03605863,1.82367256,1.55085160
1618,2.54999803,2.54999714,2.54999343,2.54998280,2.54995432,2.54988115,2.54970146,2.54928084,2.54834481,2.54636760,2.54240702,2.53488657,2.52134871,2.49823088,2.46073937,2.40289458,2.31778267,2.19796088,2.03581887,1.82342795,1.55062016
1619,2.54999802,2.54999712,2.54999338,2.54998269,2.54995405,2.54988054,2.54970010,2.54927796,2.54833900,2.54635655,2.54238715,2.53485294,2.52129507,2.49815042,2.46062584,2.40274403,2.31759517,2.19774178,2.03557920,1.82318345,1.55038884
1620,2.54999800,2.54999709,2.54999333,2.54998258,2.54995379,2.54987993,2.54969874,2.54927507,2.54833318,2.54634547,2.54236726,2.53481926,2.52124139,2.49806991,2.46051229,2.40259349,2.31740769,2.19752274,2.03533963,1.82293906,1.55015762
1621,2.54999799,2.54999707,2.54999328,2.54998247,2.54995352,2.54987932,2.54969737,2.54927217,2.54832735,2.54633438,2.54234734,2.53478555,2.52118767,2.49798936,2.46039871,2.40244294,2.31722024,2.19730376,2.03510015,1.82269478,1.54992651
1622,2.54999797,2.54999705,2.54999324,2.54998236,2.54995326,2.54987870,2.54969600,2.54926926,2.54832150,2.54632326,2.54232739,2.53475180,2.52113391,2.49790877,2.46028510,2.40229238,2.31703281,2.19708485,2.03486076,1.82245061,1.54969551
1623,2.54999795,2.54999703,2.54999319,2.54998224,2.54995299,2.54987808,2.54969462,2.54926634,2.54831565,2.54631213,2.54230741,2.53471801,2.52108010,2.49782814,2.46017146,2.40214182,2.31684542,2.19686600,2.03462147,1.82220656,1.54946462
1624,2.54999794,2.54999700,2.54999314,2.54998213,2.54995272,2.54987746,2.54969324,2.54926342,2.54830977,2.54630097,2.54228740,2.53468419,2.52102626,2.49774748,2.46005780,2.40199126,2.31665805,2.19664721,2.03438227,1.82196261,1.54923384
1625,2.54999792,2.54999698,2.54999309,2.54998202,2.54995245,2.54987683,2.54969185,2.54926049,2.54830388,2.54628979,2.54226736,2.53465032,2.52097236,2.49766677,2.45994410,2.40184069,2.31647071,2.19642849,2.03414316,1.82171878,1.54900316
1626,2.54999790,2.54999696,2.54999304,2.54998190,2.54995218,2.54987621,2.54969046,2.54925754,2.54829798,2.54627859,2.54224729,2.53461642,2.52091843,2.49758602,2.45983038,2.40169012,2.31628340,2.19620983,2.03390415,1.82147505,1.54877259
1627,2.54999788,2.54999693,2.54999299,2.54998179,2.54995191,2.54987558,2.54968907,2.54925460,2.54829207,2.54626737,2.54222719,2.53458248,2.52086446,2.49750523,2.45971664,2.40153954,2.31609612,2.19599123,2.03366523,1.82123144,1.54854214
1628,2.54999787,2.54999691,2.54999295,2.54998167,2.54995164,2.54987495,2.54968767,2.54925164,2.54828614,2.54625612,2.54220706,2.53454850,2.52081044,2.49742440,2.45960286,2.40138896,2.31590886,2.19577269,2.03342640,1.82098794,1.54831179
1629,2.54999785,2.54999688,2.54999290,2.54998156,2.54995136,2.54987431,2.54968626,2.54924867,2.54828020,2.54624486,2.54218690,2.53451449,2.52075638,2.49734353,2.45948906,2.40123837,2.31572163,2.19555422,2.03318767,1.82074454,1.54808155
1630,2.54999783,2.54999686,2.54999285,2.54998144,2.54995109,2.54987368,2.54968486,2.54924570,2.54827424,2.54623357,2.54216672,2.53448043,2.52070227,2.49726262,2.45937523,2.40108779,2.31553443,2.19533581,2.03294902,1.82050126,1.54785141
1631,2.54999781,2.54999683,2.54999280,2.54998132,2.54995081,2.54987304,2.54968344,2.54924272,2.54826827,2.54622227,2.54214650,2.53444634,2.52064813,2.49718168,2.45926137,2.40093719,2.31534726,2.19511747,2.03271048,1.82025809,1.54762139
1632,2.54999780,2.54999681,2.54999275,2.54998121,2.54995053,2.54987240,2.54968202,2.54923972,2.54826229,2.54621094,2.54212625,2.53441221,2.52059394,2.49710069,2.45914749,2.40078660,2.31516012,2.19489918,2.03247202,1.82001503,1.54739147
1633,2.54999778,2.54999679,2.54999269,2.54998109,2.54995025,2.54987175,2.54968060,2.54923672,2.54825629,2.54619959,2.54210597,2.53437805,2.52053971,2.49701966,2.45903358,2.40063600,2.31497300,2.19468096,2.03223366,1.81977208,1.54716166
1634,2.54999776,2.54999676,2.54999264,2.54998097,2.54994997,2.54987111,2.54967917,2.54923372,2.54825027,2.54618822,2.54208566,2.53434384,2.52048544,2.49693859,2.45891964,2.40048539,2.31478591,2.19446280,2.03199539,1.81952924,1.54693197
1635,2.54999774,2.54999674,2.54999259,2.54998085,2.54994969,2.54987046,2.54967774,2.54923070,2.54824425,2.54617683,2.54206532,2.53430960,2.52043113,2.49685749,2.45880567,2.40033478,2.31459885,2.19424471,2.03175721,1.81928650,1.54670237
1636,2.54999772,2.54999671,2.54999254,2.54998073,2.54994940,2.54986981,2.54967630,2.54922768,2.54823821,2.54616541,2.54204495,2.53427532,2.52037677,2.49677634,2.45869168,2.40018417,2.31441182,2.19402668,2.03151913,1.81904388,1.54647289
1637,2.54999771,2.54999669,2.54999249,2.54998061,2.54994912,2.54986915,2.54967486,2.54922464,2.54823215,2.54615398,2.54202455,2.53424100,2.52032237,2.49669516,2.45857766,2.40003356,2.31422482,2.19380871,2.03128114,1.81880137,1.54624351
1638,2.54999769,2.54999666,2.54999244,2.54998049,2.54994883,2.54986850,2.54967341,2.54922160,2.54822609,2.54614252,2.54200412,2.53420665,2.52026793,2.49661393,2.45846362,2.39988294,2.31403784,2.19359080,2.03104324,1.81855897,1.54601425
1639,2.54999767,2.54999663,2.54999238,2.54998036,2.54994855,2.54986784,2.54967196,2.54921855,2.54822000,2.54613104,2.54198367,2.53417225,2.52021345,2.49653267,2.45834954,2.39973231,2.31385089,2.19337296,2.03080543,1.81831667,1.54578509
1640,2.54999765,2.54999661,2.54999233,2.54998024,2.54994826,2.54986718,2.54967050,2.54921549,2.54821391,2.54611954,2.54196318,2.53413782,2.52015892,2.49645136,2.45823544,2.39958169,2.31366397,2.19315518,2.03056772,1.81807449,1.54555603
1641,2.54999763,2.54999658,2.54999228,2.54998012,2.54994797,2.54986651,2.54966904,2.54921242,2.54820780,2.54610802,2.54194266,2.53410335,2.52010436,2.49637002,2.45812132,2.39943106,2.31347708,2.19293746,2.03033009,1.81783241,1.54532709
1642,2.54999761,2.54999656,2.54999222,2.54997999,2.54994768,2.54986585,2.54966758,2.54920935,2.54820167,2.54609648,2.54192211,2.53406884,2.52004975,2.49628864,2.45800717,2.39928043,2.31329022,2.19271980,2.03009256,1.81759045,1.54509825
1643,2.54999759,2.54999653,2.54999217,2.54997987,2.54994738,2.54986518,2.54966611,2.54920627,2.54819553,2.54608492,2.54190153,2.53403430,2.51999510,2.49620722,2.45789299,2.39912979,2.31310339,2.19250221,2.02985512,1.81734859,1.54486952
1644,2.54999757,2.54999650,2.54999212,2.54997974,2.54994709,2.54986451,2.54966463,2.54920317,2.54818938,2.54607333,2.54188093,2.53399972,2.51994041,2.49612576,2.45777878,2.39897915,2.31291658,2.19228468,2.02961778,1.81710684,1.54464090
1645,2.54999755,2.54999648,2.54999206,2.54997962,2.54994680,2.54986383,2.54966315,2.54920007,2.54818322,2.54606173,2.54186029,2.53396510,2.51988567,2.49604426,2.45766455,2.39882851,2.31272980,2.19206721,2.02938052,1.81686520,1.54441238
1646,2.54999753,2.54999645,2.54999201,2.54997949,2.54994650,2.54986316,2.54966166,2.54919696,2.54817704,2.54605010,2.54183962,2.53393044,2.51983090,2.49596272,2.45755029,2.39867786,2.31254305,2.19184980,2.02914336,1.81662367,1.54418397
1647,2.54999751,2.54999642,2.54999195,2.54997936,2.54994620,2.54986248,2.54966017,2.54919384,2.54817084,2.54603845,2.54181892,2.53389575,2.51977608,2.49588114,2.45743600,2.39852721,2.31235633,2.19163246,2.02890629,1.81638225,1.54395567
1648,2.54999749,2.54999640,2.54999190,2.54997924,2.54994590,2.54986180,2.54965868,2.54919072,2.54816463,2.54602678,2.54179820,2.53386101,2.51972122,2.49579953,2.45732169,2.39837656,2.31216964,2.19141518,2.02866931,1.81614093,1.54372748
1649,2.54999747,2.54999637,2.54999184,2.54997911,2.54994560,2.54986111,2.54965718,2.54918758,2.54815841,2.54601509,2.54177744,2.53382624,2.51966632,2.49571787,2.45720736,2.39822591,2.31198297,2.19119796,2.02843242,1.81589973,1.54349939
1650,2.54999745,2.54999634,2.54999178,2.54997898,2.54994530,2.54986042,2.54965567,2.54918444,2.54815217,2.54600337,2.54175665,2.53379143,2.51961138,2.49563618,2.45709299,2.39807525,2.31179634,2.19098080,2.02819563,1.81565863,1.54327141
1651,2.54999743,2.54999631,2.54999173,2.54997885,2.54994500,2.54985973,2.54965416,2.54918128,2.54814592,2.54599164,2.54173583,2.53375659,2.51955639,2.49555445,2.45697860,2.39792459,2.31160973,2.19076371,2.02795892,1.81541764,1.54304353
1652,2.54999741,2.54999629,2.54999167,2.54997872,2.54994469,2.54985904,2.54965265,2.54917812,2.54813965,2.54597988,2.54171499,2.53372171,2.51950137,2.49547268,2.45686419,2.39777392,2.31142315,2.19054668,2.02772231,1.81517676,1.54281576
1653,2.54999739,2.54999626,2.54999161,2.54997859,2.54994439,2.54985835,2.54965113,2.54917495,2.54813337,2.54596810,2.54169411,2.53368679,2.51944630,2.49539087,2.45674975,2.39762326,2.31123660,2.19032971,2.02748579,1.81493599,1.54258810
1654,2.54999737,2.54999623,2.54999156,2.54997845,2.54994408,2.54985765,2.54964960,2.54917177,2.54812708,2.54595630,2.54167320,2.53365183,2.51939119,2.49530902,2.45663528,2.39747259,2.31105007,2.19011280,2.02724936,1.81469532,1.54236055
1655,2.54999735,2.54999620,2.54999150,2.54997832,2.54994377,2.54985695,2.54964807,2.54916858,2.54812077,2.54594448,2.54165227,2.53361683,2.51933604,2.49522714,2.45652079,2.39732192,2.31086358,2.18989596,2.02701302,1.81445477,1.54213310
1656,2.54999733,2.54999617,2.54999144,2.54997819,2.54994346,2.54985625,2.54964654,2.54916539,2.54811445,2.54593264,2.54163130,2.53358180,2.51928085,2.49514521,2.45640627,2.39717124,2.31067711,2.18967918,2.02677677,1.81421432,1.54190575
1657,2.54999731,2.54999614,2.54999138,2.54997806,2.54994315,2.54985554,2.54964500,2.54916218,2.54810811,2.54592077,2.54161030,2.53354673,2.51922562,2.49506325,2.45629172,2.39702057,2.31049068,2.18946246,2.02654062,1.81397397,1.54167851
1658,2.54999729,2.54999612,2.54999132,2.54997792,2.54994284,2.54985483,2.54964345,2.54915897,2.54810176,2.54590889,2.54158928,2.53351162,2.51917035,2.49498125,2.45617715,2.39686989,2.31030427,2.18924580,2.02630455,1.81373374,1.54145138
1659,2.54999727,2.54999609,2.54999127,2.54997779,2.54994253,2.54985412,2.54964190,2.54915575,2.54809540,2.54589698,2.54156822,2.53347648,2.51911503,2.49489921,2.45606256,2.39671920,2.31011789,2.18902920,2.02606858,1.81349361,1.54122436
1660,2.54999725,2.54999606,2.54999121,2.54997765,2.54994221,2.54985341,2.54964035,2.54915252,2.54808902,2.54588505,2.54154713,2.53344130,2.51905967,2.49481713,2.45594794,2.39656852,2.30993154,2.18881267,2.02583269,1.81325359,1.54099744
1661,2.54999722,2.54999603,2.54999115,2.54997751,2.54994190,2.54985269,2.54963879,2.54914928,2.54808262,2.54587310,2.54152602,2.53340608,2.51900428,2.49473501,2.45583329,2.39641783,2.30974521,2.18859620,2.02559690,1.81301368,1.54077062
1662,2.54999720,2.54999600,2.54999109,2.54997738,2.54994158,2.54985197,2.54963723,2.54914603,2.54807622,2.54586113,2.54150487,2.53337082,2.51894884,2.49465286,2.45571862,2.39626714,2.30955892,2.18837979,2.02536120,1.81277387,1.54054391
1663,2.54999718,2.54999597,2.54999103,2.54997724,2.54994126,2.54985125,2.54963566,2.54914277,2.54806979,2.54584913,2.54148370,2.53333552,2.51889336,2.49457067,2.45560392,2.39611645,2.30937265,2.18816345,2.02512559,1.81253417,1.54031731
1664,2.54999716,2.54999594,2.54999097,2.54997710,2.54994094,2.54985053,2.54963408,2.54913950,2.54806336,2.54583712,2.54146249,2.53330019,2.51883784,2.49448844,2.45548920,2.39596576,2.30918642,2.18794716,2.02489007,1.81229458,1.54009081
1665,2.54999714,2.54999591,2.54999091,2.54997696,2.54994062,2.54984980,2.54963250,2.54913623,2.54805691,2.54582508,2.54144125,2.53326482,2.51878227,2.49440617,2.45537445,2.39581506,2.30900021,2.18773094,2.02465464,1.81205510,1.53986442
1666,2.54999711,2.54999588,2.54999084,2.54997682,2.54994029,2.54984907,2.54963092,2.54913294,2.54805044,2.54581302,2.54141999,2.53322942,2.51872667,2.49432387,2.45525968,2.39566436,2.30881403,2.18751478,2.02441930,1.81181572,1.53963813
1667,2.54999709,2.54999585,2.54999078,2.54997668,2.54993997,2.54984834,2.54962933,2.54912965,2.54804396,2.54580094,2.54139869,2.53319397,2.51867103,2.49424152,2.45514488,2.39551366,2.30862788,2.18729868,2.02418405,1.81157644,1.53941195
1668,2.54999707,2.54999582,2.54999072,2.54997654,2.54993964,2.54984760,2.54962773,2.54912635,2.54803747,2.54578884,2.54137737,2.53315849,2.51861534,2.49415914,2.45503006,2.39536296,2.30844176,2.18708264,2.02394889,1.81133728,1.53918587
1669,2.54999705,2.54999578,2.54999066,2.54997640,2.54993932,2.54984686,2.54962613,2.54912304,2.54803096,2.54577671,2.54135601,2.53312297,2.51855961,2.49407672,2.45491521,2.39521225,2.30825566,2.18686667,2.02371382,1.81109822,1.53895989
1670,2.54999702,2.54999575,2.54999060,2.54997626,2.54993899,2.54984612,2.54962453,2.54911972,2.54802444,2.54576457,2.54133463,2.53308742,2.51850385,2.49399427,2.45480034,2.39506155,2.30806960,2.18665076,2.02347884,1.81085927,1.53873402
1671,2.54999700,2.54999572,2.54999053,2.54997611,2.54993866,2.54984538,2.54962292,2.54911639,2.54801790,2.54575240,2.54131321,2.53305182,2.51844804,2.49391177,2.45468544,2.39491084,2.30788356,2.18643491,2.02324396,1.81062042,1.53850826
1672,2.54999698,2.54999569,2.54999047,2.54997597,2.54993833,2.54984463,2.54962130,2.54911306,2.54801135,2.54574021,2.54129177,2.53301619,2.51839219,2.49382924,2.45457052,2.39476013,2.30769755,2.18621912,2.02300916,1.81038168,1.53828260
1673,2.54999695,2.54999566,2.54999041,2.54997582,2.54993799,2.54984388,2.54961968,2.54910971,2.54800478,2.54572800,2.54127029,2.53298053,2.51833630,2.49374667,2.45445557,2.39460942,2.30751158,2.18600339,2.02277445,1.81014304,1.53805705
1674,2.54999693,2.54999563,2.54999034,2.54997568,2.54993766,2.54984313,2.54961806,2.54910635,2.54799820,2.54571577,2.54124879,2.53294482,2.51828037,2.49366407,2.45434060,2.39445870,2.30732563,2.18578773,2.02253983,1.80990451,1.53783159
1675,2.54999690,2.54999559,2.54999028,2.54997553,2.54993732,2.54984238,2.54961643,2.54910299,2.54799160,2.54570351,2.54122725,2.53290908,2.51822440,2.49358142,2.45422561,2.39430799,2.30713971,2.18557212,2.02230530,1.80966609,1.53760625
1676,2.54999688,2.54999556,2.54999021,2.54997539,2.54993698,2.54984162,2.54961479,2.54909962,2.54798499,2.54569123,2.54120569,2.53287330,2.51816839,2.49349874,2.45411059,2.39415727,2.30695381,2.18535658,2.02207087,1.80942777,1.53738101
1677,2.54999686,2.54999553,2.54999015,2.54997524,2.54993665,2.54984086,2.54961315,2.54909624,2.54797837,2.54567894,2.54118409,2.53283749,2.51811233,2.49341602,2.45399554,2.39400655,2.30676795,2.18514110,2.02183652,1.80918956,1.53715587
1678,2.54999683,2.54999550,2.54999008,2.54997509,2.54993631,2.54984010,2.54961151,2.54909285,2.54797173,2.54566662,2.54116247,2.53280163,2.51805624,2.49333327,2.45388047,2.39385583,2.30658212,2.18492569,2.02160226,1.80895145,1.53693083
1679,2.54999681,2.54999546,2.54999002,2.54997494,2.54993596,2.54983933,2.54960985,2.54908945,2.54796508,2.54565428,2.54114081,2.53276574,2.51800011,2.49325047,2.45376538,2.39370511,2.30639631,2.18471033,2.02136809,1.80871345,1.53670590
1680,2.54999678,2.54999543,2.54998995,2.54997479,2.54993562,2.54983856,2.54960820,2.54908604,2.54795841,2.54564191,2.54111913,2.53272982,2.51794393,2.49316764,2.45365026,2.39355438,2.30621054,2.18449504,2.02113401,1.80847556,1.53648107
1681,2.54999676,2.54999540,2.54998988,2.54997464,2.54993528,2.54983779,2.54960654,2.54908262,2.54795173,2.54562953,2.54109742,2.53269385,2.51788772,2.49308478,2.45353512,2.39340366,2.30602479,2.18427980,2.02090002,1.80823777,1.53625636
1682,2.54999673,2.54999536,2.54998982,2.54997449,2.54993493,2.54983702,2.54960487,2.54907919,2.54794503,2.54561712,2.54107567,2.53265785,2.51783146,2.49300187,2.45341995,2.39325293,2.30583907,2.18406463,2.02066612,1.80800008,1.53603174
1683,2.54999671,2.54999533,2.54998975,2.54997434,2.54993458,2.54983624,2.54960320,2.54907576,2.54793832,2.54560469,2.54105390,2.53262181,2.51777517,2.49291893,2.45330476,2.39310220,2.30565338,2.18384952,2.02043231,1.80776250,1.53580724
1684,2.54999668,2.54999530,2.54998968,2.54997419,2.54993423,2.54983546,2.54960152,2.54907231,2.54793159,2.54559224,2.54103209,2.53258574,2.51771883,2.49283595,2.45318954,2.39295147,2.30546772,2.18363448,2.02019859,1.80752503,1.53558284
1685,2.54999666,2.54999526,2.54998961,2.54997403,2.54993388,2.54983468,2.54959984,2.54906886,2.54792485,2.54557977,2.54101026,2.53254962,2.51766245,2.49275294,2.45307431,2.39280074,2.30528209,2.18341949,2.01996496,1.80728765,1.53535854
1686,2.54999663,2.54999523,2.54998954,2.54997388,2.54993353,2.54983389,2.54959815,2.54906540,2.54791810,2.54556728,2.54098840,2.53251347,2.51760604,2.49266988,2.45295904,2.39265001,2.30509649,2.18320457,2.01973141,1.80705039,1.53513435
1687,2.54999661,2.54999519,2.54998947,2.54997372,2.54993318,2.54983310,2.54959646,2.54906193,2.54791133,2.54555476,2.54096650,2.53247729,2.51754958,2.49258680,2.45284376,2.39249928,2.30491092,2.18298970,2.01949796,1.80681323,1.53491027
1688,2.54999658,2.54999516,2.54998941,2.54997357,2.54993282,2.54983231,2.54959476,2.54905844,2.54790454,2.54554222,2.54094458,2.53244106,2.51749308,2.49250367,2.45272845,2.39234855,2.30472538,2.18277490,2.01926459,1.80657617,1.53468629
1689,2.54999656,2.54999512,2.54998934,2.54997341,2.54993247,2.54983152,2.54959306,2.54905495,2.54789774,2.54552966,2.54092263,2.53240480,2.51743654,2.49242051,2.45261311,2.39219781,2.30453986,2.18256016,2.01903132,1.80633922,1.53446241
1690,2.54999653,2.54999509,2.54998927,2.54997325,2.54993211,2.54983072,2.54959135,2.54905146,2.54789093,2.54551708,2.54090064,2.53236851,2.51737997,2.49233731,2.45249775,2.39204708,2.30435438,2.18234548,2.01879813,1.80610237,1.53423864
1691,2.54999650,2.54999505,2.54998920,2.54997310,2.54993175,2.54982992,2.54958963,2.54904795,2.54788410,2.54550448,2.54087863,2.53233217,2.51732335,2.49225408,2.45238237,2.39189634,2.30416892,2.18213087,2.01856503,1.80586563,1.53401497
1692,2.54999648,2.54999502,2.54998913,2.54997294,2.54993139,2.54982912,2.54958791,2.54904443,2.54787726,2.54549185,2.54085659,2.53229580,2.51726669,2.49217080,2.45226697,2.39174560,2.30398349,2.18191631,2.01833202,1.80562899,1.53379140
1693,2.54999645,2.54999498,2.54998905,2.54997278,2.54993103,2.54982831,2.54958619,2.54904090,2.54787040,2.54547921,2.54083451,2.53225939,2.51720999,2.49208750,2.45215154,2.39159486,2.30379809,2.18170182,2.01809910,1.80539245,1.53356794
1694,2.54999642,2.54999494,2.54998898,2.54997262,2.54993066,2.54982751,2.54958446,2.54903737,2.54786353,2.54546654,2.54081241,2.53222295,2.51715325,2.49200415,2.45203609,2.39144412,2.30361273,2.18148739,2.01786627,1.80515602,1.53334458
1695,2.54999640,2.54999491,2.54998891,2.54997246,2.54993030,2.54982669,2.54958273,2.54903382,2.54785664,2.54545385,2.54079028,2.53218647,2.51709647,2.49192077,2.45192061,2.39129338,2.30342739,2.18127302,2.01763353,1.80491969,1.53312132
1696,2.54999637,2.54999487,2.54998884,2.54997230,2.54992993,2.54982588,2.54958098,2.54903027,2.54784974,2.54544113,2.54076812,2.53214995,2.51703966,2.49183735,2.45180511,2.39114264,2.30324208,2.18105871,2.01740087,1.80468347,1.53289817
1697,2.54999634,2.54999483,2.54998877,2.54997213,2.54992956,2.54982506,2.54957924,2.54902671,2.54784282,2.54542840,2.54074592,2.53211340,2.51698280,2.49175390,2.45168959,2.39099190,2.30305680,2.18084446,2.01716831,1.80444735,1.53267512
1698,2.54999631,2.54999480,2.54998869,2.54997197,2.54992919,2.54982424,2.54957749,2.54902313,2.54783589,2.54541564,2.54072370,2.53207680,2.51692590,2.49167041,2.45157404,2.39084116,2.30287154,2.18063027,2.01693583,1.80421133,1.53245217
1699,2.54999629,2.54999476,2.54998862,2.54997181,2.54992882,2.54982342,2.54957573,2.54901955,2.54782894,2.54540286,2.54070145,2.53204018,2.51686896,2.49158688,2.45145848,2.39069041,2.30268632,2.18041614,2.01670344,1.80397542,1.53222933
1700,2.54999626,2.54999472,2.54998855,2.54997164,2.54992845,2.54982259,2.54957397,2.54901596,2.54782198,2.54539006,2.54067917,2.53200351,2.51681198,2.49150332,2.45134288,2.39053967,2.30250113,2.18020208,2.01647114,1.80373961,1.53200659
1701,2.54999623,2.54999468,2.54998847,2.54997148,2.54992807,2.54982176,2.54957220,2.54901236,2.54781500,2.54537724,2.54065686,2.53196681,2.51675496,2.49141972,2.45122727,2.39038893,2.30231597,2.17998808,2.01623892,1.80350390,1.53178395
1702,2.54999620,2.54999465,2.54998840,2.54997131,2.54992770,2.54982093,2.54957043,2.54900875,2.54780801,2.54536439,2.54063451,2.53193007,2.51669791,2.49133609,2.45111163,2.39023818,2.30213083,2.17977413,2.01600680,1.80326830,1.53156141
1703,2.54999617,2.54999461,2.54998832,2.54997114,2.54992732,2.54982010,2.54956865,2.54900513,2.54780101,2.54535153,2.54061214,2.53189329,2.51664081,2.49125242,2.45099597,2.39008744,2.30194573,2.17956025,2.01577476,1.80303280,1.53133897
1704,2.54999614,2.54999457,2.54998825,2.54997098,2.54992694,2.54981926,2.54956687,2.54900151,2.54779399,2.54533864,2.54058974,2.53185648,2.51658367,2.49116871,2.45088029,2.38993669,2.30176065,2.17934643,2.01554281,1.80279740,1.53111664
1705,2.54999612,2.54999453,2.54998817,2.54997081,2.54992656,2.54981842,2.54956508,2.54899787,2.54778695,2.54532573,2.54056731,2.53181963,2.51652650,2.49108497,2.45076458,2.38978595,2.30157560,2.17913267,2.01531095,1.80256211,1.53089441
1706,2.54999609,2.54999449,2.54998809,2.54997064,2.54992618,2.54981757,2.54956329,2.54899422,2.54777990,2.54531280,2.54054485,2.53178275,2.51646928,2.49100120,2.45064885,2.38963520,2.30139059,2.17891898,2.01507918,1.80232692,1.53067228
1707,2.54999606,2.54999445,2.54998802,2.54997047,2.54992579,2.54981673,2.54956149,2.54899057,2.54777284,2.54529984,2.54052236,2.53174583,2.51641202,2.49091738,2.45053310,2.38948445,2.30120560,2.17870534,2.01484749,1.80209183,1.53045026
1708,2.54999603,2.54999441,2.54998794,2.54997030,2.54992541,2.54981588,2.54955968,2.54898690,2.54776576,2.54528687,2.54049984,2.53170887,2.51635473,2.49083353,2.45041732,2.38933371,2.30102064,2.17849176,2.01461589,1.80185685,1.53022833
1709,2.54999600,2.54999437,2.54998786,2.54997012,2.54992502,2.54981503,2.54955787,2.54898323,2.54775866,2.54527387,2.54047729,2.53167187,2.51629739,2.49074965,2.45030152,2.38918296,2.30083571,2.17827825,2.01438438,1.80162196,1.53000651
1710,2.54999597,2.54999433,2.54998779,2.54996995,2.54992463,2.54981417,2.54955605,2.54897954,2.54775155,2.54526085,2.54045470,2.53163484,2.51624002,2.49066573,2.45018570,2.38903221,2.30065081,2.17806480,2.01415296,1.80138718,1.52978478
1711,2.54999594,2.54999429,2.54998771,2.54996978,2.54992424,2.54981331,2.54955423,2.54897585,2.54774443,2.54524780,2.54043209,2.53159777,2.51618261,2.49058177,2.45006986,2.38888147,2.30046595,2.17785140,2.01392163,1.80115251,1.52956316
1712,2.54999591,2.54999425,2.54998763,2.54996960,2.54992385,2.54981245,2.54955240,2.54897215,2.54773729,2.54523474,2.54040945,2.53156067,2.51612515,2.49049778,2.44995400,2.38873072,2.30028111,2.17763807,2.01369038,1.80091793,1.52934164
1713,2.54999588,2.54999421,2.54998755,2.54996943,2.54992346,2.54981158,2.54955057,2.54896844,2.54773013,2.54522165,2.54038678,2.53152353,2.51606766,2.49041376,2.44983811,2.38857997,2.30009629,2.17742480,2.01345922,1.80068346,1.52912023
1714,2.54999585,2.54999417,2.54998747,2.54996925,2.54992306,2.54981072,2.54954873,2.54896472,2.54772296,2.54520854,2.54036408,2.53148635,2.51601013,2.49032969,2.44972220,2.38842923,2.29991151,2.17721159,2.01322815,1.80044909,1.52889891
1715,2.54999582,2.54999413,2.54998739,2.54996908,2.54992267,2.54980984,2.54954689,2.54896099,2.54771578,2.54519541,2.54034135,2.53144913,2.51595256,2.49024560,2.44960627,2.38827848,2.29972676,2.17699844,2.01299716,1.80021482,1.52867769
1716,2.54999579,2.54999409,2.54998731,2.54996890,2.54992227,2.54980897,2.54954504,2.54895725,2.54770858,2.54518226,2.54031859,2.53141188,2.51589495,2.49016147,2.44949031,2.38812774,2.29954204,2.17678536,2.01276626,1.79998065,1.52845658
1717,2.54999576,2.54999405,2.54998723,2.54996872,2.54992187,2.54980809,2.54954319,2.54895350,2.54770136,2.54516908,2.54029580,2.53137460,2.51583730,2.49007730,2.44937433,2.38797699,2.29935735,2.17657233,2.01253545,1.79974659,1.52823556
1718,2.54999572,2.54999401,2.54998715,2.54996854,2.54992147,2.54980721,2.54954133,2.54894974,2.54769413,2.54515589,2.54027298,2.53133727,2.51577961,2.48999309,2.44925833,2.38782624,2.29917269,2.17635936,2.01230473,1.79951263,1.52801465
1719,2.54999569,2.54999397,2.54998707,2.54996836,2.54992106,2.54980633,2.54953946,2.54894597,2.54768689,2.54514267,2.54025014,2.53129991,2.51572188,2.48990886,2.44914231,2.38767550,2.29898805,2.17614646,2.01207409,1.79927877,1.52779384
1720,2.54999566,2.54999392,2.54998698,2.54996818,2.54992066,2.54980544,2.54953759,2.54894219,2.54767963,2.54512943,2.54022726,2.53126251,2.51566411,2.48982458,2.44902627,2.38752475,2.29880345,2.17593361,2.01184354,1.79904501,1.52757312
1721,2.54999563,2.54999388,2.54998690,2.54996800,2.54992025,2.54980455,2.54953571,2.54893840,2.54767236,2.54511616,2.54020435,2.53122508,2.51560631,2.48974028,2.44891021,2.38737401,2.29861888,2.17572083,2.01161308,1.79881135,1.52735251
1722,2.54999560,2.54999384,2.54998682,2.54996782,2.54991985,2.54980366,2.54953383,2.54893461,2.54766507,2.54510288,2.54018141,2.53118761,2.51554846,2.48965593,2.44879412,2.38722326,2.29843433,2.17550810,2.01138270,1.79857779,1.52713200
1723,2.54999556,2.54999380,2.54998673,2.54996763,2.54991944,2.54980277,2.54953194,2.54893080,2.54765776,2.54508957,2.54015844,2.53115011,2.51549058,2.48957155,2.44867801,2.38707252,2.29824982,2.17529544,2.01115241,1.79834434,1.52691159
1724,2.54999553,2.54999375,2.54998665,2.54996745,2.54991902,2.54980187,2.54953005,2.54892699,2.54765044,2.54507624,2.54013544,2.53111257,2.51543265,2.48948714,2.44856188,2.38692178,2.29806533,2.17508284,2.01092221,1.79811099,1.52669127
1725,2.54999550,2.54999371,2.54998657,2.54996727,2.54991861,2.54980096,2.54952815,2.54892316,2.54764311,2.54506289,2.54011241,2.53107499,2.51537469,2.48940269,2.44844573,2.38677103,2.29788088,2.17487030,2.01069210,1.79787773,1.52647106
1726,2.54999547,2.54999367,2.54998648,2.54996708,2.54991820,2.54980006,2.54952624,2.54891933,2.54763576,2.54504951,2.54008936,2.53103737,2.51531669,2.48931821,2.44832955,2.38662029,2.29769645,2.17465782,2.01046207,1.79764458,1.52625095
1727,2.54999543,2.54999362,2.54998640,2.54996689,2.54991778,2.54979915,2.54952433,2.54891548,2.54762839,2.54503612,2.54006627,2.53099972,2.51525865,2.48923369,2.44821336,2.38646955,2.29751206,2.17444540,2.01023212,1.79741153,1.52603094
1728,2.54999540,2.54999358,2.54998631,2.54996671,2.54991736,2.54979824,2.54952242,2.54891163,2.54762101,2.54502270,2.54004315,2.53096203,2.51520057,2.48914914,2.44809714,2.38631881,2.29732769,2.17423304,2.01000227,1.79717859,1.52581102
1729,2.54999537,2.54999353,2.54998623,2.54996652,2.54991694,2.54979733,2.54952050,2.54890776,2.54761362,2.54500926,2.54002000,2.53092431,2.51514245,2.48906456,2.44798090,2.38616807,2.29714335,2.17402074,2.00977250,1.79694574,1.52559121
1730,2.54999533,2.54999349,2.54998614,2.54996633,2.54991652,2.54979641,2.54951857,2.54890389,2.54760621,2.54499580,2.53999682,2.53088655,2.51508429,2.48897994,2.44786464,2.38601733,2.29695905,2.17380850,2.00954282,1.79671299,1.52537150
1731,2.54999530,2.54999344,2.54998605,2.54996614,2.54991610,2.54979549,2.54951663,2.54890001,2.54759878,2.54498231,2.53997362,2.53084876,2.51502610,2.48889528,2.44774836,2.38586659,2.29677477,2.17359632,2.00931322,1.79648035,1.52515188
1732,2.54999527,2.54999340,2.54998596,2.54996595,2.54991568,2.54979456,2.54951470,2.54889612,2.54759134,2.54496880,2.53995038,2.53081092,2.51496787,2.48881059,2.44763206,2.38571585,2.29659053,2.17338420,2.00908371,1.79624780,1.52493237
1733,2.54999523,2.54999335,2.54998588,2.54996576,2.54991525,2.54979364,2.54951275,2.54889222,2.54758388,2.54495527,2.53992711,2.53077306,2.51490959,2.48872586,2.44751573,2.38556512,2.29640631,2.17317215,2.00885428,1.79601536,1.52471295
1734,2.54999520,2.54999331,2.54998579,2.54996556,2.54991482,2.54979271,2.54951080,2.54888830,2.54757641,2.54494172,2.53990382,2.53073515,2.51485128,2.48864111,2.44739939,2.38541438,2.29622212,2.17296015,2.00862494,1.79578301,1.52449364
1735,2.54999516,2.54999326,2.54998570,2.54996537,2.54991439,2.54979177,2.54950885,2.54888438,2.54756893,2.54492815,2.53988049,2.53069721,2.51479293,2.48855631,2.44728302,2.38526364,2.29603796,2.17274821,2.00839569,1.79555077,1.52427442
1736,2.54999513,2.54999321,2.54998561,2.54996517,2.54991396,2.54979084,2.54950688,2.54888045,2.54756143,2.54491455,2.53985713,2.53065923,2.51473454,2.48847149,2.44716663,2.38511291,2.29585384,2.17253634,2.00816652,1.79531862,1.52405530
1737,2.54999509,2.54999317,2.54998552,2.54996498,2.54991353,2.54978990,2.54950492,2.54887651,2.54755391,2.54490093,2.53983375,2.53062122,2.51467612,2.48838662,2.44705022,2.38496218,2.29566974,2.17232452,2.00793744,1.79508658,1.52383628
1738,2.54999506,2.54999312,2.54998543,2.54996478,2.54991309,2.54978895,2.54950294,2.54887256,2.54754638,2.54488729,2.53981033,2.53058317,2.51461765,2.48830173,2.44693379,2.38481145,2.29548567,2.17211277,2.00770845,1.79485464,1.52361736
1739,2.54999502,2.54999307,2.54998534,2.54996459,2.54991266,2.54978801,2.54950096,2.54886860,2.54753883,2.54487363,2.53978689,2.53054509,2.51455915,2.48821680,2.44681734,2.38466071,2.29530163,2.17190107,2.00747954,1.79462280,1.52339854
1740,2.54999499,2.54999303,2.54998525,2.54996439,2.54991222,2.54978706,2.54949898,2.54886463,2.54753127,2.54485995,2.53976341,2.53050697,2.51450060,2.48813183,2.44670087,2.38450999,2.29511763,2.17168944,2.00725072,1.79439105,1.52317981
1741,2.54999495,2.54999298,2.54998516,2.54996419,2.54991178,2.54978610,2.54949699,2.54886065,2.54752369,2.54484624,2.53973991,2.53046881,2.51444202,2.48804684,2.44658437,2.38435926,2.29493365,2.17147786,2.00702198,1.79415941,1.52296119
1742,2.54999491,2.54999293,2.54998507,2.54996399,2.54991134,2.54978515,2.54949499,2.54885667,2.54751610,2.54483251,2.53971637,2.53043062,2.51438340,2.48796180,2.44646786,2.38420853,2.29474970,2.17126635,2.00679333,1.79392787,1.52274267
1743,2.54999488,2.54999288,2.54998497,2.54996379,2.54991089,2.54978419,2.54949299,2.54885267,2.54750849,2.54481876,2.53969281,2.53039239,2.51432475,2.48787674,2.44635132,2.38405780,2.29456578,2.17105490,2.00656476,1.79369642,1.52252425
1744,2.54999484,2.54999283,2.54998488,2.54996359,2.54991045,2.54978323,2.54949098,2.54884866,2.54750086,2.54480498,2.53966921,2.53035412,2.51426605,2.48779164,2.44623477,2.38390708,2.29438190,2.17084350,2.00633628,1.79346508,1.52230592
1745,2.54999480,2.54999279,2.54998479,2.54996338,2.54991000,2.54978226,2.54948897,2.54884464,2.54749323,2.54479119,2.53964559,2.53031582,2.51420732,2.48770650,2.44611819,2.38375636,2.29419804,2.17063217,2.00610788,1.79323383,1.52208770
1746,2.54999477,2.54999274,2.54998469,2.54996318,2.54990955,2.54978129,2.54948695,2.54884061,2.54748557,2.54477737,2.53962193,2.53027749,2.51414854,2.48762134,2.44600160,2.38360564,2.29401421,2.17042090,2.00587957,1.79300269,1.52186958
1747,2.54999473,2.54999269,2.54998460,2.54996298,2.54990910,2.54978032,2.54948493,2.54883658,2.54747790,2.54476353,2.53959825,2.53023911,2.51408973,2.48753613,2.44588498,2.38345492,2.29383041,2.17020968,2.00565135,1.79277164,1.52165155
1748,2.54999469,2.54999264,2.54998450,2.54996277,2.54990865,2.54977934,2.54948290,2.54883253,2.54747022,2.54474966,2.53957454,2.53020071,2.51403089,2.48745090,2.44576834,2.38330420,2.29364664,2.16999853,2.00542321,1.79254070,1.52143363
1749,2.54999465,2.54999259,2.54998441,2.54996257,2.54990820,2.54977837,2.54948086,2.54882847,2.54746252,2.54473578,2.53955079,2.53016226,2.51397200,2.48736563,2.44565168,2.38315348,2.29346291,2.16978744,2.00519515,1.79230985,1.52121580
1750,2.54999462,2.54999254,2.54998431,2.54996236,2.54990774,2.54977738,2.54947882,2.54882440,2.54745480,2.54472187,2.53952702,2.53012378,2.51391307,2.48728033,2.44553500,2.38300276,2.29327920,2.16957640,2.00496718,1.79207910,1.52099807
1751,2.54999458,2.54999249,2.54998422,2.54996215,2.54990729,2.54977640,2.54947677,2.54882033,2.54744707,2.54470794,2.53950322,2.53008526,2.51385411,2.48719499,2.44541830,2.38285205,2.29309552,2.16936543,2.00473930,1.79184845,1.52078044
1752,2.54999454,2.54999244,2.54998412,2.54996194,2.54990683,2.54977541,2.54947471,2.54881624,2.54743932,2.54469399,2.53947939,2.53004671,2.51379511,2.48710962,2.44530158,2.38270134,2.29291187,2.16915452,2.00451150,1.79161790,1.52056291
1753,2.54999450,2.54999239,2.54998402,2.54996173,2.54990637,2.54977442,2.54947265,2.54881214,2.54743156,2.54468001,2.53945552,2.53000813,2.51373607,2.48702422,2.44518485,2.38255063,2.29272826,2.16894366,2.00428379,1.79138745,1.52034547
1754,2.54999446,2.54999233,2.54998393,2.54996152,2.54990590,2.54977342,2.54947059,2.54880804,2.54742379,2.54466602,2.53943163,2.52996950,2.51367700,2.48693879,2.44506809,2.38239992,2.29254467,2.16873287,2.00405616,1.79115710,1.52012813
1755,2.54999442,2.54999228,2.54998383,2.54996131,2.54990544,2.54977242,2.54946851,2.54880392,2.54741599,2.54465200,2.53940771,2.52993084,2.51361788,2.48685332,2.44495131,2.38224921,2.29236111,2.16852214,2.00382861,1.79092684,1.51991089
1756,2.54999438,2.54999223,2.54998373,2.54996110,2.54990497,2.54977142,2.54946644,2.54879980,2.54740818,2.54463795,2.53938376,2.52989215,2.51355873,2.48676781,2.44483450,2.38209851,2.29217758,2.16831146,2.00360115,1.79069669,1.51969375
1757,2.54999434,2.54999218,2.54998363,2.54996088,2.54990450,2.54977042,2.54946435,2.54879566,2.54740036,2.54462389,2.53935978,2.52985342,2.51349954,2.48668228,2.44471768,2.38194781,2.29199409,2.16810085,2.00337378,1.79046663,1.51947671
1758,2.54999430,2.54999213,2.54998353,2.54996067,2.54990404,2.54976941,2.54946226,2.54879152,2.54739252,2.54460980,2.53933577,2.52981465,2.51344031,2.48659671,2.44460084,2.38179710,2.29181062,2.16789030,2.00314648,1.79023667,1.51925976
1759,2.54999426,2.54999207,2.54998343,2.54996045,2.54990356,2.54976840,2.54946017,2.54878736,2.54738467,2.54459569,2.53931172,2.52977585,2.51338104,2.48651111,2.44448398,2.38164641,2.29162718,2.16767980,2.00291928,1.79000682,1.51904291
1760,2.54999422,2.54999202,2.54998333,2.54996024,2.54990309,2.54976738,2.54945807,2.54878319,2.54737680,2.54458156,2.53928765,2.52973701,2.51332174,2.48642547,2.44436710,2.38149571,2.29144378,2.16746937,2.00269216,1.78977705,1.51882616
1761,2.54999418,2.54999197,2.54998323,2.54996002,2.54990261,2.54976636,2.54945596,2.54877902,2.54736891,2.54456741,2.53926355,2.52969814,2.51326240,2.48633980,2.44425020,2.38134501,2.29126040,2.16725899,2.00246512,1.78954739,1.51860951
1762,2.54999414,2.54999191,2.54998313,2.54995980,2.54990214,2.54976534,2.54945384,2.54877483,2.54736101,2.54455323,2.53923942,2.52965923,2.51320302,2.48625410,2.44413328,2.38119432,2.29107706,2.16704868,2.00223817,1.78931783,1.51839295
1763,2.54999410,2.54999186,2.54998302,2.54995958,2.54990166,2.54976431,2.54945172,2.54877064,2.54735310,2.54453903,2.53921526,2.52962028,2.51314361,2.48616837,2.44401634,2.38104363,2.29089374,2.16683842,2.00201130,1.78908836,1.51817649
1764,2.54999406,2.54999180,2.54998292,2.54995936,2.54990118,2.54976329,2.54944960,2.54876643,2.54734516,2.54452481,2.53919108,2.52958130,2.51308415,2.48608260,2.44389939,2.38089294,2.29071045,2.16662823,2.00178451,1.78885899,1.51796012
1765,2.54999402,2.54999175,2.54998282,2.54995914,2.54990070,2.54976225,2.54944747,2.54876222,2.54733722,2.54451057,2.53916686,2.52954229,2.51302466,2.48599680,2.44378241,2.38074225,2.29052720,2.16641809,2.00155781,1.78862972,1.51774385
1766,2.54999398,2.54999170,2.54998271,2.54995892,2.54990021,2.54976122,2.54944533,2.54875799,2.54732925,2.54449630,2.53914261,2.52950323,2.51296513,2.48591097,2.44366541,2.38059157,2.29034397,2.16620802,2.00133120,1.78840054,1.51752768
1767,2.54999393,2.54999164,2.54998261,2.54995870,2.54989973,2.54976018,2.54944319,2.54875376,2.54732128,2.54448202,2.53911833,2.52946415,2.51290556,2.48582510,2.44354839,2.38044089,2.29016078,2.16599800,2.00110467,1.78817147,1.51731161
1768,2.54999389,2.54999158,2.54998251,2.54995847,2.54989924,2.54975914,2.54944104,2.54874951,2.54731328,2.54446770,2.53909402,2.52942502,2.51284596,2.48573920,2.44343135,2.38029021,2.28997761,2.16578805,2.00087822,1.78794249,1.51709563
1769,2.54999385,2.54999153,2.54998240,2.54995825,2.54989875,2.54975809,2.54943888,2.54874526,2.54730527,2.54445337,2.53906968,2.52938587,2.51278632,2.48565327,2.44331430,2.38013953,2.28979448,2.16557815,2.00065185,1.78771361,1.51687975
1770,2.54999381,2.54999147,2.54998229,2.54995802,2.54989826,2.54975704,2.54943672,2.54874099,2.54729725,2.54443902,2.53904532,2.52934667,2.51272664,2.48556731,2.44319722,2.37998886,2.28961138,2.16536831,2.00042557,1.78748483,1.51666396
1771,2.54999376,2.54999142,2.54998219,2.54995779,2.54989776,2.54975599,2.54943455,2.54873671,2.54728921,2.54442464,2.53902092,2.52930744,2.51266692,2.48548131,2.44308012,2.37983818,2.28942830,2.16515853,2.00019938,1.78725614,1.51644827
1772,2.54999372,2.54999136,2.54998208,2.54995757,2.54989727,2.54975493,2.54943238,2.54873243,2.54728115,2.54441024,2.53899649,2.52926818,2.51260717,2.48539528,2.44296301,2.37968751,2.28924526,2.16494881,1.99997327,1.78702755,1.51623268
1773,2.54999368,2.54999130,2.54998197,2.54995734,2.54989677,2.54975387,2.54943020,2.54872813,2.54727308,2.54439581,2.53897204,2.52922888,2.51254738,2.48530922,2.44284587,2.37953685,2.28906225,2.16473916,1.99974724,1.78679906,1.51601718
1774,2.54999363,2.54999125,2.54998187,2.54995711,2.54989627,2.54975281,2.54942801,2.54872383,2.54726499,2.54438137,2.53894755,2.52918954,2.51248755,2.48522313,2.44272872,2.37938618,2.28887926,2.16452956,1.99952129,1.78657067,1.51580178
1775,2.54999359,2.54999119,2.54998176,2.54995688,2.54989577,2.54975174,2.54942582,2.54871951,2.54725689,2.54436690,2.53892303,2.52915017,2.51242769,2.48513700,2.44261155,2.37923552,2.28869631,2.16432002,1.99929543,1.78634237,1.51558648
1776,2.54999355,2.54999113,2.54998165,2.54995664,2.54989527,2.54975067,2.54942362,2.54871519,2.54724877,2.54435241,2.53889849,2.52911077,2.51236779,2.48505084,2.44249436,2.37908486,2.28851339,2.16411054,1.99906965,1.78611417,1.51537127
1777,2.54999350,2.54999107,2.54998154,2.54995641,2.54989476,2.54974960,2.54942142,2.54871085,2.54724063,2.54433790,2.53887391,2.52907132,2.51230785,2.48496465,2.44237715,2.37893420,2.28833050,2.16390111,1.99884396,1.78588607,1.51515615
1778,2.54999346,2.54999101,2.54998143,2.54995618,2.54989425,2.54974852,2.54941921,2.54870650,2.54723248,2.54432336,2.53884931,2.52903185,2.51224787,2.48487843,2.44225992,2.37878355,2.28814764,2.16369175,1.99861835,1.78565806,1.51494113
1779,2.54999341,2.54999095,2.54998132,2.54995594,2.54989375,2.54974744,2.54941699,2.54870215,2.54722432,2.54430880,2.53882467,2.52899234,2.51218786,2.48479217,2.44214267,2.37863290,2.28796481,2.16348245,1.99839282,1.78543015,1.51472621
1780,2.54999337,2.54999090,2.54998121,2.54995571,2.54989323,2.54974636,2.54941477,2.54869778,2.54721614,2.54429422,2.53880001,2.52895279,2.51212781,2.48470589,2.44202540,2.37848225,2.28778201,2.16327321,1.99816738,1.78520234,1.51451138
1781,2.54999332,2.54999084,2.54998110,2.54995547,2.54989272,2.54974527,2.54941254,2.54869341,2.54720794,2.54427962,2.53877532,2.52891320,2.51206772,2.48461957,2.44190811,2.37833160,2.28759924,2.16306402,1.99794202,1.78497462,1.51429665
1782,2.54999327,2.54999078,2.54998098,2.54995523,2.54989221,2.54974418,2.54941030,2.54868902,2.54719973,2.54426500,2.53875059,2.52887359,2.51200760,2.48453321,2.44179081,2.37818096,2.28741650,2.16285490,1.99771674,1.78474700,1.51408201
1783,2.54999323,2.54999072,2.54998087,2.54995499,2.54989169,2.54974308,2.54940806,2.54868462,2.54719150,2.54425035,2.53872584,2.52883393,2.51194743,2.48444683,2.44167348,2.37803032,2.28723379,2.16264583,1.99749154,1.78451948,1.51386747
1784,2.54999318,2.54999065,2.54998076,2.54995475,2.54989117,2.54974199,2.54940582,2.54868022,2.54718325,2.54423568,2.53870106,2.52879424,2.51188724,2.48436042,2.44155614,2.37787968,2.28705111,2.16243683,1.99726643,1.78429205,1.51365302
1785,2.54999314,2.54999059,2.54998064,2.54995451,2.54989065,2.54974088,2.54940356,2.54867580,2.54717499,2.54422098,2.53867625,2.52875452,2.51182700,2.48427397,2.44143878,2.37772905,2.28686846,2.16222788,1.99704140,1.78406472,1.51343866
1786,2.54999309,2.54999053,2.54998053,2.54995427,2.54989013,2.54973978,2.54940130,2.54867137,2.54716672,2.54420627,2.53865140,2.52871476,2.51176673,2.48418749,2.44132140,2.37757841,2.28668585,2.16201899,1.99681646,1.78383749,1.51322441
1787,2.54999304,2.54999047,2.54998041,2.54995403,2.54988961,2.54973867,2.54939904,2.54866693,2.54715842,2.54419153,2.53862653,2.52867497,2.51170642,2.48410098,2.44120400,2.37742779,2.28650326,2.16181016,1.99659160,1.78361035,1.51301024
1788,2.54999299,2.54999041,2.54998030,2.54995378,2.54988908,2.54973756,2.54939676,2.54866249,2.54715012,2.54417677,2.53860163,2.52863514,2.51164608,2.48401443,2.44108659,2.37727716,2.28632070,2.16160139,1.99636682,1.78338331,1.51279617
1789,2.54999295,2.54999035,2.54998018,2.54995354,2.54988855,2.54973644,2.54939449,2.54865803,2.54714179,2.54416199,2.53857670,2.52859527,2.51158569,2.48392786,2.44096915,2.37712654,2.28613818,2.16139268,1.99614212,1.78315636,1.51258220
1790,2.54999290,2.54999028,2.54998007,2.54995329,2.54988802,2.54973532,2.54939220,2.54865356,2.54713346,2.54414718,2.53855174,2.52855537,2.51152528,2.48384125,2.44085170,2.37697592,2.28595568,2.16118403,1.99591750,1.78292951,1.51236832
1791,2.54999285,2.54999022,2.54997995,2.54995304,2.54988749,2.54973420,2.54938991,2.54864908,2.54712510,2.54413235,2.53852675,2.52851544,2.51146482,2.48375462,2.44073423,2.37682530,2.28577322,2.16097544,1.99569297,1.78270276,1.51215453
1792,2.54999280,2.54999016,2.54997983,2.54995280,2.54988696,2.54973307,2.54938761,2.54864459,2.54711673,2.54411750,2.53850173,2.52847547,2.51140433,2.48366795,2.44061674,2.37667469,2.28559079,2.16076690,1.99546852,1.78247610,1.51194084
1793,2.54999275,2.54999010,2.54997971,2.54995255,2.54988642,2.54973194,2.54938531,2.54864009,2.54710834,2.54410263,2.53847668,2.52843546,2.51134380,2.48358125,2.44049923,2.37652408,2.28540838,2.16055843,1.99524416,1.78224953,1.51172724
1794,2.54999270,2.54999003,2.54997959,2.54995230,2.54988588,2.54973081,2.54938300,2.54863558,2.54709994,2.54408773,2.53845160,2.52839542,2.51128323,2.48349451,2.44038170,2.37637348,2.28522601,2.16035001,1.99501987,1.78202307,1.51151374
1795,2.54999265,2.54998997,2.54997948,2.54995204,2.54988534,2.54972967,2.54938069,2.54863106,2.54709152,2.54407281,2.53842649,2.52835535,2.51122263,2.48340775,2.44026416,2.37622287,2.28504367,2.16014166,1.99479567,1.78179669,1.51130033
1796,2.54999260,2.54998990,2.54997936,2.54995179,2.54988480,2.54972853,2.54937836,2.54862653,2.54708309,2.54405787,2.53840136,2.52831524,2.51116200,2.48332095,2.44014659,2.37607227,2.28486136,2.15993336,1.99457155,1.78157042,1.51108701
1797,2.54999255,2.54998984,2.54997923,2.54995154,2.54988426,2.54972738,2.54937603,2.54862199,2.54707464,2.54404291,2.53837619,2.52827509,2.51110132,2.48323413,2.44002901,2.37592168,2.28467907,2.15972512,1.99434752,1.78134423,1.51087379
1798,2.54999250,2.54998977,2.54997911,2.54995128,2.54988371,2.54972624,2.54937370,2.54861744,2.54706617,2.54402792,2.53835099,2.52823491,2.51104061,2.48314727,2.43991141,2.37577109,2.28449682,2.15951694,1.99412356,1.78111815,1.51066066
1799,2.54999245,2.54998971,2.54997899,2.54995103,2.54988316,2.54972508,2.54937136,2.54861288,2.54705769,2.54401291,2.53832577,2.52819470,2.51097986,2.48306038,2.43979380,2.37562050,2.28431460,2.15930882,1.99389969,1.78089216,1.51044763
1800,2.54999240,2.54998964,2.54997887,2.54995077,2.54988261,2.54972393,2.54936901,2.54860831,2.54704920,2.54399788,2.53830051,2.52815445,2.51091908,2.48297346,2.43967616,2.37546991,2.28413241,2.15910076,1.99367590,1.78066626,1.51023468
